538712.670000 6583183.010000 58.030000 193.000000 126.000000 107.000000
538712.650000 6583183.360000 57.910000 182.000000 135.000000 119.000000
538712.740000 6583183.060000 57.980000 202.000000 141.000000 122.000000
538712.740000 6583183.350000 57.890000 179.000000 120.000000 106.000000
538712.980000 6583183.210000 57.830000 184.000000 127.000000 110.000000
538713.070000 6583183.070000 57.860000 175.000000 127.000000 115.000000
538711.310000 6583182.000000 58.950000 194.000000 115.000000 102.000000
538711.390000 6583182.340000 58.810000 187.000000 105.000000 91.000000
538711.570000 6583182.150000 58.820000 186.000000 104.000000 92.000000
538711.630000 6583182.460000 58.700000 179.000000 108.000000 90.000000
538711.710000 6583182.810000 58.530000 196.000000 154.000000 130.000000
538711.790000 6583183.160000 58.380000 111.000000 81.000000 71.000000
538711.860000 6583183.470000 58.240000 125.000000 81.000000 72.000000
538711.950000 6583182.430000 58.550000 187.000000 103.000000 93.000000
538712.020000 6583182.780000 58.380000 186.000000 113.000000 98.000000
538712.090000 6583183.070000 58.240000 184.000000 136.000000 114.000000
538712.170000 6583183.430000 58.070000 109.000000 66.000000 57.000000
538712.240000 6583183.760000 57.920000 130.000000 93.000000 85.000000
538712.360000 6583182.690000 58.260000 179.000000 103.000000 87.000000
538712.430000 6583182.990000 58.110000 188.000000 109.000000 96.000000
538712.510000 6583183.320000 57.970000 167.000000 139.000000 115.000000
538712.580000 6583183.660000 57.820000 126.000000 75.000000 71.000000
538711.220000 6583181.860000 59.070000 196.000000 108.000000 96.000000
538711.430000 6583182.190000 58.880000 182.000000 103.000000 90.000000
538711.620000 6583182.430000 58.690000 179.000000 108.000000 90.000000
538711.700000 6583182.120000 58.770000 183.000000 105.000000 92.000000
538711.800000 6583183.220000 58.340000 127.000000 84.000000 77.000000
538711.890000 6583182.880000 58.440000 183.000000 120.000000 102.000000
538711.980000 6583182.580000 58.500000 189.000000 106.000000 92.000000
538712.050000 6583183.640000 58.050000 126.000000 77.000000 70.000000
538712.140000 6583183.300000 58.160000 177.000000 144.000000 125.000000
538712.240000 6583182.960000 58.230000 184.000000 108.000000 94.000000
538712.320000 6583182.670000 58.290000 179.000000 103.000000 87.000000
538712.250000 6583183.960000 57.870000 115.000000 83.000000 72.000000
538712.340000 6583183.640000 57.940000 124.000000 83.000000 79.000000
538712.420000 6583183.330000 58.010000 174.000000 150.000000 124.000000
538712.510000 6583183.020000 58.080000 183.000000 110.000000 95.000000
538712.560000 6583183.700000 57.790000 130.000000 76.000000 74.000000
538709.500000 6583183.550000 59.260000 205.000000 140.000000 118.000000
538709.860000 6583183.420000 59.160000 187.000000 130.000000 110.000000
538709.750000 6583183.340000 59.230000 192.000000 132.000000 108.000000
538710.060000 6583182.850000 59.230000 209.000000 147.000000 126.000000
538710.130000 6583183.170000 59.100000 208.000000 143.000000 123.000000
538710.220000 6583183.540000 58.940000 213.000000 143.000000 133.000000
538710.320000 6583182.790000 59.130000 198.000000 136.000000 113.000000
538710.390000 6583183.120000 59.010000 209.000000 147.000000 126.000000
538710.460000 6583183.450000 58.830000 163.000000 103.000000 95.000000
538710.530000 6583183.760000 58.720000 110.000000 73.000000 64.000000
538710.560000 6583182.760000 59.050000 206.000000 142.000000 117.000000
538710.640000 6583183.080000 58.900000 207.000000 139.000000 126.000000
538710.710000 6583183.420000 58.730000 115.000000 82.000000 63.000000
538710.780000 6583183.730000 58.580000 114.000000 87.000000 70.000000
538710.790000 6583182.250000 59.170000 209.000000 172.000000 146.000000
538710.860000 6583182.580000 59.010000 210.000000 152.000000 138.000000
538710.930000 6583182.900000 58.860000 120.000000 73.000000 63.000000
538711.000000 6583183.220000 58.690000 113.000000 69.000000 60.000000
538711.080000 6583183.590000 58.560000 106.000000 99.000000 73.000000
538711.160000 6583183.920000 58.360000 102.000000 91.000000 69.000000
538711.040000 6583181.820000 59.170000 194.000000 115.000000 98.000000
538711.110000 6583182.160000 58.990000 188.000000 112.000000 98.000000
538711.190000 6583182.510000 58.860000 169.000000 142.000000 113.000000
538711.270000 6583182.840000 58.710000 110.000000 82.000000 78.000000
538711.330000 6583183.140000 58.560000 129.000000 87.000000 75.000000
538711.410000 6583183.500000 58.380000 122.000000 77.000000 71.000000
538711.490000 6583183.840000 58.240000 121.000000 89.000000 76.000000
538711.460000 6583182.670000 58.670000 186.000000 145.000000 127.000000
538711.540000 6583183.020000 58.480000 127.000000 93.000000 83.000000
538711.620000 6583183.390000 58.320000 131.000000 84.000000 78.000000
538711.680000 6583183.680000 58.200000 107.000000 75.000000 64.000000
538711.750000 6583184.000000 58.050000 118.000000 83.000000 77.000000
538711.930000 6583183.820000 58.060000 116.000000 77.000000 72.000000
538712.020000 6583184.170000 57.900000 116.000000 88.000000 76.000000
538710.000000 6583183.420000 59.100000 204.000000 147.000000 128.000000
538710.090000 6583183.090000 59.160000 209.000000 142.000000 123.000000
538710.180000 6583182.770000 59.240000 199.000000 141.000000 119.000000
538710.370000 6583183.560000 58.870000 176.000000 112.000000 103.000000
538710.450000 6583183.260000 58.910000 220.000000 148.000000 133.000000
538710.550000 6583182.910000 59.010000 205.000000 145.000000 121.000000
538710.630000 6583182.600000 59.070000 203.000000 138.000000 118.000000
538710.710000 6583182.310000 59.160000 186.000000 145.000000 123.000000
538710.790000 6583182.000000 59.210000 182.000000 109.000000 94.000000
538710.700000 6583183.750000 58.650000 106.000000 72.000000 62.000000
538710.780000 6583183.460000 58.690000 115.000000 82.000000 63.000000
538710.880000 6583183.120000 58.770000 126.000000 90.000000 76.000000
538710.960000 6583182.810000 58.850000 147.000000 93.000000 83.000000
538711.040000 6583182.510000 58.920000 189.000000 162.000000 135.000000
538711.140000 6583182.180000 58.980000 188.000000 112.000000 98.000000
538711.000000 6583183.780000 58.480000 108.000000 102.000000 76.000000
538711.090000 6583183.440000 58.570000 111.000000 93.000000 73.000000
538711.170000 6583183.160000 58.620000 133.000000 80.000000 72.000000
538711.260000 6583182.840000 58.730000 110.000000 82.000000 78.000000
538711.350000 6583182.500000 58.780000 181.000000 106.000000 87.000000
538711.260000 6583183.740000 58.390000 114.000000 99.000000 80.000000
538711.350000 6583183.410000 58.460000 117.000000 74.000000 67.000000
538711.440000 6583183.090000 58.540000 135.000000 98.000000 89.000000
538711.530000 6583182.760000 58.610000 200.000000 169.000000 149.000000
538711.550000 6583184.120000 58.160000 110.000000 82.000000 70.000000
538711.630000 6583183.830000 58.220000 107.000000 74.000000 67.000000
538711.710000 6583183.530000 58.280000 115.000000 75.000000 63.000000
538711.960000 6583183.950000 58.010000 112.000000 77.000000 71.000000
538708.790000 6583180.360000 57.870000 185.000000 108.000000 90.000000
538709.130000 6583180.160000 58.000000 194.000000 112.000000 91.000000
538709.200000 6583180.470000 58.120000 198.000000 120.000000 100.000000
538709.540000 6583180.520000 58.290000 103.000000 43.000000 42.000000
538709.850000 6583180.680000 58.480000 184.000000 105.000000 92.000000
538709.000000 6583180.670000 58.100000 193.000000 114.000000 99.000000
538709.080000 6583180.380000 58.060000 201.000000 119.000000 98.000000
538709.280000 6583180.500000 58.170000 201.000000 124.000000 104.000000
538709.490000 6583180.620000 58.320000 129.000000 73.000000 74.000000
538708.820000 6583180.160000 57.870000 196.000000 119.000000 103.000000
538708.400000 6583181.090000 57.920000 188.000000 117.000000 95.000000
538708.610000 6583180.620000 57.900000 196.000000 123.000000 104.000000
538708.680000 6583180.920000 57.980000 201.000000 123.000000 101.000000
538708.860000 6583180.650000 58.020000 200.000000 127.000000 108.000000
538708.920000 6583180.930000 58.110000 172.000000 106.000000 82.000000
538709.260000 6583180.760000 58.240000 209.000000 111.000000 100.000000
538709.320000 6583181.020000 58.340000 206.000000 144.000000 131.000000
538709.610000 6583180.810000 58.410000 170.000000 99.000000 79.000000
538709.670000 6583181.100000 58.530000 189.000000 114.000000 95.000000
538709.910000 6583180.990000 58.620000 186.000000 104.000000 93.000000
538709.980000 6583181.290000 58.750000 175.000000 112.000000 97.000000
538708.300000 6583180.970000 57.820000 191.000000 123.000000 102.000000
538708.580000 6583181.060000 58.020000 190.000000 118.000000 96.000000
538708.660000 6583180.760000 57.920000 188.000000 115.000000 96.000000
538708.920000 6583180.950000 58.150000 172.000000 106.000000 82.000000
538709.120000 6583181.110000 58.290000 206.000000 140.000000 116.000000
538709.200000 6583180.800000 58.210000 193.000000 107.000000 94.000000
538709.330000 6583181.200000 58.410000 202.000000 137.000000 115.000000
538709.410000 6583180.910000 58.380000 61.000000 19.000000 20.000000
538709.720000 6583181.140000 58.570000 188.000000 110.000000 88.000000
538709.800000 6583180.830000 58.520000 192.000000 106.000000 93.000000
538710.160000 6583180.960000 58.710000 178.000000 105.000000 90.000000
538710.230000 6583181.270000 58.860000 194.000000 107.000000 90.000000
538710.590000 6583181.360000 59.020000 187.000000 108.000000 95.000000
538710.100000 6583181.060000 58.750000 180.000000 107.000000 92.000000
538710.330000 6583181.230000 58.890000 200.000000 111.000000 95.000000
538710.600000 6583181.260000 59.090000 193.000000 116.000000 100.000000
538708.470000 6583181.400000 58.060000 202.000000 125.000000 109.000000
538708.530000 6583181.680000 58.220000 187.000000 124.000000 106.000000
538708.590000 6583181.960000 58.340000 181.000000 126.000000 105.000000
538708.740000 6583181.200000 58.130000 159.000000 105.000000 79.000000
538708.800000 6583181.460000 58.260000 194.000000 135.000000 117.000000
538708.860000 6583181.740000 58.370000 176.000000 119.000000 99.000000
538708.940000 6583182.080000 58.510000 202.000000 131.000000 111.000000
538708.990000 6583182.330000 58.630000 196.000000 136.000000 112.000000
538709.050000 6583182.590000 58.790000 200.000000 142.000000 120.000000
538709.120000 6583182.900000 58.950000 212.000000 143.000000 127.000000
538708.990000 6583181.230000 58.240000 195.000000 133.000000 112.000000
538709.050000 6583181.510000 58.370000 198.000000 136.000000 111.000000
538709.110000 6583181.800000 58.500000 205.000000 141.000000 116.000000
538709.180000 6583182.100000 58.660000 207.000000 139.000000 120.000000
538709.250000 6583182.400000 58.780000 200.000000 144.000000 119.000000
538709.300000 6583182.660000 58.920000 196.000000 140.000000 117.000000
538709.370000 6583182.960000 59.060000 202.000000 135.000000 118.000000
538709.430000 6583183.250000 59.210000 200.000000 139.000000 118.000000
538709.390000 6583181.330000 58.480000 206.000000 142.000000 115.000000
538709.460000 6583181.630000 58.620000 197.000000 133.000000 108.000000
538709.520000 6583181.900000 58.760000 195.000000 133.000000 110.000000
538709.580000 6583182.210000 58.880000 208.000000 141.000000 122.000000
538709.660000 6583182.520000 59.040000 211.000000 144.000000 125.000000
538709.720000 6583182.800000 59.140000 203.000000 138.000000 118.000000
538709.780000 6583183.080000 59.270000 195.000000 143.000000 119.000000
538709.750000 6583181.420000 58.680000 189.000000 131.000000 107.000000
538709.810000 6583181.700000 58.780000 203.000000 135.000000 116.000000
538709.860000 6583181.950000 58.930000 203.000000 135.000000 116.000000
538709.930000 6583182.250000 59.040000 176.000000 124.000000 103.000000
538708.220000 6583181.270000 57.930000 198.000000 125.000000 108.000000
538708.410000 6583181.660000 58.180000 170.000000 107.000000 89.000000
538708.490000 6583181.370000 58.070000 198.000000 127.000000 109.000000
538708.680000 6583181.830000 58.400000 192.000000 134.000000 112.000000
538708.760000 6583181.560000 58.180000 200.000000 137.000000 119.000000
538708.840000 6583181.270000 58.090000 182.000000 124.000000 104.000000
538708.800000 6583182.260000 58.550000 195.000000 135.000000 111.000000
538708.870000 6583182.000000 58.470000 196.000000 131.000000 111.000000
538708.960000 6583181.680000 58.400000 197.000000 142.000000 121.000000
538709.040000 6583181.380000 58.350000 203.000000 137.000000 113.000000
538708.920000 6583182.680000 58.800000 201.000000 136.000000 116.000000
538709.000000 6583182.400000 58.690000 189.000000 128.000000 107.000000
538709.090000 6583182.100000 58.610000 202.000000 134.000000 115.000000
538709.160000 6583181.810000 58.540000 207.000000 141.000000 119.000000
538709.250000 6583181.510000 58.470000 195.000000 131.000000 103.000000
538709.220000 6583182.940000 58.980000 206.000000 137.000000 121.000000
538709.300000 6583182.650000 58.920000 196.000000 140.000000 117.000000
538709.380000 6583182.360000 58.850000 196.000000 136.000000 110.000000
538709.470000 6583182.050000 58.790000 202.000000 141.000000 120.000000
538709.560000 6583181.730000 58.720000 201.000000 135.000000 113.000000
538709.630000 6583181.450000 58.650000 193.000000 131.000000 108.000000
538709.440000 6583183.450000 59.290000 204.000000 139.000000 119.000000
538709.520000 6583183.150000 59.230000 195.000000 139.000000 116.000000
538709.610000 6583182.830000 59.140000 204.000000 148.000000 125.000000
538709.700000 6583182.530000 59.070000 211.000000 144.000000 125.000000
538709.770000 6583182.250000 59.020000 195.000000 137.000000 117.000000
538709.860000 6583181.950000 58.950000 203.000000 135.000000 116.000000
538709.940000 6583181.660000 58.880000 187.000000 129.000000 109.000000
538709.830000 6583183.050000 59.280000 202.000000 148.000000 124.000000
538709.910000 6583182.750000 59.240000 210.000000 145.000000 125.000000
538710.000000 6583182.560000 59.190000 202.000000 135.000000 116.000000
538710.040000 6583181.560000 58.860000 189.000000 133.000000 116.000000
538710.110000 6583181.850000 59.020000 195.000000 144.000000 125.000000
538710.170000 6583182.170000 59.130000 199.000000 131.000000 112.000000
538710.230000 6583182.440000 59.270000 200.000000 133.000000 114.000000
538710.290000 6583181.530000 58.980000 182.000000 116.000000 94.000000
538710.360000 6583181.840000 59.170000 210.000000 163.000000 143.000000
538710.420000 6583182.120000 59.260000 188.000000 129.000000 111.000000
538710.650000 6583181.640000 59.140000 186.000000 107.000000 94.000000
538710.710000 6583181.910000 59.270000 182.000000 109.000000 94.000000
538710.970000 6583181.530000 59.280000 202.000000 120.000000 99.000000
538710.010000 6583181.370000 58.800000 175.000000 109.000000 95.000000
538710.010000 6583182.420000 59.190000 203.000000 136.000000 117.000000
538710.080000 6583182.140000 59.090000 192.000000 125.000000 106.000000
538710.160000 6583181.850000 59.060000 195.000000 144.000000 125.000000
538710.250000 6583181.530000 58.960000 182.000000 116.000000 94.000000
538710.260000 6583182.470000 59.270000 200.000000 133.000000 114.000000
538710.350000 6583182.160000 59.220000 201.000000 138.000000 121.000000
538710.510000 6583181.560000 59.160000 181.000000 105.000000 92.000000
538710.880000 6583181.680000 59.250000 192.000000 114.000000 94.000000
538712.440000 6583193.540000 54.390000 34.000000 36.000000 49.000000
538712.680000 6583193.410000 54.450000 29.000000 33.000000 44.000000
538712.760000 6583193.750000 54.390000 33.000000 36.000000 45.000000
538712.930000 6583193.400000 54.480000 30.000000 37.000000 45.000000
538713.000000 6583193.700000 54.400000 30.000000 37.000000 45.000000
538713.070000 6583194.010000 54.360000 32.000000 38.000000 54.000000
538713.140000 6583194.340000 54.310000 41.000000 46.000000 65.000000
538713.220000 6583193.180000 54.600000 31.000000 34.000000 39.000000
538713.290000 6583193.510000 54.540000 37.000000 40.000000 55.000000
538713.360000 6583193.820000 54.470000 29.000000 39.000000 49.000000
538713.440000 6583194.160000 54.360000 31.000000 40.000000 55.000000
538713.550000 6583193.080000 54.510000 33.000000 37.000000 46.000000
538713.620000 6583193.410000 54.470000 39.000000 45.000000 61.000000
538713.690000 6583193.740000 54.390000 31.000000 40.000000 55.000000
538713.820000 6583193.280000 54.420000 25.000000 33.000000 46.000000
538713.890000 6583193.590000 54.350000 36.000000 43.000000 61.000000
538714.000000 6583193.070000 54.450000 28.000000 37.000000 46.000000
538714.070000 6583193.400000 54.350000 37.000000 44.000000 60.000000
538714.300000 6583193.010000 54.350000 30.000000 34.000000 45.000000
538712.530000 6583193.340000 54.450000 35.000000 37.000000 49.000000
538712.840000 6583193.640000 54.420000 27.000000 34.000000 40.000000
538712.920000 6583193.350000 54.510000 27.000000 31.000000 42.000000
538713.150000 6583193.830000 54.440000 30.000000 38.000000 49.000000
538713.250000 6583193.520000 54.530000 37.000000 40.000000 55.000000
538713.340000 6583193.180000 54.590000 32.000000 35.000000 40.000000
538713.260000 6583194.420000 54.330000 22.000000 31.000000 48.000000
538713.340000 6583194.110000 54.410000 34.000000 41.000000 57.000000
538713.430000 6583193.810000 54.450000 35.000000 43.000000 54.000000
538713.520000 6583193.470000 54.500000 40.000000 44.000000 56.000000
538713.600000 6583193.160000 54.540000 31.000000 35.000000 46.000000
538713.640000 6583193.940000 54.380000 38.000000 48.000000 60.000000
538713.720000 6583193.650000 54.390000 36.000000 45.000000 60.000000
538713.810000 6583193.320000 54.450000 34.000000 41.000000 57.000000
538713.890000 6583193.010000 54.480000 26.000000 33.000000 43.000000
538714.200000 6583193.240000 54.370000 26.000000 34.000000 45.000000
538714.290000 6583192.920000 54.410000 30.000000 34.000000 43.000000
538712.100000 6583193.500000 54.340000 52.000000 50.000000 51.000000
538712.510000 6583193.850000 54.240000 28.000000 31.000000 40.000000
538712.830000 6583194.080000 54.310000 35.000000 37.000000 52.000000
538712.210000 6583193.450000 54.360000 29.000000 29.000000 39.000000
538712.440000 6583193.660000 54.360000 33.000000 33.000000 45.000000
538712.760000 6583193.960000 54.330000 33.000000 35.000000 48.000000
538713.060000 6583194.180000 54.340000 39.000000 44.000000 63.000000
538712.030000 6583193.180000 54.390000 61.000000 58.000000 53.000000
538712.300000 6583192.880000 54.490000 62.000000 57.000000 54.000000
538712.370000 6583193.220000 54.420000 32.000000 31.000000 36.000000
538712.540000 6583192.780000 54.570000 60.000000 58.000000 61.000000
538712.620000 6583193.120000 54.500000 29.000000 28.000000 42.000000
538712.720000 6583192.440000 54.620000 62.000000 61.000000 56.000000
538712.790000 6583192.770000 54.600000 52.000000 52.000000 54.000000
538712.870000 6583193.090000 54.530000 26.000000 25.000000 39.000000
538713.020000 6583192.280000 54.550000 64.000000 60.000000 59.000000
538713.090000 6583192.570000 54.600000 37.000000 38.000000 42.000000
538713.150000 6583192.840000 54.650000 24.000000 27.000000 32.000000
538713.350000 6583192.170000 54.450000 53.000000 49.000000 50.000000
538713.420000 6583192.490000 54.480000 22.000000 22.000000 32.000000
538713.480000 6583192.780000 54.580000 25.000000 29.000000 40.000000
538713.540000 6583192.000000 54.380000 53.000000 47.000000 49.000000
538713.600000 6583192.310000 54.420000 26.000000 25.000000 31.000000
538713.670000 6583192.610000 54.470000 28.000000 30.000000 42.000000
538713.750000 6583192.950000 54.500000 25.000000 32.000000 40.000000
538713.860000 6583192.440000 54.430000 28.000000 28.000000 36.000000
538713.920000 6583192.730000 54.470000 25.000000 29.000000 40.000000
538714.230000 6583192.670000 54.380000 11.000000 14.000000 21.000000
538711.920000 6583193.390000 54.310000 76.000000 71.000000 65.000000
538712.020000 6583193.060000 54.400000 63.000000 58.000000 54.000000
538712.290000 6583193.160000 54.430000 62.000000 58.000000 55.000000
538712.370000 6583192.860000 54.540000 62.000000 57.000000 54.000000
538712.620000 6583193.000000 54.530000 37.000000 36.000000 44.000000
538712.710000 6583192.670000 54.650000 61.000000 61.000000 59.000000
538712.790000 6583192.380000 54.620000 58.000000 54.000000 51.000000
538713.020000 6583193.010000 54.550000 25.000000 28.000000 35.000000
538713.110000 6583192.660000 54.630000 22.000000 25.000000 32.000000
538713.180000 6583192.400000 54.550000 37.000000 36.000000 42.000000
538713.270000 6583192.100000 54.470000 66.000000 60.000000 60.000000
538713.420000 6583192.870000 54.600000 27.000000 31.000000 42.000000
538713.500000 6583192.570000 54.550000 23.000000 25.000000 37.000000
538713.580000 6583192.300000 54.460000 24.000000 22.000000 27.000000
538713.680000 6583192.890000 54.570000 25.000000 29.000000 40.000000
538713.770000 6583192.590000 54.470000 32.000000 32.000000 42.000000
538713.850000 6583192.290000 54.410000 12.000000 10.000000 15.000000
538713.980000 6583192.720000 54.460000 25.000000 29.000000 40.000000
538714.060000 6583192.410000 54.400000 13.000000 13.000000 21.000000
538713.280000 6583191.860000 54.360000 59.000000 54.000000 51.000000
538712.470000 6583192.500000 54.610000 59.000000 54.000000 58.000000
538712.870000 6583192.080000 54.530000 53.000000 44.000000 49.000000
538704.710000 6583187.330000 58.390000 180.000000 145.000000 123.000000
538704.770000 6583187.620000 58.360000 172.000000 146.000000 121.000000
538704.850000 6583187.970000 58.150000 176.000000 154.000000 117.000000
538704.830000 6583186.900000 58.270000 186.000000 145.000000 123.000000
538704.900000 6583187.190000 58.430000 171.000000 141.000000 115.000000
538704.960000 6583187.460000 58.580000 180.000000 144.000000 120.000000
538705.030000 6583187.810000 58.410000 167.000000 137.000000 113.000000
538704.950000 6583185.810000 57.920000 75.000000 54.000000 51.000000
538705.020000 6583186.110000 58.080000 79.000000 58.000000 57.000000
538705.080000 6583186.390000 58.240000 183.000000 140.000000 123.000000
538705.150000 6583186.680000 58.390000 188.000000 142.000000 119.000000
538705.210000 6583186.970000 58.540000 185.000000 139.000000 116.000000
538705.270000 6583187.270000 58.690000 169.000000 137.000000 112.000000
538705.330000 6583187.540000 58.800000 170.000000 139.000000 118.000000
538705.410000 6583187.880000 58.550000 171.000000 145.000000 118.000000
538705.300000 6583185.770000 58.060000 73.000000 62.000000 60.000000
538705.360000 6583186.030000 58.220000 38.000000 27.000000 25.000000
538705.430000 6583186.340000 58.370000 211.000000 147.000000 135.000000
538705.490000 6583186.630000 58.560000 165.000000 126.000000 111.000000
538705.550000 6583186.910000 58.690000 180.000000 136.000000 109.000000
538705.620000 6583187.210000 58.890000 181.000000 136.000000 107.000000
538705.690000 6583187.520000 59.030000 175.000000 135.000000 110.000000
538705.760000 6583187.820000 58.860000 173.000000 143.000000 117.000000
538705.610000 6583185.960000 58.300000 84.000000 69.000000 62.000000
538705.670000 6583186.210000 58.490000 107.000000 65.000000 67.000000
538705.730000 6583186.490000 58.620000 200.000000 151.000000 134.000000
538705.790000 6583186.770000 58.790000 164.000000 126.000000 107.000000
538705.860000 6583187.070000 58.960000 182.000000 142.000000 117.000000
538705.920000 6583187.340000 59.090000 182.000000 137.000000 108.000000
538705.990000 6583187.640000 59.170000 178.000000 130.000000 107.000000
538706.000000 6583186.390000 58.720000 93.000000 60.000000 55.000000
538706.060000 6583186.690000 58.880000 195.000000 148.000000 132.000000
538706.130000 6583187.000000 59.050000 186.000000 143.000000 124.000000
538706.190000 6583187.260000 59.210000 176.000000 139.000000 112.000000
538706.250000 6583187.560000 59.320000 192.000000 142.000000 117.000000
538706.520000 6583187.100000 59.340000 173.000000 135.000000 114.000000
538706.580000 6583187.380000 59.480000 171.000000 134.000000 108.000000
538706.640000 6583187.640000 59.590000 181.000000 137.000000 110.000000
538704.730000 6583187.020000 58.270000 179.000000 144.000000 122.000000
538704.810000 6583186.730000 58.230000 187.000000 143.000000 130.000000
538704.890000 6583186.440000 58.140000 75.000000 52.000000 34.000000
538704.970000 6583186.150000 58.060000 63.000000 43.000000 44.000000
538705.050000 6583185.850000 57.990000 71.000000 50.000000 47.000000
538705.130000 6583185.560000 57.920000 69.000000 58.000000 54.000000
538704.880000 6583187.560000 58.530000 175.000000 143.000000 120.000000
538704.970000 6583187.240000 58.530000 171.000000 137.000000 112.000000
538705.050000 6583186.950000 58.440000 184.000000 133.000000 112.000000
538705.140000 6583186.640000 58.350000 188.000000 142.000000 119.000000
538705.220000 6583186.350000 58.300000 212.000000 150.000000 135.000000
538705.300000 6583186.050000 58.200000 38.000000 27.000000 25.000000
538705.380000 6583185.760000 58.120000 73.000000 62.000000 60.000000
538705.090000 6583187.830000 58.400000 167.000000 137.000000 113.000000
538705.190000 6583187.480000 58.720000 177.000000 142.000000 120.000000
538705.270000 6583187.180000 58.690000 175.000000 134.000000 114.000000
538705.350000 6583186.880000 58.590000 181.000000 136.000000 113.000000
538705.440000 6583186.570000 58.530000 174.000000 131.000000 115.000000
538705.520000 6583186.280000 58.420000 141.000000 92.000000 87.000000
538705.600000 6583185.980000 58.360000 77.000000 69.000000 58.000000
538705.490000 6583187.920000 58.620000 171.000000 146.000000 116.000000
538705.590000 6583187.570000 58.970000 165.000000 139.000000 112.000000
538705.680000 6583187.240000 58.920000 181.000000 136.000000 107.000000
538705.760000 6583186.950000 58.860000 179.000000 143.000000 119.000000
538705.830000 6583186.680000 58.780000 179.000000 136.000000 119.000000
538705.910000 6583186.390000 58.710000 128.000000 90.000000 87.000000
538705.990000 6583187.530000 59.230000 183.000000 133.000000 108.000000
538706.080000 6583187.210000 59.180000 178.000000 136.000000 111.000000
538706.160000 6583186.930000 59.070000 186.000000 143.000000 124.000000
538706.240000 6583186.640000 58.990000 198.000000 145.000000 131.000000
538706.260000 6583187.560000 59.350000 192.000000 142.000000 117.000000
538706.340000 6583187.270000 59.320000 170.000000 138.000000 113.000000
538706.410000 6583186.990000 59.250000 181.000000 136.000000 117.000000
538706.510000 6583187.470000 59.440000 174.000000 134.000000 108.000000
538706.590000 6583187.170000 59.420000 173.000000 135.000000 114.000000
538706.770000 6583187.590000 59.650000 185.000000 140.000000 117.000000
538706.850000 6583187.320000 59.630000 189.000000 138.000000 119.000000
538705.250000 6583185.520000 57.940000 67.000000 53.000000 52.000000
538705.480000 6583185.350000 58.020000 66.000000 51.000000 48.000000
538705.540000 6583185.640000 58.160000 73.000000 59.000000 59.000000
538705.810000 6583185.530000 58.250000 60.000000 40.000000 41.000000
538705.880000 6583185.840000 58.410000 80.000000 65.000000 60.000000
538705.930000 6583186.110000 58.570000 75.000000 53.000000 55.000000
538706.140000 6583185.410000 58.410000 68.000000 57.000000 53.000000
538706.200000 6583185.680000 58.540000 65.000000 51.000000 51.000000
538706.270000 6583185.970000 58.690000 70.000000 51.000000 45.000000
538706.330000 6583186.260000 58.860000 81.000000 70.000000 66.000000
538706.400000 6583186.550000 58.990000 193.000000 138.000000 131.000000
538706.450000 6583186.800000 59.170000 199.000000 143.000000 126.000000
538706.620000 6583185.650000 58.770000 50.000000 35.000000 38.000000
538706.680000 6583185.920000 58.920000 77.000000 57.000000 56.000000
538706.740000 6583186.210000 59.090000 82.000000 68.000000 67.000000
538706.800000 6583186.490000 59.250000 40.000000 20.000000 21.000000
538706.870000 6583186.750000 59.410000 209.000000 146.000000 129.000000
538706.930000 6583187.050000 59.560000 174.000000 132.000000 116.000000
538706.990000 6583187.330000 59.710000 191.000000 140.000000 121.000000
538706.930000 6583185.640000 58.970000 40.000000 28.000000 32.000000
538707.000000 6583185.960000 59.110000 46.000000 32.000000 32.000000
538707.060000 6583186.220000 59.270000 69.000000 53.000000 54.000000
538707.120000 6583186.480000 59.430000 63.000000 51.000000 51.000000
538707.190000 6583186.800000 59.600000 209.000000 151.000000 137.000000
538707.250000 6583187.090000 59.760000 191.000000 135.000000 118.000000
538707.270000 6583185.770000 59.180000 39.000000 29.000000 28.000000
538707.330000 6583186.040000 59.340000 48.000000 33.000000 38.000000
538707.400000 6583186.320000 59.500000 54.000000 38.000000 39.000000
538707.460000 6583186.600000 59.650000 32.000000 17.000000 22.000000
538707.530000 6583186.900000 59.840000 41.000000 16.000000 20.000000
538707.660000 6583185.780000 59.420000 66.000000 51.000000 56.000000
538707.720000 6583186.050000 59.570000 63.000000 55.000000 53.000000
538707.780000 6583186.340000 59.730000 48.000000 38.000000 37.000000
538708.050000 6583185.770000 59.690000 177.000000 119.000000 99.000000
538708.110000 6583186.050000 59.830000 79.000000 51.000000 47.000000
538705.460000 6583185.480000 58.070000 65.000000 51.000000 48.000000
538705.690000 6583185.680000 58.260000 61.000000 49.000000 51.000000
538705.770000 6583185.380000 58.200000 68.000000 57.000000 53.000000
538706.000000 6583186.080000 58.610000 78.000000 59.000000 55.000000
538706.080000 6583185.790000 58.530000 67.000000 53.000000 53.000000
538706.160000 6583185.500000 58.440000 68.000000 57.000000 53.000000
538706.320000 6583186.330000 58.910000 56.000000 35.000000 30.000000
538706.410000 6583186.020000 58.850000 78.000000 63.000000 60.000000
538706.480000 6583185.760000 58.740000 68.000000 50.000000 50.000000
538706.500000 6583186.670000 59.130000 202.000000 144.000000 132.000000
538706.650000 6583186.120000 58.970000 76.000000 65.000000 61.000000
538706.740000 6583185.820000 58.920000 75.000000 57.000000 57.000000
538706.820000 6583185.530000 58.840000 41.000000 31.000000 32.000000
538706.670000 6583186.890000 59.360000 184.000000 131.000000 115.000000
538706.750000 6583186.600000 59.280000 205.000000 147.000000 135.000000
538706.830000 6583186.300000 59.210000 69.000000 53.000000 53.000000
538706.910000 6583186.020000 59.100000 75.000000 61.000000 58.000000
538706.990000 6583185.730000 59.020000 50.000000 38.000000 40.000000
538706.930000 6583187.010000 59.550000 174.000000 132.000000 116.000000
538707.020000 6583186.710000 59.470000 209.000000 148.000000 129.000000
538707.090000 6583186.430000 59.380000 62.000000 48.000000 48.000000
538707.180000 6583186.120000 59.290000 44.000000 25.000000 27.000000
538707.260000 6583185.820000 59.220000 40.000000 31.000000 36.000000
538707.130000 6583187.460000 59.870000 195.000000 144.000000 125.000000
538707.210000 6583187.180000 59.810000 185.000000 134.000000 113.000000
538707.290000 6583186.870000 59.700000 204.000000 141.000000 134.000000
538707.380000 6583186.570000 59.660000 44.000000 30.000000 29.000000
538707.450000 6583186.280000 59.540000 57.000000 37.000000 39.000000
538707.540000 6583185.970000 59.470000 41.000000 32.000000 33.000000
538707.620000 6583185.670000 59.400000 72.000000 48.000000 48.000000
538707.500000 6583186.960000 59.860000 41.000000 16.000000 20.000000
538707.580000 6583186.670000 59.780000 39.000000 28.000000 36.000000
538707.660000 6583186.370000 59.710000 40.000000 30.000000 29.000000
538707.740000 6583186.100000 59.600000 62.000000 54.000000 51.000000
538707.820000 6583185.800000 59.550000 79.000000 52.000000 45.000000
538707.870000 6583186.490000 59.890000 71.000000 55.000000 55.000000
538707.960000 6583186.180000 59.810000 67.000000 47.000000 48.000000
538708.040000 6583185.890000 59.700000 97.000000 54.000000 47.000000
538703.760000 6583187.020000 57.880000 94.000000 74.000000 67.000000
538704.010000 6583186.760000 57.870000 76.000000 60.000000 60.000000
538703.710000 6583186.960000 57.860000 86.000000 69.000000 62.000000
538704.040000 6583186.740000 57.880000 76.000000 60.000000 60.000000
538704.120000 6583186.430000 57.850000 58.000000 43.000000 36.000000
538704.080000 6583187.070000 57.940000 67.000000 48.000000 42.000000
538704.150000 6583187.390000 58.100000 80.000000 72.000000 61.000000
538704.280000 6583186.450000 57.870000 66.000000 49.000000 41.000000
538704.340000 6583186.730000 57.980000 72.000000 51.000000 50.000000
538704.410000 6583187.020000 58.110000 91.000000 73.000000 63.000000
538704.470000 6583187.320000 58.260000 158.000000 137.000000 118.000000
538704.540000 6583187.640000 58.230000 159.000000 143.000000 110.000000
538704.450000 6583186.200000 57.870000 64.000000 47.000000 40.000000
538704.510000 6583186.470000 57.940000 74.000000 56.000000 44.000000
538704.580000 6583186.770000 58.100000 62.000000 45.000000 38.000000
538704.640000 6583187.060000 58.250000 175.000000 144.000000 124.000000
538704.650000 6583186.050000 57.860000 67.000000 57.000000 55.000000
538704.710000 6583186.340000 57.970000 82.000000 55.000000 46.000000
538704.770000 6583186.610000 58.120000 119.000000 97.000000 84.000000
538704.900000 6583185.570000 57.670000 64.000000 50.000000 47.000000
538703.880000 6583187.320000 58.010000 95.000000 89.000000 75.000000
538703.950000 6583187.050000 57.910000 79.000000 59.000000 52.000000
538704.200000 6583187.520000 58.150000 141.000000 119.000000 108.000000
538704.290000 6583187.190000 58.130000 64.000000 55.000000 46.000000
538704.370000 6583186.910000 58.060000 59.000000 44.000000 37.000000
538704.440000 6583186.630000 58.000000 72.000000 53.000000 49.000000
538704.530000 6583186.330000 57.940000 80.000000 60.000000 51.000000
538704.610000 6583186.030000 57.870000 67.000000 57.000000 55.000000
538704.680000 6583185.760000 57.840000 56.000000 46.000000 45.000000
538704.550000 6583187.640000 58.220000 159.000000 143.000000 110.000000
538704.650000 6583187.310000 58.370000 177.000000 146.000000 125.000000
538704.790000 6583187.890000 58.170000 170.000000 144.000000 109.000000
538703.710000 6583186.810000 55.080000 60.000000 45.000000 42.000000
538701.650000 6583185.240000 55.150000 38.000000 35.000000 30.000000
538701.720000 6583185.560000 55.070000 78.000000 75.000000 70.000000
538701.930000 6583185.300000 55.230000 55.000000 51.000000 48.000000
538702.010000 6583185.660000 55.060000 59.000000 54.000000 51.000000
538702.210000 6583185.380000 55.310000 52.000000 46.000000 46.000000
538702.280000 6583185.700000 55.170000 64.000000 59.000000 56.000000
538702.350000 6583186.010000 55.020000 76.000000 71.000000 67.000000
538702.550000 6583185.310000 55.570000 46.000000 41.000000 37.000000
538702.630000 6583185.680000 55.330000 53.000000 48.000000 45.000000
538702.710000 6583186.040000 55.140000 44.000000 40.000000 37.000000
538702.780000 6583186.350000 55.000000 85.000000 78.000000 70.000000
538702.940000 6583185.440000 55.720000 62.000000 57.000000 54.000000
538703.030000 6583185.820000 55.470000 59.000000 53.000000 53.000000
538703.100000 6583186.140000 55.230000 52.000000 48.000000 45.000000
538703.170000 6583186.460000 55.100000 49.000000 42.000000 36.000000
538703.240000 6583186.790000 54.960000 89.000000 80.000000 75.000000
538703.160000 6583185.440000 55.930000 56.000000 52.000000 51.000000
538703.240000 6583185.780000 55.660000 58.000000 54.000000 55.000000
538703.320000 6583186.130000 55.390000 43.000000 39.000000 36.000000
538703.400000 6583186.490000 55.190000 59.000000 54.000000 51.000000
538703.470000 6583186.810000 55.020000 85.000000 74.000000 68.000000
538703.400000 6583185.400000 56.110000 61.000000 56.000000 53.000000
538703.480000 6583185.760000 55.790000 69.000000 63.000000 63.000000
538703.570000 6583186.140000 55.470000 45.000000 41.000000 38.000000
538703.640000 6583186.480000 55.260000 56.000000 50.000000 50.000000
538703.730000 6583185.470000 56.320000 56.000000 51.000000 48.000000
538703.810000 6583185.860000 55.960000 48.000000 36.000000 36.000000
538703.890000 6583186.210000 55.620000 66.000000 58.000000 56.000000
538703.970000 6583186.540000 55.400000 53.000000 41.000000 41.000000
538704.040000 6583185.360000 56.710000 58.000000 50.000000 47.000000
538704.120000 6583185.750000 56.350000 66.000000 56.000000 46.000000
538704.200000 6583186.100000 56.010000 64.000000 55.000000 56.000000
538704.280000 6583185.430000 56.790000 50.000000 42.000000 39.000000
538704.360000 6583185.780000 56.440000 59.000000 54.000000 51.000000
538704.550000 6583185.610000 56.870000 67.000000 58.000000 59.000000
538704.840000 6583185.300000 57.370000 71.000000 57.000000 56.000000
538701.650000 6583185.310000 55.100000 59.000000 56.000000 51.000000
538701.870000 6583185.440000 55.170000 73.000000 73.000000 65.000000
538702.110000 6583185.800000 55.020000 67.000000 62.000000 59.000000
538702.210000 6583185.460000 55.260000 46.000000 40.000000 40.000000
538702.300000 6583185.110000 55.540000 58.000000 52.000000 52.000000
538702.370000 6583186.120000 54.970000 87.000000 82.000000 76.000000
538702.450000 6583185.810000 55.180000 54.000000 50.000000 47.000000
538702.550000 6583185.450000 55.470000 60.000000 55.000000 51.000000
538702.660000 6583186.040000 55.160000 38.000000 34.000000 31.000000
538702.760000 6583185.690000 55.390000 52.000000 47.000000 44.000000
538702.860000 6583185.330000 55.790000 62.000000 57.000000 54.000000
538702.830000 6583186.420000 55.000000 111.000000 100.000000 94.000000
538702.920000 6583186.090000 55.190000 55.000000 51.000000 48.000000
538703.020000 6583185.740000 55.500000 48.000000 42.000000 42.000000
538703.120000 6583185.360000 55.980000 68.000000 64.000000 63.000000
538703.150000 6583186.650000 55.010000 87.000000 78.000000 71.000000
538703.240000 6583186.290000 55.250000 50.000000 47.000000 42.000000
538703.330000 6583185.970000 55.490000 56.000000 52.000000 51.000000
538703.440000 6583185.590000 55.990000 56.000000 50.000000 50.000000
538703.550000 6583185.170000 56.510000 39.000000 34.000000 31.000000
538703.500000 6583186.760000 55.060000 69.000000 58.000000 54.000000
538703.600000 6583186.400000 55.310000 53.000000 48.000000 45.000000
538703.690000 6583186.040000 55.680000 42.000000 34.000000 31.000000
538703.800000 6583185.660000 56.170000 62.000000 50.000000 50.000000
538703.900000 6583185.270000 56.670000 65.000000 57.000000 54.000000
538703.760000 6583186.780000 55.150000 49.000000 38.000000 36.000000
538703.860000 6583186.440000 55.430000 53.000000 44.000000 45.000000
538703.970000 6583186.020000 55.900000 68.000000 58.000000 56.000000
538704.070000 6583185.670000 56.370000 66.000000 53.000000 44.000000
538704.180000 6583185.280000 56.900000 68.000000 58.000000 56.000000
538704.220000 6583186.090000 56.050000 59.000000 51.000000 49.000000
538704.330000 6583185.690000 56.550000 65.000000 60.000000 57.000000
538704.430000 6583185.310000 57.060000 60.000000 50.000000 48.000000
538709.550000 6583189.830000 56.380000 81.000000 78.000000 73.000000
538709.900000 6583189.700000 56.790000 58.000000 54.000000 53.000000
538709.580000 6583189.860000 56.340000 81.000000 78.000000 73.000000
538709.960000 6583189.910000 56.700000 30.000000 28.000000 29.000000
538710.280000 6583189.540000 57.330000 59.000000 51.000000 49.000000
538710.360000 6583189.920000 56.980000 62.000000 58.000000 57.000000
538710.620000 6583189.680000 57.410000 47.000000 39.000000 37.000000
538710.070000 6583189.510000 57.200000 49.000000 43.000000 43.000000
538710.300000 6583189.980000 56.870000 62.000000 58.000000 57.000000
538710.400000 6583189.610000 57.330000 47.000000 37.000000 36.000000
538710.610000 6583189.940000 57.170000 64.000000 56.000000 54.000000
538710.860000 6583189.890000 57.420000 68.000000 60.000000 58.000000
538708.850000 6583191.140000 54.880000 116.000000 109.000000 91.000000
538709.100000 6583190.460000 55.420000 83.000000 67.000000 67.000000
538709.170000 6583190.770000 55.230000 142.000000 134.000000 115.000000
538709.250000 6583191.130000 55.060000 23.000000 15.000000 26.000000
538709.380000 6583190.400000 55.620000 114.000000 107.000000 91.000000
538709.460000 6583190.780000 55.430000 13.000000 7.000000 11.000000
538709.530000 6583191.100000 55.230000 28.000000 23.000000 30.000000
538709.630000 6583190.200000 56.030000 60.000000 54.000000 54.000000
538709.710000 6583190.570000 55.750000 12.000000 7.000000 14.000000
538709.790000 6583190.930000 55.470000 25.000000 20.000000 26.000000
538709.870000 6583191.280000 55.280000 16.000000 14.000000 17.000000
538709.980000 6583190.060000 56.540000 12.000000 8.000000 9.000000
538709.000000 6583191.040000 55.000000 59.000000 50.000000 45.000000
538709.090000 6583190.730000 55.250000 142.000000 131.000000 113.000000
538709.180000 6583190.370000 55.510000 76.000000 65.000000 61.000000
538709.270000 6583190.970000 55.150000 19.000000 10.000000 13.000000
538709.360000 6583190.640000 55.390000 99.000000 90.000000 81.000000
538709.470000 6583190.250000 55.850000 91.000000 83.000000 80.000000
538709.650000 6583191.040000 55.320000 21.000000 15.000000 25.000000
538709.760000 6583190.650000 55.690000 21.000000 16.000000 20.000000
538709.860000 6583190.270000 56.220000 19.000000 13.000000 15.000000
538710.050000 6583190.380000 56.210000 30.000000 26.000000 27.000000
538710.130000 6583190.720000 55.920000 35.000000 30.000000 34.000000
538710.210000 6583191.110000 55.650000 31.000000 29.000000 32.000000
538710.430000 6583190.230000 56.750000 51.000000 50.000000 48.000000
538710.520000 6583190.610000 56.400000 43.000000 37.000000 37.000000
538710.600000 6583190.990000 56.080000 53.000000 47.000000 47.000000
538710.700000 6583190.020000 57.110000 55.000000 49.000000 49.000000
538710.790000 6583190.410000 56.820000 51.000000 47.000000 46.000000
538710.870000 6583190.760000 56.480000 52.000000 48.000000 47.000000
538710.940000 6583191.090000 56.180000 46.000000 42.000000 41.000000
538710.950000 6583190.040000 57.360000 43.000000 35.000000 33.000000
538711.030000 6583190.420000 57.030000 59.000000 53.000000 53.000000
538711.110000 6583190.770000 56.750000 47.000000 43.000000 42.000000
538711.190000 6583191.110000 56.420000 53.000000 52.000000 50.000000
538711.430000 6583190.510000 57.250000 28.000000 22.000000 24.000000
538711.510000 6583190.870000 56.990000 58.000000 54.000000 53.000000
538711.590000 6583191.210000 56.670000 47.000000 43.000000 42.000000
538711.770000 6583190.540000 57.490000 38.000000 32.000000 34.000000
538711.860000 6583190.930000 57.120000 46.000000 37.000000 40.000000
538711.940000 6583191.290000 56.820000 72.000000 66.000000 68.000000
538712.160000 6583191.090000 57.240000 25.000000 25.000000 25.000000
538712.250000 6583191.480000 56.930000 58.000000 52.000000 52.000000
538712.410000 6583191.070000 57.450000 51.000000 45.000000 45.000000
538712.490000 6583191.430000 57.120000 61.000000 51.000000 50.000000
538712.840000 6583191.480000 57.400000 65.000000 55.000000 54.000000
538710.000000 6583191.110000 55.470000 22.000000 21.000000 19.000000
538710.100000 6583190.740000 55.870000 26.000000 21.000000 27.000000
538710.200000 6583190.360000 56.350000 58.000000 54.000000 55.000000
538710.290000 6583191.090000 55.650000 34.000000 32.000000 33.000000
538710.390000 6583190.720000 56.170000 33.000000 29.000000 26.000000
538710.500000 6583190.340000 56.650000 53.000000 52.000000 50.000000
538710.540000 6583191.050000 55.930000 60.000000 51.000000 52.000000
538710.650000 6583190.680000 56.420000 52.000000 48.000000 47.000000
538710.750000 6583190.280000 56.970000 49.000000 45.000000 44.000000
538710.900000 6583190.980000 56.290000 45.000000 41.000000 40.000000
538711.000000 6583190.600000 56.760000 52.000000 48.000000 47.000000
538711.110000 6583190.220000 57.210000 68.000000 60.000000 57.000000
538711.200000 6583191.260000 56.280000 57.000000 56.000000 54.000000
538711.310000 6583190.860000 56.820000 63.000000 62.000000 60.000000
538711.420000 6583190.460000 57.300000 50.000000 44.000000 46.000000
538711.470000 6583191.320000 56.430000 48.000000 44.000000 43.000000
538711.570000 6583190.930000 56.890000 55.000000 51.000000 50.000000
538711.670000 6583190.560000 57.390000 53.000000 47.000000 49.000000
538711.800000 6583191.080000 56.940000 41.000000 30.000000 34.000000
538711.900000 6583190.710000 57.420000 26.000000 21.000000 25.000000
538712.140000 6583191.200000 57.080000 54.000000 53.000000 51.000000
538712.470000 6583191.400000 57.100000 61.000000 51.000000 50.000000
538712.750000 6583191.460000 57.370000 65.000000 55.000000 54.000000
538702.300000 6583182.560000 58.320000 50.000000 55.000000 59.000000
538702.700000 6583182.240000 58.920000 49.000000 52.000000 57.000000
538702.470000 6583182.310000 58.690000 54.000000 57.000000 66.000000
538702.590000 6583182.800000 58.340000 41.000000 52.000000 54.000000
538701.240000 6583185.100000 55.070000 77.000000 76.000000 71.000000
538701.490000 6583184.550000 55.550000 37.000000 37.000000 37.000000
538701.570000 6583184.910000 55.340000 54.000000 50.000000 47.000000
538701.700000 6583184.270000 56.010000 55.000000 54.000000 60.000000
538701.780000 6583184.620000 55.690000 65.000000 61.000000 60.000000
538701.850000 6583184.930000 55.450000 48.000000 44.000000 45.000000
538701.970000 6583184.300000 56.190000 65.000000 61.000000 60.000000
538702.050000 6583184.670000 55.890000 59.000000 55.000000 56.000000
538702.130000 6583185.020000 55.590000 55.000000 51.000000 52.000000
538702.230000 6583183.860000 56.900000 61.000000 52.000000 53.000000
538702.310000 6583184.220000 56.540000 69.000000 65.000000 64.000000
538702.390000 6583184.620000 56.200000 41.000000 38.000000 33.000000
538702.470000 6583184.970000 55.880000 57.000000 52.000000 49.000000
538702.460000 6583183.300000 57.690000 80.000000 87.000000 79.000000
538702.540000 6583183.640000 57.370000 72.000000 62.000000 61.000000
538702.620000 6583184.000000 56.990000 72.000000 67.000000 61.000000
538702.710000 6583184.380000 56.700000 69.000000 60.000000 61.000000
538702.790000 6583184.740000 56.370000 64.000000 56.000000 54.000000
538702.860000 6583185.090000 56.030000 41.000000 36.000000 33.000000
538702.760000 6583183.660000 57.550000 67.000000 62.000000 59.000000
538703.000000 6583184.720000 56.610000 44.000000 36.000000 34.000000
538703.080000 6583185.080000 56.280000 61.000000 56.000000 53.000000
538702.930000 6583183.280000 58.020000 61.000000 58.000000 51.000000
538703.000000 6583183.620000 57.710000 89.000000 79.000000 77.000000
538703.090000 6583184.010000 57.340000 66.000000 56.000000 55.000000
538703.170000 6583184.350000 57.040000 71.000000 61.000000 60.000000
538703.240000 6583184.670000 56.780000 66.000000 58.000000 56.000000
538703.320000 6583185.060000 56.440000 59.000000 54.000000 51.000000
538703.330000 6583183.680000 57.920000 46.000000 42.000000 43.000000
538703.400000 6583184.010000 57.620000 74.000000 63.000000 59.000000
538703.480000 6583184.370000 57.280000 48.000000 37.000000 35.000000
538703.560000 6583184.740000 56.970000 66.000000 56.000000 55.000000
538703.640000 6583185.080000 56.670000 45.000000 37.000000 35.000000
538703.720000 6583183.940000 57.950000 61.000000 46.000000 49.000000
538703.800000 6583184.320000 57.630000 70.000000 60.000000 59.000000
538703.880000 6583184.670000 57.330000 69.000000 59.000000 58.000000
538703.960000 6583185.000000 57.080000 64.000000 54.000000 53.000000
538704.040000 6583184.330000 57.800000 70.000000 60.000000 58.000000
538704.110000 6583184.660000 57.460000 52.000000 41.000000 39.000000
538704.200000 6583185.060000 57.140000 70.000000 59.000000 57.000000
538704.390000 6583184.890000 57.520000 70.000000 56.000000 55.000000
538701.380000 6583185.130000 55.080000 74.000000 71.000000 66.000000
538701.480000 6583184.780000 55.330000 66.000000 65.000000 63.000000
538701.580000 6583184.410000 55.740000 37.000000 37.000000 37.000000
538701.740000 6583184.980000 55.360000 54.000000 50.000000 49.000000
538701.850000 6583184.570000 55.740000 55.000000 51.000000 52.000000
538701.960000 6583184.180000 56.270000 61.000000 57.000000 56.000000
538702.060000 6583183.790000 56.820000 71.000000 75.000000 78.000000
538701.960000 6583185.100000 55.410000 58.000000 54.000000 53.000000
538702.060000 6583184.740000 55.840000 56.000000 52.000000 53.000000
538702.160000 6583184.350000 56.350000 55.000000 51.000000 48.000000
538702.270000 6583183.960000 56.870000 78.000000 68.000000 67.000000
538702.380000 6583183.590000 57.310000 52.000000 56.000000 59.000000
538702.410000 6583184.710000 56.010000 56.000000 51.000000 48.000000
538702.510000 6583184.350000 56.510000 41.000000 35.000000 35.000000
538702.620000 6583183.930000 57.070000 72.000000 67.000000 61.000000
538702.730000 6583183.550000 57.520000 85.000000 75.000000 76.000000
538702.830000 6583183.180000 58.010000 43.000000 44.000000 36.000000
538702.650000 6583185.070000 55.880000 53.000000 48.000000 45.000000
538702.760000 6583184.680000 56.440000 61.000000 53.000000 51.000000
538702.860000 6583184.320000 56.880000 64.000000 56.000000 54.000000
538702.970000 6583183.940000 57.360000 44.000000 36.000000 34.000000
538703.060000 6583183.570000 57.820000 73.000000 62.000000 56.000000
538702.960000 6583184.970000 56.220000 50.000000 45.000000 42.000000
538703.070000 6583184.580000 56.770000 65.000000 55.000000 54.000000
538703.170000 6583184.190000 57.290000 70.000000 60.000000 58.000000
538703.280000 6583183.810000 57.790000 54.000000 44.000000 43.000000
538703.230000 6583184.980000 56.460000 60.000000 52.000000 50.000000
538703.340000 6583184.580000 56.970000 68.000000 58.000000 57.000000
538703.440000 6583184.210000 57.440000 59.000000 48.000000 46.000000
538703.540000 6583183.830000 57.970000 73.000000 62.000000 58.000000
538703.660000 6583184.780000 57.050000 66.000000 56.000000 55.000000
538703.760000 6583184.420000 57.540000 63.000000 53.000000 52.000000
538704.010000 6583184.900000 57.190000 67.000000 56.000000 54.000000
538704.110000 6583184.530000 57.680000 45.000000 35.000000 33.000000
538704.290000 6583184.880000 57.420000 69.000000 55.000000 54.000000
538704.540000 6583184.930000 57.560000 58.000000 44.000000 43.000000
538704.850000 6583185.170000 57.510000 77.000000 63.000000 62.000000
538708.410000 6583186.080000 59.910000 179.000000 117.000000 106.000000
538708.680000 6583185.930000 59.840000 206.000000 131.000000 112.000000
538708.750000 6583186.260000 59.610000 187.000000 124.000000 109.000000
538708.820000 6583186.580000 59.390000 56.000000 26.000000 26.000000
538709.090000 6583186.060000 60.020000 205.000000 128.000000 112.000000
538709.170000 6583186.430000 59.680000 216.000000 143.000000 126.000000
538709.250000 6583186.790000 59.360000 116.000000 72.000000 61.000000
538709.330000 6583187.140000 59.030000 60.000000 49.000000 53.000000
538709.410000 6583187.510000 58.750000 70.000000 56.000000 56.000000
538709.480000 6583187.840000 58.490000 60.000000 55.000000 52.000000
538709.550000 6583186.280000 60.220000 195.000000 120.000000 101.000000
538709.630000 6583186.650000 59.840000 198.000000 121.000000 103.000000
538709.710000 6583187.010000 59.540000 170.000000 117.000000 103.000000
538709.800000 6583187.400000 59.190000 59.000000 46.000000 40.000000
538709.880000 6583187.760000 58.870000 78.000000 59.000000 65.000000
538709.960000 6583188.110000 58.580000 55.000000 51.000000 52.000000
538709.890000 6583186.400000 60.360000 203.000000 129.000000 118.000000
538709.980000 6583186.770000 60.000000 191.000000 113.000000 93.000000
538708.690000 6583186.160000 59.670000 194.000000 127.000000 108.000000
538708.920000 6583186.360000 59.560000 208.000000 140.000000 119.000000
538709.020000 6583185.980000 60.070000 199.000000 125.000000 114.000000
538709.070000 6583186.790000 59.230000 47.000000 31.000000 31.000000
538709.180000 6583186.410000 59.710000 216.000000 143.000000 126.000000
538709.290000 6583186.000000 60.250000 199.000000 127.000000 112.000000
538709.350000 6583187.230000 58.940000 45.000000 40.000000 37.000000
538709.470000 6583186.810000 59.480000 162.000000 109.000000 95.000000
538709.560000 6583186.460000 59.970000 204.000000 127.000000 109.000000
538709.660000 6583186.100000 60.490000 196.000000 123.000000 104.000000
538709.600000 6583187.760000 58.560000 53.000000 48.000000 45.000000
538709.710000 6583187.380000 59.090000 60.000000 46.000000 43.000000
538709.820000 6583186.960000 59.600000 195.000000 130.000000 110.000000
538709.920000 6583186.590000 60.120000 194.000000 118.000000 104.000000
538709.720000 6583188.410000 58.120000 52.000000 43.000000 44.000000
538709.820000 6583188.040000 58.510000 47.000000 43.000000 44.000000
538709.930000 6583187.640000 58.990000 82.000000 63.000000 65.000000
538710.040000 6583188.470000 58.270000 61.000000 51.000000 52.000000
538710.120000 6583188.840000 57.950000 59.000000 53.000000 53.000000
538710.060000 6583187.150000 59.640000 211.000000 139.000000 127.000000
538710.140000 6583187.510000 59.270000 81.000000 52.000000 44.000000
538710.220000 6583187.860000 58.990000 19.000000 18.000000 16.000000
538710.150000 6583186.470000 60.520000 193.000000 120.000000 103.000000
538710.230000 6583186.850000 60.190000 204.000000 129.000000 110.000000
538710.390000 6583187.570000 59.490000 151.000000 101.000000 90.000000
538710.550000 6583186.590000 60.720000 203.000000 130.000000 111.000000
538710.040000 6583187.250000 59.510000 201.000000 138.000000 129.000000
538710.310000 6583187.170000 59.840000 162.000000 94.000000 81.000000
538710.410000 6583186.800000 60.350000 190.000000 119.000000 101.000000
538703.310000 6583181.070000 60.660000 50.000000 51.000000 53.000000
538703.400000 6583181.450000 60.340000 43.000000 48.000000 54.000000
538703.520000 6583180.970000 60.940000 45.000000 43.000000 46.000000
538703.590000 6583181.300000 60.670000 46.000000 43.000000 52.000000
538703.670000 6583181.640000 60.390000 69.000000 72.000000 53.000000
538703.740000 6583181.990000 60.100000 194.000000 167.000000 124.000000
538703.820000 6583182.340000 59.780000 208.000000 133.000000 127.000000
538703.960000 6583181.370000 60.870000 140.000000 133.000000 104.000000
538704.050000 6583181.760000 60.540000 189.000000 126.000000 108.000000
538704.200000 6583182.450000 59.950000 200.000000 123.000000 103.000000
538704.290000 6583182.820000 59.600000 136.000000 92.000000 81.000000
538704.370000 6583183.190000 59.270000 73.000000 58.000000 53.000000
538704.450000 6583183.550000 58.920000 71.000000 58.000000 52.000000
538704.520000 6583183.880000 58.610000 64.000000 49.000000 52.000000
538704.600000 6583184.240000 58.360000 62.000000 52.000000 50.000000
538704.460000 6583182.010000 60.690000 193.000000 122.000000 104.000000
538704.540000 6583182.340000 60.370000 197.000000 126.000000 108.000000
538704.610000 6583182.680000 60.050000 206.000000 127.000000 114.000000
538704.690000 6583183.040000 59.760000 200.000000 131.000000 115.000000
538704.780000 6583183.420000 59.420000 64.000000 53.000000 47.000000
538704.850000 6583183.740000 59.090000 62.000000 47.000000 50.000000
538704.930000 6583184.100000 58.780000 68.000000 54.000000 53.000000
538705.010000 6583184.490000 58.430000 54.000000 43.000000 41.000000
538705.090000 6583184.810000 58.130000 73.000000 59.000000 58.000000
538705.170000 6583185.180000 57.810000 76.000000 60.000000 60.000000
538704.840000 6583182.500000 60.460000 199.000000 126.000000 111.000000
538704.920000 6583182.850000 60.150000 201.000000 124.000000 114.000000
538705.000000 6583183.190000 59.810000 201.000000 121.000000 112.000000
538705.080000 6583183.570000 59.480000 93.000000 59.000000 49.000000
538705.160000 6583183.930000 59.170000 67.000000 53.000000 52.000000
538705.240000 6583184.260000 58.840000 64.000000 50.000000 50.000000
538705.320000 6583184.640000 58.500000 74.000000 63.000000 61.000000
538705.410000 6583185.020000 58.160000 62.000000 46.000000 46.000000
538705.180000 6583182.710000 60.410000 196.000000 120.000000 107.000000
538705.260000 6583183.080000 60.090000 194.000000 117.000000 109.000000
538705.340000 6583183.450000 59.730000 203.000000 130.000000 113.000000
538705.430000 6583183.830000 59.400000 104.000000 67.000000 58.000000
538705.510000 6583184.190000 59.070000 60.000000 42.000000 42.000000
538705.590000 6583184.540000 58.770000 77.000000 63.000000 60.000000
538705.660000 6583184.880000 58.490000 60.000000 47.000000 41.000000
538705.740000 6583185.240000 58.140000 58.000000 51.000000 45.000000
538705.660000 6583183.230000 60.310000 203.000000 124.000000 111.000000
538705.730000 6583183.570000 59.980000 196.000000 117.000000 104.000000
538705.820000 6583183.960000 59.650000 200.000000 133.000000 116.000000
538705.900000 6583184.320000 59.340000 65.000000 45.000000 44.000000
538705.980000 6583184.660000 59.020000 61.000000 43.000000 43.000000
538706.060000 6583185.040000 58.650000 59.000000 47.000000 47.000000
538706.230000 6583183.920000 60.030000 194.000000 116.000000 103.000000
538706.320000 6583184.290000 59.710000 207.000000 140.000000 124.000000
538706.560000 6583185.380000 58.720000 64.000000 49.000000 46.000000
538706.630000 6583184.280000 59.910000 240.000000 230.000000 231.000000
538706.710000 6583184.640000 59.610000 52.000000 52.000000 52.000000
538706.790000 6583184.990000 59.300000 126.000000 93.000000 88.000000
538706.870000 6583185.350000 58.910000 34.000000 28.000000 30.000000
538706.960000 6583184.360000 60.180000 161.000000 159.000000 162.000000
538707.040000 6583184.730000 59.770000 98.000000 76.000000 78.000000
538707.120000 6583185.090000 59.490000 43.000000 33.000000 32.000000
538707.200000 6583185.450000 59.120000 42.000000 31.000000 35.000000
538707.510000 6583185.110000 59.690000 162.000000 113.000000 99.000000
538707.590000 6583185.480000 59.390000 87.000000 58.000000 54.000000
538707.980000 6583185.450000 59.760000 200.000000 121.000000 104.000000
538703.440000 6583180.940000 60.880000 63.000000 63.000000 65.000000
538703.580000 6583181.710000 60.220000 39.000000 52.000000 35.000000
538703.680000 6583181.330000 60.710000 40.000000 41.000000 43.000000
538703.800000 6583181.900000 60.210000 186.000000 135.000000 114.000000
538703.900000 6583181.530000 60.690000 199.000000 179.000000 129.000000
538703.970000 6583182.280000 59.920000 204.000000 119.000000 112.000000
538704.080000 6583181.880000 60.470000 192.000000 125.000000 116.000000
538704.170000 6583182.910000 59.460000 74.000000 54.000000 53.000000
538704.290000 6583182.500000 59.980000 198.000000 121.000000 105.000000
538704.380000 6583182.130000 60.470000 193.000000 121.000000 106.000000
538704.430000 6583183.380000 59.140000 59.000000 44.000000 47.000000
538704.530000 6583182.980000 59.640000 197.000000 137.000000 113.000000
538704.650000 6583182.570000 60.160000 202.000000 124.000000 112.000000
538704.740000 6583182.220000 60.670000 197.000000 124.000000 107.000000
538704.600000 6583183.730000 58.910000 66.000000 51.000000 48.000000
538704.710000 6583183.350000 59.380000 85.000000 57.000000 46.000000
538704.810000 6583182.960000 59.950000 203.000000 125.000000 115.000000
538704.740000 6583184.180000 58.550000 68.000000 57.000000 55.000000
538704.840000 6583183.810000 59.030000 53.000000 38.000000 41.000000
538704.940000 6583183.450000 59.490000 102.000000 70.000000 57.000000
538705.050000 6583183.050000 60.000000 199.000000 120.000000 113.000000
538705.150000 6583182.680000 60.480000 199.000000 126.000000 111.000000
538704.940000 6583184.820000 58.020000 70.000000 56.000000 55.000000
538705.050000 6583184.430000 58.510000 54.000000 43.000000 41.000000
538705.150000 6583184.050000 58.950000 66.000000 52.000000 52.000000
538705.260000 6583183.670000 59.470000 128.000000 85.000000 76.000000
538705.360000 6583183.280000 59.980000 200.000000 122.000000 109.000000
538705.470000 6583182.890000 60.520000 193.000000 119.000000 108.000000
538705.220000 6583185.240000 57.840000 50.000000 35.000000 32.000000
538705.320000 6583184.890000 58.220000 75.000000 61.000000 60.000000
538705.410000 6583184.530000 58.670000 74.000000 63.000000 61.000000
538705.520000 6583184.130000 59.190000 60.000000 42.000000 42.000000
538705.630000 6583183.740000 59.690000 199.000000 127.000000 113.000000
538705.730000 6583183.370000 60.170000 198.000000 119.000000 106.000000
538705.550000 6583185.140000 58.150000 69.000000 55.000000 54.000000
538705.670000 6583184.720000 58.720000 70.000000 54.000000 54.000000
538705.760000 6583184.360000 59.200000 62.000000 47.000000 40.000000
538705.870000 6583183.960000 59.720000 200.000000 133.000000 116.000000
538705.980000 6583183.570000 60.230000 206.000000 127.000000 114.000000
538705.860000 6583185.050000 58.440000 55.000000 45.000000 44.000000
538705.950000 6583184.690000 58.920000 61.000000 43.000000 43.000000
538706.070000 6583184.280000 59.450000 142.000000 89.000000 81.000000
538706.170000 6583183.900000 59.960000 198.000000 119.000000 104.000000
538706.260000 6583185.130000 58.720000 57.000000 42.000000 45.000000
538706.370000 6583184.750000 59.250000 78.000000 78.000000 68.000000
538706.480000 6583184.360000 59.770000 224.000000 192.000000 179.000000
538706.580000 6583183.970000 60.280000 199.000000 141.000000 127.000000
538706.670000 6583185.070000 59.100000 43.000000 27.000000 27.000000
538706.780000 6583184.680000 59.600000 52.000000 52.000000 52.000000
538706.880000 6583184.310000 60.160000 79.000000 72.000000 80.000000
538706.910000 6583185.180000 59.170000 36.000000 22.000000 22.000000
538707.020000 6583184.800000 59.660000 98.000000 76.000000 78.000000
538707.080000 6583185.400000 59.090000 45.000000 34.000000 38.000000
538707.180000 6583185.030000 59.600000 43.000000 33.000000 32.000000
538707.340000 6583185.540000 59.190000 41.000000 31.000000 30.000000
538707.440000 6583185.180000 59.580000 95.000000 57.000000 48.000000
538707.720000 6583185.310000 59.700000 216.000000 139.000000 121.000000
538707.910000 6583185.450000 59.680000 200.000000 121.000000 104.000000
538709.320000 6583191.460000 54.890000 19.000000 16.000000 23.000000
538709.600000 6583191.420000 55.100000 24.000000 21.000000 30.000000
538709.680000 6583191.780000 54.910000 16.000000 14.000000 17.000000
538709.950000 6583191.640000 55.100000 26.000000 23.000000 30.000000
538709.170000 6583191.330000 54.930000 25.000000 20.000000 26.000000
538709.560000 6583191.370000 55.090000 18.000000 15.000000 26.000000
538709.810000 6583191.770000 54.930000 22.000000 19.000000 26.000000
538709.900000 6583191.440000 55.190000 21.000000 19.000000 24.000000
538711.330000 6583192.830000 54.960000 80.000000 68.000000 68.000000
538711.580000 6583192.890000 55.070000 70.000000 61.000000 62.000000
538711.650000 6583193.210000 54.920000 84.000000 76.000000 73.000000
538711.060000 6583192.810000 54.930000 86.000000 75.000000 73.000000
538711.290000 6583192.920000 54.930000 90.000000 76.000000 76.000000
538711.630000 6583193.050000 55.010000 63.000000 55.000000 53.000000
538710.020000 6583191.970000 54.930000 22.000000 20.000000 23.000000
538710.290000 6583191.460000 55.390000 23.000000 21.000000 26.000000
538710.360000 6583191.770000 55.200000 25.000000 23.000000 26.000000
538710.450000 6583192.160000 55.010000 33.000000 33.000000 35.000000
538710.680000 6583191.350000 55.800000 31.000000 25.000000 25.000000
538710.760000 6583191.690000 55.500000 51.000000 47.000000 46.000000
538710.840000 6583192.070000 55.230000 50.000000 41.000000 42.000000
538710.920000 6583192.390000 55.100000 62.000000 52.000000 51.000000
538710.990000 6583192.730000 54.900000 81.000000 72.000000 67.000000
538711.020000 6583191.440000 55.870000 54.000000 50.000000 47.000000
538711.100000 6583191.810000 55.590000 46.000000 38.000000 36.000000
538711.180000 6583192.150000 55.330000 56.000000 48.000000 46.000000
538711.250000 6583192.470000 55.180000 46.000000 42.000000 39.000000
538711.270000 6583191.480000 56.130000 53.000000 49.000000 48.000000
538711.350000 6583191.840000 55.760000 66.000000 58.000000 56.000000
538711.430000 6583192.200000 55.480000 46.000000 46.000000 46.000000
538711.510000 6583192.550000 55.290000 60.000000 56.000000 57.000000
538711.670000 6583191.580000 56.300000 60.000000 54.000000 54.000000
538711.760000 6583191.970000 55.970000 47.000000 43.000000 42.000000
538711.840000 6583192.330000 55.640000 67.000000 57.000000 58.000000
538711.920000 6583192.680000 55.410000 45.000000 35.000000 36.000000
538712.020000 6583191.640000 56.510000 46.000000 42.000000 43.000000
538712.100000 6583192.000000 56.220000 59.000000 55.000000 52.000000
538712.180000 6583192.340000 55.900000 68.000000 64.000000 63.000000
538712.330000 6583191.830000 56.610000 64.000000 58.000000 58.000000
538712.400000 6583192.170000 56.310000 49.000000 44.000000 41.000000
538712.570000 6583191.810000 56.790000 61.000000 52.000000 53.000000
538710.100000 6583191.800000 55.070000 18.000000 15.000000 22.000000
538710.190000 6583191.450000 55.320000 28.000000 25.000000 32.000000
538710.240000 6583192.140000 54.920000 30.000000 29.000000 34.000000
538710.340000 6583191.780000 55.210000 25.000000 23.000000 26.000000
538710.440000 6583191.420000 55.520000 46.000000 40.000000 42.000000
538710.580000 6583192.130000 55.080000 55.000000 55.000000 55.000000
538710.690000 6583191.750000 55.360000 53.000000 49.000000 48.000000
538710.800000 6583191.350000 55.780000 47.000000 43.000000 42.000000
538710.820000 6583192.670000 54.970000 83.000000 73.000000 71.000000
538710.900000 6583192.350000 55.150000 62.000000 52.000000 51.000000
538711.000000 6583192.010000 55.390000 71.000000 61.000000 60.000000
538711.100000 6583191.650000 55.760000 63.000000 58.000000 55.000000
538711.150000 6583192.460000 55.170000 59.000000 54.000000 50.000000
538711.250000 6583192.100000 55.420000 54.000000 48.000000 48.000000
538711.350000 6583191.720000 55.900000 46.000000 41.000000 38.000000
538711.390000 6583192.570000 55.190000 51.000000 47.000000 44.000000
538711.480000 6583192.220000 55.490000 46.000000 46.000000 46.000000
538711.590000 6583191.830000 55.960000 56.000000 51.000000 48.000000
538711.690000 6583191.460000 56.460000 60.000000 54.000000 54.000000
538711.730000 6583192.690000 55.270000 57.000000 48.000000 49.000000
538711.830000 6583192.350000 55.620000 67.000000 57.000000 58.000000
538711.920000 6583191.990000 56.120000 51.000000 47.000000 46.000000
538712.040000 6583191.570000 56.600000 54.000000 50.000000 51.000000
538712.150000 6583192.560000 55.640000 30.000000 26.000000 25.000000
538712.250000 6583192.180000 56.130000 61.000000 56.000000 53.000000
538712.360000 6583191.810000 56.580000 64.000000 58.000000 58.000000
538712.540000 6583192.230000 56.330000 51.000000 47.000000 48.000000
538712.650000 6583191.830000 56.850000 59.000000 53.000000 53.000000
538712.990000 6583191.650000 57.270000 53.000000 44.000000 45.000000
538710.190000 6583189.160000 57.630000 35.000000 27.000000 25.000000
538710.540000 6583189.320000 57.770000 66.000000 55.000000 53.000000
538710.790000 6583189.350000 57.930000 52.000000 42.000000 41.000000
538710.870000 6583189.700000 57.650000 71.000000 63.000000 61.000000
538711.190000 6583189.430000 58.210000 55.000000 49.000000 51.000000
538711.270000 6583189.780000 57.900000 52.000000 46.000000 48.000000
538711.530000 6583189.440000 58.420000 29.000000 24.000000 28.000000
538711.610000 6583189.820000 58.110000 32.000000 27.000000 31.000000
538711.770000 6583189.340000 58.780000 28.000000 23.000000 27.000000
538711.850000 6583189.680000 58.510000 30.000000 28.000000 33.000000
538712.010000 6583189.250000 59.050000 61.000000 52.000000 53.000000
538712.090000 6583189.630000 58.690000 36.000000 30.000000 32.000000
538712.170000 6583189.980000 58.350000 43.000000 35.000000 33.000000
538712.450000 6583189.740000 58.960000 58.000000 53.000000 49.000000
538712.760000 6583189.560000 59.360000 92.000000 62.000000 54.000000
538712.830000 6583189.880000 59.120000 60.000000 50.000000 51.000000
538713.000000 6583189.630000 59.480000 173.000000 115.000000 104.000000
538713.170000 6583189.380000 59.920000 201.000000 124.000000 104.000000
538713.250000 6583189.740000 59.630000 202.000000 132.000000 122.000000
538713.540000 6583189.630000 59.960000 200.000000 127.000000 112.000000
538713.620000 6583189.960000 59.650000 208.000000 129.000000 112.000000
538713.870000 6583189.450000 60.400000 203.000000 120.000000 112.000000
538713.940000 6583189.790000 60.110000 198.000000 122.000000 108.000000
538714.390000 6583189.590000 60.690000 201.000000 130.000000 108.000000
538710.170000 6583189.140000 57.630000 35.000000 27.000000 25.000000
538710.510000 6583189.230000 57.770000 63.000000 52.000000 50.000000
538710.710000 6583189.550000 57.660000 36.000000 26.000000 25.000000
538710.810000 6583189.190000 58.130000 57.000000 48.000000 49.000000
538710.970000 6583189.490000 57.970000 57.000000 48.000000 49.000000
538711.210000 6583189.850000 57.730000 37.000000 28.000000 29.000000
538711.310000 6583189.480000 58.180000 31.000000 25.000000 29.000000
538711.630000 6583189.700000 58.300000 34.000000 29.000000 35.000000
538711.740000 6583189.280000 58.790000 30.000000 25.000000 29.000000
538711.890000 6583189.770000 58.410000 29.000000 27.000000 32.000000
538711.990000 6583189.420000 58.850000 28.000000 23.000000 27.000000
538712.110000 6583189.940000 58.410000 43.000000 35.000000 33.000000
538712.210000 6583189.580000 58.860000 71.000000 61.000000 62.000000
538712.560000 6583189.670000 59.110000 61.000000 53.000000 50.000000
538712.890000 6583189.870000 59.130000 60.000000 50.000000 51.000000
538712.990000 6583189.480000 59.620000 209.000000 135.000000 110.000000
538713.180000 6583189.910000 59.360000 51.000000 40.000000 38.000000
538713.280000 6583189.520000 59.840000 201.000000 124.000000 108.000000
538713.520000 6583189.720000 59.830000 201.000000 124.000000 108.000000
538714.240000 6583189.860000 60.280000 203.000000 127.000000 114.000000
538714.340000 6583189.480000 60.810000 199.000000 132.000000 106.000000
538711.350000 6583190.140000 57.570000 75.000000 67.000000 65.000000
538711.690000 6583190.170000 57.790000 29.000000 25.000000 26.000000
538711.930000 6583190.030000 58.190000 30.000000 25.000000 29.000000
538712.010000 6583190.390000 57.880000 33.000000 30.000000 37.000000
538712.080000 6583190.730000 57.580000 26.000000 24.000000 29.000000
538712.250000 6583190.340000 58.080000 37.000000 32.000000 38.000000
538712.330000 6583190.710000 57.790000 38.000000 34.000000 33.000000
538712.530000 6583190.100000 58.620000 64.000000 50.000000 50.000000
538712.610000 6583190.440000 58.310000 71.000000 59.000000 59.000000
538712.690000 6583190.810000 58.090000 69.000000 59.000000 57.000000
538712.770000 6583191.150000 57.720000 39.000000 29.000000 28.000000
538712.910000 6583190.250000 58.750000 67.000000 59.000000 56.000000
538712.990000 6583190.610000 58.480000 73.000000 61.000000 61.000000
538713.070000 6583190.970000 58.140000 73.000000 63.000000 62.000000
538713.150000 6583191.310000 57.840000 71.000000 61.000000 59.000000
538713.080000 6583190.000000 59.200000 39.000000 33.000000 33.000000
538713.170000 6583190.390000 58.830000 64.000000 53.000000 51.000000
538713.250000 6583190.720000 58.530000 68.000000 56.000000 56.000000
538713.320000 6583191.070000 58.290000 71.000000 59.000000 59.000000
538713.340000 6583190.120000 59.300000 61.000000 51.000000 42.000000
538713.420000 6583190.490000 58.960000 58.000000 46.000000 48.000000
538713.500000 6583190.850000 58.610000 58.000000 46.000000 46.000000
538713.700000 6583190.320000 59.330000 68.000000 55.000000 49.000000
538714.030000 6583190.180000 59.800000 202.000000 125.000000 107.000000
538711.520000 6583190.070000 57.830000 32.000000 26.000000 26.000000
538711.780000 6583190.180000 57.900000 30.000000 26.000000 27.000000
538712.000000 6583190.330000 57.930000 33.000000 30.000000 37.000000
538712.240000 6583190.840000 57.620000 26.000000 24.000000 27.000000
538712.350000 6583190.430000 58.100000 49.000000 40.000000 45.000000
538712.450000 6583190.050000 58.560000 64.000000 50.000000 50.000000
538712.580000 6583191.000000 57.700000 73.000000 65.000000 63.000000
538712.670000 6583190.640000 58.140000 76.000000 65.000000 63.000000
538712.780000 6583190.250000 58.580000 55.000000 47.000000 44.000000
538712.860000 6583191.050000 57.880000 64.000000 54.000000 53.000000
538712.980000 6583190.640000 58.360000 73.000000 61.000000 61.000000
538713.070000 6583190.290000 58.890000 65.000000 55.000000 53.000000
538713.090000 6583191.280000 57.830000 59.000000 50.000000 45.000000
538713.200000 6583190.890000 58.310000 70.000000 60.000000 61.000000
538713.310000 6583190.480000 58.840000 46.000000 34.000000 34.000000
538713.410000 6583190.110000 59.340000 62.000000 45.000000 38.000000
538713.620000 6583190.800000 58.640000 64.000000 48.000000 49.000000
538713.720000 6583190.420000 59.240000 64.000000 51.000000 45.000000
538713.830000 6583190.010000 59.710000 209.000000 127.000000 115.000000
538710.390000 6583188.600000 58.330000 39.000000 30.000000 31.000000
538710.470000 6583188.960000 58.060000 65.000000 54.000000 52.000000
538710.550000 6583188.280000 58.970000 55.000000 53.000000 58.000000
538710.640000 6583188.650000 58.560000 41.000000 32.000000 33.000000
538710.720000 6583189.010000 58.230000 58.000000 48.000000 47.000000
538710.720000 6583187.320000 60.040000 156.000000 148.000000 137.000000
538710.790000 6583187.650000 59.730000 39.000000 37.000000 42.000000
538710.870000 6583187.990000 59.440000 57.000000 57.000000 47.000000
538710.950000 6583188.370000 59.120000 43.000000 45.000000 44.000000
538711.030000 6583188.720000 58.820000 33.000000 20.000000 29.000000
538711.100000 6583189.040000 58.490000 39.000000 33.000000 37.000000
538710.970000 6583186.920000 60.740000 186.000000 120.000000 96.000000
538711.050000 6583187.290000 60.360000 199.000000 132.000000 116.000000
538711.130000 6583187.660000 60.000000 128.000000 128.000000 118.000000
538711.210000 6583187.990000 59.710000 62.000000 66.000000 65.000000
538711.290000 6583188.390000 59.340000 62.000000 62.000000 62.000000
538711.380000 6583188.750000 59.040000 26.000000 21.000000 28.000000
538711.450000 6583189.090000 58.720000 34.000000 29.000000 33.000000
538711.280000 6583187.150000 60.760000 200.000000 121.000000 106.000000
538711.350000 6583187.480000 60.410000 191.000000 134.000000 115.000000
538711.430000 6583187.840000 60.130000 130.000000 132.000000 131.000000
538711.520000 6583188.240000 59.700000 40.000000 22.000000 18.000000
538711.600000 6583188.570000 59.440000 43.000000 31.000000 31.000000
538711.680000 6583188.950000 59.080000 33.000000 27.000000 29.000000
538711.520000 6583187.090000 60.960000 200.000000 123.000000 105.000000
538711.610000 6583187.460000 60.620000 205.000000 130.000000 111.000000
538711.690000 6583187.840000 60.260000 174.000000 117.000000 98.000000
538711.770000 6583188.200000 59.930000 172.000000 115.000000 95.000000
538711.850000 6583188.530000 59.610000 198.000000 135.000000 117.000000
538711.920000 6583188.880000 59.330000 117.000000 80.000000 72.000000
538711.830000 6583186.930000 60.850000 192.000000 120.000000 106.000000
538711.970000 6583187.560000 60.910000 185.000000 114.000000 92.000000
538712.040000 6583187.920000 60.550000 197.000000 124.000000 107.000000
538712.130000 6583188.300000 60.210000 202.000000 126.000000 110.000000
538712.290000 6583189.000000 59.570000 194.000000 134.000000 123.000000
538712.230000 6583187.200000 60.820000 192.000000 119.000000 102.000000
538712.670000 6583189.190000 59.690000 214.000000 131.000000 117.000000
538712.490000 6583187.310000 60.730000 197.000000 121.000000 105.000000
538712.540000 6583187.570000 60.980000 203.000000 127.000000 113.000000
538712.610000 6583187.880000 61.080000 194.000000 121.000000 106.000000
538712.680000 6583188.210000 60.780000 197.000000 124.000000 109.000000
538712.770000 6583188.570000 60.430000 198.000000 125.000000 110.000000
538712.850000 6583188.930000 60.150000 190.000000 114.000000 100.000000
538712.930000 6583189.290000 59.780000 203.000000 125.000000 105.000000
538712.790000 6583187.680000 60.910000 200.000000 124.000000 110.000000
538712.930000 6583188.300000 60.880000 197.000000 124.000000 109.000000
538713.020000 6583188.680000 60.510000 197.000000 121.000000 105.000000
538713.090000 6583189.030000 60.250000 199.000000 125.000000 112.000000
538713.160000 6583187.900000 60.860000 200.000000 127.000000 112.000000
538713.300000 6583188.530000 60.950000 203.000000 127.000000 111.000000
538713.380000 6583188.890000 60.590000 196.000000 124.000000 110.000000
538713.470000 6583189.280000 60.280000 196.000000 120.000000 106.000000
538713.580000 6583188.160000 60.760000 203.000000 130.000000 113.000000
538713.700000 6583188.710000 61.080000 193.000000 117.000000 103.000000
538713.790000 6583189.100000 60.740000 202.000000 131.000000 111.000000
538713.880000 6583188.480000 60.870000 191.000000 118.000000 103.000000
538714.020000 6583189.090000 61.020000 203.000000 127.000000 114.000000
538714.090000 6583189.420000 60.690000 194.000000 118.000000 105.000000
538714.190000 6583188.670000 60.840000 204.000000 128.000000 114.000000
538714.310000 6583189.230000 61.020000 201.000000 130.000000 108.000000
538714.560000 6583188.900000 60.790000 207.000000 130.000000 114.000000
538714.630000 6583189.220000 61.030000 204.000000 128.000000 115.000000
538710.270000 6583188.780000 58.120000 49.000000 43.000000 43.000000
538710.370000 6583188.410000 58.620000 58.000000 49.000000 50.000000
538710.490000 6583187.990000 59.110000 44.000000 45.000000 40.000000
538710.580000 6583187.640000 59.620000 142.000000 126.000000 111.000000
538710.680000 6583187.280000 60.080000 128.000000 92.000000 78.000000
538710.620000 6583188.840000 58.320000 58.000000 48.000000 47.000000
538710.720000 6583188.470000 58.800000 37.000000 35.000000 40.000000
538710.830000 6583188.060000 59.300000 68.000000 70.000000 59.000000
538710.930000 6583187.680000 59.780000 61.000000 61.000000 61.000000
538711.040000 6583187.310000 60.290000 165.000000 116.000000 102.000000
538711.140000 6583186.920000 60.820000 185.000000 116.000000 100.000000
538710.920000 6583188.790000 58.590000 35.000000 24.000000 28.000000
538711.030000 6583188.400000 59.080000 19.000000 24.000000 27.000000
538711.130000 6583188.030000 59.650000 31.000000 22.000000 27.000000
538711.240000 6583187.620000 60.150000 144.000000 141.000000 132.000000
538711.350000 6583187.210000 60.650000 203.000000 125.000000 105.000000
538711.520000 6583186.590000 60.810000 200.000000 127.000000 108.000000
538711.070000 6583189.100000 58.420000 38.000000 32.000000 34.000000
538711.180000 6583188.710000 58.940000 33.000000 21.000000 31.000000
538711.280000 6583188.330000 59.420000 62.000000 62.000000 62.000000
538711.390000 6583187.960000 59.900000 108.000000 117.000000 114.000000
538711.490000 6583187.600000 60.430000 184.000000 152.000000 139.000000
538711.590000 6583187.200000 60.930000 196.000000 118.000000 98.000000
538711.680000 6583186.880000 60.950000 187.000000 119.000000 98.000000
538711.430000 6583189.050000 58.730000 34.000000 29.000000 33.000000
538711.520000 6583188.690000 59.170000 28.000000 23.000000 29.000000
538711.630000 6583188.320000 59.680000 75.000000 46.000000 30.000000
538711.740000 6583187.900000 60.190000 206.000000 131.000000 112.000000
538711.850000 6583187.490000 60.760000 194.000000 123.000000 101.000000
538711.840000 6583188.920000 59.250000 32.000000 23.000000 24.000000
538711.950000 6583188.530000 59.780000 210.000000 132.000000 110.000000
538712.050000 6583188.160000 60.250000 201.000000 128.000000 111.000000
538712.160000 6583187.740000 60.810000 192.000000 119.000000 102.000000
538712.320000 6583187.170000 60.740000 191.000000 118.000000 101.000000
538712.090000 6583189.040000 59.340000 45.000000 30.000000 27.000000
538712.190000 6583188.670000 59.810000 201.000000 124.000000 108.000000
538712.300000 6583188.290000 60.290000 201.000000 125.000000 109.000000
538712.400000 6583187.910000 60.840000 198.000000 125.000000 110.000000
538712.560000 6583187.300000 60.740000 205.000000 129.000000 113.000000
538712.310000 6583189.190000 59.340000 132.000000 91.000000 73.000000
538712.420000 6583188.800000 59.840000 202.000000 126.000000 110.000000
538712.520000 6583188.430000 60.350000 199.000000 123.000000 109.000000
538712.630000 6583188.030000 60.900000 189.000000 116.000000 101.000000
538712.720000 6583187.700000 61.000000 193.000000 117.000000 103.000000
538712.670000 6583189.270000 59.600000 211.000000 137.000000 124.000000
538712.770000 6583188.880000 60.110000 199.000000 126.000000 107.000000
538712.870000 6583188.530000 60.590000 199.000000 126.000000 111.000000
538712.980000 6583188.130000 61.110000 198.000000 125.000000 110.000000
538713.060000 6583187.830000 60.900000 202.000000 129.000000 114.000000
538713.100000 6583189.080000 60.120000 199.000000 125.000000 112.000000
538713.210000 6583188.670000 60.660000 204.000000 128.000000 112.000000
538713.380000 6583188.040000 60.860000 190.000000 117.000000 102.000000
538713.380000 6583189.140000 60.350000 196.000000 119.000000 103.000000
538713.490000 6583188.750000 60.840000 199.000000 123.000000 107.000000
538713.630000 6583189.320000 60.330000 204.000000 127.000000 111.000000
538713.740000 6583188.920000 60.880000 203.000000 130.000000 113.000000
538713.900000 6583188.330000 60.760000 192.000000 120.000000 105.000000
538714.140000 6583188.900000 61.040000 202.000000 125.000000 107.000000
538714.210000 6583188.630000 60.830000 203.000000 127.000000 111.000000
538714.510000 6583188.870000 60.820000 207.000000 131.000000 115.000000
538714.630000 6583189.410000 61.060000 194.000000 123.000000 105.000000
538703.820000 6583180.760000 60.920000 31.000000 33.000000 28.000000
538704.260000 6583181.070000 60.860000 178.000000 155.000000 124.000000
538704.380000 6583181.660000 60.950000 191.000000 140.000000 113.000000
538704.550000 6583181.200000 60.770000 197.000000 131.000000 109.000000
538704.680000 6583181.770000 61.080000 189.000000 120.000000 104.000000
538704.760000 6583182.110000 60.790000 194.000000 132.000000 109.000000
538704.900000 6583181.430000 60.760000 187.000000 126.000000 105.000000
538705.020000 6583182.000000 61.070000 189.000000 131.000000 107.000000
538705.100000 6583182.350000 60.760000 184.000000 123.000000 102.000000
538705.370000 6583181.930000 60.860000 183.000000 128.000000 108.000000
538705.490000 6583182.500000 60.990000 193.000000 131.000000 110.000000
538705.580000 6583182.870000 60.630000 196.000000 122.000000 111.000000
538705.860000 6583182.230000 60.800000 189.000000 120.000000 105.000000
538705.990000 6583182.820000 61.100000 196.000000 124.000000 110.000000
538706.070000 6583183.190000 60.720000 191.000000 119.000000 104.000000
538706.150000 6583183.540000 60.380000 201.000000 123.000000 110.000000
538706.260000 6583182.620000 60.880000 191.000000 115.000000 101.000000
538706.810000 6583183.680000 60.740000 191.000000 119.000000 107.000000
538706.880000 6583184.010000 60.490000 244.000000 238.000000 226.000000
538707.120000 6583183.360000 60.970000 191.000000 119.000000 104.000000
538707.250000 6583183.980000 60.790000 199.000000 126.000000 111.000000
538707.340000 6583184.360000 60.420000 161.000000 118.000000 109.000000
538707.420000 6583184.710000 60.100000 184.000000 115.000000 100.000000
538707.530000 6583183.450000 60.710000 200.000000 123.000000 107.000000
538707.660000 6583184.040000 61.080000 198.000000 125.000000 110.000000
538707.740000 6583184.380000 60.790000 190.000000 117.000000 100.000000
538707.820000 6583184.710000 60.430000 159.000000 107.000000 86.000000
538707.890000 6583185.070000 60.130000 146.000000 117.000000 99.000000
538707.900000 6583183.750000 60.710000 217.000000 151.000000 129.000000
538707.960000 6583184.040000 60.960000 175.000000 105.000000 93.000000
538708.020000 6583184.310000 61.080000 201.000000 126.000000 107.000000
538708.100000 6583184.680000 60.770000 204.000000 138.000000 114.000000
538708.180000 6583185.050000 60.430000 195.000000 119.000000 106.000000
538708.260000 6583185.410000 60.080000 200.000000 128.000000 104.000000
538708.290000 6583184.220000 60.900000 201.000000 134.000000 118.000000
538708.360000 6583184.510000 61.080000 191.000000 113.000000 100.000000
538708.440000 6583184.860000 60.780000 197.000000 124.000000 105.000000
538708.720000 6583184.420000 60.750000 198.000000 131.000000 112.000000
538708.780000 6583184.670000 60.970000 208.000000 126.000000 115.000000
538708.850000 6583185.000000 60.990000 195.000000 117.000000 104.000000
538708.930000 6583185.360000 60.680000 180.000000 115.000000 97.000000
538709.000000 6583185.690000 60.380000 190.000000 115.000000 96.000000
538709.250000 6583184.940000 60.850000 202.000000 126.000000 110.000000
538709.310000 6583185.230000 61.080000 198.000000 121.000000 105.000000
538709.390000 6583185.570000 60.870000 193.000000 122.000000 104.000000
538709.470000 6583185.910000 60.550000 202.000000 128.000000 115.000000
538709.610000 6583185.110000 60.770000 193.000000 121.000000 107.000000
538709.740000 6583185.730000 60.980000 188.000000 119.000000 103.000000
538709.820000 6583186.080000 60.640000 199.000000 126.000000 111.000000
538709.930000 6583185.480000 60.900000 195.000000 115.000000 104.000000
538709.990000 6583185.780000 61.080000 199.000000 127.000000 112.000000
538703.860000 6583180.700000 60.820000 31.000000 33.000000 28.000000
538704.090000 6583180.860000 60.830000 52.000000 58.000000 46.000000
538704.180000 6583181.520000 60.910000 198.000000 145.000000 111.000000
538704.490000 6583181.760000 60.940000 188.000000 130.000000 108.000000
538705.020000 6583182.210000 60.880000 182.000000 126.000000 103.000000
538705.170000 6583181.670000 60.770000 188.000000 132.000000 107.000000
538705.250000 6583182.320000 61.000000 197.000000 132.000000 110.000000
538705.570000 6583182.520000 61.030000 189.000000 127.000000 106.000000
538705.840000 6583182.970000 60.720000 198.000000 124.000000 111.000000
538706.020000 6583182.330000 60.800000 201.000000 123.000000 110.000000
538706.080000 6583183.210000 60.720000 198.000000 125.000000 110.000000
538706.260000 6583182.570000 60.830000 197.000000 119.000000 106.000000
538706.280000 6583183.520000 60.480000 202.000000 124.000000 111.000000
538706.690000 6583183.590000 60.780000 195.000000 121.000000 108.000000
538706.980000 6583183.930000 60.610000 187.000000 137.000000 126.000000
538707.080000 6583183.560000 61.110000 195.000000 121.000000 108.000000
538707.150000 6583183.310000 60.880000 191.000000 119.000000 104.000000
538707.130000 6583184.410000 60.180000 208.000000 193.000000 188.000000
538707.230000 6583184.030000 60.750000 186.000000 116.000000 104.000000
538707.410000 6583183.380000 60.790000 201.000000 122.000000 105.000000
538707.290000 6583184.640000 60.140000 53.000000 25.000000 22.000000
538707.390000 6583184.240000 60.670000 171.000000 123.000000 113.000000
538707.570000 6583183.620000 60.900000 189.000000 116.000000 101.000000
538707.560000 6583184.750000 60.140000 200.000000 124.000000 101.000000
538707.660000 6583184.350000 60.660000 194.000000 121.000000 104.000000
538707.840000 6583183.710000 60.840000 215.000000 147.000000 124.000000
538707.830000 6583184.930000 60.210000 151.000000 120.000000 100.000000
538707.930000 6583184.550000 60.670000 196.000000 131.000000 113.000000
538708.090000 6583183.950000 60.770000 182.000000 109.000000 102.000000
538708.020000 6583185.070000 60.220000 145.000000 86.000000 72.000000
538708.130000 6583184.690000 60.770000 204.000000 133.000000 111.000000
538708.310000 6583184.040000 60.750000 78.000000 31.000000 23.000000
538708.230000 6583185.190000 60.250000 209.000000 126.000000 112.000000
538708.340000 6583184.800000 60.750000 197.000000 120.000000 104.000000
538708.430000 6583184.480000 60.940000 197.000000 118.000000 103.000000
538708.420000 6583185.860000 59.900000 203.000000 118.000000 113.000000
538708.510000 6583185.510000 60.150000 188.000000 111.000000 101.000000
538708.610000 6583185.150000 60.700000 194.000000 123.000000 103.000000
538708.790000 6583184.500000 60.770000 198.000000 131.000000 112.000000
538708.790000 6583185.790000 60.000000 202.000000 126.000000 110.000000
538708.900000 6583185.390000 60.570000 180.000000 115.000000 97.000000
538709.000000 6583185.040000 61.080000 189.000000 118.000000 100.000000
538709.080000 6583184.750000 60.830000 191.000000 115.000000 99.000000
538709.120000 6583185.620000 60.570000 199.000000 124.000000 105.000000
538709.230000 6583185.230000 61.090000 196.000000 119.000000 103.000000
538709.310000 6583184.950000 60.850000 203.000000 127.000000 111.000000
538709.400000 6583185.600000 60.810000 196.000000 128.000000 109.000000
538709.490000 6583185.260000 61.020000 199.000000 126.000000 109.000000
538709.770000 6583185.710000 61.000000 188.000000 119.000000 103.000000
538709.860000 6583185.400000 60.920000 196.000000 116.000000 105.000000
538710.070000 6583186.100000 60.910000 196.000000 124.000000 109.000000
538710.350000 6583185.640000 60.770000 197.000000 125.000000 103.000000
538710.420000 6583185.950000 60.970000 198.000000 121.000000 105.000000
538710.030000 6583186.190000 60.700000 196.000000 124.000000 109.000000
538710.420000 6583185.850000 60.920000 196.000000 119.000000 103.000000
538702.770000 6583182.580000 58.600000 47.000000 57.000000 58.000000
538702.850000 6583182.930000 58.340000 161.000000 154.000000 125.000000
538702.930000 6583181.880000 59.490000 43.000000 43.000000 53.000000
538703.010000 6583182.230000 59.210000 21.000000 24.000000 17.000000
538703.090000 6583182.590000 58.870000 116.000000 121.000000 80.000000
538703.160000 6583182.930000 58.540000 56.000000 44.000000 46.000000
538703.250000 6583183.320000 58.260000 74.000000 64.000000 54.000000
538703.160000 6583181.410000 60.190000 42.000000 41.000000 47.000000
538703.240000 6583181.770000 59.880000 47.000000 46.000000 60.000000
538703.320000 6583182.140000 59.590000 119.000000 122.000000 93.000000
538703.390000 6583182.470000 59.280000 183.000000 176.000000 132.000000
538703.470000 6583182.830000 58.950000 71.000000 66.000000 60.000000
538703.560000 6583183.220000 58.650000 62.000000 51.000000 55.000000
538703.640000 6583183.580000 58.310000 76.000000 66.000000 65.000000
538703.480000 6583181.820000 60.030000 24.000000 34.000000 26.000000
538703.560000 6583182.180000 59.690000 219.000000 206.000000 162.000000
538703.650000 6583182.560000 59.340000 68.000000 53.000000 56.000000
538703.720000 6583182.910000 59.040000 73.000000 59.000000 59.000000
538703.790000 6583183.240000 58.740000 64.000000 54.000000 55.000000
538703.870000 6583183.580000 58.420000 78.000000 63.000000 56.000000
538703.960000 6583183.970000 58.110000 63.000000 51.000000 51.000000
538703.910000 6583182.720000 59.430000 74.000000 51.000000 45.000000
538703.980000 6583183.070000 59.140000 63.000000 49.000000 48.000000
538704.060000 6583183.430000 58.820000 64.000000 52.000000 52.000000
538704.150000 6583183.810000 58.470000 66.000000 55.000000 53.000000
538704.230000 6583184.180000 58.120000 64.000000 53.000000 51.000000
538704.310000 6583184.520000 57.830000 56.000000 46.000000 44.000000
538704.680000 6583184.590000 58.020000 70.000000 60.000000 58.000000
538704.760000 6583184.930000 57.690000 49.000000 35.000000 34.000000
538702.800000 6583182.050000 59.300000 34.000000 37.000000 46.000000
538702.900000 6583181.650000 59.830000 50.000000 51.000000 53.000000
538702.930000 6583182.810000 58.510000 190.000000 177.000000 143.000000
538703.040000 6583182.410000 58.970000 55.000000 65.000000 31.000000
538703.240000 6583181.700000 59.940000 47.000000 46.000000 60.000000
538703.340000 6583181.320000 60.390000 40.000000 40.000000 50.000000
538703.160000 6583183.220000 58.300000 54.000000 54.000000 42.000000
538703.270000 6583182.820000 58.790000 57.000000 46.000000 44.000000
538703.370000 6583182.450000 59.270000 183.000000 176.000000 132.000000
538703.470000 6583182.090000 59.740000 144.000000 148.000000 111.000000
538703.380000 6583183.430000 58.240000 60.000000 46.000000 43.000000
538703.490000 6583183.030000 58.760000 49.000000 45.000000 46.000000
538703.590000 6583182.680000 59.240000 79.000000 75.000000 66.000000
538703.690000 6583182.310000 59.690000 130.000000 93.000000 74.000000
538703.650000 6583183.450000 58.420000 61.000000 51.000000 52.000000
538703.760000 6583183.060000 58.920000 62.000000 48.000000 48.000000
538703.860000 6583182.660000 59.420000 85.000000 57.000000 53.000000
538703.870000 6583184.000000 58.080000 60.000000 48.000000 50.000000
538703.980000 6583183.620000 58.500000 69.000000 56.000000 50.000000
538704.070000 6583183.290000 58.960000 74.000000 60.000000 57.000000
538704.220000 6583184.120000 58.160000 64.000000 53.000000 51.000000
538704.320000 6583183.760000 58.620000 71.000000 55.000000 55.000000
538704.400000 6583184.470000 57.940000 66.000000 56.000000 54.000000
538704.490000 6583184.130000 58.420000 60.000000 49.000000 47.000000
538704.640000 6583184.560000 58.020000 70.000000 60.000000 58.000000
538710.300000 6583188.250000 58.680000 75.000000 66.000000 69.000000
538710.790000 6583186.860000 60.600000 177.000000 116.000000 87.000000
538711.490000 6583181.780000 55.210000 188.000000 112.000000 99.000000
538711.860000 6583182.010000 55.190000 187.000000 111.000000 97.000000
538712.270000 6583182.230000 55.180000 190.000000 107.000000 91.000000
538712.330000 6583182.520000 55.200000 175.000000 99.000000 83.000000
538712.570000 6583182.540000 55.160000 182.000000 105.000000 89.000000
538711.730000 6583182.060000 55.200000 194.000000 115.000000 102.000000
538712.100000 6583182.130000 55.190000 180.000000 104.000000 88.000000
538712.360000 6583182.510000 55.220000 175.000000 99.000000 83.000000
538712.870000 6583182.670000 55.230000 170.000000 106.000000 94.000000
538713.170000 6583182.640000 55.310000 205.000000 141.000000 129.000000
538712.640000 6583182.570000 55.180000 184.000000 102.000000 90.000000
538712.880000 6583182.570000 55.150000 176.000000 108.000000 97.000000
538713.140000 6583182.840000 55.520000 174.000000 117.000000 106.000000
538711.240000 6583181.650000 55.200000 203.000000 121.000000 107.000000
538709.370000 6583179.690000 55.440000 189.000000 116.000000 101.000000
538709.240000 6583179.830000 55.610000 190.000000 119.000000 99.000000
538709.430000 6583179.980000 55.480000 197.000000 112.000000 92.000000
538709.440000 6583180.020000 55.440000 199.000000 117.000000 95.000000
538709.510000 6583180.320000 55.280000 175.000000 98.000000 88.000000
538709.750000 6583180.250000 55.240000 151.000000 87.000000 78.000000
538709.830000 6583180.590000 55.270000 183.000000 107.000000 91.000000
538709.630000 6583180.130000 55.240000 185.000000 114.000000 108.000000
538709.930000 6583180.410000 55.240000 179.000000 102.000000 82.000000
538710.080000 6583180.550000 55.220000 193.000000 111.000000 97.000000
538710.520000 6583181.030000 55.230000 185.000000 110.000000 91.000000
538710.220000 6583180.650000 55.230000 186.000000 108.000000 96.000000
538712.200000 6583181.920000 55.140000 180.000000 112.000000 93.000000
538712.420000 6583181.910000 55.130000 177.000000 104.000000 89.000000
538712.490000 6583182.200000 55.140000 179.000000 105.000000 92.000000
538711.550000 6583181.790000 55.190000 187.000000 114.000000 99.000000
538711.810000 6583181.740000 55.180000 199.000000 116.000000 100.000000
538712.190000 6583181.820000 55.150000 182.000000 113.000000 97.000000
538712.450000 6583182.200000 55.170000 179.000000 105.000000 92.000000
538712.530000 6583181.910000 55.140000 176.000000 104.000000 89.000000
538713.690000 6583182.240000 54.960000 124.000000 102.000000 81.000000
538712.730000 6583182.070000 55.100000 170.000000 104.000000 88.000000
538712.800000 6583182.370000 55.130000 185.000000 106.000000 89.000000
538713.050000 6583182.080000 55.090000 180.000000 112.000000 103.000000
538713.110000 6583182.360000 55.120000 182.000000 118.000000 108.000000
538713.490000 6583182.280000 55.070000 185.000000 131.000000 119.000000
538712.730000 6583182.250000 55.130000 179.000000 103.000000 90.000000
538712.960000 6583182.250000 55.120000 189.000000 112.000000 94.000000
538713.220000 6583182.540000 55.250000 198.000000 136.000000 125.000000
538713.300000 6583182.250000 55.120000 187.000000 129.000000 117.000000
538707.180000 6583177.490000 55.180000 177.000000 116.000000 98.000000
538707.260000 6583177.820000 55.240000 187.000000 115.000000 103.000000
538707.530000 6583177.170000 55.050000 189.000000 115.000000 102.000000
538707.590000 6583177.440000 55.080000 195.000000 121.000000 110.000000
538707.660000 6583177.770000 55.160000 188.000000 116.000000 104.000000
538707.740000 6583178.080000 55.230000 175.000000 112.000000 95.000000
538707.800000 6583178.360000 55.350000 183.000000 121.000000 106.000000
538707.750000 6583176.730000 54.890000 185.000000 107.000000 84.000000
538707.820000 6583177.020000 54.960000 197.000000 118.000000 101.000000
538707.880000 6583177.330000 55.040000 199.000000 124.000000 105.000000
538707.950000 6583177.630000 55.070000 188.000000 123.000000 103.000000
538708.010000 6583177.900000 55.120000 191.000000 117.000000 104.000000
538708.080000 6583178.220000 55.200000 173.000000 110.000000 93.000000
538708.150000 6583178.540000 55.280000 180.000000 121.000000 107.000000
538707.940000 6583176.470000 54.850000 185.000000 108.000000 88.000000
538708.000000 6583176.780000 54.890000 200.000000 114.000000 99.000000
538708.080000 6583177.100000 54.900000 190.000000 115.000000 94.000000
538708.140000 6583177.390000 55.000000 192.000000 120.000000 95.000000
538708.210000 6583177.700000 55.070000 198.000000 125.000000 108.000000
538708.280000 6583178.010000 55.100000 190.000000 116.000000 103.000000
538708.340000 6583178.320000 55.190000 187.000000 111.000000 97.000000
538708.410000 6583178.620000 55.250000 176.000000 114.000000 99.000000
538708.480000 6583178.910000 55.370000 192.000000 114.000000 101.000000
538708.290000 6583176.330000 54.760000 196.000000 118.000000 98.000000
538708.360000 6583176.650000 54.820000 195.000000 114.000000 97.000000
538708.420000 6583176.960000 54.860000 194.000000 119.000000 98.000000
538708.490000 6583177.250000 54.910000 199.000000 116.000000 100.000000
538708.550000 6583177.540000 54.950000 192.000000 111.000000 94.000000
538708.630000 6583177.870000 55.030000 201.000000 125.000000 102.000000
538708.690000 6583178.160000 55.070000 198.000000 126.000000 111.000000
538708.750000 6583178.440000 55.110000 191.000000 118.000000 103.000000
538708.820000 6583178.730000 55.200000 182.000000 113.000000 98.000000
538708.890000 6583179.040000 55.260000 188.000000 120.000000 107.000000
538707.230000 6583177.950000 55.400000 191.000000 117.000000 104.000000
538707.310000 6583177.650000 55.210000 184.000000 111.000000 96.000000
538707.390000 6583177.370000 55.100000 188.000000 119.000000 103.000000
538707.470000 6583177.090000 55.050000 186.000000 113.000000 98.000000
538707.550000 6583177.920000 55.240000 174.000000 111.000000 94.000000
538707.630000 6583177.640000 55.130000 187.000000 117.000000 105.000000
538707.720000 6583177.300000 55.060000 200.000000 118.000000 107.000000
538707.800000 6583177.020000 54.960000 197.000000 118.000000 101.000000
538707.870000 6583176.760000 54.910000 193.000000 115.000000 93.000000
538707.760000 6583178.180000 55.270000 176.000000 117.000000 101.000000
538707.840000 6583177.870000 55.180000 193.000000 115.000000 102.000000
538707.920000 6583177.580000 55.080000 193.000000 122.000000 100.000000
538708.010000 6583177.270000 55.010000 181.000000 111.000000 86.000000
538708.090000 6583176.980000 54.910000 206.000000 118.000000 104.000000
538708.180000 6583176.660000 54.850000 199.000000 116.000000 100.000000
538708.250000 6583176.380000 54.790000 196.000000 118.000000 98.000000
538708.080000 6583178.580000 55.370000 184.000000 118.000000 104.000000
538708.150000 6583178.300000 55.230000 179.000000 110.000000 94.000000
538708.230000 6583178.020000 55.130000 190.000000 116.000000 103.000000
538708.320000 6583177.710000 55.050000 194.000000 119.000000 100.000000
538708.390000 6583177.440000 54.970000 202.000000 119.000000 103.000000
538708.480000 6583177.140000 54.890000 200.000000 119.000000 102.000000
538708.470000 6583178.600000 55.240000 176.000000 114.000000 99.000000
538708.550000 6583178.310000 55.140000 191.000000 117.000000 104.000000
538708.620000 6583178.020000 55.070000 194.000000 121.000000 102.000000
538708.710000 6583177.700000 54.980000 199.000000 121.000000 101.000000
538708.640000 6583178.950000 55.340000 184.000000 121.000000 104.000000
538708.710000 6583178.680000 55.240000 186.000000 110.000000 96.000000
538708.790000 6583178.380000 55.090000 189.000000 120.000000 105.000000
538708.880000 6583178.880000 55.240000 170.000000 108.000000 93.000000
538708.960000 6583178.600000 55.140000 189.000000 116.000000 101.000000
538709.060000 6583179.320000 55.420000 196.000000 119.000000 99.000000
538708.640000 6583176.420000 54.730000 189.000000 108.000000 89.000000
538708.710000 6583176.720000 54.780000 200.000000 119.000000 98.000000
538708.950000 6583176.630000 54.740000 189.000000 116.000000 97.000000
538709.010000 6583176.900000 54.780000 205.000000 113.000000 102.000000
538709.070000 6583177.180000 54.810000 201.000000 116.000000 96.000000
538709.140000 6583177.510000 54.860000 190.000000 114.000000 100.000000
538709.260000 6583176.890000 54.750000 147.000000 79.000000 78.000000
538709.330000 6583177.180000 54.770000 200.000000 124.000000 100.000000
538709.390000 6583177.470000 54.820000 194.000000 113.000000 96.000000
538709.460000 6583177.790000 54.870000 201.000000 120.000000 99.000000
538709.530000 6583178.100000 54.920000 192.000000 115.000000 95.000000
538709.600000 6583178.410000 54.990000 201.000000 124.000000 106.000000
538709.710000 6583177.350000 54.760000 94.000000 44.000000 37.000000
538709.770000 6583177.640000 54.820000 168.000000 96.000000 81.000000
538709.840000 6583177.950000 54.850000 198.000000 123.000000 104.000000
538709.910000 6583178.260000 54.900000 195.000000 118.000000 100.000000
538709.970000 6583178.550000 54.940000 191.000000 116.000000 97.000000
538708.330000 6583176.080000 54.750000 196.000000 114.000000 93.000000
538708.650000 6583176.520000 54.770000 191.000000 113.000000 93.000000
538708.870000 6583177.110000 54.830000 191.000000 112.000000 97.000000
538708.960000 6583176.800000 54.780000 191.000000 114.000000 96.000000
538709.120000 6583177.190000 54.820000 202.000000 118.000000 94.000000
538709.200000 6583176.920000 54.770000 207.000000 117.000000 108.000000
538709.200000 6583177.740000 54.920000 194.000000 113.000000 94.000000
538709.280000 6583177.430000 54.850000 192.000000 115.000000 97.000000
538709.360000 6583177.150000 54.800000 200.000000 124.000000 100.000000
538709.450000 6583177.890000 54.920000 203.000000 125.000000 103.000000
538709.540000 6583177.580000 54.830000 200.000000 117.000000 103.000000
538709.630000 6583177.250000 54.780000 148.000000 88.000000 80.000000
538709.640000 6583178.370000 54.980000 192.000000 119.000000 100.000000
538709.720000 6583178.100000 54.900000 199.000000 122.000000 102.000000
538709.800000 6583177.780000 54.840000 191.000000 114.000000 96.000000
538709.890000 6583177.470000 54.780000 95.000000 50.000000 45.000000
538709.840000 6583178.510000 54.970000 188.000000 113.000000 94.000000
538709.930000 6583178.190000 54.890000 197.000000 122.000000 103.000000
538709.960000 6583178.940000 55.050000 195.000000 116.000000 101.000000
538710.040000 6583178.860000 55.030000 205.000000 123.000000 109.000000
538710.090000 6583177.540000 54.750000 146.000000 82.000000 72.000000
538710.160000 6583177.870000 54.790000 196.000000 117.000000 100.000000
538710.240000 6583178.190000 54.840000 195.000000 117.000000 97.000000
538710.300000 6583178.490000 54.880000 197.000000 116.000000 97.000000
538710.370000 6583177.730000 54.750000 198.000000 117.000000 96.000000
538710.430000 6583178.010000 54.780000 195.000000 118.000000 98.000000
538710.490000 6583178.320000 54.830000 194.000000 115.000000 100.000000
538710.670000 6583178.100000 54.770000 199.000000 116.000000 102.000000
538710.010000 6583177.890000 54.830000 192.000000 115.000000 97.000000
538710.080000 6583177.620000 54.780000 163.000000 87.000000 73.000000
538710.050000 6583178.640000 54.990000 192.000000 117.000000 98.000000
538710.130000 6583178.340000 54.890000 193.000000 114.000000 97.000000
538710.210000 6583178.040000 54.830000 194.000000 116.000000 96.000000
538710.290000 6583177.750000 54.770000 200.000000 119.000000 100.000000
538710.510000 6583178.300000 54.840000 196.000000 117.000000 100.000000
538710.580000 6583178.020000 54.770000 198.000000 121.000000 101.000000
538710.170000 6583179.470000 55.110000 195.000000 130.000000 112.000000
538710.240000 6583179.790000 55.130000 178.000000 108.000000 96.000000
538710.570000 6583179.700000 55.080000 193.000000 129.000000 117.000000
538710.180000 6583179.510000 55.110000 183.000000 116.000000 99.000000
538710.470000 6583179.740000 55.120000 182.000000 115.000000 99.000000
538710.690000 6583179.950000 55.110000 97.000000 59.000000 58.000000
538711.420000 6583181.460000 55.160000 186.000000 104.000000 92.000000
538711.710000 6583181.360000 55.130000 177.000000 101.000000 88.000000
538711.780000 6583181.670000 55.170000 187.000000 116.000000 98.000000
538712.130000 6583181.600000 55.120000 184.000000 106.000000 94.000000
538713.430000 6583181.980000 55.090000 130.000000 147.000000 105.000000
538711.400000 6583181.220000 55.160000 186.000000 110.000000 94.000000
538711.630000 6583181.490000 55.170000 179.000000 110.000000 94.000000
538711.900000 6583181.430000 55.150000 186.000000 109.000000 93.000000
538710.640000 6583180.000000 55.110000 97.000000 59.000000 58.000000
538710.710000 6583180.290000 55.130000 181.000000 111.000000 103.000000
538710.770000 6583180.570000 55.160000 189.000000 108.000000 87.000000
538710.840000 6583180.890000 55.160000 181.000000 104.000000 94.000000
538710.890000 6583180.100000 55.090000 168.000000 138.000000 130.000000
538710.960000 6583180.390000 55.110000 190.000000 127.000000 112.000000
538711.030000 6583180.720000 55.140000 179.000000 103.000000 89.000000
538711.090000 6583181.000000 55.170000 182.000000 108.000000 95.000000
538711.140000 6583180.210000 55.100000 72.000000 62.000000 61.000000
538711.210000 6583180.520000 55.100000 182.000000 125.000000 116.000000
538711.280000 6583180.830000 55.130000 185.000000 110.000000 91.000000
538711.510000 6583180.460000 55.070000 11.000000 19.000000 21.000000
538711.580000 6583180.770000 55.090000 180.000000 133.000000 123.000000
538711.650000 6583181.080000 55.120000 180.000000 108.000000 94.000000
538711.990000 6583180.990000 55.100000 115.000000 97.000000 85.000000
538712.060000 6583181.290000 55.100000 177.000000 112.000000 108.000000
538712.290000 6583181.310000 55.090000 172.000000 114.000000 100.000000
538712.360000 6583181.620000 55.120000 175.000000 102.000000 87.000000
538712.590000 6583181.460000 55.080000 189.000000 174.000000 155.000000
538712.660000 6583181.760000 55.100000 180.000000 109.000000 91.000000
538712.980000 6583181.740000 55.090000 188.000000 180.000000 157.000000
538710.380000 6583180.050000 55.140000 192.000000 114.000000 101.000000
538710.600000 6583180.270000 55.160000 180.000000 103.000000 87.000000
538710.780000 6583180.640000 55.180000 191.000000 110.000000 89.000000
538710.860000 6583180.340000 55.140000 184.000000 106.000000 93.000000
538710.930000 6583180.060000 55.090000 40.000000 40.000000 40.000000
538711.060000 6583181.080000 55.190000 186.000000 106.000000 95.000000
538711.140000 6583180.790000 55.150000 182.000000 106.000000 93.000000
538711.230000 6583180.450000 55.120000 152.000000 113.000000 106.000000
538711.490000 6583180.920000 55.130000 183.000000 102.000000 83.000000
538711.580000 6583180.600000 55.090000 142.000000 109.000000 102.000000
538711.790000 6583180.900000 55.100000 179.000000 123.000000 110.000000
538711.980000 6583181.150000 55.110000 186.000000 115.000000 113.000000
538712.280000 6583181.510000 55.120000 190.000000 105.000000 98.000000
538712.360000 6583181.220000 55.090000 197.000000 181.000000 165.000000
538712.610000 6583181.600000 55.110000 174.000000 119.000000 98.000000
538712.810000 6583181.950000 55.100000 173.000000 105.000000 96.000000
538712.890000 6583181.670000 55.100000 198.000000 191.000000 173.000000
538713.050000 6583181.940000 55.110000 164.000000 127.000000 108.000000
538713.390000 6583181.940000 55.100000 146.000000 161.000000 130.000000
538710.910000 6583181.210000 55.200000 198.000000 110.000000 98.000000
538711.160000 6583181.320000 55.180000 191.000000 110.000000 93.000000
538711.340000 6583181.130000 55.160000 180.000000 105.000000 86.000000
538710.980000 6583181.370000 55.200000 200.000000 111.000000 97.000000
538711.330000 6583181.510000 55.190000 193.000000 110.000000 96.000000
538711.720000 6583181.180000 55.140000 187.000000 108.000000 101.000000
538709.620000 6583179.640000 55.250000 194.000000 122.000000 107.000000
538709.690000 6583179.940000 55.200000 188.000000 114.000000 105.000000
538709.800000 6583179.320000 55.130000 181.000000 107.000000 94.000000
538709.870000 6583179.620000 55.160000 180.000000 113.000000 104.000000
538709.930000 6583179.910000 55.180000 179.000000 112.000000 96.000000
538709.320000 6583179.540000 55.380000 191.000000 121.000000 109.000000
538709.510000 6583179.690000 55.390000 194.000000 125.000000 110.000000
538709.580000 6583179.430000 55.220000 182.000000 120.000000 105.000000
538709.720000 6583179.820000 55.200000 190.000000 123.000000 114.000000
538709.800000 6583179.510000 55.170000 180.000000 101.000000 94.000000
538709.890000 6583179.220000 55.110000 191.000000 119.000000 104.000000
538710.090000 6583179.830000 55.160000 184.000000 108.000000 94.000000
538710.010000 6583180.230000 55.210000 172.000000 101.000000 83.000000
538710.320000 6583180.110000 55.160000 188.000000 106.000000 94.000000
538710.380000 6583180.410000 55.160000 184.000000 106.000000 94.000000
538710.450000 6583180.690000 55.200000 187.000000 107.000000 98.000000
538710.010000 6583180.110000 55.200000 175.000000 102.000000 85.000000
538710.310000 6583180.320000 55.190000 190.000000 106.000000 95.000000
538710.440000 6583180.850000 55.230000 188.000000 109.000000 92.000000
538710.520000 6583180.560000 55.190000 186.000000 109.000000 99.000000
538710.690000 6583180.950000 55.210000 184.000000 102.000000 88.000000
538708.780000 6583177.020000 54.830000 199.000000 117.000000 96.000000
538708.840000 6583177.300000 54.880000 192.000000 115.000000 95.000000
538708.900000 6583177.580000 54.910000 198.000000 116.000000 94.000000
538708.970000 6583177.920000 54.980000 187.000000 110.000000 92.000000
538709.040000 6583178.200000 55.040000 196.000000 121.000000 102.000000
538709.100000 6583178.480000 55.080000 200.000000 127.000000 110.000000
538709.170000 6583178.800000 55.160000 188.000000 116.000000 101.000000
538709.240000 6583179.110000 55.210000 175.000000 109.000000 93.000000
538709.300000 6583179.390000 55.290000 178.000000 114.000000 105.000000
538709.210000 6583177.810000 54.900000 199.000000 118.000000 97.000000
538709.280000 6583178.100000 54.970000 199.000000 122.000000 102.000000
538709.350000 6583178.430000 55.030000 197.000000 120.000000 102.000000
538709.420000 6583178.730000 55.080000 200.000000 123.000000 105.000000
538709.480000 6583179.000000 55.120000 189.000000 118.000000 100.000000
538709.540000 6583179.310000 55.190000 177.000000 109.000000 96.000000
538709.670000 6583178.730000 55.050000 201.000000 122.000000 107.000000
538709.740000 6583179.030000 55.110000 191.000000 118.000000 103.000000
538708.560000 6583176.820000 54.830000 194.000000 119.000000 98.000000
538708.790000 6583177.400000 54.910000 194.000000 116.000000 94.000000
538708.880000 6583178.070000 55.060000 187.000000 110.000000 94.000000
538708.960000 6583177.790000 54.960000 194.000000 115.000000 98.000000
538709.040000 6583177.510000 54.890000 197.000000 120.000000 102.000000
538709.040000 6583178.310000 55.080000 199.000000 123.000000 107.000000
538709.120000 6583178.030000 54.980000 201.000000 126.000000 105.000000
538709.140000 6583179.040000 55.230000 176.000000 109.000000 93.000000
538709.210000 6583178.770000 55.150000 192.000000 119.000000 102.000000
538709.300000 6583178.460000 55.070000 197.000000 120.000000 102.000000
538709.380000 6583178.160000 54.980000 191.000000 115.000000 92.000000
538709.390000 6583179.260000 55.230000 174.000000 110.000000 100.000000
538709.480000 6583178.970000 55.130000 189.000000 118.000000 100.000000
538709.560000 6583178.660000 55.060000 198.000000 117.000000 100.000000
538709.680000 6583179.100000 55.140000 191.000000 115.000000 99.000000
538709.760000 6583178.790000 55.070000 198.000000 121.000000 105.000000
538703.760000 6583180.470000 60.640000 67.000000 67.000000 67.000000
538704.130000 6583180.510000 60.360000 70.000000 72.000000 69.000000
538703.930000 6583180.430000 60.500000 57.000000 59.000000 56.000000
538704.150000 6583180.620000 60.470000 71.000000 73.000000 70.000000
538704.190000 6583180.770000 60.610000 87.000000 89.000000 86.000000
538704.310000 6583181.310000 61.110000 192.000000 126.000000 104.000000
538704.500000 6583180.940000 60.530000 193.000000 126.000000 97.000000
538704.620000 6583181.500000 61.020000 198.000000 131.000000 114.000000
538704.830000 6583181.150000 60.500000 190.000000 128.000000 107.000000
538704.950000 6583181.710000 61.030000 194.000000 130.000000 105.000000
538705.300000 6583181.630000 60.600000 175.000000 128.000000 102.000000
538705.430000 6583182.200000 61.090000 196.000000 123.000000 108.000000
538705.800000 6583181.960000 60.490000 182.000000 132.000000 109.000000
538705.920000 6583182.490000 61.060000 205.000000 129.000000 115.000000
538706.200000 6583182.340000 60.670000 198.000000 120.000000 107.000000
538706.600000 6583182.740000 60.860000 201.000000 125.000000 111.000000
538707.590000 6583183.720000 60.990000 191.000000 119.000000 105.000000
538709.670000 6583185.380000 61.030000 200.000000 127.000000 110.000000
538704.260000 6583181.190000 61.060000 197.000000 162.000000 132.000000
538704.330000 6583180.950000 60.730000 183.000000 150.000000 119.000000
538704.580000 6583181.410000 61.030000 199.000000 134.000000 116.000000
538704.650000 6583181.170000 60.660000 199.000000 128.000000 106.000000
538704.990000 6583181.310000 60.500000 180.000000 122.000000 102.000000
538705.110000 6583181.900000 61.070000 185.000000 128.000000 108.000000
538705.340000 6583181.990000 61.000000 183.000000 128.000000 108.000000
538705.410000 6583181.740000 60.670000 181.000000 129.000000 105.000000
538705.650000 6583182.230000 60.990000 193.000000 126.000000 110.000000
538705.730000 6583181.950000 60.630000 195.000000 130.000000 112.000000
538705.950000 6583182.590000 61.110000 201.000000 125.000000 111.000000
538706.470000 6583182.800000 61.050000 204.000000 128.000000 114.000000
538706.540000 6583182.550000 60.600000 201.000000 125.000000 111.000000
538707.320000 6583183.680000 61.100000 201.000000 122.000000 109.000000
538707.760000 6583184.000000 61.100000 195.000000 124.000000 106.000000
538708.020000 6583184.200000 61.100000 208.000000 132.000000 118.000000
538708.230000 6583184.320000 61.080000 202.000000 130.000000 115.000000
538708.720000 6583184.760000 61.090000 209.000000 125.000000 115.000000
538710.130000 6583185.810000 61.080000 202.000000 126.000000 112.000000
538705.310000 6583179.750000 58.540000 195.000000 121.000000 112.000000
538705.590000 6583179.610000 58.160000 199.000000 130.000000 114.000000
538705.660000 6583179.910000 58.410000 191.000000 124.000000 105.000000
538705.820000 6583179.220000 57.540000 193.000000 139.000000 111.000000
538705.880000 6583179.480000 57.770000 189.000000 133.000000 108.000000
538705.940000 6583179.760000 58.040000 196.000000 123.000000 106.000000
538706.100000 6583178.750000 56.810000 175.000000 121.000000 95.000000
538706.160000 6583179.030000 57.080000 183.000000 117.000000 95.000000
538706.220000 6583179.280000 57.350000 196.000000 130.000000 108.000000
538706.280000 6583179.580000 57.580000 200.000000 129.000000 111.000000
538706.340000 6583179.840000 57.820000 197.000000 130.000000 111.000000
538706.450000 6583178.570000 56.300000 184.000000 106.000000 84.000000
538706.510000 6583178.830000 56.620000 197.000000 122.000000 103.000000
538706.630000 6583179.370000 57.060000 202.000000 125.000000 107.000000
538706.700000 6583179.650000 57.300000 196.000000 121.000000 100.000000
538706.750000 6583179.900000 57.530000 195.000000 133.000000 108.000000
538706.700000 6583178.320000 55.890000 194.000000 107.000000 97.000000
538706.750000 6583178.590000 56.100000 193.000000 117.000000 103.000000
538706.810000 6583178.840000 56.340000 186.000000 105.000000 86.000000
538706.870000 6583179.120000 56.530000 195.000000 129.000000 107.000000
538706.940000 6583179.410000 56.820000 196.000000 130.000000 108.000000
538706.990000 6583179.650000 57.050000 197.000000 129.000000 108.000000
538707.050000 6583179.920000 57.270000 203.000000 124.000000 107.000000
538706.900000 6583177.900000 55.480000 190.000000 114.000000 98.000000
538706.960000 6583178.180000 55.630000 189.000000 116.000000 99.000000
538707.020000 6583178.460000 55.820000 184.000000 108.000000 94.000000
538707.080000 6583178.740000 56.040000 201.000000 115.000000 100.000000
538707.140000 6583179.010000 56.230000 182.000000 98.000000 87.000000
538707.210000 6583179.290000 56.500000 195.000000 112.000000 98.000000
538707.270000 6583179.570000 56.740000 200.000000 132.000000 111.000000
538707.320000 6583179.820000 57.000000 199.000000 127.000000 105.000000
538705.410000 6583179.800000 58.520000 199.000000 127.000000 112.000000
538705.480000 6583179.570000 58.200000 180.000000 116.000000 107.000000
538705.670000 6583179.860000 58.380000 192.000000 127.000000 105.000000
538705.740000 6583179.590000 58.080000 196.000000 130.000000 106.000000
538705.810000 6583179.360000 57.710000 189.000000 140.000000 110.000000
538705.880000 6583179.100000 57.390000 192.000000 125.000000 106.000000
538705.910000 6583179.930000 58.260000 200.000000 124.000000 110.000000
538705.990000 6583179.670000 57.930000 189.000000 122.000000 103.000000
538706.060000 6583179.400000 57.570000 184.000000 123.000000 102.000000
538706.130000 6583179.150000 57.270000 190.000000 119.000000 99.000000
538706.200000 6583178.910000 56.930000 188.000000 131.000000 104.000000
538706.270000 6583178.660000 56.580000 200.000000 126.000000 101.000000
538706.300000 6583179.890000 57.920000 197.000000 130.000000 111.000000
538706.370000 6583179.660000 57.600000 194.000000 133.000000 112.000000
538706.450000 6583179.370000 57.260000 199.000000 122.000000 104.000000
538706.520000 6583179.100000 56.890000 198.000000 129.000000 113.000000
538706.590000 6583178.860000 56.550000 197.000000 122.000000 103.000000
538706.660000 6583178.600000 56.220000 185.000000 108.000000 90.000000
538706.740000 6583178.310000 55.930000 194.000000 110.000000 100.000000
538706.800000 6583178.080000 55.630000 196.000000 120.000000 104.000000
538706.890000 6583177.790000 55.460000 199.000000 119.000000 112.000000
538706.720000 6583179.770000 57.450000 204.000000 129.000000 108.000000
538706.810000 6583179.480000 57.170000 192.000000 126.000000 104.000000
538706.880000 6583179.240000 56.760000 187.000000 120.000000 101.000000
538707.020000 6583178.730000 56.120000 201.000000 115.000000 100.000000
538707.090000 6583178.470000 55.830000 184.000000 108.000000 94.000000
538707.030000 6583179.760000 57.110000 200.000000 129.000000 111.000000
538707.100000 6583179.520000 56.800000 195.000000 127.000000 108.000000
538707.180000 6583179.250000 56.490000 197.000000 118.000000 105.000000
538707.250000 6583178.980000 56.120000 201.000000 118.000000 102.000000
538707.320000 6583179.770000 56.960000 192.000000 121.000000 101.000000
538707.390000 6583179.510000 56.620000 193.000000 122.000000 102.000000
538704.710000 6583180.610000 60.010000 193.000000 125.000000 104.000000
538705.010000 6583180.300000 59.350000 197.000000 124.000000 105.000000
538705.060000 6583180.540000 59.600000 196.000000 129.000000 103.000000
538705.120000 6583180.790000 59.850000 182.000000 129.000000 98.000000
538705.370000 6583180.040000 58.790000 191.000000 137.000000 109.000000
538705.440000 6583180.340000 59.050000 178.000000 124.000000 100.000000
538705.500000 6583180.610000 59.260000 183.000000 138.000000 107.000000
538705.720000 6583180.180000 58.660000 195.000000 127.000000 108.000000
538705.770000 6583180.420000 58.870000 185.000000 138.000000 108.000000
538705.830000 6583180.690000 59.140000 178.000000 137.000000 105.000000
538706.000000 6583180.040000 58.280000 203.000000 127.000000 113.000000
538706.060000 6583180.310000 58.530000 194.000000 129.000000 111.000000
538706.120000 6583180.590000 58.750000 171.000000 125.000000 99.000000
538706.190000 6583180.880000 59.020000 187.000000 137.000000 110.000000
538706.390000 6583180.090000 58.120000 185.000000 120.000000 100.000000
538706.460000 6583180.390000 58.330000 188.000000 130.000000 106.000000
538706.520000 6583180.650000 58.550000 199.000000 128.000000 110.000000
538706.570000 6583180.910000 58.780000 182.000000 124.000000 102.000000
538706.810000 6583180.160000 57.770000 194.000000 140.000000 114.000000
538706.870000 6583180.460000 58.030000 191.000000 115.000000 101.000000
538706.930000 6583180.730000 58.250000 199.000000 125.000000 112.000000
538706.980000 6583180.960000 58.500000 204.000000 126.000000 113.000000
538707.110000 6583180.210000 57.550000 190.000000 125.000000 103.000000
538707.170000 6583180.480000 57.750000 197.000000 132.000000 114.000000
538707.220000 6583180.730000 58.040000 200.000000 125.000000 106.000000
538707.380000 6583180.100000 57.220000 206.000000 131.000000 110.000000
538707.450000 6583180.390000 57.480000 203.000000 131.000000 109.000000
538707.510000 6583180.660000 57.710000 185.000000 119.000000 97.000000
538707.570000 6583180.930000 57.980000 202.000000 129.000000 112.000000
538707.940000 6583180.870000 57.610000 198.000000 131.000000 112.000000
538704.800000 6583180.650000 59.980000 201.000000 124.000000 104.000000
538704.870000 6583180.380000 59.680000 194.000000 124.000000 112.000000
538705.200000 6583180.560000 59.550000 190.000000 130.000000 104.000000
538705.270000 6583180.320000 59.220000 192.000000 138.000000 112.000000
538705.340000 6583180.050000 58.870000 191.000000 137.000000 109.000000
538705.450000 6583180.640000 59.380000 181.000000 131.000000 104.000000
538705.530000 6583180.380000 59.060000 182.000000 124.000000 100.000000
538705.600000 6583180.120000 58.760000 183.000000 121.000000 98.000000
538705.690000 6583180.730000 59.300000 178.000000 138.000000 103.000000
538705.770000 6583180.470000 58.930000 185.000000 138.000000 108.000000
538705.840000 6583180.190000 58.620000 200.000000 124.000000 110.000000
538706.090000 6583180.680000 58.910000 165.000000 124.000000 94.000000
538706.150000 6583180.430000 58.600000 177.000000 125.000000 101.000000
538706.230000 6583180.150000 58.270000 189.000000 122.000000 103.000000
538706.440000 6583180.810000 58.800000 197.000000 135.000000 114.000000
538706.510000 6583180.550000 58.460000 191.000000 123.000000 104.000000
538706.590000 6583180.270000 58.110000 191.000000 135.000000 110.000000
538706.660000 6583180.000000 57.810000 191.000000 134.000000 107.000000
538706.830000 6583180.520000 58.160000 189.000000 116.000000 101.000000
538706.900000 6583180.260000 57.780000 194.000000 123.000000 105.000000
538706.970000 6583180.000000 57.460000 201.000000 126.000000 105.000000
538707.030000 6583180.790000 58.270000 206.000000 129.000000 119.000000
538707.100000 6583180.540000 57.960000 201.000000 129.000000 115.000000
538707.180000 6583180.270000 57.620000 190.000000 125.000000 103.000000
538707.250000 6583180.010000 57.280000 199.000000 122.000000 102.000000
538707.410000 6583180.970000 58.130000 197.000000 121.000000 105.000000
538707.480000 6583180.740000 57.790000 181.000000 116.000000 94.000000
538707.560000 6583180.450000 57.430000 197.000000 120.000000 102.000000
538707.630000 6583180.190000 57.100000 196.000000 125.000000 105.000000
538707.790000 6583181.010000 57.870000 202.000000 126.000000 110.000000
538707.870000 6583180.750000 57.530000 201.000000 128.000000 111.000000
538717.240000 6583185.350000 55.060000 156.000000 153.000000 136.000000
538716.950000 6583186.280000 56.060000 140.000000 114.000000 91.000000
538716.880000 6583186.000000 55.830000 196.000000 131.000000 113.000000
538717.040000 6583185.650000 55.290000 193.000000 136.000000 125.000000
538717.100000 6583185.940000 55.460000 194.000000 125.000000 110.000000
538717.300000 6583185.620000 55.250000 141.000000 133.000000 110.000000
538717.630000 6583185.540000 54.920000 162.000000 163.000000 123.000000
538716.620000 6583186.390000 56.420000 163.000000 117.000000 94.000000
538716.700000 6583186.110000 56.130000 202.000000 136.000000 120.000000
538716.840000 6583185.600000 55.440000 195.000000 136.000000 120.000000
538716.830000 6583186.430000 56.310000 125.000000 106.000000 76.000000
538716.910000 6583186.160000 55.990000 173.000000 127.000000 104.000000
538717.050000 6583185.650000 55.370000 193.000000 136.000000 125.000000
538717.120000 6583185.390000 55.170000 157.000000 156.000000 138.000000
538717.430000 6583185.480000 55.110000 151.000000 155.000000 120.000000
538712.390000 6583184.410000 57.670000 131.000000 88.000000 79.000000
538712.450000 6583184.680000 57.950000 123.000000 100.000000 84.000000
538712.500000 6583184.930000 58.150000 24.000000 18.000000 20.000000
538712.790000 6583184.610000 57.560000 22.000000 9.000000 16.000000
538712.850000 6583184.890000 57.820000 30.000000 20.000000 29.000000
538712.910000 6583185.130000 58.030000 120.000000 104.000000 91.000000
538712.970000 6583185.440000 58.270000 195.000000 128.000000 111.000000
538713.040000 6583185.710000 58.550000 200.000000 127.000000 110.000000
538713.090000 6583185.960000 58.770000 194.000000 121.000000 104.000000
538713.150000 6583186.230000 59.010000 202.000000 129.000000 114.000000
538713.030000 6583184.650000 57.410000 156.000000 119.000000 93.000000
538713.090000 6583184.920000 57.640000 47.000000 40.000000 34.000000
538713.160000 6583185.220000 57.890000 133.000000 88.000000 67.000000
538713.220000 6583185.500000 58.130000 206.000000 130.000000 117.000000
538713.280000 6583185.770000 58.360000 191.000000 118.000000 101.000000
538713.350000 6583186.070000 58.610000 203.000000 130.000000 115.000000
538713.400000 6583186.320000 58.840000 199.000000 126.000000 111.000000
538713.460000 6583186.560000 59.080000 194.000000 121.000000 106.000000
538713.520000 6583186.840000 59.320000 204.000000 131.000000 116.000000
538713.580000 6583187.140000 59.570000 203.000000 130.000000 115.000000
538713.290000 6583184.590000 57.160000 191.000000 133.000000 96.000000
538713.350000 6583184.860000 57.400000 113.000000 71.000000 57.000000
538713.410000 6583185.130000 57.640000 169.000000 107.000000 94.000000
538713.470000 6583185.400000 57.850000 195.000000 123.000000 108.000000
538713.520000 6583185.650000 58.100000 205.000000 133.000000 118.000000
538713.590000 6583185.940000 58.350000 201.000000 129.000000 114.000000
538713.650000 6583186.230000 58.580000 197.000000 121.000000 107.000000
538713.710000 6583186.480000 58.820000 203.000000 130.000000 115.000000
538713.770000 6583186.760000 59.090000 203.000000 130.000000 115.000000
538713.830000 6583187.050000 59.310000 199.000000 127.000000 112.000000
538713.890000 6583187.320000 59.580000 192.000000 119.000000 104.000000
538713.950000 6583187.580000 59.830000 203.000000 131.000000 116.000000
538714.010000 6583187.870000 60.040000 204.000000 133.000000 115.000000
538713.670000 6583184.890000 57.130000 206.000000 137.000000 121.000000
538713.720000 6583185.120000 57.370000 197.000000 129.000000 110.000000
538713.790000 6583185.420000 57.600000 197.000000 129.000000 110.000000
538713.860000 6583185.720000 57.860000 203.000000 131.000000 116.000000
538713.910000 6583185.980000 58.090000 192.000000 120.000000 105.000000
538713.970000 6583186.250000 58.340000 203.000000 130.000000 115.000000
538714.040000 6583186.540000 58.570000 203.000000 130.000000 115.000000
538714.090000 6583186.790000 58.810000 196.000000 123.000000 108.000000
538714.160000 6583187.070000 59.050000 202.000000 130.000000 115.000000
538714.210000 6583187.340000 59.330000 201.000000 128.000000 113.000000
538714.270000 6583187.610000 59.550000 197.000000 126.000000 108.000000
538714.320000 6583187.840000 59.770000 199.000000 128.000000 110.000000
538714.390000 6583188.110000 60.030000 203.000000 132.000000 114.000000
538714.450000 6583188.400000 60.300000 202.000000 129.000000 112.000000
538714.500000 6583188.650000 60.540000 197.000000 121.000000 105.000000
538714.060000 6583184.830000 56.780000 203.000000 132.000000 114.000000
538714.110000 6583185.090000 57.040000 204.000000 133.000000 115.000000
538714.170000 6583185.350000 57.270000 200.000000 127.000000 110.000000
538714.240000 6583185.650000 57.500000 204.000000 132.000000 117.000000
538714.300000 6583185.910000 57.720000 203.000000 131.000000 116.000000
538714.360000 6583186.160000 57.960000 203.000000 131.000000 116.000000
538714.410000 6583186.440000 58.200000 200.000000 129.000000 111.000000
538714.470000 6583186.700000 58.420000 201.000000 130.000000 112.000000
538714.530000 6583186.970000 58.670000 202.000000 129.000000 112.000000
538714.590000 6583187.230000 58.910000 193.000000 120.000000 105.000000
538714.650000 6583187.510000 59.170000 206.000000 133.000000 118.000000
538714.710000 6583187.770000 59.410000 205.000000 132.000000 115.000000
538714.770000 6583188.030000 59.660000 198.000000 125.000000 106.000000
538714.830000 6583188.330000 59.910000 204.000000 129.000000 110.000000
538714.890000 6583188.600000 60.180000 202.000000 129.000000 110.000000
538714.950000 6583188.840000 60.430000 204.000000 128.000000 112.000000
538714.320000 6583184.790000 56.540000 206.000000 134.000000 119.000000
538714.380000 6583185.060000 56.780000 202.000000 129.000000 114.000000
538714.440000 6583185.340000 57.020000 208.000000 132.000000 118.000000
538714.500000 6583185.610000 57.250000 203.000000 132.000000 114.000000
538714.560000 6583185.860000 57.490000 204.000000 133.000000 115.000000
538714.620000 6583186.150000 57.720000 199.000000 128.000000 110.000000
538714.680000 6583186.420000 57.990000 202.000000 131.000000 113.000000
538714.740000 6583186.670000 58.200000 203.000000 130.000000 113.000000
538714.800000 6583186.960000 58.460000 198.000000 122.000000 106.000000
538714.870000 6583187.250000 58.720000 201.000000 128.000000 113.000000
538714.920000 6583187.490000 58.940000 204.000000 128.000000 112.000000
538714.980000 6583187.750000 59.190000 195.000000 119.000000 103.000000
538715.040000 6583188.060000 59.430000 207.000000 132.000000 113.000000
538715.100000 6583188.310000 59.710000 206.000000 131.000000 112.000000
538715.160000 6583188.580000 59.970000 200.000000 127.000000 108.000000
538714.660000 6583185.030000 56.490000 203.000000 131.000000 116.000000
538714.730000 6583185.320000 56.770000 206.000000 133.000000 118.000000
538714.780000 6583185.570000 57.030000 200.000000 127.000000 112.000000
538714.840000 6583185.850000 57.230000 203.000000 132.000000 114.000000
538714.910000 6583186.140000 57.470000 204.000000 133.000000 115.000000
538714.970000 6583186.410000 57.720000 200.000000 129.000000 111.000000
538715.020000 6583186.660000 57.960000 196.000000 123.000000 106.000000
538715.080000 6583186.940000 58.210000 210.000000 134.000000 118.000000
538715.140000 6583187.220000 58.460000 205.000000 129.000000 113.000000
538715.210000 6583187.510000 58.700000 197.000000 126.000000 108.000000
538715.270000 6583187.780000 58.980000 205.000000 132.000000 117.000000
538715.330000 6583188.060000 59.240000 207.000000 129.000000 116.000000
538715.390000 6583188.330000 59.460000 193.000000 120.000000 103.000000
538715.060000 6583185.180000 56.390000 193.000000 124.000000 108.000000
538715.120000 6583185.470000 56.630000 200.000000 128.000000 113.000000
538715.190000 6583185.760000 56.890000 204.000000 131.000000 114.000000
538715.250000 6583186.040000 57.120000 198.000000 125.000000 108.000000
538715.300000 6583186.290000 57.360000 201.000000 130.000000 112.000000
538715.370000 6583186.570000 57.600000 197.000000 135.000000 112.000000
538715.420000 6583186.840000 57.850000 198.000000 127.000000 109.000000
538715.480000 6583187.090000 58.090000 198.000000 121.000000 105.000000
538715.550000 6583187.390000 58.330000 203.000000 132.000000 114.000000
538715.600000 6583187.660000 58.590000 206.000000 130.000000 114.000000
538715.660000 6583187.920000 58.830000 192.000000 121.000000 99.000000
538715.440000 6583185.140000 56.010000 206.000000 139.000000 120.000000
538715.500000 6583185.380000 56.240000 195.000000 139.000000 116.000000
538715.550000 6583185.650000 56.470000 191.000000 126.000000 108.000000
538715.620000 6583185.940000 56.680000 204.000000 133.000000 115.000000
538715.670000 6583186.200000 56.950000 208.000000 133.000000 114.000000
538715.740000 6583186.480000 57.200000 202.000000 123.000000 106.000000
538715.800000 6583186.750000 57.430000 209.000000 136.000000 117.000000
538715.860000 6583187.030000 57.710000 203.000000 132.000000 112.000000
538715.920000 6583187.280000 58.060000 203.000000 130.000000 113.000000
538715.980000 6583187.580000 58.280000 195.000000 122.000000 103.000000
538715.690000 6583185.200000 55.910000 202.000000 137.000000 117.000000
538715.760000 6583185.510000 56.130000 193.000000 135.000000 115.000000
538715.820000 6583185.780000 56.380000 197.000000 141.000000 118.000000
538715.880000 6583186.040000 56.630000 203.000000 132.000000 114.000000
538715.940000 6583186.340000 56.840000 201.000000 124.000000 106.000000
538716.000000 6583186.610000 57.110000 201.000000 130.000000 112.000000
538716.060000 6583186.860000 57.330000 206.000000 131.000000 112.000000
538716.110000 6583187.110000 57.840000 193.000000 120.000000 101.000000
538715.960000 6583185.180000 55.650000 207.000000 135.000000 121.000000
538716.020000 6583185.470000 55.910000 214.000000 138.000000 125.000000
538716.080000 6583185.720000 56.160000 206.000000 141.000000 121.000000
538716.140000 6583186.000000 56.390000 190.000000 123.000000 104.000000
538716.200000 6583186.260000 56.650000 200.000000 132.000000 113.000000
538716.250000 6583186.530000 56.890000 205.000000 127.000000 114.000000
538716.310000 6583186.790000 57.100000 195.000000 122.000000 105.000000
538716.350000 6583185.410000 55.570000 200.000000 137.000000 122.000000
538716.410000 6583185.670000 55.800000 199.000000 134.000000 116.000000
538716.480000 6583185.980000 56.030000 206.000000 134.000000 119.000000
538716.530000 6583186.230000 56.280000 194.000000 131.000000 114.000000
538716.590000 6583186.470000 56.520000 171.000000 116.000000 96.000000
538716.760000 6583185.440000 55.380000 201.000000 138.000000 120.000000
538716.820000 6583185.710000 55.540000 197.000000 134.000000 116.000000
538716.960000 6583185.320000 55.180000 155.000000 149.000000 125.000000
538712.330000 6583184.560000 57.970000 127.000000 83.000000 72.000000
538712.580000 6583184.880000 58.120000 29.000000 19.000000 17.000000
538712.640000 6583184.650000 57.770000 49.000000 37.000000 39.000000
538712.810000 6583185.400000 58.410000 196.000000 130.000000 114.000000
538712.890000 6583185.130000 58.070000 99.000000 88.000000 82.000000
538712.950000 6583184.890000 57.740000 21.000000 12.000000 15.000000
538713.020000 6583184.630000 57.420000 156.000000 119.000000 93.000000
538712.980000 6583185.780000 58.690000 199.000000 126.000000 109.000000
538713.060000 6583185.530000 58.370000 200.000000 125.000000 104.000000
538713.120000 6583185.280000 58.010000 133.000000 88.000000 67.000000
538713.200000 6583185.000000 57.650000 97.000000 87.000000 78.000000
538713.280000 6583184.720000 57.340000 203.000000 153.000000 128.000000
538713.150000 6583186.160000 58.950000 196.000000 123.000000 106.000000
538713.220000 6583185.900000 58.600000 196.000000 123.000000 108.000000
538713.290000 6583185.640000 58.290000 193.000000 117.000000 103.000000
538713.360000 6583185.390000 57.950000 207.000000 136.000000 116.000000
538713.430000 6583185.150000 57.670000 169.000000 107.000000 94.000000
538713.500000 6583184.880000 57.330000 208.000000 138.000000 126.000000
538713.570000 6583184.610000 56.980000 183.000000 115.000000 96.000000
538713.410000 6583186.580000 59.170000 194.000000 121.000000 106.000000
538713.480000 6583186.320000 58.830000 199.000000 126.000000 111.000000
538713.560000 6583186.050000 58.510000 203.000000 131.000000 116.000000
538713.630000 6583185.800000 58.170000 205.000000 133.000000 118.000000
538713.690000 6583185.550000 57.820000 201.000000 132.000000 116.000000
538713.770000 6583185.270000 57.510000 197.000000 129.000000 110.000000
538713.840000 6583185.010000 57.180000 201.000000 130.000000 112.000000
538713.910000 6583184.750000 56.870000 195.000000 124.000000 106.000000
538713.670000 6583187.020000 59.480000 199.000000 127.000000 112.000000
538713.740000 6583186.780000 59.130000 203.000000 130.000000 115.000000
538713.810000 6583186.520000 58.780000 202.000000 129.000000 114.000000
538713.880000 6583186.240000 58.450000 202.000000 129.000000 114.000000
538714.020000 6583185.740000 57.810000 194.000000 122.000000 107.000000
538714.100000 6583185.460000 57.470000 197.000000 124.000000 107.000000
538714.170000 6583185.200000 57.160000 204.000000 131.000000 114.000000
538714.240000 6583184.960000 56.820000 202.000000 130.000000 115.000000
538713.870000 6583187.370000 59.660000 192.000000 119.000000 104.000000
538713.940000 6583187.120000 59.400000 193.000000 121.000000 106.000000
538714.010000 6583186.880000 59.010000 191.000000 119.000000 104.000000
538714.150000 6583186.370000 58.360000 206.000000 133.000000 118.000000
538714.220000 6583186.120000 58.040000 206.000000 134.000000 119.000000
538714.290000 6583185.850000 57.720000 202.000000 130.000000 115.000000
538714.360000 6583185.620000 57.410000 201.000000 129.000000 114.000000
538714.430000 6583185.360000 57.060000 208.000000 132.000000 118.000000
538714.510000 6583185.090000 56.750000 203.000000 130.000000 115.000000
538714.580000 6583184.840000 56.430000 191.000000 119.000000 104.000000
538714.040000 6583187.820000 60.110000 204.000000 133.000000 115.000000
538714.170000 6583187.330000 59.390000 203.000000 130.000000 115.000000
538714.240000 6583187.090000 59.050000 203.000000 131.000000 116.000000
538714.310000 6583186.840000 58.740000 201.000000 129.000000 114.000000
538714.380000 6583186.580000 58.390000 193.000000 121.000000 106.000000
538714.450000 6583186.340000 58.070000 194.000000 123.000000 105.000000
538714.520000 6583186.090000 57.770000 194.000000 123.000000 105.000000
538714.590000 6583185.820000 57.420000 204.000000 133.000000 115.000000
538714.670000 6583185.570000 57.120000 206.000000 133.000000 118.000000
538714.740000 6583185.310000 56.780000 206.000000 133.000000 118.000000
538714.810000 6583185.040000 56.430000 203.000000 134.000000 118.000000
538714.340000 6583188.160000 60.180000 203.000000 132.000000 114.000000
538714.420000 6583187.880000 59.820000 204.000000 131.000000 114.000000
538714.480000 6583187.650000 59.460000 198.000000 125.000000 108.000000
538714.550000 6583187.410000 59.180000 201.000000 128.000000 113.000000
538714.630000 6583187.130000 58.830000 195.000000 122.000000 105.000000
538714.700000 6583186.880000 58.510000 203.000000 130.000000 113.000000
538714.760000 6583186.640000 58.160000 203.000000 130.000000 113.000000
538714.850000 6583186.350000 57.840000 206.000000 135.000000 117.000000
538714.920000 6583186.080000 57.500000 203.000000 132.000000 114.000000
538714.980000 6583185.870000 57.190000 207.000000 136.000000 118.000000
538715.050000 6583185.600000 56.850000 205.000000 132.000000 115.000000
538715.130000 6583185.320000 56.530000 198.000000 126.000000 111.000000
538715.200000 6583185.070000 56.200000 193.000000 126.000000 109.000000
538714.580000 6583188.620000 60.470000 197.000000 121.000000 105.000000
538714.650000 6583188.370000 60.160000 193.000000 120.000000 101.000000
538714.730000 6583188.100000 59.790000 195.000000 122.000000 103.000000
538714.800000 6583187.830000 59.460000 197.000000 122.000000 103.000000
538714.860000 6583187.600000 59.150000 205.000000 129.000000 113.000000
538714.930000 6583187.350000 58.810000 202.000000 129.000000 114.000000
538715.010000 6583187.070000 58.470000 208.000000 132.000000 116.000000
538715.080000 6583186.830000 58.120000 207.000000 131.000000 115.000000
538715.150000 6583186.560000 57.770000 200.000000 132.000000 113.000000
538715.230000 6583186.290000 57.420000 197.000000 126.000000 108.000000
538715.300000 6583186.030000 57.110000 197.000000 124.000000 107.000000
538715.360000 6583185.790000 56.790000 203.000000 127.000000 113.000000
538715.440000 6583185.510000 56.480000 197.000000 136.000000 117.000000
538715.510000 6583185.280000 56.130000 201.000000 140.000000 119.000000
538714.710000 6583189.110000 60.960000 204.000000 127.000000 117.000000
538714.770000 6583188.890000 60.620000 204.000000 129.000000 110.000000
538714.850000 6583188.620000 60.310000 202.000000 129.000000 110.000000
538714.920000 6583188.360000 59.940000 208.000000 133.000000 114.000000
538714.990000 6583188.120000 59.590000 205.000000 130.000000 111.000000
538715.060000 6583187.850000 59.250000 202.000000 127.000000 108.000000
538715.140000 6583187.560000 58.920000 192.000000 119.000000 102.000000
538715.210000 6583187.320000 58.570000 195.000000 118.000000 102.000000
538715.280000 6583187.060000 58.250000 208.000000 130.000000 117.000000
538715.350000 6583186.800000 57.930000 200.000000 133.000000 114.000000
538715.410000 6583186.570000 57.620000 205.000000 134.000000 114.000000
538715.490000 6583186.320000 57.260000 202.000000 134.000000 113.000000
538715.570000 6583186.030000 56.940000 206.000000 133.000000 116.000000
538715.630000 6583185.790000 56.610000 196.000000 134.000000 113.000000
538715.700000 6583185.540000 56.280000 184.000000 126.000000 106.000000
538715.780000 6583185.260000 55.930000 201.000000 132.000000 116.000000
538715.000000 6583188.970000 60.530000 196.000000 124.000000 109.000000
538715.070000 6583188.710000 60.190000 199.000000 126.000000 109.000000
538715.140000 6583188.450000 59.850000 201.000000 128.000000 109.000000
538715.210000 6583188.200000 59.520000 208.000000 130.000000 117.000000
538715.280000 6583187.950000 59.200000 208.000000 130.000000 117.000000
538715.350000 6583187.710000 58.850000 202.000000 130.000000 115.000000
538715.420000 6583187.440000 58.560000 208.000000 132.000000 116.000000
538715.490000 6583187.190000 58.170000 195.000000 118.000000 102.000000
538715.560000 6583186.940000 57.860000 193.000000 120.000000 103.000000
538715.630000 6583186.670000 57.510000 197.000000 120.000000 102.000000
538715.710000 6583186.410000 57.190000 202.000000 123.000000 106.000000
538715.780000 6583186.130000 56.850000 206.000000 130.000000 114.000000
538715.850000 6583185.890000 56.540000 199.000000 138.000000 117.000000
538715.920000 6583185.630000 56.160000 204.000000 143.000000 122.000000
538715.990000 6583185.380000 55.880000 209.000000 135.000000 122.000000
538715.600000 6583188.130000 59.100000 193.000000 122.000000 102.000000
538715.670000 6583187.880000 58.750000 193.000000 120.000000 101.000000
538715.730000 6583187.650000 58.440000 196.000000 123.000000 104.000000
538715.810000 6583187.360000 58.140000 201.000000 128.000000 111.000000
538715.880000 6583187.110000 57.790000 202.000000 131.000000 111.000000
538715.950000 6583186.870000 57.450000 206.000000 133.000000 114.000000
538716.020000 6583186.610000 57.140000 201.000000 130.000000 112.000000
538716.090000 6583186.340000 56.810000 209.000000 136.000000 119.000000
538716.150000 6583186.120000 56.470000 201.000000 133.000000 114.000000
538716.220000 6583185.870000 56.180000 203.000000 131.000000 116.000000
538716.300000 6583185.590000 55.820000 202.000000 136.000000 122.000000
538716.370000 6583185.350000 55.520000 200.000000 133.000000 116.000000
538716.300000 6583186.740000 57.080000 195.000000 122.000000 105.000000
538716.370000 6583186.470000 56.760000 205.000000 129.000000 115.000000
538716.440000 6583186.230000 56.410000 198.000000 131.000000 115.000000
538716.510000 6583185.990000 56.050000 203.000000 134.000000 118.000000
538716.580000 6583185.700000 55.750000 203.000000 138.000000 120.000000
538716.660000 6583185.430000 55.450000 205.000000 142.000000 124.000000
538716.560000 6583186.630000 56.790000 169.000000 117.000000 95.000000
538716.770000 6583185.860000 55.780000 198.000000 132.000000 116.000000
538716.920000 6583185.300000 55.210000 204.000000 213.000000 184.000000
538716.980000 6583185.910000 55.670000 194.000000 129.000000 111.000000
538711.450000 6583186.770000 61.040000 203.000000 124.000000 109.000000
538711.760000 6583186.660000 60.610000 193.000000 122.000000 104.000000
538712.170000 6583186.900000 60.570000 193.000000 120.000000 103.000000
538712.290000 6583187.460000 61.060000 185.000000 112.000000 95.000000
538713.220000 6583188.200000 61.100000 189.000000 113.000000 97.000000
538713.640000 6583188.420000 61.020000 200.000000 127.000000 112.000000
538713.940000 6583188.760000 61.080000 206.000000 130.000000 114.000000
538714.250000 6583188.930000 61.070000 197.000000 120.000000 104.000000
538711.450000 6583186.850000 61.100000 199.000000 124.000000 103.000000
538711.590000 6583186.330000 60.490000 204.000000 137.000000 121.000000
538711.750000 6583186.630000 60.640000 193.000000 122.000000 104.000000
538711.940000 6583187.170000 61.080000 202.000000 126.000000 112.000000
538712.020000 6583186.890000 60.700000 200.000000 127.000000 112.000000
538712.250000 6583187.430000 61.080000 185.000000 112.000000 95.000000
538712.490000 6583187.570000 61.060000 203.000000 127.000000 113.000000
538712.790000 6583187.450000 60.670000 203.000000 127.000000 113.000000
538713.590000 6583188.400000 61.080000 202.000000 126.000000 110.000000
538713.830000 6583188.600000 61.060000 199.000000 123.000000 109.000000
538716.280000 6583184.320000 54.900000 50.000000 59.000000 42.000000
538716.600000 6583184.510000 54.870000 122.000000 128.000000 92.000000
538713.550000 6583182.550000 55.120000 193.000000 132.000000 111.000000
538713.760000 6583182.230000 54.980000 127.000000 117.000000 90.000000
538713.830000 6583182.580000 54.990000 122.000000 103.000000 86.000000
538713.890000 6583182.860000 55.130000 13.000000 16.000000 9.000000
538714.170000 6583182.840000 54.970000 79.000000 88.000000 67.000000
538714.240000 6583183.120000 55.140000 96.000000 104.000000 81.000000
538714.630000 6583183.230000 55.030000 78.000000 97.000000 67.000000
538715.050000 6583183.400000 54.900000 227.000000 228.000000 220.000000
538715.120000 6583183.670000 55.040000 237.000000 242.000000 238.000000
538715.320000 6583183.540000 54.890000 206.000000 215.000000 210.000000
538713.610000 6583182.500000 55.070000 196.000000 142.000000 116.000000
538713.860000 6583182.640000 55.030000 62.000000 49.000000 33.000000
538714.090000 6583182.750000 55.000000 86.000000 95.000000 78.000000
538714.350000 6583183.200000 55.150000 75.000000 93.000000 67.000000
538714.420000 6583182.920000 54.950000 107.000000 110.000000 83.000000
538714.740000 6583183.150000 54.940000 99.000000 107.000000 83.000000
538714.940000 6583183.510000 55.070000 240.000000 254.000000 241.000000
538715.570000 6583183.720000 54.930000 216.000000 222.000000 218.000000
538716.080000 6583184.170000 54.910000 222.000000 232.000000 221.000000
538707.870000 6583178.670000 55.510000 192.000000 116.000000 103.000000
538708.210000 6583178.800000 55.450000 191.000000 115.000000 102.000000
538708.270000 6583179.090000 55.550000 188.000000 121.000000 104.000000
538708.540000 6583179.190000 55.520000 187.000000 118.000000 102.000000
538708.600000 6583179.490000 55.650000 187.000000 114.000000 99.000000
538708.940000 6583179.310000 55.420000 196.000000 117.000000 100.000000
538709.010000 6583179.600000 55.550000 196.000000 118.000000 105.000000
538707.480000 6583178.180000 55.400000 192.000000 118.000000 105.000000
538707.680000 6583178.450000 55.480000 193.000000 115.000000 102.000000
538708.300000 6583179.180000 55.600000 187.000000 122.000000 104.000000
538708.380000 6583178.890000 55.440000 193.000000 116.000000 100.000000
538708.560000 6583179.240000 55.560000 185.000000 118.000000 101.000000
538708.730000 6583179.440000 55.570000 194.000000 122.000000 107.000000
538708.800000 6583179.170000 55.400000 189.000000 117.000000 103.000000
538708.980000 6583179.600000 55.610000 190.000000 117.000000 102.000000
538711.270000 6583185.950000 60.310000 168.000000 106.000000 83.000000
538711.740000 6583184.990000 58.850000 106.000000 67.000000 62.000000
538711.520000 6583185.530000 59.660000 197.000000 130.000000 111.000000
538711.590000 6583185.280000 59.330000 204.000000 136.000000 117.000000
538709.570000 6583183.860000 59.390000 200.000000 138.000000 115.000000
538709.590000 6583183.920000 59.460000 206.000000 141.000000 119.000000
538709.770000 6583184.260000 59.700000 191.000000 127.000000 117.000000
538710.110000 6583184.560000 59.730000 129.000000 84.000000 79.000000
538710.170000 6583184.840000 59.970000 134.000000 80.000000 70.000000
538710.230000 6583185.140000 60.240000 203.000000 128.000000 109.000000
538710.590000 6583185.220000 60.080000 192.000000 119.000000 102.000000
538710.650000 6583185.490000 60.320000 182.000000 113.000000 98.000000
538710.700000 6583185.730000 60.560000 200.000000 134.000000 110.000000
538710.950000 6583185.660000 60.220000 198.000000 130.000000 111.000000
538711.020000 6583185.950000 60.410000 177.000000 116.000000 95.000000
538710.070000 6583184.620000 59.880000 120.000000 71.000000 64.000000
538710.350000 6583185.050000 60.100000 196.000000 129.000000 112.000000
538710.490000 6583185.610000 60.570000 195.000000 118.000000 102.000000
538710.560000 6583185.340000 60.230000 185.000000 114.000000 96.000000
538710.680000 6583185.830000 60.740000 201.000000 134.000000 108.000000
538710.750000 6583185.590000 60.380000 198.000000 133.000000 115.000000
538711.040000 6583185.960000 60.440000 177.000000 116.000000 95.000000
538716.850000 6583184.780000 54.920000 162.000000 150.000000 126.000000
538713.240000 6583182.960000 55.460000 94.000000 56.000000 45.000000
538713.310000 6583183.240000 55.700000 210.000000 143.000000 126.000000
538713.620000 6583182.860000 55.240000 52.000000 35.000000 41.000000
538713.680000 6583183.150000 55.410000 194.000000 134.000000 110.000000
538713.750000 6583183.430000 55.600000 203.000000 135.000000 116.000000
538713.960000 6583183.150000 55.260000 156.000000 121.000000 99.000000
538714.020000 6583183.430000 55.440000 201.000000 135.000000 119.000000
538714.300000 6583183.400000 55.270000 156.000000 125.000000 104.000000
538714.360000 6583183.680000 55.430000 207.000000 141.000000 129.000000
538714.680000 6583183.490000 55.140000 86.000000 114.000000 89.000000
538714.760000 6583183.810000 55.310000 195.000000 146.000000 129.000000
538715.180000 6583183.980000 55.220000 78.000000 88.000000 79.000000
538715.380000 6583183.810000 55.030000 245.000000 252.000000 244.000000
538715.440000 6583184.080000 55.160000 207.000000 218.000000 212.000000
538715.700000 6583184.020000 55.020000 240.000000 247.000000 240.000000
538715.760000 6583184.310000 55.160000 163.000000 163.000000 155.000000
538716.110000 6583184.310000 54.920000 29.000000 37.000000 26.000000
538716.570000 6583184.580000 54.930000 122.000000 128.000000 92.000000
538713.460000 6583183.040000 55.480000 179.000000 122.000000 111.000000
538713.540000 6583182.770000 55.250000 141.000000 91.000000 92.000000
538713.710000 6583183.170000 55.440000 198.000000 144.000000 118.000000
538713.780000 6583182.910000 55.220000 72.000000 60.000000 60.000000
538713.940000 6583183.300000 55.420000 185.000000 129.000000 106.000000
538714.020000 6583183.020000 55.200000 121.000000 117.000000 92.000000
538714.280000 6583183.440000 55.340000 190.000000 141.000000 124.000000
538714.600000 6583183.660000 55.350000 179.000000 136.000000 120.000000
538714.670000 6583183.390000 55.140000 85.000000 112.000000 81.000000
538714.860000 6583183.800000 55.240000 105.000000 123.000000 97.000000
538715.100000 6583183.980000 55.280000 93.000000 87.000000 75.000000
538715.180000 6583183.700000 55.080000 237.000000 248.000000 244.000000
538715.490000 6583184.010000 55.120000 207.000000 218.000000 212.000000
538715.800000 6583184.210000 55.080000 245.000000 252.000000 244.000000
538716.000000 6583184.450000 55.140000 53.000000 61.000000 46.000000
538707.330000 6583178.120000 55.420000 191.000000 119.000000 104.000000
538707.380000 6583178.380000 55.540000 191.000000 120.000000 102.000000
538707.450000 6583178.670000 55.690000 179.000000 107.000000 92.000000
538707.520000 6583178.970000 55.900000 189.000000 111.000000 98.000000
538707.570000 6583179.230000 56.120000 191.000000 112.000000 95.000000
538707.640000 6583179.520000 56.370000 192.000000 106.000000 91.000000
538707.700000 6583179.810000 56.620000 202.000000 134.000000 113.000000
538707.930000 6583178.980000 55.630000 187.000000 120.000000 104.000000
538707.990000 6583179.240000 55.800000 196.000000 113.000000 97.000000
538708.050000 6583179.510000 56.010000 196.000000 121.000000 102.000000
538708.110000 6583179.790000 56.260000 192.000000 113.000000 96.000000
538708.350000 6583179.410000 55.720000 183.000000 104.000000 89.000000
538708.410000 6583179.690000 55.930000 189.000000 110.000000 95.000000
538708.460000 6583179.940000 56.190000 198.000000 115.000000 101.000000
538708.670000 6583179.770000 55.810000 190.000000 106.000000 95.000000
538707.150000 6583178.220000 55.570000 192.000000 125.000000 106.000000
538707.320000 6583178.750000 55.890000 185.000000 108.000000 92.000000
538707.390000 6583178.490000 55.590000 186.000000 117.000000 101.000000
538707.460000 6583179.260000 56.300000 185.000000 104.000000 87.000000
538707.540000 6583178.980000 55.960000 189.000000 111.000000 98.000000
538707.610000 6583178.710000 55.680000 180.000000 113.000000 96.000000
538707.700000 6583179.950000 56.780000 200.000000 132.000000 111.000000
538707.770000 6583179.690000 56.460000 186.000000 107.000000 90.000000
538707.840000 6583179.410000 56.120000 199.000000 118.000000 101.000000
538707.910000 6583179.160000 55.800000 183.000000 106.000000 90.000000
538707.990000 6583178.880000 55.570000 193.000000 124.000000 109.000000
538708.080000 6583179.960000 56.450000 196.000000 117.000000 100.000000
538708.160000 6583179.680000 56.160000 195.000000 118.000000 100.000000
538708.240000 6583179.420000 55.860000 186.000000 107.000000 92.000000
538708.410000 6583179.790000 56.090000 194.000000 115.000000 100.000000
538708.480000 6583179.530000 55.780000 184.000000 105.000000 92.000000
538708.580000 6583179.980000 56.120000 197.000000 115.000000 101.000000
538708.650000 6583179.730000 55.820000 190.000000 106.000000 95.000000
538708.910000 6583179.870000 55.830000 185.000000 107.000000 94.000000
538707.760000 6583180.080000 56.890000 193.000000 125.000000 104.000000
538707.820000 6583180.340000 57.120000 201.000000 126.000000 107.000000
538707.880000 6583180.620000 57.380000 201.000000 128.000000 111.000000
538708.170000 6583180.060000 56.510000 200.000000 121.000000 104.000000
538708.230000 6583180.330000 56.770000 200.000000 127.000000 108.000000
538708.290000 6583180.610000 57.010000 194.000000 117.000000 101.000000
538708.530000 6583180.240000 56.440000 190.000000 113.000000 95.000000
538708.720000 6583180.020000 56.050000 196.000000 117.000000 102.000000
538707.950000 6583180.470000 57.160000 192.000000 121.000000 103.000000
538708.020000 6583180.200000 56.860000 206.000000 131.000000 112.000000
538708.120000 6583180.810000 57.450000 172.000000 107.000000 87.000000
538708.190000 6583180.570000 57.110000 203.000000 132.000000 114.000000
538708.260000 6583180.320000 56.780000 200.000000 127.000000 108.000000
538708.340000 6583180.040000 56.410000 185.000000 106.000000 89.000000
538708.430000 6583180.500000 56.830000 201.000000 124.000000 106.000000
538708.500000 6583180.240000 56.460000 190.000000 113.000000 95.000000
538716.910000 6583185.070000 55.050000 136.000000 145.000000 114.000000
538716.810000 6583184.900000 55.040000 153.000000 153.000000 125.000000
538717.000000 6583185.030000 55.030000 141.000000 145.000000 118.000000
538717.180000 6583185.060000 54.850000 102.000000 104.000000 82.000000
538717.200000 6583185.110000 54.920000 97.000000 100.000000 79.000000
538712.330000 6583184.130000 57.470000 108.000000 75.000000 68.000000
538712.670000 6583184.070000 57.110000 117.000000 78.000000 71.000000
538712.730000 6583184.320000 57.350000 117.000000 84.000000 77.000000
538712.800000 6583183.610000 56.170000 186.000000 124.000000 103.000000
538712.840000 6583183.780000 57.020000 157.000000 104.000000 86.000000
538712.910000 6583184.080000 57.130000 128.000000 93.000000 71.000000
538712.970000 6583184.390000 57.190000 161.000000 128.000000 111.000000
538712.980000 6583183.210000 55.810000 184.000000 127.000000 110.000000
538713.040000 6583183.470000 56.170000 198.000000 128.000000 103.000000
538713.110000 6583183.780000 56.150000 200.000000 127.000000 110.000000
538713.220000 6583184.300000 56.940000 196.000000 131.000000 109.000000
538713.360000 6583183.510000 55.950000 193.000000 123.000000 97.000000
538713.430000 6583183.800000 56.150000 204.000000 129.000000 110.000000
538713.480000 6583184.050000 56.410000 203.000000 128.000000 109.000000
538713.540000 6583184.300000 56.630000 195.000000 127.000000 106.000000
538713.610000 6583184.590000 56.900000 191.000000 123.000000 102.000000
538713.810000 6583183.710000 55.820000 201.000000 129.000000 114.000000
538713.870000 6583183.990000 56.050000 207.000000 132.000000 113.000000
538713.930000 6583184.250000 56.300000 203.000000 130.000000 113.000000
538713.990000 6583184.540000 56.550000 197.000000 126.000000 108.000000
538714.080000 6583183.730000 55.640000 203.000000 132.000000 112.000000
538714.140000 6583183.970000 55.870000 203.000000 132.000000 110.000000
538714.200000 6583184.270000 56.100000 195.000000 124.000000 106.000000
538714.270000 6583184.550000 56.310000 201.000000 129.000000 114.000000
538714.420000 6583183.940000 55.620000 201.000000 135.000000 119.000000
538714.480000 6583184.220000 55.840000 202.000000 133.000000 117.000000
538714.540000 6583184.500000 56.070000 206.000000 137.000000 121.000000
538714.600000 6583184.770000 56.320000 194.000000 122.000000 107.000000
538714.820000 6583184.110000 55.490000 200.000000 133.000000 116.000000
538714.880000 6583184.340000 55.710000 200.000000 133.000000 116.000000
538714.940000 6583184.630000 55.920000 201.000000 134.000000 117.000000
538715.000000 6583184.920000 56.160000 200.000000 133.000000 116.000000
538715.250000 6583184.270000 55.370000 199.000000 150.000000 135.000000
538715.310000 6583184.540000 55.550000 205.000000 137.000000 118.000000
538715.380000 6583184.850000 55.770000 207.000000 141.000000 127.000000
538715.510000 6583184.360000 55.310000 117.000000 93.000000 83.000000
538715.570000 6583184.680000 55.460000 203.000000 133.000000 121.000000
538715.630000 6583184.940000 55.660000 200.000000 132.000000 119.000000
538715.830000 6583184.610000 55.310000 187.000000 138.000000 123.000000
538715.900000 6583184.920000 55.470000 207.000000 138.000000 123.000000
538716.170000 6583184.580000 55.100000 77.000000 90.000000 64.000000
538716.230000 6583184.870000 55.240000 131.000000 122.000000 91.000000
538716.290000 6583185.150000 55.390000 204.000000 137.000000 120.000000
538716.630000 6583184.860000 55.090000 129.000000 130.000000 86.000000
538716.700000 6583185.150000 55.240000 161.000000 144.000000 118.000000
538712.390000 6583184.310000 57.630000 116.000000 79.000000 70.000000
538712.460000 6583184.070000 57.310000 123.000000 86.000000 77.000000
538712.720000 6583184.370000 57.430000 117.000000 84.000000 77.000000
538712.790000 6583184.100000 57.170000 117.000000 83.000000 73.000000
538712.870000 6583183.820000 57.070000 115.000000 79.000000 65.000000
538712.920000 6583183.640000 56.160000 192.000000 126.000000 102.000000
538713.010000 6583183.330000 56.140000 185.000000 123.000000 100.000000
538713.070000 6583183.090000 55.810000 175.000000 127.000000 115.000000
538713.100000 6583184.360000 57.120000 196.000000 150.000000 127.000000
538713.180000 6583184.080000 57.010000 192.000000 121.000000 99.000000
538713.230000 6583183.890000 56.190000 187.000000 122.000000 104.000000
538713.320000 6583183.560000 56.140000 193.000000 123.000000 97.000000
538713.390000 6583183.310000 55.760000 205.000000 137.000000 114.000000
538713.350000 6583184.490000 57.010000 196.000000 137.000000 105.000000
538713.410000 6583184.230000 56.700000 186.000000 120.000000 96.000000
538713.490000 6583183.950000 56.370000 206.000000 133.000000 114.000000
538713.550000 6583183.730000 56.040000 204.000000 131.000000 112.000000
538713.630000 6583183.460000 55.740000 208.000000 137.000000 119.000000
538713.640000 6583184.370000 56.660000 204.000000 136.000000 115.000000
538713.720000 6583184.100000 56.350000 205.000000 132.000000 115.000000
538713.790000 6583183.830000 56.010000 183.000000 115.000000 96.000000
538713.870000 6583183.560000 55.720000 202.000000 133.000000 117.000000
538713.990000 6583184.490000 56.520000 200.000000 129.000000 111.000000
538714.060000 6583184.230000 56.190000 200.000000 129.000000 111.000000
538714.130000 6583183.990000 55.910000 203.000000 132.000000 110.000000
538714.200000 6583183.710000 55.580000 199.000000 131.000000 112.000000
538714.310000 6583184.690000 56.520000 203.000000 131.000000 116.000000
538714.380000 6583184.450000 56.190000 203.000000 131.000000 116.000000
538714.450000 6583184.210000 55.880000 202.000000 133.000000 117.000000
538714.520000 6583183.950000 55.590000 204.000000 136.000000 123.000000
538714.640000 6583184.600000 56.120000 189.000000 120.000000 104.000000
538714.720000 6583184.330000 55.810000 204.000000 137.000000 120.000000
538714.790000 6583184.050000 55.490000 204.000000 137.000000 120.000000
538714.880000 6583184.790000 56.150000 206.000000 137.000000 121.000000
538714.950000 6583184.540000 55.830000 200.000000 133.000000 116.000000
538715.020000 6583184.270000 55.530000 208.000000 141.000000 124.000000
538715.270000 6583184.810000 55.840000 203.000000 140.000000 125.000000
538715.350000 6583184.510000 55.530000 205.000000 137.000000 118.000000
538715.430000 6583184.260000 55.320000 103.000000 86.000000 76.000000
538715.580000 6583185.030000 55.820000 208.000000 136.000000 121.000000
538715.650000 6583184.740000 55.500000 206.000000 134.000000 120.000000
538715.730000 6583184.470000 55.290000 90.000000 71.000000 64.000000
538715.860000 6583184.980000 55.600000 209.000000 137.000000 123.000000
538715.920000 6583184.750000 55.360000 191.000000 140.000000 121.000000
538716.070000 6583185.100000 55.520000 204.000000 132.000000 118.000000
538716.140000 6583184.840000 55.310000 156.000000 126.000000 102.000000
538716.210000 6583184.570000 55.130000 117.000000 132.000000 101.000000
538716.440000 6583185.100000 55.280000 193.000000 151.000000 127.000000
538716.520000 6583184.790000 55.070000 121.000000 134.000000 88.000000
538716.730000 6583185.180000 55.220000 196.000000 185.000000 157.000000
538709.920000 6583183.720000 59.030000 214.000000 144.000000 132.000000
538709.990000 6583184.010000 59.220000 183.000000 124.000000 110.000000
538709.660000 6583183.660000 59.200000 207.000000 142.000000 122.000000
538709.840000 6583183.990000 59.340000 214.000000 145.000000 130.000000
538709.920000 6583183.740000 59.060000 214.000000 144.000000 132.000000
538710.050000 6583184.320000 59.450000 131.000000 84.000000 76.000000
538710.290000 6583183.850000 58.880000 131.000000 71.000000 61.000000
538710.340000 6583184.130000 59.090000 126.000000 79.000000 69.000000
538710.410000 6583184.410000 59.320000 129.000000 82.000000 74.000000
538710.470000 6583184.680000 59.580000 126.000000 81.000000 75.000000
538710.520000 6583184.930000 59.820000 129.000000 77.000000 66.000000
538710.600000 6583184.090000 58.810000 119.000000 91.000000 70.000000
538710.660000 6583184.350000 59.030000 108.000000 81.000000 70.000000
538710.710000 6583184.550000 59.500000 116.000000 82.000000 70.000000
538710.770000 6583184.840000 59.650000 124.000000 79.000000 73.000000
538710.840000 6583185.140000 59.750000 205.000000 132.000000 115.000000
538710.890000 6583185.400000 59.930000 200.000000 127.000000 112.000000
538710.850000 6583184.060000 58.580000 114.000000 88.000000 73.000000
538710.910000 6583184.330000 58.820000 117.000000 90.000000 79.000000
538710.950000 6583184.500000 59.540000 115.000000 87.000000 75.000000
538711.020000 6583184.810000 59.620000 99.000000 65.000000 56.000000
538711.080000 6583185.120000 59.570000 196.000000 127.000000 111.000000
538711.150000 6583185.410000 59.810000 198.000000 127.000000 107.000000
538711.210000 6583185.680000 60.040000 205.000000 127.000000 117.000000
538711.220000 6583184.210000 58.390000 100.000000 66.000000 57.000000
538711.280000 6583184.480000 58.650000 124.000000 90.000000 80.000000
538711.350000 6583184.770000 58.870000 121.000000 84.000000 76.000000
538711.400000 6583185.020000 59.160000 118.000000 78.000000 66.000000
538711.470000 6583185.320000 59.390000 199.000000 122.000000 102.000000
538711.560000 6583184.170000 58.100000 110.000000 82.000000 70.000000
538711.630000 6583184.450000 58.350000 118.000000 78.000000 70.000000
538711.690000 6583184.740000 58.590000 118.000000 84.000000 75.000000
538711.830000 6583184.320000 58.040000 122.000000 90.000000 77.000000
538711.880000 6583184.590000 58.270000 116.000000 82.000000 73.000000
538710.140000 6583184.380000 59.540000 129.000000 82.000000 76.000000
538710.290000 6583183.850000 58.880000 131.000000 71.000000 61.000000
538710.490000 6583184.540000 59.370000 128.000000 78.000000 71.000000
538710.550000 6583184.300000 58.990000 103.000000 81.000000 68.000000
538710.630000 6583184.030000 58.740000 122.000000 95.000000 76.000000
538710.630000 6583185.100000 59.890000 206.000000 133.000000 116.000000
538710.700000 6583184.840000 59.630000 125.000000 80.000000 74.000000
538710.780000 6583184.540000 59.550000 116.000000 82.000000 70.000000
538710.850000 6583184.330000 58.870000 113.000000 86.000000 75.000000
538710.910000 6583184.100000 58.580000 110.000000 87.000000 71.000000
538710.820000 6583185.330000 60.000000 204.000000 121.000000 107.000000
538710.890000 6583185.080000 59.710000 155.000000 92.000000 77.000000
538710.970000 6583184.770000 59.630000 106.000000 72.000000 63.000000
538711.030000 6583184.550000 59.000000 109.000000 83.000000 70.000000
538711.100000 6583184.310000 58.680000 113.000000 89.000000 77.000000
538711.170000 6583184.060000 58.350000 104.000000 87.000000 69.000000
538711.110000 6583185.710000 60.160000 206.000000 130.000000 117.000000
538711.180000 6583185.470000 59.830000 198.000000 127.000000 107.000000
538711.250000 6583185.210000 59.500000 203.000000 130.000000 111.000000
538711.340000 6583184.910000 59.240000 113.000000 75.000000 66.000000
538711.400000 6583184.680000 58.790000 120.000000 86.000000 76.000000
538711.470000 6583184.420000 58.470000 119.000000 81.000000 72.000000
538711.660000 6583185.030000 58.990000 118.000000 75.000000 66.000000
538711.730000 6583184.790000 58.680000 118.000000 84.000000 75.000000
538711.810000 6583184.530000 58.330000 116.000000 82.000000 73.000000
538711.880000 6583184.240000 58.000000 116.000000 87.000000 73.000000
538705.190000 6583181.110000 60.090000 171.000000 127.000000 100.000000
538705.560000 6583180.880000 59.550000 174.000000 141.000000 98.000000
538705.620000 6583181.180000 59.800000 179.000000 128.000000 101.000000
538705.680000 6583181.430000 60.030000 181.000000 127.000000 103.000000
538705.900000 6583180.980000 59.370000 172.000000 128.000000 99.000000
538705.950000 6583181.230000 59.640000 191.000000 135.000000 110.000000
538706.010000 6583181.510000 59.860000 198.000000 125.000000 106.000000
538706.250000 6583181.150000 59.310000 191.000000 131.000000 107.000000
538706.300000 6583181.420000 59.480000 182.000000 126.000000 101.000000
538706.370000 6583181.690000 59.750000 200.000000 132.000000 113.000000
538706.630000 6583181.170000 59.010000 184.000000 137.000000 111.000000
538706.690000 6583181.450000 59.270000 193.000000 131.000000 110.000000
538706.750000 6583181.710000 59.490000 187.000000 126.000000 105.000000
538706.810000 6583181.980000 59.750000 197.000000 124.000000 109.000000
538707.050000 6583181.260000 58.740000 196.000000 124.000000 109.000000
538707.110000 6583181.530000 58.970000 183.000000 135.000000 112.000000
538707.170000 6583181.800000 59.200000 196.000000 127.000000 111.000000
538707.230000 6583182.080000 59.480000 196.000000 122.000000 109.000000
538707.290000 6583181.030000 58.280000 192.000000 115.000000 99.000000
538707.360000 6583181.300000 58.480000 201.000000 124.000000 108.000000
538707.410000 6583181.550000 58.710000 195.000000 127.000000 108.000000
538707.470000 6583181.840000 58.980000 191.000000 118.000000 103.000000
538707.530000 6583182.130000 59.250000 198.000000 126.000000 112.000000
538707.590000 6583182.390000 59.510000 195.000000 126.000000 111.000000
538707.630000 6583181.230000 58.220000 201.000000 125.000000 111.000000
538707.690000 6583181.500000 58.490000 199.000000 121.000000 108.000000
538707.750000 6583181.760000 58.730000 197.000000 124.000000 109.000000
538707.810000 6583182.030000 58.970000 179.000000 113.000000 97.000000
538707.860000 6583182.270000 59.340000 178.000000 117.000000 99.000000
538707.920000 6583182.550000 59.590000 198.000000 129.000000 114.000000
538708.000000 6583181.140000 57.870000 203.000000 126.000000 110.000000
538708.060000 6583181.450000 58.080000 207.000000 135.000000 120.000000
538708.120000 6583181.710000 58.320000 197.000000 123.000000 110.000000
538708.180000 6583181.970000 58.560000 179.000000 113.000000 97.000000
538708.240000 6583182.270000 58.830000 203.000000 140.000000 122.000000
538708.290000 6583182.490000 59.560000 195.000000 130.000000 112.000000
538708.360000 6583182.790000 59.410000 183.000000 117.000000 93.000000
538708.660000 6583182.250000 58.500000 173.000000 117.000000 92.000000
538708.720000 6583182.550000 58.720000 190.000000 138.000000 114.000000
538708.780000 6583182.800000 58.920000 193.000000 143.000000 120.000000
538708.840000 6583183.060000 59.150000 240.000000 194.000000 178.000000
538709.180000 6583183.200000 59.070000 184.000000 127.000000 108.000000
538709.240000 6583183.450000 59.290000 180.000000 122.000000 102.000000
538705.130000 6583180.810000 59.870000 182.000000 116.000000 100.000000
538705.320000 6583181.130000 60.090000 190.000000 137.000000 106.000000
538705.380000 6583180.910000 59.740000 190.000000 133.000000 106.000000
538705.560000 6583181.220000 59.950000 187.000000 127.000000 103.000000
538705.620000 6583180.980000 59.620000 182.000000 133.000000 103.000000
538705.870000 6583181.440000 59.950000 198.000000 127.000000 109.000000
538705.950000 6583181.170000 59.570000 181.000000 140.000000 110.000000
538706.020000 6583180.900000 59.230000 181.000000 136.000000 107.000000
538706.220000 6583181.580000 59.800000 187.000000 119.000000 98.000000
538706.290000 6583181.330000 59.440000 181.000000 130.000000 103.000000
538706.370000 6583181.050000 59.110000 189.000000 131.000000 107.000000
538706.470000 6583181.810000 59.790000 194.000000 127.000000 108.000000
538706.540000 6583181.530000 59.430000 191.000000 135.000000 112.000000
538706.610000 6583181.280000 59.160000 191.000000 141.000000 116.000000
538706.680000 6583181.040000 58.780000 179.000000 127.000000 103.000000
538706.890000 6583181.290000 58.850000 188.000000 134.000000 110.000000
538706.960000 6583181.040000 58.600000 204.000000 122.000000 110.000000
538707.130000 6583181.980000 59.480000 200.000000 122.000000 109.000000
538707.200000 6583181.740000 59.100000 196.000000 127.000000 111.000000
538707.270000 6583181.490000 58.790000 194.000000 132.000000 111.000000
538707.340000 6583181.220000 58.480000 201.000000 124.000000 108.000000
538707.440000 6583182.270000 59.580000 193.000000 121.000000 107.000000
538707.510000 6583182.020000 59.240000 193.000000 119.000000 106.000000
538707.580000 6583181.770000 58.880000 189.000000 126.000000 108.000000
538707.650000 6583181.510000 58.530000 191.000000 118.000000 103.000000
538707.730000 6583181.250000 58.190000 197.000000 124.000000 109.000000
538707.690000 6583182.370000 59.470000 190.000000 123.000000 106.000000
538707.750000 6583182.120000 59.130000 184.000000 121.000000 104.000000
538707.830000 6583181.840000 58.760000 200.000000 118.000000 107.000000
538707.910000 6583181.580000 58.410000 204.000000 131.000000 116.000000
538707.980000 6583181.330000 58.080000 196.000000 127.000000 111.000000
538707.870000 6583182.540000 59.600000 200.000000 128.000000 113.000000
538707.950000 6583182.260000 59.390000 195.000000 134.000000 116.000000
538708.000000 6583182.050000 58.800000 174.000000 115.000000 97.000000
538708.070000 6583181.810000 58.490000 196.000000 118.000000 106.000000
538708.140000 6583181.560000 58.150000 190.000000 114.000000 100.000000
538708.130000 6583182.670000 59.610000 199.000000 130.000000 114.000000
538708.210000 6583182.380000 59.610000 200.000000 135.000000 117.000000
538708.260000 6583182.200000 58.790000 203.000000 140.000000 122.000000
538708.340000 6583181.920000 58.450000 188.000000 133.000000 112.000000
538708.380000 6583182.900000 59.400000 195.000000 129.000000 107.000000
538708.530000 6583182.390000 58.730000 202.000000 144.000000 124.000000
538708.600000 6583182.120000 58.440000 197.000000 136.000000 115.000000
538708.580000 6583183.030000 59.410000 194.000000 143.000000 124.000000
538708.650000 6583182.790000 59.120000 185.000000 137.000000 114.000000
538708.720000 6583182.540000 58.740000 190.000000 138.000000 114.000000
538708.850000 6583182.950000 59.060000 213.000000 162.000000 145.000000
538709.140000 6583183.230000 59.130000 184.000000 127.000000 108.000000
538704.770000 6583180.890000 60.280000 191.000000 136.000000 105.000000
538705.240000 6583181.360000 60.360000 172.000000 140.000000 101.000000
538705.740000 6583181.680000 60.300000 190.000000 134.000000 111.000000
538706.080000 6583181.810000 60.130000 169.000000 128.000000 100.000000
538706.140000 6583182.070000 60.390000 193.000000 135.000000 115.000000
538706.430000 6583181.970000 59.940000 192.000000 127.000000 107.000000
538706.480000 6583182.220000 60.270000 189.000000 126.000000 108.000000
538706.550000 6583182.500000 60.510000 193.000000 121.000000 106.000000
538706.870000 6583182.260000 60.020000 202.000000 129.000000 114.000000
538706.930000 6583182.520000 60.290000 201.000000 129.000000 115.000000
538707.290000 6583182.360000 59.750000 194.000000 118.000000 104.000000
538707.350000 6583182.610000 59.980000 199.000000 123.000000 109.000000
538707.410000 6583182.880000 60.210000 194.000000 122.000000 107.000000
538707.480000 6583183.180000 60.450000 201.000000 126.000000 107.000000
538707.660000 6583182.680000 59.760000 198.000000 125.000000 106.000000
538707.720000 6583182.980000 59.980000 199.000000 125.000000 112.000000
538707.780000 6583183.220000 60.220000 192.000000 120.000000 106.000000
538707.830000 6583183.460000 60.580000 198.000000 132.000000 108.000000
538707.990000 6583182.860000 59.700000 200.000000 124.000000 111.000000
538708.050000 6583183.120000 59.920000 197.000000 125.000000 110.000000
538708.110000 6583183.400000 60.150000 197.000000 136.000000 108.000000
538708.180000 6583183.680000 60.440000 180.000000 124.000000 101.000000
538708.240000 6583183.960000 60.680000 127.000000 82.000000 77.000000
538708.420000 6583183.090000 59.520000 194.000000 132.000000 111.000000
538708.490000 6583183.370000 59.790000 207.000000 132.000000 113.000000
538708.540000 6583183.630000 60.040000 208.000000 135.000000 120.000000
538708.600000 6583183.890000 60.260000 84.000000 54.000000 43.000000
538708.670000 6583184.170000 60.510000 206.000000 129.000000 113.000000
538708.900000 6583183.340000 59.400000 205.000000 146.000000 128.000000
538708.960000 6583183.600000 59.610000 197.000000 139.000000 119.000000
538709.020000 6583183.870000 59.860000 196.000000 134.000000 113.000000
538709.080000 6583184.150000 60.090000 198.000000 127.000000 109.000000
538709.130000 6583184.410000 60.350000 185.000000 119.000000 97.000000
538709.190000 6583184.660000 60.610000 193.000000 125.000000 104.000000
538709.300000 6583183.750000 59.520000 192.000000 136.000000 111.000000
538709.360000 6583184.020000 59.780000 206.000000 142.000000 117.000000
538709.420000 6583184.260000 60.030000 202.000000 134.000000 115.000000
538709.480000 6583184.540000 60.270000 211.000000 143.000000 124.000000
538709.540000 6583184.840000 60.520000 181.000000 109.000000 94.000000
538709.630000 6583184.130000 59.670000 213.000000 141.000000 126.000000
538709.700000 6583184.420000 59.900000 173.000000 111.000000 96.000000
538709.750000 6583184.670000 60.150000 133.000000 74.000000 66.000000
538709.810000 6583184.950000 60.390000 189.000000 121.000000 108.000000
538709.870000 6583185.200000 60.660000 192.000000 116.000000 102.000000
538704.720000 6583180.930000 60.240000 191.000000 132.000000 102.000000
538705.250000 6583181.380000 60.400000 172.000000 140.000000 101.000000
538705.480000 6583181.480000 60.310000 173.000000 136.000000 107.000000
538705.800000 6583181.680000 60.300000 187.000000 131.000000 108.000000
538706.090000 6583182.080000 60.470000 188.000000 130.000000 110.000000
538706.150000 6583181.820000 60.130000 181.000000 131.000000 106.000000
538706.330000 6583182.310000 60.490000 194.000000 122.000000 107.000000
538706.390000 6583182.080000 60.150000 191.000000 133.000000 113.000000
538706.610000 6583182.300000 60.280000 190.000000 123.000000 106.000000
538706.680000 6583182.040000 59.910000 183.000000 120.000000 102.000000
538706.990000 6583182.490000 60.120000 203.000000 129.000000 116.000000
538707.060000 6583182.240000 59.790000 201.000000 123.000000 110.000000
538707.230000 6583183.030000 60.560000 190.000000 120.000000 108.000000
538707.300000 6583182.780000 60.220000 197.000000 119.000000 106.000000
538707.370000 6583182.540000 59.910000 201.000000 125.000000 109.000000
538707.470000 6583183.140000 60.440000 201.000000 126.000000 107.000000
538707.540000 6583182.900000 60.110000 199.000000 128.000000 110.000000
538707.620000 6583182.630000 59.810000 198.000000 125.000000 106.000000
538707.640000 6583183.350000 60.510000 199.000000 121.000000 108.000000
538707.710000 6583183.090000 60.170000 201.000000 127.000000 116.000000
538707.790000 6583182.820000 59.810000 201.000000 128.000000 113.000000
538707.910000 6583183.440000 60.570000 208.000000 147.000000 119.000000
538707.980000 6583183.230000 60.150000 184.000000 119.000000 99.000000
538708.050000 6583182.980000 59.800000 186.000000 114.000000 99.000000
538708.180000 6583183.660000 60.420000 180.000000 124.000000 101.000000
538708.240000 6583183.430000 60.100000 199.000000 131.000000 108.000000
538708.310000 6583183.180000 59.730000 198.000000 133.000000 115.000000
538708.370000 6583183.820000 60.440000 102.000000 72.000000 64.000000
538708.440000 6583183.550000 60.080000 198.000000 127.000000 105.000000
538708.510000 6583183.290000 59.700000 188.000000 122.000000 106.000000
538708.510000 6583184.200000 60.700000 198.000000 122.000000 106.000000
538708.580000 6583183.930000 60.420000 36.000000 6.000000 0.000000
538708.650000 6583183.690000 60.090000 213.000000 135.000000 115.000000
538708.710000 6583183.450000 59.750000 196.000000 134.000000 113.000000
538708.780000 6583183.200000 59.420000 190.000000 138.000000 127.000000
538708.850000 6583184.270000 60.460000 200.000000 132.000000 113.000000
538708.920000 6583184.020000 60.090000 196.000000 124.000000 109.000000
538709.000000 6583183.750000 59.790000 206.000000 144.000000 123.000000
538709.070000 6583183.500000 59.410000 195.000000 143.000000 122.000000
538709.150000 6583184.480000 60.480000 185.000000 119.000000 97.000000
538709.220000 6583184.240000 60.170000 211.000000 145.000000 123.000000
538709.290000 6583183.990000 59.840000 207.000000 142.000000 120.000000
538709.360000 6583183.720000 59.490000 192.000000 136.000000 111.000000
538709.370000 6583184.700000 60.510000 199.000000 127.000000 112.000000
538709.450000 6583184.430000 60.180000 209.000000 141.000000 120.000000
538709.520000 6583184.150000 59.810000 203.000000 135.000000 116.000000
538709.560000 6583185.010000 60.690000 197.000000 123.000000 110.000000
538709.640000 6583184.750000 60.380000 130.000000 66.000000 56.000000
538709.700000 6583184.520000 60.050000 153.000000 91.000000 76.000000
538709.930000 6583185.150000 60.570000 195.000000 119.000000 106.000000
538710.290000 6583185.390000 60.600000 202.000000 125.000000 109.000000
538710.000000 6583184.900000 60.260000 179.000000 113.000000 101.000000
538710.210000 6583185.520000 60.850000 198.000000 130.000000 109.000000
538710.280000 6583185.290000 60.580000 200.000000 123.000000 107.000000
538711.530000 6583185.610000 59.650000 196.000000 125.000000 107.000000
538711.590000 6583185.860000 59.910000 180.000000 115.000000 93.000000
538711.650000 6583186.130000 60.170000 192.000000 129.000000 112.000000
538711.710000 6583186.410000 60.390000 196.000000 124.000000 109.000000
538711.800000 6583185.260000 59.060000 182.000000 115.000000 96.000000
538711.870000 6583185.540000 59.290000 166.000000 103.000000 85.000000
538711.920000 6583185.810000 59.570000 197.000000 128.000000 112.000000
538711.980000 6583186.080000 59.820000 198.000000 126.000000 112.000000
538712.040000 6583186.360000 60.050000 196.000000 120.000000 106.000000
538712.110000 6583186.630000 60.300000 203.000000 130.000000 113.000000
538711.940000 6583184.850000 58.550000 113.000000 86.000000 77.000000
538712.010000 6583185.150000 58.750000 127.000000 72.000000 67.000000
538712.070000 6583185.420000 59.010000 183.000000 120.000000 103.000000
538712.130000 6583185.690000 59.250000 198.000000 130.000000 111.000000
538712.190000 6583185.980000 59.520000 202.000000 131.000000 113.000000
538712.250000 6583186.250000 59.730000 191.000000 118.000000 101.000000
538712.300000 6583186.500000 60.050000 199.000000 126.000000 109.000000
538712.370000 6583186.790000 60.210000 196.000000 123.000000 106.000000
538712.430000 6583187.080000 60.420000 185.000000 112.000000 95.000000
538712.080000 6583184.470000 58.010000 118.000000 86.000000 75.000000
538712.140000 6583184.730000 58.200000 114.000000 80.000000 68.000000
538712.200000 6583185.010000 58.480000 126.000000 82.000000 79.000000
538712.260000 6583185.280000 58.700000 93.000000 68.000000 63.000000
538712.320000 6583185.560000 58.950000 157.000000 111.000000 95.000000
538712.380000 6583185.820000 59.210000 199.000000 126.000000 109.000000
538712.440000 6583186.090000 59.420000 189.000000 116.000000 99.000000
538712.500000 6583186.340000 59.640000 195.000000 122.000000 105.000000
538712.550000 6583186.600000 59.870000 198.000000 125.000000 108.000000
538712.620000 6583186.910000 60.150000 199.000000 123.000000 107.000000
538712.670000 6583187.150000 60.390000 204.000000 128.000000 112.000000
538712.730000 6583187.410000 60.630000 203.000000 127.000000 113.000000
538712.560000 6583185.190000 58.380000 45.000000 39.000000 41.000000
538712.620000 6583185.490000 58.630000 152.000000 105.000000 89.000000
538712.680000 6583185.750000 58.880000 199.000000 126.000000 109.000000
538712.740000 6583185.990000 59.090000 199.000000 126.000000 109.000000
538712.800000 6583186.290000 59.360000 192.000000 119.000000 102.000000
538712.860000 6583186.560000 59.580000 193.000000 120.000000 103.000000
538712.920000 6583186.820000 59.830000 204.000000 128.000000 112.000000
538712.980000 6583187.100000 60.100000 203.000000 127.000000 111.000000
538713.040000 6583187.390000 60.320000 192.000000 116.000000 100.000000
538713.100000 6583187.630000 60.600000 203.000000 130.000000 115.000000
538713.220000 6583186.530000 59.260000 201.000000 128.000000 113.000000
538713.270000 6583186.790000 59.510000 201.000000 128.000000 113.000000
538713.340000 6583187.070000 59.750000 199.000000 126.000000 109.000000
538713.400000 6583187.360000 60.030000 203.000000 130.000000 113.000000
538713.460000 6583187.630000 60.260000 202.000000 129.000000 112.000000
538713.510000 6583187.880000 60.510000 193.000000 122.000000 104.000000
538713.640000 6583187.390000 59.820000 200.000000 128.000000 113.000000
538713.700000 6583187.660000 60.080000 186.000000 114.000000 99.000000
538713.760000 6583187.950000 60.330000 196.000000 127.000000 111.000000
538713.820000 6583188.210000 60.570000 202.000000 130.000000 115.000000
538714.070000 6583188.140000 60.260000 192.000000 121.000000 103.000000
538714.130000 6583188.390000 60.610000 202.000000 129.000000 112.000000
538711.380000 6583186.050000 60.320000 83.000000 55.000000 41.000000
538711.450000 6583185.790000 59.950000 201.000000 125.000000 109.000000
538711.660000 6583186.110000 60.170000 192.000000 129.000000 112.000000
538711.730000 6583185.840000 59.790000 175.000000 120.000000 100.000000
538711.810000 6583185.560000 59.440000 166.000000 103.000000 85.000000
538711.880000 6583185.320000 59.120000 200.000000 132.000000 109.000000
538711.940000 6583185.080000 58.770000 137.000000 84.000000 80.000000
538712.020000 6583184.790000 58.440000 103.000000 73.000000 62.000000
538712.090000 6583184.530000 58.120000 121.000000 87.000000 77.000000
538712.160000 6583184.290000 57.820000 111.000000 83.000000 71.000000
538711.830000 6583186.360000 60.290000 203.000000 127.000000 114.000000
538711.900000 6583186.090000 59.960000 198.000000 126.000000 112.000000
538711.970000 6583185.840000 59.570000 197.000000 128.000000 112.000000
538712.040000 6583185.590000 59.250000 192.000000 124.000000 103.000000
538712.180000 6583185.080000 58.590000 126.000000 82.000000 79.000000
538712.250000 6583184.820000 58.250000 110.000000 81.000000 73.000000
538712.090000 6583186.640000 60.360000 196.000000 123.000000 108.000000
538712.230000 6583186.150000 59.750000 189.000000 116.000000 99.000000
538712.300000 6583185.880000 59.400000 199.000000 126.000000 109.000000
538712.360000 6583185.650000 59.100000 189.000000 126.000000 109.000000
538712.430000 6583185.420000 58.770000 137.000000 106.000000 88.000000
538712.500000 6583185.130000 58.410000 45.000000 39.000000 41.000000
538712.390000 6583186.920000 60.410000 198.000000 125.000000 108.000000
538712.460000 6583186.670000 60.100000 198.000000 125.000000 108.000000
538712.530000 6583186.420000 59.730000 197.000000 124.000000 107.000000
538712.600000 6583186.160000 59.410000 198.000000 125.000000 108.000000
538712.670000 6583185.920000 59.070000 199.000000 126.000000 109.000000
538712.740000 6583185.660000 58.710000 196.000000 125.000000 107.000000
538712.630000 6583187.070000 60.350000 202.000000 126.000000 110.000000
538712.700000 6583186.820000 60.040000 194.000000 118.000000 102.000000
538712.770000 6583186.540000 59.670000 190.000000 117.000000 100.000000
538712.840000 6583186.300000 59.310000 192.000000 119.000000 102.000000
538712.910000 6583186.060000 59.020000 193.000000 120.000000 103.000000
538712.860000 6583187.190000 60.350000 202.000000 126.000000 110.000000
538712.930000 6583186.940000 59.980000 208.000000 132.000000 116.000000
538713.000000 6583186.680000 59.640000 204.000000 131.000000 114.000000
538713.070000 6583186.420000 59.280000 202.000000 129.000000 114.000000
538713.130000 6583187.570000 60.550000 205.000000 129.000000 115.000000
538713.200000 6583187.330000 60.190000 193.000000 117.000000 101.000000
538713.280000 6583187.050000 59.830000 188.000000 115.000000 98.000000
538713.350000 6583186.800000 59.490000 195.000000 122.000000 107.000000
538713.460000 6583187.790000 60.510000 199.000000 126.000000 109.000000
538713.520000 6583187.560000 60.170000 199.000000 126.000000 109.000000
538713.590000 6583187.290000 59.820000 202.000000 129.000000 112.000000
538713.660000 6583188.140000 60.700000 195.000000 123.000000 108.000000
538713.730000 6583187.900000 60.360000 196.000000 127.000000 111.000000
538713.800000 6583187.640000 59.940000 200.000000 128.000000 113.000000
538713.970000 6583188.090000 60.370000 201.000000 129.000000 114.000000
538714.270000 6583188.410000 60.490000 201.000000 128.000000 111.000000
538707.390000 6583187.690000 59.690000 193.000000 145.000000 125.000000
538707.600000 6583187.230000 59.790000 194.000000 149.000000 128.000000
538707.670000 6583187.570000 59.600000 187.000000 141.000000 125.000000
538707.910000 6583186.930000 59.760000 121.000000 101.000000 92.000000
538708.000000 6583187.310000 59.540000 201.000000 139.000000 126.000000
538708.070000 6583187.630000 59.330000 202.000000 143.000000 127.000000
538708.140000 6583187.970000 59.120000 74.000000 64.000000 63.000000
538708.190000 6583186.390000 59.860000 62.000000 48.000000 45.000000
538708.260000 6583186.710000 59.650000 50.000000 31.000000 27.000000
538708.340000 6583187.070000 59.400000 185.000000 136.000000 129.000000
538708.420000 6583187.420000 59.220000 63.000000 48.000000 41.000000
538708.500000 6583187.770000 58.960000 62.000000 57.000000 54.000000
538708.560000 6583188.080000 58.810000 65.000000 55.000000 53.000000
538708.790000 6583187.750000 58.840000 63.000000 59.000000 60.000000
538708.860000 6583188.090000 58.660000 68.000000 59.000000 62.000000
538708.940000 6583188.430000 58.490000 61.000000 57.000000 54.000000
538708.900000 6583186.940000 59.150000 67.000000 57.000000 55.000000
538708.970000 6583187.270000 58.990000 48.000000 38.000000 39.000000
538709.050000 6583187.600000 58.760000 48.000000 42.000000 42.000000
538709.130000 6583187.950000 58.550000 56.000000 52.000000 49.000000
538709.200000 6583188.290000 58.350000 63.000000 57.000000 57.000000
538709.280000 6583188.620000 58.190000 61.000000 52.000000 55.000000
538709.560000 6583188.180000 58.260000 64.000000 54.000000 53.000000
538709.640000 6583188.550000 58.070000 54.000000 53.000000 51.000000
538709.720000 6583188.890000 57.890000 44.000000 44.000000 44.000000
538707.330000 6583187.600000 59.760000 193.000000 145.000000 125.000000
538707.420000 6583187.260000 59.870000 194.000000 149.000000 128.000000
538707.520000 6583187.770000 59.560000 197.000000 146.000000 127.000000
538707.610000 6583187.450000 59.670000 189.000000 146.000000 127.000000
538707.700000 6583187.120000 59.780000 180.000000 131.000000 117.000000
538707.790000 6583186.800000 59.870000 39.000000 32.000000 39.000000
538707.900000 6583187.740000 59.390000 203.000000 146.000000 126.000000
538707.980000 6583187.440000 59.500000 202.000000 145.000000 126.000000
538708.160000 6583186.780000 59.710000 67.000000 43.000000 39.000000
538708.340000 6583187.430000 59.220000 95.000000 64.000000 59.000000
538708.430000 6583187.120000 59.340000 179.000000 126.000000 120.000000
538708.520000 6583186.790000 59.450000 65.000000 51.000000 48.000000
538708.610000 6583186.460000 59.560000 75.000000 51.000000 51.000000
538708.460000 6583188.010000 58.920000 67.000000 56.000000 52.000000
538708.550000 6583187.690000 58.970000 61.000000 56.000000 52.000000
538708.640000 6583187.360000 59.110000 69.000000 57.000000 57.000000
538708.730000 6583187.050000 59.200000 47.000000 38.000000 33.000000
538708.820000 6583186.730000 59.330000 70.000000 54.000000 57.000000
538708.710000 6583188.100000 58.740000 60.000000 56.000000 55.000000
538708.810000 6583187.760000 58.850000 63.000000 54.000000 55.000000
538708.890000 6583187.450000 58.940000 53.000000 51.000000 52.000000
538708.980000 6583187.130000 59.050000 63.000000 49.000000 46.000000
538709.070000 6583188.260000 58.470000 63.000000 53.000000 54.000000
538709.170000 6583187.910000 58.540000 56.000000 52.000000 49.000000
538709.260000 6583187.590000 58.670000 74.000000 60.000000 59.000000
538709.330000 6583188.720000 58.130000 63.000000 54.000000 57.000000
538709.420000 6583188.410000 58.220000 47.000000 47.000000 47.000000
538709.510000 6583188.090000 58.310000 44.000000 32.000000 32.000000
538709.640000 6583188.720000 58.010000 39.000000 37.000000 38.000000
538708.200000 6583189.930000 58.270000 76.000000 65.000000 61.000000
538708.940000 6583189.750000 57.960000 69.000000 61.000000 58.000000
538709.230000 6583189.730000 57.930000 73.000000 70.000000 63.000000
538708.630000 6583189.850000 58.050000 66.000000 58.000000 55.000000
538709.060000 6583189.710000 57.930000 67.000000 62.000000 58.000000
538709.380000 6583189.660000 57.950000 78.000000 75.000000 68.000000
538707.600000 6583190.040000 58.190000 91.000000 76.000000 69.000000
538707.670000 6583190.390000 58.030000 79.000000 65.000000 56.000000
538707.920000 6583190.110000 58.310000 79.000000 60.000000 53.000000
538708.000000 6583190.440000 58.080000 96.000000 75.000000 70.000000
538708.280000 6583190.280000 58.090000 69.000000 55.000000 52.000000
538708.350000 6583190.620000 57.980000 91.000000 72.000000 66.000000
538708.600000 6583190.030000 58.010000 72.000000 64.000000 61.000000
538708.670000 6583190.330000 57.900000 78.000000 73.000000 67.000000
538709.010000 6583190.060000 57.930000 68.000000 61.000000 55.000000
538707.630000 6583190.030000 58.150000 88.000000 71.000000 63.000000
538707.850000 6583190.230000 58.180000 95.000000 76.000000 69.000000
538708.010000 6583190.650000 58.010000 82.000000 62.000000 63.000000
538708.100000 6583190.330000 58.130000 88.000000 69.000000 63.000000
538708.190000 6583190.010000 58.220000 83.000000 70.000000 64.000000
538708.370000 6583190.800000 57.910000 87.000000 70.000000 63.000000
538708.460000 6583190.490000 57.980000 69.000000 54.000000 51.000000
538708.550000 6583190.160000 58.010000 67.000000 62.000000 58.000000
538708.980000 6583190.010000 57.920000 69.000000 61.000000 58.000000
538707.210000 6583188.330000 59.370000 207.000000 147.000000 123.000000
538707.290000 6583188.670000 59.100000 195.000000 142.000000 126.000000
538707.360000 6583188.990000 58.900000 66.000000 55.000000 51.000000
538707.440000 6583189.350000 58.630000 95.000000 78.000000 71.000000
538707.520000 6583189.700000 58.430000 84.000000 67.000000 60.000000
538707.470000 6583188.050000 59.500000 205.000000 147.000000 125.000000
538707.540000 6583188.380000 59.270000 164.000000 116.000000 102.000000
538707.620000 6583188.740000 59.060000 78.000000 63.000000 56.000000
538707.700000 6583189.110000 58.880000 62.000000 49.000000 43.000000
538707.780000 6583189.450000 58.670000 90.000000 77.000000 69.000000
538707.850000 6583189.770000 58.470000 85.000000 70.000000 63.000000
538707.750000 6583187.940000 59.350000 211.000000 150.000000 129.000000
538707.820000 6583188.250000 59.200000 66.000000 50.000000 53.000000
538707.900000 6583188.580000 58.990000 69.000000 60.000000 55.000000
538707.970000 6583188.910000 58.820000 70.000000 61.000000 56.000000
538708.050000 6583189.260000 58.630000 76.000000 68.000000 65.000000
538708.130000 6583189.610000 58.450000 79.000000 69.000000 67.000000
538708.220000 6583188.330000 58.890000 81.000000 63.000000 59.000000
538708.300000 6583188.700000 58.700000 69.000000 57.000000 57.000000
538708.370000 6583189.000000 58.540000 67.000000 59.000000 57.000000
538708.450000 6583189.350000 58.340000 74.000000 64.000000 63.000000
538708.530000 6583189.700000 58.180000 61.000000 51.000000 50.000000
538708.650000 6583188.440000 58.620000 59.000000 53.000000 53.000000
538708.720000 6583188.770000 58.430000 61.000000 58.000000 53.000000
538708.790000 6583189.080000 58.250000 62.000000 51.000000 49.000000
538708.860000 6583189.420000 58.060000 67.000000 57.000000 55.000000
538709.010000 6583188.750000 58.290000 58.000000 59.000000 54.000000
538709.080000 6583189.090000 58.120000 65.000000 60.000000 57.000000
538709.160000 6583189.430000 57.990000 72.000000 64.000000 61.000000
538709.350000 6583188.980000 58.020000 62.000000 63.000000 58.000000
538709.420000 6583189.290000 57.950000 66.000000 62.000000 59.000000
538707.230000 6583187.940000 59.640000 193.000000 142.000000 125.000000
538707.250000 6583188.770000 58.970000 157.000000 111.000000 98.000000
538707.350000 6583188.400000 59.360000 211.000000 154.000000 135.000000
538707.440000 6583188.070000 59.490000 205.000000 147.000000 125.000000
538707.330000 6583189.800000 58.210000 67.000000 50.000000 43.000000
538707.430000 6583189.440000 58.580000 92.000000 75.000000 68.000000
538707.540000 6583189.060000 58.960000 72.000000 59.000000 53.000000
538707.630000 6583188.730000 59.120000 78.000000 63.000000 56.000000
538707.710000 6583188.420000 59.190000 68.000000 57.000000 61.000000
538707.800000 6583188.090000 59.300000 118.000000 81.000000 75.000000
538707.720000 6583189.680000 58.510000 84.000000 70.000000 61.000000
538707.820000 6583189.330000 58.720000 65.000000 54.000000 48.000000
538707.910000 6583189.000000 58.790000 70.000000 61.000000 56.000000
538708.000000 6583188.680000 58.860000 58.000000 53.000000 47.000000
538708.080000 6583188.380000 58.970000 72.000000 61.000000 59.000000
538707.940000 6583189.910000 58.410000 86.000000 71.000000 64.000000
538708.040000 6583189.550000 58.500000 80.000000 71.000000 66.000000
538708.120000 6583189.250000 58.580000 67.000000 59.000000 56.000000
538708.210000 6583188.950000 58.650000 74.000000 66.000000 64.000000
538708.300000 6583188.620000 58.760000 78.000000 64.000000 63.000000
538708.380000 6583188.310000 58.810000 78.000000 60.000000 56.000000
538708.280000 6583189.690000 58.330000 71.000000 63.000000 61.000000
538708.360000 6583189.370000 58.390000 72.000000 64.000000 62.000000
538708.450000 6583189.060000 58.470000 64.000000 54.000000 53.000000
538708.540000 6583188.740000 58.580000 66.000000 55.000000 53.000000
538708.620000 6583188.430000 58.660000 59.000000 53.000000 53.000000
538708.720000 6583189.550000 58.100000 73.000000 61.000000 61.000000
538708.810000 6583189.200000 58.200000 70.000000 60.000000 59.000000
538708.900000 6583188.890000 58.290000 60.000000 56.000000 53.000000
538708.980000 6583188.590000 58.360000 59.000000 55.000000 52.000000
538709.150000 6583189.380000 57.980000 61.000000 53.000000 50.000000
538709.250000 6583189.040000 58.050000 62.000000 61.000000 57.000000
538709.460000 6583189.380000 57.880000 64.000000 60.000000 57.000000
538709.540000 6583189.080000 57.920000 58.000000 57.000000 55.000000
538709.800000 6583189.050000 57.590000 45.000000 41.000000 42.000000
538705.110000 6583188.150000 58.180000 178.000000 155.000000 114.000000
538705.490000 6583188.250000 58.330000 177.000000 148.000000 114.000000
538705.570000 6583188.590000 58.230000 202.000000 156.000000 133.000000
538705.830000 6583188.160000 58.660000 163.000000 145.000000 109.000000
538705.900000 6583188.470000 58.720000 179.000000 153.000000 116.000000
538705.960000 6583188.740000 58.910000 163.000000 129.000000 102.000000
538706.070000 6583188.020000 58.920000 174.000000 140.000000 112.000000
538706.140000 6583188.320000 58.860000 182.000000 156.000000 123.000000
538706.200000 6583188.620000 58.990000 205.000000 161.000000 126.000000
538706.280000 6583188.950000 58.960000 64.000000 53.000000 51.000000
538706.330000 6583187.900000 59.130000 198.000000 133.000000 111.000000
538706.410000 6583188.240000 58.970000 187.000000 139.000000 116.000000
538706.470000 6583188.530000 58.980000 204.000000 148.000000 121.000000
538706.540000 6583188.850000 58.900000 153.000000 109.000000 96.000000
538706.620000 6583189.200000 58.570000 88.000000 70.000000 66.000000
538706.720000 6583188.000000 59.330000 189.000000 139.000000 114.000000
538706.800000 6583188.360000 59.050000 194.000000 138.000000 115.000000
538706.870000 6583188.680000 58.870000 189.000000 141.000000 118.000000
538706.950000 6583189.030000 58.610000 57.000000 41.000000 28.000000
538707.030000 6583189.390000 58.380000 84.000000 70.000000 61.000000
538707.110000 6583189.740000 58.120000 83.000000 70.000000 64.000000
538707.130000 6583187.950000 59.610000 186.000000 140.000000 117.000000
538705.390000 6583188.290000 58.290000 176.000000 152.000000 114.000000
538705.720000 6583188.530000 58.620000 192.000000 153.000000 120.000000
538705.800000 6583188.240000 58.550000 168.000000 150.000000 112.000000
538705.890000 6583187.900000 58.880000 161.000000 136.000000 106.000000
538705.980000 6583188.570000 58.860000 179.000000 149.000000 113.000000
538706.060000 6583188.290000 58.770000 175.000000 152.000000 118.000000
538706.160000 6583187.930000 58.990000 183.000000 133.000000 108.000000
538706.150000 6583188.770000 58.970000 193.000000 153.000000 128.000000
538706.230000 6583188.460000 58.960000 192.000000 153.000000 122.000000
538706.320000 6583188.160000 58.940000 187.000000 139.000000 116.000000
538706.420000 6583187.790000 59.330000 197.000000 137.000000 111.000000
538706.410000 6583188.900000 58.920000 77.000000 49.000000 46.000000
538706.490000 6583188.610000 58.990000 208.000000 144.000000 117.000000
538706.570000 6583188.320000 59.020000 190.000000 138.000000 116.000000
538706.670000 6583187.950000 59.280000 195.000000 139.000000 116.000000
538706.650000 6583189.200000 58.510000 88.000000 70.000000 66.000000
538706.740000 6583188.860000 58.730000 186.000000 145.000000 123.000000
538706.840000 6583188.520000 58.970000 196.000000 144.000000 120.000000
538706.930000 6583188.180000 59.300000 200.000000 150.000000 123.000000
538707.040000 6583187.780000 59.700000 190.000000 141.000000 124.000000
538706.850000 6583189.350000 58.370000 67.000000 45.000000 48.000000
538706.930000 6583189.030000 58.660000 57.000000 41.000000 28.000000
538707.030000 6583188.680000 58.940000 204.000000 145.000000 127.000000
538707.140000 6583188.290000 59.320000 198.000000 144.000000 118.000000
538707.040000 6583189.510000 58.250000 69.000000 60.000000 53.000000
538707.150000 6583189.140000 58.610000 92.000000 78.000000 75.000000
