536079.890000 6581472.170000 56.050000 209.000000 214.000000 192.000000 193.000000 0.304993
536079.760000 6581471.490000 56.130000 213.000000 229.000000 219.000000 197.000000 0.334320
536079.680000 6581471.790000 55.980000 215.000000 227.000000 227.000000 184.000000 0.328323
536081.330000 6581473.460000 57.260000 27.000000 27.000000 35.000000 25.000000 0.550980
536081.170000 6581474.400000 56.790000 32.000000 36.000000 39.000000 40.000000 0.345322
536080.950000 6581473.490000 56.490000 30.000000 35.000000 38.000000 23.000000 0.526978
536080.710000 6581472.520000 56.720000 73.000000 79.000000 79.000000 58.000000 0.341980
536080.800000 6581474.520000 56.420000 26.000000 32.000000 32.000000 33.000000 0.417648
536080.710000 6581474.180000 56.410000 31.000000 42.000000 46.000000 39.000000 0.473648
536080.630000 6581473.840000 56.420000 63.000000 73.000000 72.000000 56.000000 0.429321
536080.540000 6581473.490000 56.450000 67.000000 79.000000 79.000000 63.000000 0.446320
536080.170000 6581471.990000 56.280000 74.000000 86.000000 82.000000 66.000000 0.353989
536080.510000 6581474.330000 56.150000 191.000000 202.000000 186.000000 175.000000 0.323654
536080.320000 6581473.600000 56.160000 193.000000 204.000000 190.000000 181.000000 0.339661
536081.180000 6581475.120000 56.620000 39.000000 37.000000 40.000000 36.000000 0.288986
536081.030000 6581475.690000 56.260000 34.000000 43.000000 42.000000 31.000000 0.317322
536080.950000 6581476.010000 56.190000 189.000000 202.000000 185.000000 178.000000 0.354980
536081.400000 6581472.670000 57.410000 28.000000 31.000000 38.000000 24.000000 0.283325
536081.240000 6581473.260000 57.160000 28.000000 31.000000 38.000000 24.000000 0.336319
536081.180000 6581473.500000 56.890000 28.000000 33.000000 39.000000 29.000000 0.520645
536080.950000 6581474.410000 56.480000 33.000000 31.000000 36.000000 36.000000 0.395981
536080.870000 6581474.690000 56.370000 24.000000 33.000000 32.000000 34.000000 0.300995
536081.200000 6581472.380000 57.400000 74.000000 82.000000 85.000000 61.000000 0.318985
536081.130000 6581472.650000 57.160000 50.000000 58.000000 61.000000 46.000000 0.294327
536081.050000 6581472.980000 57.080000 53.000000 58.000000 62.000000 45.000000 0.321320
536080.900000 6581473.560000 56.790000 25.000000 30.000000 34.000000 25.000000 0.496658
536080.830000 6581473.840000 56.520000 26.000000 31.000000 34.000000 26.000000 0.473312
536080.740000 6581474.150000 56.470000 31.000000 42.000000 46.000000 39.000000 0.544647
536080.670000 6581474.440000 56.300000 150.000000 167.000000 157.000000 145.000000 0.323318
536080.600000 6581474.730000 56.120000 222.000000 229.000000 213.000000 202.000000 0.312988
536080.720000 6581473.200000 56.750000 82.000000 83.000000 87.000000 66.000000 0.293320
536080.650000 6581473.490000 56.560000 71.000000 75.000000 78.000000 61.000000 0.494644
536080.570000 6581473.790000 56.420000 82.000000 98.000000 95.000000 78.000000 0.423325
536080.510000 6581474.030000 56.190000 138.000000 152.000000 139.000000 129.000000 0.307983
536080.170000 6581472.210000 56.390000 98.000000 115.000000 105.000000 91.000000 0.296661
536080.110000 6581472.450000 56.140000 131.000000 147.000000 134.000000 120.000000 0.306992
536080.030000 6581471.620000 56.390000 77.000000 88.000000 82.000000 70.000000 0.307983
536080.750000 6581475.120000 56.300000 218.000000 231.000000 214.000000 207.000000 0.368652
536080.110000 6581472.000000 56.370000 74.000000 86.000000 82.000000 66.000000 0.348328
536080.510000 6581473.350000 56.410000 68.000000 80.000000 80.000000 65.000000 0.456985
536080.610000 6581473.670000 56.520000 78.000000 84.000000 82.000000 68.000000 0.530655
536080.720000 6581474.040000 56.500000 25.000000 34.000000 39.000000 32.000000 0.532654
536080.820000 6581474.390000 56.530000 43.000000 44.000000 46.000000 45.000000 0.508652
536080.800000 6581473.420000 56.730000 58.000000 59.000000 63.000000 44.000000 0.407654
536081.040000 6581474.220000 56.540000 34.000000 35.000000 37.000000 34.000000 0.562988
536081.110000 6581473.360000 57.000000 27.000000 32.000000 38.000000 27.000000 0.383987
536081.170000 6581473.550000 57.260000 28.000000 33.000000 39.000000 25.000000 0.398651
536081.320000 6581474.090000 56.820000 28.000000 31.000000 36.000000 25.000000 0.472992
536080.890000 6581471.550000 56.690000 70.000000 75.000000 79.000000 54.000000 0.376984
536080.960000 6581471.790000 56.930000 71.000000 76.000000 80.000000 53.000000 0.365982
536081.440000 6581473.390000 57.330000 36.000000 35.000000 41.000000 29.000000 0.368317
536081.490000 6581472.020000 57.230000 33.000000 38.000000 42.000000 29.000000 0.374649
536080.160000 6581472.930000 56.230000 210.000000 219.000000 200.000000 198.000000 0.326324
536080.470000 6581471.640000 56.760000 79.000000 83.000000 86.000000 66.000000 0.275986
536080.230000 6581473.590000 56.060000 217.000000 228.000000 212.000000 200.000000 0.304993
536080.570000 6581472.200000 56.730000 82.000000 87.000000 91.000000 67.000000 0.333984
536080.680000 6581471.740000 56.920000 74.000000 78.000000 81.000000 53.000000 0.337646
536080.740000 6581471.510000 56.610000 71.000000 75.000000 78.000000 54.000000 0.339661
536080.540000 6581473.780000 56.390000 82.000000 98.000000 95.000000 78.000000 0.374649
536080.640000 6581473.360000 56.540000 72.000000 76.000000 79.000000 61.000000 0.374649
536080.960000 6581472.020000 57.140000 74.000000 80.000000 80.000000 57.000000 0.338989
536080.550000 6581475.030000 56.050000 218.000000 222.000000 205.000000 196.000000 0.352661
536080.660000 6581474.570000 56.290000 176.000000 194.000000 180.000000 168.000000 0.275986
536080.770000 6581474.110000 56.550000 31.000000 42.000000 46.000000 39.000000 0.514984
536080.870000 6581473.710000 56.570000 27.000000 32.000000 35.000000 30.000000 0.465652
536081.330000 6581471.800000 56.960000 73.000000 81.000000 84.000000 61.000000 0.334320
536080.950000 6581474.450000 56.560000 33.000000 31.000000 36.000000 36.000000 0.340652
536081.020000 6581474.150000 56.390000 35.000000 37.000000 36.000000 31.000000 0.442993
536081.180000 6581473.460000 57.220000 28.000000 33.000000 39.000000 29.000000 0.410980
536081.470000 6581472.270000 57.480000 28.000000 31.000000 36.000000 21.000000 0.301987
536081.240000 6581474.190000 57.050000 27.000000 31.000000 32.000000 29.000000 0.443649
536081.360000 6581473.710000 57.320000 30.000000 30.000000 38.000000 17.000000 0.531311
536081.440000 6581473.360000 57.310000 36.000000 35.000000 41.000000 29.000000 0.399323
536081.670000 6581472.450000 57.720000 29.000000 32.000000 37.000000 25.000000 0.312988
536080.460000 6581471.170000 56.250000 70.000000 74.000000 77.000000 56.000000 0.347992
536081.540000 6581471.990000 57.270000 26.000000 31.000000 34.000000 21.000000 0.324661
536082.250000 6581474.550000 57.760000 32.000000 35.000000 42.000000 27.000000 0.378983
536081.980000 6581474.770000 57.550000 29.000000 32.000000 37.000000 26.000000 0.350327
536081.720000 6581473.730000 57.570000 30.000000 35.000000 39.000000 25.000000 0.321320
536081.680000 6581474.840000 57.170000 31.000000 34.000000 39.000000 29.000000 0.325653
536081.510000 6581474.150000 57.230000 29.000000 32.000000 39.000000 28.000000 0.494980
536081.430000 6581473.810000 57.300000 28.000000 32.000000 35.000000 24.000000 0.529312
536082.140000 6581473.960000 57.860000 27.000000 30.000000 37.000000 19.000000 0.319992
536082.060000 6581474.260000 57.730000 23.000000 26.000000 33.000000 15.000000 0.286652
536081.990000 6581474.550000 57.590000 31.000000 34.000000 39.000000 25.000000 0.302994
536081.830000 6581475.140000 57.290000 28.000000 31.000000 36.000000 23.000000 0.321991
536081.660000 6581474.700000 57.160000 24.000000 27.000000 32.000000 18.000000 0.306992
536081.490000 6581475.310000 56.870000 36.000000 37.000000 42.000000 32.000000 0.338654
536081.720000 6581473.070000 57.720000 35.000000 36.000000 41.000000 28.000000 0.321320
536081.640000 6581473.360000 57.570000 31.000000 32.000000 37.000000 25.000000 0.312317
536081.570000 6581473.650000 57.350000 28.000000 32.000000 33.000000 25.000000 0.389313
536081.480000 6581473.960000 57.250000 24.000000 27.000000 32.000000 22.000000 0.554977
536081.410000 6581474.240000 57.090000 30.000000 30.000000 38.000000 21.000000 0.464981
536081.540000 6581473.750000 57.350000 29.000000 35.000000 35.000000 30.000000 0.436325
536081.760000 6581473.690000 57.660000 28.000000 33.000000 37.000000 21.000000 0.370651
536082.050000 6581474.680000 57.760000 23.000000 26.000000 31.000000 18.000000 0.323654
536081.700000 6581473.880000 57.430000 26.000000 31.000000 35.000000 20.000000 0.323318
536081.850000 6581474.810000 57.450000 28.000000 31.000000 36.000000 22.000000 0.328323
536082.400000 6581472.010000 57.390000 27.000000 30.000000 35.000000 24.000000 0.361649
536083.000000 6581471.940000 57.510000 28.000000 31.000000 38.000000 20.000000 0.340988
536083.070000 6581472.180000 57.760000 25.000000 26.000000 31.000000 17.000000 0.383652
536083.270000 6581471.460000 57.250000 23.000000 26.000000 31.000000 17.000000 0.356323
536083.360000 6581471.750000 57.430000 29.000000 34.000000 38.000000 27.000000 0.328995
536083.440000 6581472.010000 57.570000 25.000000 28.000000 37.000000 19.000000 0.326324
536083.470000 6581471.270000 56.910000 26.000000 31.000000 37.000000 24.000000 0.357986
536083.670000 6581471.940000 57.750000 28.000000 31.000000 36.000000 17.000000 0.368988
536083.750000 6581472.220000 57.920000 24.000000 29.000000 35.000000 19.000000 0.368988
536083.720000 6581471.120000 56.850000 28.000000 33.000000 39.000000 22.000000 0.327652
536083.880000 6581471.650000 57.260000 25.000000 28.000000 35.000000 13.000000 0.343994
536084.010000 6581472.100000 57.900000 27.000000 32.000000 38.000000 25.000000 0.403656
536084.010000 6581470.930000 56.830000 28.000000 31.000000 38.000000 28.000000 0.405319
536084.150000 6581471.420000 57.370000 26.000000 29.000000 36.000000 24.000000 0.369324
536084.240000 6581471.720000 57.540000 29.000000 32.000000 39.000000 25.000000 0.376984
536084.390000 6581472.210000 58.040000 23.000000 28.000000 32.000000 21.000000 0.342651
536084.540000 6581471.420000 57.280000 28.000000 31.000000 38.000000 17.000000 0.347992
536084.760000 6581472.150000 58.060000 27.000000 30.000000 35.000000 20.000000 0.340652
536084.930000 6581471.750000 57.620000 14.000000 19.000000 25.000000 14.000000 0.350647
536085.000000 6581471.980000 57.970000 24.000000 29.000000 35.000000 19.000000 0.355988
536085.330000 6581472.110000 58.220000 34.000000 37.000000 44.000000 25.000000 0.359314
536085.690000 6581471.940000 58.100000 34.000000 37.000000 44.000000 28.000000 0.382980
536086.200000 6581472.180000 58.380000 15.000000 18.000000 25.000000 5.000000 0.363327
536082.150000 6581472.010000 57.460000 26.000000 29.000000 34.000000 20.000000 0.329987
536082.490000 6581472.170000 57.670000 31.000000 34.000000 39.000000 25.000000 0.317322
536082.540000 6581471.960000 57.340000 28.000000 31.000000 38.000000 17.000000 0.306320
536082.610000 6581471.660000 57.210000 25.000000 30.000000 36.000000 21.000000 0.350983
536082.800000 6581472.240000 57.700000 30.000000 31.000000 36.000000 23.000000 0.347321
536082.870000 6581471.930000 57.560000 31.000000 34.000000 41.000000 19.000000 0.374649
536083.080000 6581472.190000 57.800000 25.000000 26.000000 31.000000 17.000000 0.336990
536083.200000 6581471.700000 57.360000 22.000000 25.000000 32.000000 14.000000 0.379990
536083.270000 6581471.420000 57.130000 23.000000 26.000000 31.000000 17.000000 0.310989
536083.530000 6581472.000000 57.650000 26.000000 29.000000 34.000000 21.000000 0.323654
536083.590000 6581471.760000 57.330000 27.000000 30.000000 35.000000 20.000000 0.304993
536083.660000 6581471.480000 57.200000 28.000000 33.000000 39.000000 18.000000 0.361313
536083.730000 6581471.190000 57.020000 28.000000 33.000000 39.000000 22.000000 0.319321
536083.860000 6581472.060000 57.780000 24.000000 29.000000 35.000000 18.000000 0.395325
536083.940000 6581471.760000 57.590000 25.000000 28.000000 35.000000 21.000000 0.296661
536083.990000 6581471.540000 57.300000 22.000000 25.000000 32.000000 19.000000 0.304321
536084.060000 6581471.260000 57.070000 26.000000 31.000000 37.000000 27.000000 0.314987
536084.140000 6581470.930000 56.930000 29.000000 32.000000 39.000000 25.000000 0.341324
536084.130000 6581472.090000 57.900000 30.000000 35.000000 41.000000 25.000000 0.362656
536084.190000 6581471.850000 57.660000 26.000000 29.000000 36.000000 17.000000 0.302658
536084.260000 6581471.570000 57.450000 21.000000 24.000000 31.000000 13.000000 0.323990
536084.320000 6581471.300000 57.280000 23.000000 28.000000 34.000000 17.000000 0.312653
536084.330000 6581472.120000 57.970000 23.000000 26.000000 31.000000 10.000000 0.331650
536084.400000 6581471.860000 57.800000 20.000000 23.000000 30.000000 18.000000 0.335327
536084.740000 6581471.940000 57.910000 30.000000 33.000000 40.000000 20.000000 0.350647
536084.810000 6581471.680000 57.670000 28.000000 33.000000 39.000000 20.000000 0.351318
536085.160000 6581471.680000 57.810000 21.000000 26.000000 32.000000 17.000000 0.297653
536085.290000 6581472.170000 58.290000 28.000000 31.000000 38.000000 18.000000 0.309982
536085.350000 6581471.940000 58.070000 26.000000 29.000000 34.000000 18.000000 0.333984
536085.470000 6581472.210000 58.360000 31.000000 34.000000 39.000000 22.000000 0.389313
536085.590000 6581471.710000 57.890000 26.000000 29.000000 36.000000 20.000000 0.355316
536085.780000 6581472.220000 58.360000 60.000000 63.000000 68.000000 53.000000 0.335327
536085.840000 6581471.970000 58.080000 33.000000 36.000000 43.000000 23.000000 0.339981
536086.150000 6581472.160000 58.330000 15.000000 18.000000 25.000000 5.000000 0.390320
536087.120000 6581472.380000 58.650000 13.000000 16.000000 25.000000 9.000000 0.386658
536087.090000 6581472.400000 58.650000 16.000000 19.000000 28.000000 13.000000 0.331985
536087.560000 6581471.820000 58.490000 66.000000 69.000000 74.000000 52.000000 0.411316
536087.630000 6581472.080000 58.710000 59.000000 63.000000 66.000000 47.000000 0.349655
536088.110000 6581471.590000 58.300000 64.000000 68.000000 71.000000 51.000000 0.352661
536088.510000 6581471.690000 58.430000 72.000000 76.000000 79.000000 65.000000 0.316650
536088.590000 6581471.970000 58.650000 69.000000 73.000000 76.000000 59.000000 0.319656
536088.510000 6581471.180000 58.020000 80.000000 85.000000 81.000000 68.000000 0.366653
536088.590000 6581471.410000 58.290000 65.000000 69.000000 70.000000 57.000000 0.348328
536088.740000 6581471.020000 58.010000 77.000000 82.000000 78.000000 69.000000 0.383987
536087.400000 6581472.110000 58.690000 60.000000 63.000000 68.000000 52.000000 0.300323
536087.680000 6581472.030000 58.720000 59.000000 63.000000 66.000000 47.000000 0.326981
536087.730000 6581471.790000 58.410000 66.000000 71.000000 74.000000 54.000000 0.313660
536087.950000 6581472.060000 58.700000 62.000000 68.000000 68.000000 52.000000 0.296661
536088.080000 6581471.510000 58.330000 63.000000 67.000000 70.000000 46.000000 0.371994
536088.320000 6581471.950000 58.790000 67.000000 71.000000 74.000000 54.000000 0.339661
536088.380000 6581471.720000 58.530000 66.000000 70.000000 73.000000 55.000000 0.345322
536088.740000 6581471.780000 58.650000 68.000000 72.000000 75.000000 56.000000 0.302322
536088.980000 6581471.820000 58.770000 76.000000 80.000000 83.000000 58.000000 0.331314
536078.660000 6581468.200000 53.260000 115.000000 122.000000 114.000000 102.000000 0.359314
536078.720000 6581468.170000 53.220000 110.000000 117.000000 110.000000 104.000000 0.368988
536079.160000 6581468.760000 53.970000 130.000000 140.000000 129.000000 112.000000 0.355988
536079.550000 6581469.220000 54.290000 72.000000 80.000000 82.000000 63.000000 0.385651
536079.060000 6581468.500000 53.690000 122.000000 128.000000 118.000000 106.000000 0.337982
536079.280000 6581469.060000 54.220000 126.000000 133.000000 126.000000 106.000000 0.321991
536079.640000 6581469.170000 54.210000 81.000000 87.000000 85.000000 72.000000 0.351318
536079.970000 6581469.860000 55.040000 84.000000 88.000000 91.000000 68.000000 0.350647
536079.250000 6581470.060000 54.970000 148.000000 152.000000 138.000000 124.000000 0.383316
536079.920000 6581470.450000 55.470000 74.000000 84.000000 86.000000 66.000000 0.372650
536079.400000 6581470.160000 55.230000 202.000000 212.000000 203.000000 189.000000 0.344986
536079.850000 6581470.390000 55.400000 71.000000 80.000000 79.000000 69.000000 0.343323
536080.010000 6581469.660000 54.870000 73.000000 78.000000 82.000000 58.000000 0.349991
536080.890000 6581469.990000 55.370000 96.000000 125.000000 131.000000 66.000000 0.359314
536080.040000 6581469.580000 54.800000 66.000000 71.000000 74.000000 55.000000 0.385315
536080.100000 6581469.330000 54.530000 73.000000 79.000000 77.000000 55.000000 0.309982
536080.390000 6581469.540000 54.770000 90.000000 98.000000 100.000000 75.000000 0.374313
536080.980000 6581470.300000 55.450000 46.000000 61.000000 68.000000 42.000000 0.351318
536080.270000 6581470.040000 55.160000 74.000000 79.000000 83.000000 56.000000 0.324661
536080.850000 6581470.070000 55.340000 119.000000 143.000000 147.000000 86.000000 0.318649
536081.350000 6581470.300000 55.660000 72.000000 80.000000 82.000000 64.000000 0.319656
536081.410000 6581470.530000 55.940000 71.000000 76.000000 80.000000 54.000000 0.375656
536081.560000 6581471.020000 56.430000 72.000000 77.000000 81.000000 57.000000 0.308319
536081.630000 6581471.270000 56.590000 62.000000 70.000000 73.000000 52.000000 0.352982
536081.860000 6581472.030000 57.280000 25.000000 30.000000 34.000000 21.000000 0.356323
536081.780000 6581470.720000 56.190000 72.000000 82.000000 84.000000 57.000000 0.349319
536081.860000 6581471.000000 56.360000 41.000000 46.000000 50.000000 32.000000 0.362656
536082.010000 6581471.480000 56.840000 28.000000 31.000000 36.000000 25.000000 0.359314
536082.080000 6581471.740000 57.080000 29.000000 30.000000 35.000000 16.000000 0.338989
536081.970000 6581470.540000 55.910000 54.000000 62.000000 65.000000 43.000000 0.355652
536082.240000 6581471.470000 57.000000 28.000000 31.000000 36.000000 16.000000 0.313980
536082.310000 6581471.720000 57.220000 34.000000 35.000000 40.000000 24.000000 0.366318
536082.190000 6581470.470000 55.990000 31.000000 36.000000 40.000000 26.000000 0.355988
536082.510000 6581471.550000 56.870000 27.000000 30.000000 37.000000 19.000000 0.362656
536082.700000 6581470.930000 56.550000 27.000000 32.000000 36.000000 25.000000 0.397980
536082.780000 6581471.200000 56.730000 31.000000 36.000000 42.000000 27.000000 0.383316
536082.850000 6581471.440000 56.950000 24.000000 27.000000 34.000000 19.000000 0.342987
536082.990000 6581470.490000 56.210000 29.000000 32.000000 37.000000 24.000000 0.392319
536083.130000 6581470.980000 56.720000 32.000000 33.000000 38.000000 26.000000 0.351318
536083.560000 6581470.590000 56.500000 28.000000 31.000000 38.000000 16.000000 0.329315
536081.340000 6581470.470000 55.770000 67.000000 75.000000 78.000000 54.000000 0.302322
536081.460000 6581471.260000 56.570000 69.000000 74.000000 78.000000 52.000000 0.320328
536081.660000 6581470.450000 55.910000 66.000000 74.000000 77.000000 50.000000 0.296326
536081.600000 6581471.710000 57.010000 38.000000 43.000000 46.000000 34.000000 0.335648
536081.790000 6581470.930000 56.370000 67.000000 75.000000 78.000000 58.000000 0.380325
536081.850000 6581470.690000 56.080000 68.000000 76.000000 79.000000 56.000000 0.334320
536081.780000 6581471.960000 57.230000 25.000000 30.000000 34.000000 22.000000 0.317657
536081.850000 6581471.680000 57.020000 26.000000 31.000000 35.000000 25.000000 0.336319
536081.990000 6581471.120000 56.610000 25.000000 30.000000 34.000000 22.000000 0.274658
536082.040000 6581470.900000 56.270000 26.000000 29.000000 34.000000 20.000000 0.344315
536082.110000 6581470.630000 56.070000 26.000000 29.000000 34.000000 29.000000 0.338989
536082.170000 6581470.370000 55.910000 31.000000 39.000000 42.000000 28.000000 0.309662
536082.260000 6581471.550000 56.990000 26.000000 29.000000 34.000000 20.000000 0.319992
536082.330000 6581471.260000 56.790000 28.000000 31.000000 36.000000 19.000000 0.360321
536082.410000 6581470.970000 56.550000 21.000000 26.000000 30.000000 27.000000 0.344986
536082.460000 6581470.750000 56.320000 30.000000 35.000000 39.000000 23.000000 0.349655
536082.680000 6581471.400000 56.970000 26.000000 31.000000 37.000000 21.000000 0.315994
536082.800000 6581470.890000 56.490000 26.000000 29.000000 34.000000 21.000000 0.340988
536082.870000 6581470.610000 56.290000 29.000000 32.000000 37.000000 26.000000 0.312653
536083.110000 6581470.940000 56.610000 32.000000 33.000000 38.000000 26.000000 0.374649
536083.390000 6581470.920000 56.680000 24.000000 27.000000 34.000000 22.000000 0.324326
536088.470000 6581469.910000 57.010000 30.000000 34.000000 37.000000 31.000000 0.323654
536087.500000 6581471.610000 58.140000 54.000000 58.000000 61.000000 47.000000 0.333984
536087.790000 6581471.680000 58.240000 63.000000 68.000000 71.000000 52.000000 0.352982
536087.880000 6581470.800000 57.580000 51.000000 52.000000 56.000000 51.000000 0.336655
536088.200000 6581470.670000 57.590000 40.000000 44.000000 43.000000 39.000000 0.318314
536088.300000 6581470.430000 57.290000 34.000000 38.000000 39.000000 42.000000 0.341980
536088.440000 6581470.910000 57.850000 77.000000 82.000000 76.000000 71.000000 0.354980
536088.440000 6581470.010000 57.050000 25.000000 28.000000 33.000000 25.000000 0.376648
536088.680000 6581470.820000 57.670000 120.000000 127.000000 120.000000 107.000000 0.335327
536086.970000 6581472.350000 58.660000 23.000000 26.000000 35.000000 16.000000 0.304657
536087.460000 6581471.890000 58.430000 66.000000 69.000000 74.000000 49.000000 0.299652
536087.590000 6581471.310000 58.030000 66.000000 70.000000 71.000000 55.000000 0.323990
536087.660000 6581471.060000 57.820000 71.000000 75.000000 76.000000 60.000000 0.321655
536087.930000 6581471.010000 57.780000 66.000000 70.000000 69.000000 58.000000 0.322647
536087.980000 6581470.800000 57.500000 58.000000 59.000000 61.000000 54.000000 0.324982
536088.060000 6581470.470000 57.380000 35.000000 39.000000 42.000000 35.000000 0.321991
536088.280000 6581470.720000 57.610000 82.000000 86.000000 85.000000 79.000000 0.302658
536088.410000 6581470.150000 57.230000 20.000000 23.000000 28.000000 18.000000 0.291656
536088.640000 6581470.660000 57.640000 42.000000 48.000000 46.000000 48.000000 0.308319
536078.950000 6581468.090000 53.300000 106.000000 112.000000 110.000000 98.000000 0.383652
536079.830000 6581467.800000 53.220000 67.000000 72.000000 76.000000 50.000000 0.357315
536079.500000 6581467.960000 53.190000 80.000000 86.000000 86.000000 64.000000 0.375656
536079.140000 6581468.090000 53.130000 85.000000 91.000000 89.000000 73.000000 0.350647
536079.570000 6581468.170000 53.450000 82.000000 88.000000 86.000000 64.000000 0.395981
536078.690000 6581467.990000 53.120000 145.000000 153.000000 132.000000 129.000000 0.328323
536078.950000 6581467.950000 53.130000 129.000000 135.000000 131.000000 117.000000 0.341980
536079.190000 6581467.990000 53.200000 81.000000 90.000000 89.000000 69.000000 0.334656
536079.530000 6581468.050000 53.320000 83.000000 89.000000 87.000000 65.000000 0.323318
536079.590000 6581467.800000 53.130000 71.000000 76.000000 79.000000 58.000000 0.375320
536079.780000 6581468.600000 53.940000 77.000000 80.000000 85.000000 57.000000 0.325653
536079.900000 6581468.090000 53.360000 70.000000 76.000000 76.000000 52.000000 0.319992
536079.970000 6581467.800000 53.250000 66.000000 71.000000 75.000000 51.000000 0.383316
536081.600000 6581468.970000 54.590000 68.000000 78.000000 79.000000 59.000000 0.352325
536080.870000 6581467.600000 53.130000 89.000000 97.000000 100.000000 74.000000 0.380981
536080.510000 6581467.590000 53.240000 89.000000 97.000000 100.000000 71.000000 0.366989
536082.130000 6581467.740000 54.090000 85.000000 93.000000 96.000000 70.000000 0.351990
536081.020000 6581467.780000 53.370000 88.000000 96.000000 99.000000 71.000000 0.308319
536080.740000 6581467.690000 53.200000 85.000000 93.000000 96.000000 71.000000 0.342651
536080.270000 6581467.840000 53.150000 66.000000 74.000000 77.000000 51.000000 0.306656
536080.010000 6581467.770000 53.190000 63.000000 71.000000 74.000000 50.000000 0.383652
536080.220000 6581467.720000 53.190000 72.000000 80.000000 83.000000 56.000000 0.369980
536080.750000 6581469.510000 54.790000 116.000000 134.000000 136.000000 90.000000 0.332993
536080.820000 6581469.750000 55.080000 85.000000 116.000000 121.000000 49.000000 0.371658
536080.880000 6581468.740000 54.310000 72.000000 77.000000 80.000000 52.000000 0.327988
536081.050000 6581469.290000 54.740000 103.000000 118.000000 121.000000 89.000000 0.347656
536081.130000 6581469.570000 54.930000 93.000000 120.000000 129.000000 76.000000 0.367325
536081.040000 6581468.200000 53.910000 67.000000 75.000000 78.000000 56.000000 0.378326
536081.070000 6581467.510000 53.190000 88.000000 96.000000 99.000000 68.000000 0.360321
536081.500000 6581468.980000 54.630000 68.000000 78.000000 79.000000 59.000000 0.367661
536081.310000 6581467.500000 53.090000 85.000000 93.000000 96.000000 67.000000 0.385315
536081.440000 6581467.930000 53.740000 87.000000 94.000000 100.000000 68.000000 0.377319
536081.580000 6581468.430000 54.170000 69.000000 74.000000 78.000000 57.000000 0.374313
536081.740000 6581468.940000 54.630000 67.000000 75.000000 78.000000 56.000000 0.426651
536081.740000 6581467.700000 53.340000 86.000000 94.000000 96.000000 68.000000 0.353989
536082.130000 6581467.590000 53.880000 88.000000 96.000000 99.000000 70.000000 0.635986
536082.190000 6581467.800000 54.210000 85.000000 93.000000 96.000000 70.000000 0.362656
536082.280000 6581467.260000 53.170000 87.000000 95.000000 98.000000 71.000000 0.380325
536082.350000 6581467.500000 53.390000 87.000000 95.000000 98.000000 71.000000 0.362320
536082.360000 6581467.540000 54.060000 86.000000 94.000000 97.000000 72.000000 0.541656
536082.530000 6581467.090000 53.140000 90.000000 95.000000 99.000000 72.000000 0.386322
536082.810000 6581466.890000 53.170000 88.000000 96.000000 99.000000 70.000000 0.338989
536080.220000 6581467.730000 53.190000 72.000000 80.000000 83.000000 56.000000 0.390320
536080.370000 6581468.230000 53.720000 74.000000 82.000000 84.000000 61.000000 0.341324
536080.440000 6581467.950000 53.570000 67.000000 75.000000 78.000000 53.000000 0.286652
536080.490000 6581467.740000 53.220000 78.000000 86.000000 89.000000 62.000000 0.376328
536080.640000 6581468.490000 53.900000 72.000000 77.000000 80.000000 57.000000 0.331314
536080.720000 6581468.160000 53.740000 72.000000 80.000000 83.000000 58.000000 0.348648
536080.840000 6581467.680000 53.200000 89.000000 97.000000 100.000000 74.000000 0.372314
536080.700000 6581469.710000 55.090000 132.000000 152.000000 143.000000 106.000000 0.299988
536080.890000 6581468.900000 54.410000 72.000000 77.000000 80.000000 58.000000 0.389648
536080.950000 6581468.660000 54.220000 70.000000 75.000000 78.000000 53.000000 0.317322
536081.080000 6581468.130000 53.750000 65.000000 73.000000 76.000000 53.000000 0.319321
536081.210000 6581467.610000 53.320000 86.000000 94.000000 97.000000 67.000000 0.335648
536081.170000 6581468.750000 54.270000 73.000000 78.000000 81.000000 55.000000 0.319992
536081.490000 6581467.440000 53.250000 87.000000 95.000000 98.000000 69.000000 0.319321
536081.120000 6581469.930000 55.330000 101.000000 123.000000 134.000000 79.000000 0.306320
536081.180000 6581469.700000 55.090000 91.000000 121.000000 132.000000 71.000000 0.369659
536081.240000 6581469.410000 54.940000 111.000000 125.000000 126.000000 93.000000 0.322647
536081.320000 6581469.110000 54.760000 83.000000 87.000000 88.000000 67.000000 0.332321
536081.500000 6581468.370000 54.040000 66.000000 74.000000 77.000000 52.000000 0.347321
536081.570000 6581468.100000 53.850000 70.000000 78.000000 81.000000 55.000000 0.351318
536081.630000 6581467.820000 53.670000 90.000000 95.000000 98.000000 68.000000 0.332657
536081.700000 6581467.550000 53.430000 88.000000 96.000000 98.000000 70.000000 0.347656
536081.750000 6581467.310000 53.170000 85.000000 93.000000 95.000000 67.000000 0.349319
536081.650000 6581469.160000 54.770000 65.000000 73.000000 76.000000 54.000000 0.322327
536081.790000 6581468.620000 54.330000 71.000000 76.000000 79.000000 54.000000 0.355316
536082.000000 6581467.740000 53.830000 87.000000 95.000000 98.000000 68.000000 0.548981
536082.100000 6581467.330000 53.140000 86.000000 94.000000 97.000000 69.000000 0.371658
536082.170000 6581468.330000 54.160000 68.000000 76.000000 79.000000 52.000000 0.321991
536082.350000 6581467.600000 54.170000 86.000000 94.000000 97.000000 71.000000 0.563644
536082.360000 6581467.570000 53.490000 86.000000 94.000000 97.000000 72.000000 0.341980
536082.640000 6581467.460000 53.510000 85.000000 93.000000 96.000000 67.000000 0.364655
536082.690000 6581467.210000 53.280000 84.000000 92.000000 95.000000 69.000000 0.314651
536083.050000 6581467.680000 53.830000 85.000000 93.000000 95.000000 73.000000 0.552322
536083.480000 6581469.460000 55.380000 22.000000 27.000000 31.000000 19.000000 0.322647
536083.180000 6581468.240000 54.970000 92.000000 97.000000 100.000000 72.000000 0.338989
536082.440000 6581468.870000 54.670000 73.000000 78.000000 81.000000 58.000000 0.351318
536082.290000 6581468.290000 54.150000 81.000000 89.000000 92.000000 63.000000 0.352661
536082.060000 6581468.930000 54.620000 70.000000 78.000000 80.000000 54.000000 0.339981
536083.090000 6581469.160000 55.020000 26.000000 29.000000 34.000000 24.000000 0.319321
536082.880000 6581468.540000 54.740000 46.000000 51.000000 55.000000 36.000000 0.347992
536082.400000 6581467.760000 54.300000 83.000000 91.000000 94.000000 66.000000 0.351318
536081.490000 6581469.760000 55.220000 99.000000 105.000000 105.000000 85.000000 0.367661
536081.650000 6581469.480000 55.030000 67.000000 75.000000 78.000000 51.000000 0.366653
536081.830000 6581469.260000 54.730000 66.000000 74.000000 77.000000 51.000000 0.375992
536081.900000 6581469.480000 55.030000 66.000000 74.000000 77.000000 51.000000 0.395660
536082.090000 6581468.860000 54.690000 68.000000 76.000000 78.000000 49.000000 0.417648
536082.380000 6581468.440000 54.450000 61.000000 69.000000 72.000000 47.000000 0.331650
536082.460000 6581468.700000 54.600000 70.000000 78.000000 81.000000 58.000000 0.391647
536083.090000 6581469.990000 55.840000 28.000000 31.000000 38.000000 19.000000 0.373657
536083.050000 6581468.850000 54.870000 28.000000 31.000000 36.000000 24.000000 0.348328
536083.120000 6581469.100000 55.090000 26.000000 29.000000 34.000000 23.000000 0.337982
536083.350000 6581469.870000 55.720000 21.000000 26.000000 30.000000 17.000000 0.359985
536082.910000 6581467.200000 53.290000 85.000000 93.000000 96.000000 66.000000 0.347992
536083.720000 6581469.940000 55.870000 32.000000 35.000000 40.000000 26.000000 0.357651
536081.460000 6581469.980000 55.390000 56.000000 61.000000 64.000000 45.000000 0.331985
536081.530000 6581469.680000 55.170000 72.000000 78.000000 78.000000 56.000000 0.318314
536081.780000 6581469.960000 55.460000 67.000000 75.000000 78.000000 54.000000 0.339981
536081.910000 6581469.420000 54.990000 66.000000 74.000000 77.000000 51.000000 0.323990
536081.970000 6581469.160000 54.780000 69.000000 77.000000 80.000000 54.000000 0.323990
536082.050000 6581469.860000 55.450000 71.000000 79.000000 82.000000 58.000000 0.328323
536082.190000 6581469.320000 55.110000 68.000000 76.000000 78.000000 53.000000 0.349991
536082.240000 6581469.100000 54.770000 67.000000 72.000000 75.000000 49.000000 0.372986
536082.440000 6581469.270000 55.100000 59.000000 64.000000 68.000000 51.000000 0.349991
536082.500000 6581469.010000 54.840000 56.000000 61.000000 64.000000 43.000000 0.342987
536082.950000 6581467.160000 53.300000 88.000000 96.000000 99.000000 69.000000 0.382980
536082.660000 6581469.920000 55.680000 28.000000 31.000000 36.000000 27.000000 0.328659
536082.720000 6581469.670000 55.480000 25.000000 28.000000 33.000000 22.000000 0.313324
536082.800000 6581469.350000 55.320000 24.000000 27.000000 32.000000 19.000000 0.334320
536082.910000 6581468.880000 54.820000 29.000000 32.000000 37.000000 23.000000 0.348328
536083.070000 6581469.800000 55.690000 32.000000 35.000000 42.000000 24.000000 0.325653
536083.250000 6581469.030000 55.080000 27.000000 32.000000 36.000000 21.000000 0.318649
536083.370000 6581469.860000 55.800000 21.000000 26.000000 30.000000 17.000000 0.319321
536083.440000 6581469.610000 55.610000 31.000000 36.000000 40.000000 25.000000 0.324661
536083.500000 6581469.340000 55.400000 30.000000 35.000000 39.000000 25.000000 0.321655
536083.650000 6581469.870000 55.760000 25.000000 28.000000 33.000000 18.000000 0.318649
536081.640000 6581470.250000 55.660000 64.000000 69.000000 73.000000 52.000000 0.367981
536081.870000 6581470.220000 55.730000 67.000000 75.000000 78.000000 56.000000 0.350327
536082.480000 6581470.180000 55.850000 30.000000 35.000000 39.000000 24.000000 0.411316
536082.550000 6581470.430000 56.020000 28.000000 33.000000 37.000000 19.000000 0.379654
536083.420000 6581470.110000 55.970000 23.000000 26.000000 31.000000 17.000000 0.378326
536083.800000 6581470.210000 56.060000 26.000000 29.000000 34.000000 18.000000 0.346313
536083.860000 6581470.430000 56.360000 30.000000 33.000000 40.000000 25.000000 0.371658
536081.720000 6581470.180000 55.720000 69.000000 77.000000 80.000000 55.000000 0.326660
536082.240000 6581470.080000 55.760000 34.000000 39.000000 43.000000 27.000000 0.322327
536082.600000 6581470.180000 55.870000 29.000000 34.000000 38.000000 26.000000 0.332657
536082.940000 6581470.340000 56.060000 29.000000 32.000000 39.000000 27.000000 0.352982
536083.010000 6581470.050000 55.910000 28.000000 31.000000 38.000000 22.000000 0.333984
536083.240000 6581470.420000 56.190000 28.000000 28.000000 36.000000 17.000000 0.352982
536083.300000 6581470.170000 55.920000 27.000000 32.000000 36.000000 20.000000 0.317322
536083.520000 6581470.410000 56.220000 33.000000 36.000000 43.000000 23.000000 0.374313
536083.210000 6581471.240000 56.920000 32.000000 35.000000 42.000000 25.000000 0.367325
536083.650000 6581470.880000 56.630000 26.000000 29.000000 36.000000 16.000000 0.364990
536082.990000 6581471.440000 57.020000 24.000000 27.000000 34.000000 20.000000 0.321991
536087.980000 6581469.920000 56.780000 33.000000 36.000000 41.000000 28.000000 0.369324
536088.140000 6581469.910000 56.860000 33.000000 37.000000 40.000000 34.000000 0.342987
536088.370000 6581469.750000 56.800000 29.000000 32.000000 37.000000 23.000000 0.357651
536087.550000 6581469.970000 56.760000 29.000000 32.000000 37.000000 27.000000 0.326324
536087.920000 6581469.990000 56.960000 33.000000 36.000000 41.000000 28.000000 0.317657
536088.180000 6581469.960000 56.890000 33.000000 37.000000 40.000000 34.000000 0.344986
536086.470000 6581471.300000 57.680000 19.000000 22.000000 31.000000 15.000000 0.343323
536085.880000 6581470.460000 56.720000 17.000000 20.000000 29.000000 18.000000 0.295990
536084.960000 6581470.870000 57.020000 26.000000 29.000000 36.000000 18.000000 0.342987
536085.410000 6581470.970000 57.150000 23.000000 26.000000 35.000000 17.000000 0.349319
536085.470000 6581471.190000 57.400000 26.000000 29.000000 36.000000 22.000000 0.383987
536085.540000 6581471.430000 57.690000 21.000000 24.000000 31.000000 20.000000 0.373993
536085.630000 6581471.720000 57.840000 26.000000 29.000000 36.000000 18.000000 0.390656
536085.900000 6581471.170000 57.420000 26.000000 29.000000 36.000000 18.000000 0.365982
536085.950000 6581470.360000 56.820000 28.000000 31.000000 38.000000 18.000000 0.377655
536086.180000 6581471.140000 57.430000 28.000000 31.000000 38.000000 25.000000 0.327988
536086.310000 6581471.580000 58.030000 24.000000 27.000000 36.000000 15.000000 0.349991
536086.480000 6581472.150000 58.450000 20.000000 24.000000 33.000000 14.000000 0.358322
536086.200000 6581470.350000 56.870000 23.000000 26.000000 33.000000 19.000000 0.350647
536086.280000 6581470.620000 57.110000 18.000000 23.000000 29.000000 13.000000 0.330322
536086.370000 6581470.900000 57.280000 19.000000 24.000000 30.000000 15.000000 0.321655
536086.440000 6581471.170000 57.500000 21.000000 24.000000 33.000000 11.000000 0.366318
536086.590000 6581471.650000 58.000000 22.000000 25.000000 34.000000 8.000000 0.321320
536086.650000 6581471.870000 58.250000 20.000000 23.000000 30.000000 7.000000 0.397324
536086.730000 6581472.140000 58.490000 17.000000 20.000000 29.000000 11.000000 0.379990
536086.530000 6581470.250000 56.770000 26.000000 31.000000 37.000000 16.000000 0.307983
536086.600000 6581470.480000 57.070000 25.000000 28.000000 35.000000 15.000000 0.323654
536086.920000 6581471.550000 57.950000 38.000000 41.000000 48.000000 35.000000 0.369980
536086.980000 6581471.760000 58.260000 23.000000 26.000000 33.000000 13.000000 0.398315
536087.050000 6581472.010000 58.450000 21.000000 24.000000 33.000000 14.000000 0.362656
536086.900000 6581470.440000 57.130000 26.000000 31.000000 35.000000 19.000000 0.324661
536087.000000 6581470.760000 57.250000 27.000000 32.000000 36.000000 21.000000 0.345993
536087.060000 6581470.960000 57.540000 28.000000 31.000000 36.000000 26.000000 0.330658
536087.060000 6581470.120000 56.780000 30.000000 33.000000 40.000000 27.000000 0.350647
536087.150000 6581470.430000 56.970000 27.000000 32.000000 36.000000 19.000000 0.363647
536087.200000 6581470.620000 57.250000 30.000000 35.000000 39.000000 25.000000 0.321320
536087.270000 6581470.850000 57.500000 31.000000 34.000000 39.000000 18.000000 0.354980
536087.490000 6581470.660000 57.350000 33.000000 36.000000 41.000000 26.000000 0.368652
536087.560000 6581470.910000 57.590000 77.000000 81.000000 84.000000 66.000000 0.382980
536087.640000 6581471.180000 57.780000 66.000000 70.000000 71.000000 49.000000 0.358994
536087.650000 6581470.020000 56.950000 32.000000 35.000000 40.000000 29.000000 0.370651
536087.710000 6581470.250000 57.220000 28.000000 31.000000 36.000000 26.000000 0.332993
536088.050000 6581470.150000 57.110000 28.000000 33.000000 37.000000 29.000000 0.364319
536084.450000 6581470.770000 56.780000 24.000000 27.000000 32.000000 21.000000 0.308319
536084.660000 6581470.780000 56.940000 28.000000 33.000000 37.000000 27.000000 0.324326
536084.940000 6581471.160000 57.280000 28.000000 31.000000 38.000000 25.000000 0.331650
536085.060000 6581470.670000 56.810000 22.000000 25.000000 30.000000 14.000000 0.325989
536085.220000 6581471.460000 57.500000 30.000000 33.000000 40.000000 20.000000 0.322327
536085.280000 6581471.190000 57.300000 26.000000 29.000000 36.000000 22.000000 0.322983
536085.350000 6581470.890000 57.150000 20.000000 23.000000 30.000000 18.000000 0.298325
536085.540000 6581471.160000 57.370000 25.000000 28.000000 35.000000 19.000000 0.305649
536085.600000 6581470.890000 57.210000 18.000000 21.000000 30.000000 11.000000 0.322647
536085.660000 6581470.640000 56.920000 17.000000 20.000000 29.000000 10.000000 0.337982
536085.650000 6581471.440000 57.630000 29.000000 32.000000 39.000000 24.000000 0.316315
536085.720000 6581471.180000 57.380000 19.000000 22.000000 29.000000 14.000000 0.328995
536085.790000 6581470.910000 57.160000 22.000000 25.000000 34.000000 17.000000 0.299652
536085.850000 6581470.630000 56.960000 22.000000 25.000000 34.000000 16.000000 0.342316
536085.920000 6581470.360000 56.780000 28.000000 31.000000 38.000000 18.000000 0.333649
536085.920000 6581471.650000 57.950000 20.000000 23.000000 30.000000 16.000000 0.340652
536085.980000 6581471.410000 57.720000 21.000000 24.000000 31.000000 18.000000 0.315994
536086.030000 6581471.220000 57.440000 18.000000 21.000000 28.000000 13.000000 0.349655
536086.110000 6581470.890000 57.260000 22.000000 27.000000 33.000000 10.000000 0.329651
536086.230000 6581470.400000 56.810000 25.000000 29.000000 38.000000 21.000000 0.349991
536086.290000 6581471.590000 57.930000 25.000000 28.000000 37.000000 18.000000 0.329987
536086.410000 6581471.100000 57.430000 21.000000 24.000000 33.000000 11.000000 0.302658
536086.550000 6581470.520000 57.090000 20.000000 23.000000 30.000000 10.000000 0.323654
536086.570000 6581471.500000 57.950000 23.000000 26.000000 35.000000 9.000000 0.327316
536086.630000 6581471.260000 57.650000 16.000000 19.000000 28.000000 12.000000 0.349319
536086.760000 6581470.740000 57.290000 20.000000 23.000000 30.000000 13.000000 0.342987
536086.890000 6581470.190000 56.890000 25.000000 28.000000 35.000000 19.000000 0.325653
536086.720000 6581471.920000 58.260000 20.000000 23.000000 30.000000 15.000000 0.326981
536086.780000 6581471.640000 58.110000 17.000000 20.000000 27.000000 7.000000 0.332321
536086.850000 6581471.380000 57.940000 32.000000 35.000000 42.000000 23.000000 0.318649
536086.970000 6581470.870000 57.440000 24.000000 27.000000 34.000000 19.000000 0.293655
536087.090000 6581471.830000 58.290000 28.000000 28.000000 36.000000 22.000000 0.304657
536087.230000 6581471.260000 57.890000 67.000000 71.000000 74.000000 58.000000 0.302658
536087.420000 6581470.470000 57.260000 36.000000 39.000000 44.000000 37.000000 0.308319
536087.490000 6581470.220000 57.050000 29.000000 32.000000 39.000000 23.000000 0.349655
536087.730000 6581470.770000 57.580000 42.000000 43.000000 47.000000 34.000000 0.364655
536087.850000 6581470.250000 57.180000 27.000000 30.000000 35.000000 22.000000 0.318314
536089.960000 6581475.220000 56.080000 22.000000 25.000000 32.000000 28.000000 0.408325
536089.890000 6581474.920000 56.240000 21.000000 26.000000 29.000000 20.000000 0.441650
536089.810000 6581474.610000 56.380000 53.000000 61.000000 72.000000 48.000000 0.389648
536089.740000 6581474.340000 56.520000 29.000000 34.000000 40.000000 27.000000 0.517990
536089.840000 6581475.680000 55.970000 23.000000 24.000000 29.000000 26.000000 0.367661
536089.760000 6581475.380000 56.170000 18.000000 21.000000 28.000000 25.000000 0.402649
536089.680000 6581475.060000 56.240000 18.000000 21.000000 28.000000 19.000000 0.376328
536089.610000 6581474.770000 56.310000 9.000000 12.000000 19.000000 11.000000 0.421326
536089.540000 6581474.470000 56.440000 29.000000 30.000000 34.000000 26.000000 0.538315
536089.570000 6581475.790000 55.970000 28.000000 31.000000 36.000000 39.000000 0.340988
536089.490000 6581475.460000 56.050000 24.000000 27.000000 32.000000 25.000000 0.367981
536089.420000 6581475.180000 56.210000 25.000000 25.000000 27.000000 21.000000 0.405991
536089.330000 6581474.850000 56.230000 25.000000 29.000000 38.000000 21.000000 0.448990
536089.260000 6581474.570000 56.420000 19.000000 20.000000 24.000000 15.000000 0.529312
536089.210000 6581475.680000 56.030000 24.000000 27.000000 32.000000 24.000000 0.366318
536089.150000 6581475.400000 56.180000 14.000000 19.000000 23.000000 20.000000 0.506317
536089.060000 6581475.070000 56.260000 34.000000 41.000000 47.000000 34.000000 0.501984
536088.980000 6581474.750000 56.330000 13.000000 20.000000 26.000000 15.000000 0.448318
536088.840000 6581475.730000 56.050000 24.000000 25.000000 29.000000 14.000000 0.351990
536088.760000 6581475.410000 56.120000 24.000000 27.000000 32.000000 34.000000 0.401321
536088.690000 6581475.110000 56.300000 36.000000 45.000000 54.000000 38.000000 0.450989
536088.610000 6581474.780000 56.390000 20.000000 25.000000 28.000000 18.000000 0.535980
536088.540000 6581475.520000 56.120000 17.000000 18.000000 22.000000 20.000000 0.423645
536088.460000 6581475.190000 56.240000 47.000000 57.000000 69.000000 47.000000 0.452988
536088.390000 6581474.910000 56.350000 27.000000 34.000000 42.000000 40.000000 0.420319
536088.300000 6581475.610000 56.160000 19.000000 18.000000 23.000000 20.000000 0.457657
536088.230000 6581475.310000 56.330000 16.000000 24.000000 27.000000 22.000000 0.419983
536088.150000 6581474.990000 56.380000 14.000000 21.000000 29.000000 21.000000 0.475311
536087.920000 6581475.570000 56.220000 26.000000 29.000000 36.000000 23.000000 0.360992
536087.830000 6581475.250000 56.260000 56.000000 69.000000 77.000000 56.000000 0.440659
536087.760000 6581474.940000 56.410000 24.000000 27.000000 32.000000 23.000000 0.472656
536087.490000 6581475.370000 56.310000 58.000000 68.000000 77.000000 52.000000 0.319992
536087.410000 6581475.070000 56.410000 20.000000 23.000000 28.000000 14.000000 0.428986
536087.190000 6581475.350000 56.320000 52.000000 62.000000 71.000000 50.000000 0.393646
536087.120000 6581475.060000 56.430000 21.000000 25.000000 28.000000 20.000000 0.466324
536086.880000 6581475.160000 56.460000 36.000000 41.000000 47.000000 36.000000 0.463654
536086.570000 6581475.300000 56.410000 70.000000 82.000000 94.000000 70.000000 0.521652
536086.200000 6581475.290000 56.500000 54.000000 63.000000 70.000000 53.000000 0.426987
536085.930000 6581475.230000 56.440000 123.000000 133.000000 135.000000 113.000000 0.462646
536089.980000 6581474.700000 56.280000 64.000000 73.000000 80.000000 58.000000 0.372650
536089.890000 6581475.030000 56.200000 20.000000 23.000000 30.000000 24.000000 0.422653
536089.810000 6581475.340000 56.110000 22.000000 25.000000 32.000000 27.000000 0.378983
536089.730000 6581475.640000 55.970000 25.000000 26.000000 30.000000 28.000000 0.389984
536089.770000 6581474.480000 56.440000 20.000000 24.000000 36.000000 22.000000 0.495987
536089.680000 6581474.800000 56.330000 9.000000 12.000000 19.000000 11.000000 0.400314
536089.600000 6581475.120000 56.190000 21.000000 20.000000 25.000000 27.000000 0.356979
536089.520000 6581475.430000 56.080000 23.000000 26.000000 31.000000 28.000000 0.411652
536089.430000 6581475.750000 55.950000 27.000000 30.000000 35.000000 33.000000 0.396988
536089.380000 6581474.460000 56.460000 37.000000 38.000000 40.000000 33.000000 0.582321
536089.310000 6581474.740000 56.360000 7.000000 10.000000 19.000000 11.000000 0.435318
536089.240000 6581475.020000 56.240000 26.000000 30.000000 33.000000 31.000000 0.458984
536089.150000 6581475.360000 56.160000 18.000000 21.000000 26.000000 19.000000 0.470978
536089.070000 6581475.660000 56.030000 20.000000 23.000000 28.000000 28.000000 0.415985
536088.960000 6581474.590000 56.430000 29.000000 34.000000 37.000000 24.000000 0.580978
536088.870000 6581474.910000 56.350000 57.000000 66.000000 73.000000 54.000000 0.503311
536088.790000 6581475.230000 56.170000 14.000000 19.000000 25.000000 23.000000 0.465652
536088.700000 6581475.560000 56.100000 20.000000 21.000000 26.000000 23.000000 0.424316
536088.560000 6581474.800000 56.380000 23.000000 28.000000 31.000000 19.000000 0.500992
536088.480000 6581475.110000 56.340000 47.000000 57.000000 69.000000 47.000000 0.404312
536088.410000 6581475.390000 56.210000 13.000000 18.000000 22.000000 27.000000 0.378647
536088.290000 6581474.760000 56.410000 27.000000 36.000000 35.000000 21.000000 0.516647
536088.200000 6581475.110000 56.380000 54.000000 66.000000 80.000000 56.000000 0.397659
536088.130000 6581475.410000 56.260000 12.000000 16.000000 19.000000 20.000000 0.397980
536087.890000 6581474.740000 56.490000 39.000000 44.000000 48.000000 29.000000 0.483978
536087.810000 6581475.060000 56.380000 22.000000 27.000000 33.000000 28.000000 0.433319
536087.710000 6581475.410000 56.280000 18.000000 25.000000 33.000000 25.000000 0.382980
536087.480000 6581474.840000 56.490000 36.000000 39.000000 44.000000 34.000000 0.425323
536087.390000 6581475.160000 56.360000 12.000000 17.000000 23.000000 18.000000 0.397324
536087.300000 6581475.500000 56.270000 41.000000 48.000000 56.000000 41.000000 0.307327
536087.090000 6581475.040000 56.430000 24.000000 28.000000 31.000000 27.000000 0.451324
536087.010000 6581475.320000 56.320000 50.000000 60.000000 70.000000 49.000000 0.390320
536086.830000 6581475.100000 56.430000 36.000000 41.000000 47.000000 36.000000 0.436981
536086.740000 6581475.430000 56.370000 62.000000 76.000000 85.000000 60.000000 0.461990
536086.290000 6581475.340000 56.450000 70.000000 80.000000 90.000000 65.000000 0.424988
536086.640000 6581475.130000 56.430000 50.000000 57.000000 63.000000 50.000000 0.452988
536087.110000 6581475.250000 56.320000 26.000000 35.000000 44.000000 30.000000 0.369980
536087.380000 6581475.160000 56.380000 12.000000 17.000000 23.000000 18.000000 0.370316
536087.640000 6581475.190000 56.400000 31.000000 36.000000 42.000000 35.000000 0.380646
536087.950000 6581475.030000 56.360000 27.000000 34.000000 42.000000 33.000000 0.401321
536088.240000 6581474.960000 56.420000 22.000000 29.000000 37.000000 30.000000 0.396652
536088.380000 6581475.410000 56.190000 23.000000 27.000000 30.000000 26.000000 0.419983
536088.460000 6581474.860000 56.390000 14.000000 19.000000 23.000000 7.000000 0.442322
536088.590000 6581475.300000 56.210000 17.000000 24.000000 30.000000 21.000000 0.410324
536088.660000 6581474.620000 56.460000 25.000000 30.000000 33.000000 27.000000 0.521988
536088.780000 6581475.020000 56.350000 47.000000 56.000000 65.000000 52.000000 0.450317
536088.920000 6581475.490000 56.160000 17.000000 20.000000 25.000000 23.000000 0.408325
536088.980000 6581474.530000 56.470000 29.000000 34.000000 37.000000 24.000000 0.489990
536089.100000 6581474.910000 56.310000 62.000000 71.000000 78.000000 59.000000 0.347656
536089.220000 6581475.350000 56.150000 24.000000 25.000000 30.000000 21.000000 0.393326
536089.680000 6581475.650000 55.940000 31.000000 32.000000 36.000000 23.000000 0.359650
536085.910000 6581475.250000 56.470000 123.000000 133.000000 135.000000 113.000000 0.392319
536086.640000 6581475.280000 56.470000 79.000000 92.000000 101.000000 76.000000 0.397980
536086.910000 6581475.230000 56.410000 15.000000 25.000000 34.000000 24.000000 0.408646
536087.180000 6581475.250000 56.370000 26.000000 35.000000 44.000000 30.000000 0.304657
536087.520000 6581475.270000 56.290000 55.000000 66.000000 72.000000 53.000000 0.285660
536087.630000 6581474.810000 56.470000 30.000000 33.000000 38.000000 30.000000 0.471313
536087.890000 6581475.320000 56.310000 29.000000 42.000000 50.000000 35.000000 0.371658
536087.990000 6581474.900000 56.380000 18.000000 23.000000 29.000000 17.000000 0.426315
536088.110000 6581475.440000 56.200000 12.000000 16.000000 19.000000 20.000000 0.336990
536088.200000 6581475.050000 56.300000 40.000000 49.000000 64.000000 41.000000 0.344986
536088.300000 6581474.640000 56.470000 32.000000 41.000000 40.000000 30.000000 0.505981
536088.360000 6581475.580000 56.140000 24.000000 25.000000 29.000000 26.000000 0.358322
536088.560000 6581474.740000 56.460000 23.000000 28.000000 31.000000 19.000000 0.439987
536088.760000 6581475.470000 56.130000 24.000000 27.000000 32.000000 34.000000 0.394989
536088.870000 6581475.030000 56.300000 44.000000 53.000000 60.000000 46.000000 0.397659
536089.120000 6581475.640000 56.080000 22.000000 25.000000 30.000000 25.000000 0.285995
536089.470000 6581475.450000 56.090000 24.000000 27.000000 32.000000 25.000000 0.332321
536089.730000 6581475.510000 56.080000 30.000000 31.000000 36.000000 32.000000 0.331985
536089.830000 6581475.070000 56.220000 20.000000 23.000000 30.000000 24.000000 0.326660
536089.920000 6581474.670000 56.310000 78.000000 88.000000 100.000000 63.000000 0.351654
536094.100000 6581473.660000 56.070000 21.000000 29.000000 40.000000 31.000000 0.332993
536094.030000 6581473.340000 56.190000 59.000000 68.000000 77.000000 65.000000 0.354980
536093.950000 6581474.280000 55.630000 22.000000 25.000000 32.000000 18.000000 0.353653
536093.870000 6581474.000000 55.770000 16.000000 21.000000 27.000000 16.000000 0.365646
536093.820000 6581473.760000 56.040000 41.000000 51.000000 61.000000 37.000000 0.403992
536093.750000 6581473.510000 56.220000 77.000000 91.000000 102.000000 80.000000 0.409317
536094.010000 6581476.040000 55.580000 73.000000 81.000000 92.000000 76.000000 0.374649
536093.930000 6581475.710000 55.640000 70.000000 84.000000 93.000000 80.000000 0.436646
536093.850000 6581475.420000 55.770000 76.000000 93.000000 101.000000 95.000000 0.346313
536093.770000 6581475.070000 55.800000 25.000000 30.000000 34.000000 43.000000 0.358322
536093.440000 6581473.760000 56.180000 51.000000 61.000000 73.000000 50.000000 0.364319
536093.370000 6581473.490000 56.350000 18.000000 25.000000 33.000000 21.000000 0.388321
536093.740000 6581476.510000 55.410000 47.000000 57.000000 66.000000 41.000000 0.387650
536093.660000 6581476.200000 55.480000 46.000000 63.000000 73.000000 55.000000 0.357651
536093.500000 6581475.550000 55.700000 78.000000 95.000000 103.000000 97.000000 0.324661
536093.270000 6581474.630000 56.090000 23.000000 26.000000 33.000000 21.000000 0.353317
536093.190000 6581474.300000 56.110000 14.000000 19.000000 23.000000 12.000000 0.384323
536093.110000 6581474.010000 56.300000 31.000000 42.000000 48.000000 38.000000 0.386322
536093.040000 6581473.710000 56.430000 21.000000 25.000000 36.000000 13.000000 0.388992
536093.450000 6581476.420000 55.440000 63.000000 81.000000 91.000000 62.000000 0.438324
536093.370000 6581476.090000 55.580000 30.000000 35.000000 41.000000 22.000000 0.377655
536093.300000 6581475.820000 55.690000 27.000000 32.000000 38.000000 31.000000 0.372986
536093.220000 6581475.490000 55.810000 87.000000 102.000000 107.000000 105.000000 0.363647
536093.130000 6581475.140000 55.850000 28.000000 29.000000 34.000000 28.000000 0.360992
536093.060000 6581474.880000 55.990000 26.000000 31.000000 34.000000 35.000000 0.404312
536092.990000 6581474.600000 56.120000 22.000000 29.000000 39.000000 25.000000 0.368652
536092.910000 6581474.260000 56.190000 11.000000 19.000000 22.000000 16.000000 0.355652
536092.830000 6581473.960000 56.310000 69.000000 77.000000 90.000000 62.000000 0.369324
536092.770000 6581473.710000 56.510000 14.000000 17.000000 26.000000 10.000000 0.433655
536093.200000 6581476.410000 55.420000 72.000000 89.000000 99.000000 73.000000 0.482315
536093.130000 6581476.130000 55.560000 19.000000 26.000000 32.000000 28.000000 0.322647
536093.060000 6581475.820000 55.660000 44.000000 52.000000 55.000000 56.000000 0.404312
536092.980000 6581475.510000 55.790000 84.000000 99.000000 106.000000 104.000000 0.390320
536092.910000 6581475.220000 55.900000 25.000000 30.000000 36.000000 47.000000 0.355316
536092.820000 6581474.870000 55.900000 22.000000 27.000000 31.000000 24.000000 0.358994
536092.680000 6581474.310000 56.240000 19.000000 20.000000 25.000000 23.000000 0.410980
536092.600000 6581473.990000 56.350000 47.000000 55.000000 68.000000 47.000000 0.436646
536092.520000 6581473.670000 56.480000 28.000000 31.000000 38.000000 25.000000 0.504990
536092.850000 6581476.380000 55.530000 33.000000 33.000000 41.000000 34.000000 0.415314
536092.770000 6581476.050000 55.620000 13.000000 20.000000 28.000000 17.000000 0.418320
536092.680000 6581475.710000 55.690000 84.000000 94.000000 103.000000 103.000000 0.359650
536092.610000 6581475.420000 55.820000 63.000000 73.000000 82.000000 81.000000 0.371658
536092.540000 6581475.140000 55.990000 21.000000 22.000000 27.000000 30.000000 0.361649
536092.450000 6581474.790000 56.030000 20.000000 21.000000 25.000000 30.000000 0.373657
536092.380000 6581474.500000 56.180000 17.000000 21.000000 30.000000 24.000000 0.385986
536092.300000 6581474.190000 56.270000 67.000000 79.000000 93.000000 59.000000 0.400650
536092.220000 6581473.850000 56.420000 14.000000 18.000000 27.000000 14.000000 0.470657
536092.490000 6581476.330000 55.590000 22.000000 27.000000 33.000000 22.000000 0.388657
536092.400000 6581475.990000 55.620000 69.000000 78.000000 85.000000 79.000000 0.372650
536092.340000 6581475.700000 55.820000 79.000000 94.000000 101.000000 107.000000 0.382324
536092.250000 6581475.370000 55.860000 22.000000 25.000000 30.000000 33.000000 0.371658
536092.170000 6581475.040000 55.980000 41.000000 46.000000 52.000000 37.000000 0.358322
536092.090000 6581474.710000 56.080000 13.000000 16.000000 21.000000 21.000000 0.384323
536092.010000 6581474.390000 56.150000 23.000000 32.000000 39.000000 36.000000 0.364655
536091.940000 6581474.130000 56.350000 66.000000 76.000000 85.000000 65.000000 0.439651
536091.860000 6581473.800000 56.450000 38.000000 41.000000 46.000000 35.000000 0.480316
536092.150000 6581476.040000 55.730000 55.000000 65.000000 67.000000 70.000000 0.363647
536092.070000 6581475.730000 55.760000 86.000000 103.000000 110.000000 106.000000 0.344650
536092.000000 6581475.410000 55.850000 22.000000 26.000000 29.000000 33.000000 0.362656
536091.910000 6581475.080000 55.970000 41.000000 45.000000 54.000000 40.000000 0.422989
536091.840000 6581474.780000 56.090000 17.000000 20.000000 27.000000 25.000000 0.390656
536091.770000 6581474.500000 56.220000 19.000000 28.000000 33.000000 29.000000 0.381317
536091.680000 6581474.140000 56.330000 42.000000 51.000000 58.000000 44.000000 0.390320
536091.610000 6581473.870000 56.490000 28.000000 33.000000 39.000000 31.000000 0.505325
536091.930000 6581476.060000 55.700000 73.000000 84.000000 86.000000 81.000000 0.379318
536091.850000 6581475.730000 55.770000 86.000000 101.000000 106.000000 113.000000 0.389648
536091.780000 6581475.450000 55.980000 23.000000 24.000000 28.000000 34.000000 0.369324
536091.700000 6581475.130000 56.100000 33.000000 37.000000 46.000000 34.000000 0.352661
536091.620000 6581474.790000 56.140000 24.000000 27.000000 34.000000 23.000000 0.382324
536091.540000 6581474.470000 56.220000 34.000000 43.000000 50.000000 36.000000 0.427979
536091.470000 6581474.200000 56.390000 61.000000 75.000000 88.000000 58.000000 0.379318
536091.390000 6581473.870000 56.490000 41.000000 46.000000 49.000000 34.000000 0.503311
536091.600000 6581475.910000 55.760000 82.000000 97.000000 100.000000 105.000000 0.335983
536091.520000 6581475.580000 55.880000 20.000000 25.000000 29.000000 34.000000 0.359985
536091.440000 6581475.290000 55.930000 40.000000 40.000000 48.000000 35.000000 0.386658
536091.370000 6581475.010000 56.110000 27.000000 34.000000 40.000000 29.000000 0.368988
536091.300000 6581474.690000 56.230000 17.000000 20.000000 25.000000 22.000000 0.371323
536091.220000 6581474.390000 56.290000 72.000000 84.000000 98.000000 64.000000 0.367661
536091.150000 6581474.080000 56.410000 13.000000 18.000000 22.000000 21.000000 0.427979
536091.320000 6581476.110000 55.740000 75.000000 92.000000 99.000000 103.000000 0.331985
536091.240000 6581475.800000 55.840000 49.000000 54.000000 57.000000 66.000000 0.402649
536091.170000 6581475.510000 56.030000 25.000000 30.000000 34.000000 34.000000 0.350327
536091.080000 6581475.160000 55.990000 27.000000 28.000000 32.000000 29.000000 0.368652
536091.010000 6581474.860000 56.110000 21.000000 24.000000 31.000000 30.000000 0.345657
536090.930000 6581474.560000 56.290000 13.000000 16.000000 21.000000 16.000000 0.435318
536090.860000 6581474.280000 56.390000 15.000000 18.000000 27.000000 21.000000 0.422653
536091.080000 6581476.010000 55.740000 85.000000 96.000000 102.000000 107.000000 0.339661
536090.840000 6581475.060000 56.050000 16.000000 19.000000 24.000000 28.000000 0.333313
536090.780000 6581474.810000 56.240000 21.000000 24.000000 29.000000 20.000000 0.411987
536090.710000 6581474.520000 56.350000 12.000000 13.000000 18.000000 17.000000 0.389313
536090.620000 6581474.180000 56.430000 33.000000 37.000000 40.000000 31.000000 0.476654
536090.780000 6581475.790000 55.930000 21.000000 26.000000 32.000000 30.000000 0.385986
536090.690000 6581475.460000 56.010000 38.000000 41.000000 46.000000 38.000000 0.414658
536090.620000 6581475.140000 56.120000 26.000000 31.000000 35.000000 26.000000 0.407654
536090.530000 6581474.810000 56.230000 16.000000 21.000000 24.000000 16.000000 0.376328
536090.450000 6581474.480000 56.290000 43.000000 53.000000 63.000000 56.000000 0.387314
536090.380000 6581474.200000 56.440000 66.000000 79.000000 88.000000 68.000000 0.493652
536090.480000 6581475.840000 55.900000 22.000000 27.000000 33.000000 32.000000 0.381653
536090.400000 6581475.530000 55.950000 32.000000 35.000000 42.000000 34.000000 0.361649
536090.330000 6581475.230000 56.060000 14.000000 17.000000 22.000000 15.000000 0.334320
536090.260000 6581474.940000 56.280000 27.000000 31.000000 32.000000 25.000000 0.434647
536090.170000 6581474.590000 56.300000 58.000000 74.000000 90.000000 63.000000 0.408981
536090.100000 6581474.320000 56.450000 78.000000 94.000000 109.000000 80.000000 0.524979
536090.120000 6581475.850000 55.880000 22.000000 25.000000 30.000000 34.000000 0.387650
536090.040000 6581475.540000 56.030000 27.000000 30.000000 37.000000 28.000000 0.351318
536093.990000 6581476.560000 55.320000 35.000000 42.000000 50.000000 31.000000 0.462982
536093.940000 6581475.400000 55.740000 77.000000 94.000000 102.000000 95.000000 0.327988
536093.850000 6581475.720000 55.680000 47.000000 60.000000 69.000000 58.000000 0.388321
536093.770000 6581476.030000 55.550000 19.000000 23.000000 32.000000 26.000000 0.389984
536093.680000 6581476.380000 55.510000 64.000000 84.000000 93.000000 64.000000 0.411316
536094.140000 6581473.480000 56.160000 60.000000 69.000000 78.000000 63.000000 0.320328
536094.080000 6581473.720000 55.930000 24.000000 31.000000 41.000000 23.000000 0.330322
536094.010000 6581474.000000 55.760000 31.000000 32.000000 37.000000 33.000000 0.387314
536093.930000 6581474.300000 55.620000 22.000000 25.000000 32.000000 18.000000 0.323654
536093.730000 6581475.100000 55.790000 58.000000 66.000000 69.000000 77.000000 0.341324
536093.640000 6581475.440000 55.760000 81.000000 95.000000 104.000000 100.000000 0.360657
536093.550000 6581475.770000 55.690000 34.000000 44.000000 54.000000 46.000000 0.390320
536093.480000 6581476.050000 55.530000 23.000000 28.000000 34.000000 28.000000 0.362320
536093.380000 6581476.420000 55.510000 67.000000 85.000000 95.000000 70.000000 0.427979
536093.870000 6581473.420000 56.310000 62.000000 74.000000 86.000000 60.000000 0.418320
536093.810000 6581473.680000 56.110000 46.000000 58.000000 70.000000 44.000000 0.423645
536093.740000 6581473.920000 55.910000 22.000000 29.000000 37.000000 22.000000 0.372986
536093.650000 6581474.260000 55.820000 22.000000 26.000000 29.000000 22.000000 0.319992
536093.530000 6581474.730000 56.050000 26.000000 27.000000 32.000000 29.000000 0.353317
536093.450000 6581475.060000 55.940000 16.000000 19.000000 24.000000 25.000000 0.366318
536093.370000 6581475.350000 55.780000 86.000000 97.000000 103.000000 103.000000 0.344986
536093.280000 6581475.700000 55.730000 64.000000 74.000000 83.000000 74.000000 0.363983
536093.200000 6581476.020000 55.670000 40.000000 48.000000 51.000000 28.000000 0.400986
536093.120000 6581476.320000 55.560000 47.000000 54.000000 64.000000 52.000000 0.397659
536093.450000 6581473.480000 56.340000 24.000000 34.000000 43.000000 30.000000 0.369324
536093.380000 6581473.750000 56.120000 41.000000 51.000000 63.000000 44.000000 0.389648
536093.280000 6581474.140000 56.100000 8.000000 15.000000 21.000000 17.000000 0.327316
536093.190000 6581474.470000 56.120000 23.000000 26.000000 35.000000 19.000000 0.398987
536093.120000 6581474.780000 56.040000 34.000000 39.000000 45.000000 34.000000 0.369659
536093.030000 6581475.100000 55.950000 24.000000 23.000000 29.000000 38.000000 0.382980
536092.950000 6581475.430000 55.840000 83.000000 96.000000 102.000000 103.000000 0.384979
536092.880000 6581475.700000 55.700000 82.000000 95.000000 103.000000 101.000000 0.342987
536092.790000 6581476.030000 55.610000 13.000000 20.000000 28.000000 17.000000 0.391647
536092.700000 6581476.370000 55.530000 23.000000 23.000000 31.000000 19.000000 0.420319
536093.010000 6581473.500000 56.490000 40.000000 44.000000 47.000000 34.000000 0.403656
536092.930000 6581473.830000 56.390000 49.000000 55.000000 67.000000 50.000000 0.386322
536092.840000 6581474.160000 56.270000 27.000000 37.000000 46.000000 28.000000 0.356659
536092.760000 6581474.470000 56.170000 25.000000 28.000000 35.000000 27.000000 0.410324
536092.680000 6581474.770000 56.070000 20.000000 21.000000 26.000000 24.000000 0.395981
536092.600000 6581475.090000 55.920000 24.000000 27.000000 34.000000 29.000000 0.358658
536092.510000 6581475.440000 55.890000 52.000000 61.000000 68.000000 72.000000 0.381317
536092.430000 6581475.740000 55.790000 82.000000 95.000000 103.000000 104.000000 0.375656
536092.350000 6581476.040000 55.650000 33.000000 42.000000 47.000000 47.000000 0.343994
536092.630000 6581473.770000 56.420000 7.000000 10.000000 19.000000 11.000000 0.462982
536092.550000 6581474.080000 56.310000 70.000000 83.000000 99.000000 59.000000 0.388321
536092.470000 6581474.390000 56.220000 15.000000 18.000000 23.000000 28.000000 0.397659
536092.380000 6581474.740000 56.140000 16.000000 20.000000 23.000000 20.000000 0.380981
536092.320000 6581474.990000 55.970000 29.000000 33.000000 44.000000 33.000000 0.391983
536092.230000 6581475.320000 55.930000 22.000000 25.000000 30.000000 33.000000 0.376648
536092.160000 6581475.600000 55.730000 85.000000 100.000000 107.000000 108.000000 0.351990
536092.070000 6581475.940000 55.730000 83.000000 97.000000 100.000000 100.000000 0.352325
536091.990000 6581476.240000 55.600000 18.000000 31.000000 39.000000 30.000000 0.323318
536092.340000 6581473.830000 56.400000 16.000000 20.000000 29.000000 17.000000 0.420319
536092.270000 6581474.110000 56.280000 70.000000 82.000000 94.000000 62.000000 0.372986
536092.190000 6581474.430000 56.200000 15.000000 19.000000 28.000000 16.000000 0.404984
536092.120000 6581474.680000 55.960000 18.000000 21.000000 26.000000 22.000000 0.295319
536092.030000 6581475.030000 55.930000 43.000000 48.000000 54.000000 39.000000 0.345993
536091.950000 6581475.370000 55.930000 25.000000 26.000000 31.000000 28.000000 0.340652
536091.780000 6581475.990000 55.690000 83.000000 98.000000 101.000000 105.000000 0.365982
536092.040000 6581473.710000 56.480000 30.000000 33.000000 38.000000 35.000000 0.460648
536091.960000 6581474.030000 56.370000 28.000000 37.000000 46.000000 31.000000 0.402649
536091.870000 6581474.360000 56.250000 38.000000 48.000000 60.000000 45.000000 0.367981
536091.800000 6581474.630000 56.140000 18.000000 21.000000 30.000000 19.000000 0.342316
536091.710000 6581474.950000 56.010000 22.000000 26.000000 29.000000 23.000000 0.332657
536091.630000 6581475.280000 55.880000 32.000000 32.000000 40.000000 32.000000 0.356323
536091.540000 6581475.620000 55.880000 40.000000 48.000000 51.000000 62.000000 0.363983
536091.470000 6581475.900000 55.770000 83.000000 98.000000 103.000000 110.000000 0.297989
536091.590000 6581474.020000 56.410000 16.000000 21.000000 25.000000 21.000000 0.401321
536091.520000 6581474.300000 56.290000 62.000000 76.000000 89.000000 61.000000 0.367661
536091.430000 6581474.620000 56.210000 15.000000 18.000000 25.000000 19.000000 0.324661
536091.350000 6581474.960000 56.110000 22.000000 23.000000 27.000000 23.000000 0.309982
536091.260000 6581475.290000 56.000000 43.000000 44.000000 49.000000 38.000000 0.388992
536091.180000 6581475.610000 55.950000 23.000000 28.000000 32.000000 40.000000 0.361649
536091.100000 6581475.920000 55.840000 89.000000 98.000000 103.000000 107.000000 0.372650
536091.330000 6581474.030000 56.380000 9.000000 12.000000 19.000000 14.000000 0.440979
536091.240000 6581474.350000 56.270000 72.000000 84.000000 98.000000 64.000000 0.353989
536091.160000 6581474.670000 56.180000 13.000000 18.000000 22.000000 27.000000 0.347656
536091.080000 6581474.980000 56.130000 16.000000 19.000000 26.000000 29.000000 0.376648
536091.010000 6581475.260000 56.020000 33.000000 37.000000 40.000000 31.000000 0.359650
536090.920000 6581475.610000 55.900000 21.000000 26.000000 30.000000 30.000000 0.398651
536090.830000 6581475.950000 55.840000 87.000000 96.000000 101.000000 104.000000 0.301315
536091.070000 6581474.160000 56.350000 15.000000 19.000000 28.000000 12.000000 0.412323
536090.980000 6581474.480000 56.280000 13.000000 16.000000 23.000000 12.000000 0.416656
536090.890000 6581474.830000 56.240000 21.000000 24.000000 29.000000 25.000000 0.378647
536090.820000 6581475.140000 56.090000 18.000000 21.000000 26.000000 26.000000 0.374985
536090.730000 6581475.480000 56.050000 32.000000 35.000000 40.000000 29.000000 0.372314
536090.660000 6581475.750000 55.870000 16.000000 21.000000 27.000000 23.000000 0.343323
536090.720000 6581474.270000 56.370000 18.000000 18.000000 26.000000 20.000000 0.411987
536090.650000 6581474.560000 56.270000 8.000000 11.000000 16.000000 10.000000 0.353653
536090.560000 6581474.880000 56.170000 16.000000 21.000000 24.000000 16.000000 0.328995
536090.470000 6581475.220000 56.120000 16.000000 21.000000 25.000000 19.000000 0.393326
536090.400000 6581475.510000 55.990000 32.000000 35.000000 42.000000 34.000000 0.325653
536090.330000 6581475.790000 55.880000 22.000000 25.000000 30.000000 29.000000 0.376648
536090.420000 6581474.130000 56.450000 32.000000 41.000000 46.000000 35.000000 0.468979
536090.330000 6581474.450000 56.390000 77.000000 91.000000 104.000000 80.000000 0.422318
536090.260000 6581474.730000 56.280000 36.000000 45.000000 52.000000 32.000000 0.425980
536090.180000 6581475.050000 56.120000 24.000000 25.000000 29.000000 20.000000 0.354980
536090.090000 6581475.400000 56.110000 21.000000 24.000000 31.000000 27.000000 0.415649
536090.010000 6581475.670000 55.990000 22.000000 23.000000 28.000000 31.000000 0.371323
536090.060000 6581474.390000 56.410000 78.000000 94.000000 109.000000 80.000000 0.469986
536090.030000 6581474.350000 56.460000 78.000000 94.000000 109.000000 80.000000 0.424988
536090.150000 6581474.760000 56.280000 34.000000 45.000000 51.000000 36.000000 0.353317
536090.280000 6581475.190000 56.130000 30.000000 31.000000 35.000000 37.000000 0.358994
536090.520000 6581476.010000 55.940000 68.000000 77.000000 82.000000 85.000000 0.315994
536090.370000 6581474.210000 56.460000 66.000000 79.000000 88.000000 68.000000 0.395325
536090.630000 6581475.090000 56.080000 19.000000 24.000000 28.000000 27.000000 0.332657
536090.750000 6581475.490000 55.980000 32.000000 35.000000 40.000000 29.000000 0.338654
536090.600000 6581474.160000 56.450000 29.000000 37.000000 40.000000 27.000000 0.401657
536091.080000 6581474.870000 56.120000 21.000000 24.000000 31.000000 30.000000 0.323990
536091.450000 6581476.100000 55.760000 77.000000 94.000000 101.000000 104.000000 0.331314
536091.150000 6581473.960000 56.480000 23.000000 28.000000 31.000000 26.000000 0.430649
536091.390000 6581474.760000 56.170000 26.000000 27.000000 31.000000 23.000000 0.353317
536091.550000 6581474.010000 56.380000 16.000000 21.000000 25.000000 21.000000 0.387985
536091.810000 6581474.870000 56.040000 17.000000 21.000000 24.000000 25.000000 0.313324
536091.920000 6581475.250000 55.970000 17.000000 20.000000 27.000000 28.000000 0.357986
536091.780000 6581473.920000 56.470000 13.000000 20.000000 28.000000 17.000000 0.412659
536092.040000 6581474.760000 56.130000 13.000000 16.000000 21.000000 21.000000 0.340317
536092.160000 6581475.190000 55.980000 19.000000 22.000000 29.000000 28.000000 0.331650
536092.410000 6581476.020000 55.690000 29.000000 36.000000 42.000000 43.000000 0.364319
536092.040000 6581473.810000 56.470000 17.000000 22.000000 28.000000 19.000000 0.395981
536092.160000 6581474.230000 56.330000 56.000000 65.000000 72.000000 56.000000 0.341980
536092.290000 6581474.670000 56.170000 22.000000 26.000000 29.000000 20.000000 0.336319
536092.670000 6581475.950000 55.630000 45.000000 54.000000 63.000000 62.000000 0.356659
536092.790000 6581476.360000 55.500000 20.000000 20.000000 28.000000 25.000000 0.349319
536092.470000 6581473.970000 56.350000 32.000000 40.000000 53.000000 36.000000 0.314987
536092.990000 6581475.710000 55.720000 80.000000 93.000000 102.000000 94.000000 0.348984
536093.110000 6581476.110000 55.620000 19.000000 26.000000 32.000000 28.000000 0.363327
536093.500000 6581476.160000 55.480000 18.000000 27.000000 36.000000 26.000000 0.375320
536093.010000 6581473.470000 56.480000 40.000000 44.000000 47.000000 34.000000 0.384659
536093.280000 6581474.360000 56.090000 19.000000 22.000000 27.000000 29.000000 0.333984
536093.380000 6581474.710000 56.030000 28.000000 31.000000 36.000000 33.000000 0.346649
536093.510000 6581475.160000 55.870000 36.000000 41.000000 45.000000 56.000000 0.399658
536093.750000 6581475.970000 55.520000 29.000000 33.000000 44.000000 29.000000 0.323990
536093.890000 6581476.410000 55.400000 55.000000 68.000000 77.000000 52.000000 0.401657
536093.280000 6581473.470000 56.390000 30.000000 35.000000 41.000000 30.000000 0.338318
536093.430000 6581473.970000 56.010000 42.000000 52.000000 61.000000 43.000000 0.352325
536093.880000 6581474.190000 55.690000 18.000000 21.000000 26.000000 22.000000 0.329651
536090.030000 6581474.240000 56.460000 45.000000 59.000000 70.000000 59.000000 0.465317
536090.040000 6581475.840000 55.930000 17.000000 20.000000 25.000000 29.000000 0.303314
536090.140000 6581475.430000 56.060000 22.000000 25.000000 32.000000 25.000000 0.344986
536090.240000 6581475.040000 56.170000 29.000000 30.000000 32.000000 28.000000 0.364655
536090.340000 6581474.600000 56.290000 56.000000 66.000000 75.000000 54.000000 0.338989
536090.440000 6581474.180000 56.510000 32.000000 41.000000 46.000000 35.000000 0.446320
536090.390000 6581475.880000 55.870000 25.000000 30.000000 34.000000 34.000000 0.319321
536090.480000 6581475.490000 55.950000 41.000000 44.000000 51.000000 40.000000 0.323318
536090.590000 6581475.070000 56.130000 19.000000 23.000000 26.000000 28.000000 0.345322
536090.800000 6581474.200000 56.430000 15.000000 18.000000 27.000000 21.000000 0.372314
536090.950000 6581474.800000 56.200000 15.000000 18.000000 23.000000 23.000000 0.302322
536091.050000 6581474.410000 56.290000 45.000000 49.000000 58.000000 41.000000 0.303314
536091.160000 6581473.940000 56.440000 23.000000 28.000000 31.000000 26.000000 0.431992
536091.090000 6581475.300000 55.950000 33.000000 37.000000 40.000000 31.000000 0.340317
536091.200000 6581474.870000 56.110000 22.000000 25.000000 32.000000 26.000000 0.293320
536091.410000 6581473.980000 56.480000 27.000000 32.000000 38.000000 31.000000 0.384979
536091.250000 6581476.110000 55.710000 79.000000 94.000000 101.000000 106.000000 0.319992
536091.360000 6581475.670000 55.890000 28.000000 33.000000 36.000000 45.000000 0.303986
536091.560000 6581474.850000 56.140000 19.000000 20.000000 22.000000 30.000000 0.292984
536091.670000 6581474.400000 56.270000 26.000000 35.000000 42.000000 31.000000 0.328995
536091.750000 6581474.040000 56.370000 16.000000 23.000000 29.000000 21.000000 0.398315
536091.760000 6581475.480000 55.820000 23.000000 24.000000 28.000000 34.000000 0.343994
536091.860000 6581475.030000 56.010000 37.000000 41.000000 50.000000 38.000000 0.315659
536091.980000 6581474.560000 56.180000 17.000000 22.000000 28.000000 24.000000 0.357986
536092.070000 6581474.160000 56.350000 70.000000 80.000000 90.000000 67.000000 0.341324
536092.180000 6581473.720000 56.510000 25.000000 28.000000 33.000000 27.000000 0.451981
536091.980000 6581475.520000 55.900000 39.000000 44.000000 47.000000 54.000000 0.341324
536092.080000 6581475.090000 56.050000 43.000000 48.000000 54.000000 39.000000 0.303650
536092.170000 6581474.740000 56.090000 15.000000 19.000000 22.000000 26.000000 0.354660
536092.260000 6581474.350000 56.170000 19.000000 24.000000 28.000000 23.000000 0.354660
536092.380000 6581473.850000 56.450000 16.000000 20.000000 29.000000 17.000000 0.387985
536092.390000 6581474.700000 56.140000 16.000000 20.000000 23.000000 20.000000 0.323318
536092.500000 6581474.270000 56.260000 24.000000 28.000000 37.000000 30.000000 0.336990
536092.600000 6581473.860000 56.380000 23.000000 27.000000 39.000000 20.000000 0.394989
536092.530000 6581475.520000 55.820000 86.000000 99.000000 107.000000 106.000000 0.354980
536092.630000 6581475.090000 56.000000 17.000000 17.000000 25.000000 28.000000 0.365646
536092.730000 6581474.680000 56.110000 27.000000 27.000000 35.000000 30.000000 0.314651
536092.830000 6581474.270000 56.210000 16.000000 21.000000 27.000000 19.000000 0.321655
536092.930000 6581473.850000 56.350000 49.000000 55.000000 67.000000 50.000000 0.357986
536092.680000 6581476.190000 55.630000 33.000000 36.000000 43.000000 26.000000 0.327652
536092.780000 6581475.760000 55.730000 87.000000 97.000000 106.000000 101.000000 0.353989
536092.880000 6581475.350000 55.850000 44.000000 53.000000 58.000000 66.000000 0.284988
536092.990000 6581474.910000 56.000000 30.000000 34.000000 35.000000 32.000000 0.325653
536093.100000 6581474.440000 56.170000 22.000000 24.000000 36.000000 27.000000 0.339325
536093.200000 6581474.050000 56.250000 31.000000 42.000000 48.000000 38.000000 0.334991
536093.270000 6581473.730000 56.210000 38.000000 46.000000 59.000000 41.000000 0.369980
536092.890000 6581476.110000 55.640000 24.000000 29.000000 35.000000 23.000000 0.361984
536093.090000 6581475.290000 55.850000 36.000000 41.000000 47.000000 52.000000 0.367661
536093.190000 6581474.860000 56.000000 27.000000 32.000000 35.000000 35.000000 0.295654
536093.290000 6581474.440000 56.160000 21.000000 21.000000 29.000000 21.000000 0.344315
536093.380000 6581474.080000 56.130000 14.000000 23.000000 30.000000 24.000000 0.309326
536093.470000 6581473.720000 56.110000 51.000000 61.000000 73.000000 50.000000 0.336319
536093.050000 6581476.260000 55.570000 18.000000 18.000000 26.000000 15.000000 0.392654
536093.140000 6581475.870000 55.670000 36.000000 44.000000 47.000000 50.000000 0.331650
536093.350000 6581475.000000 55.920000 23.000000 27.000000 30.000000 25.000000 0.345657
536093.460000 6581474.560000 56.090000 24.000000 23.000000 29.000000 28.000000 0.343994
536093.620000 6581473.910000 55.920000 28.000000 37.000000 46.000000 33.000000 0.331650
536093.750000 6581473.360000 56.370000 40.000000 53.000000 61.000000 46.000000 0.342651
536093.420000 6581476.020000 55.550000 23.000000 28.000000 34.000000 28.000000 0.346313
536093.630000 6581475.180000 55.880000 48.000000 56.000000 59.000000 66.000000 0.357651
536093.860000 6581474.210000 55.680000 15.000000 18.000000 23.000000 17.000000 0.339981
536093.740000 6581476.150000 55.530000 29.000000 38.000000 47.000000 37.000000 0.408325
536093.830000 6581475.750000 55.650000 47.000000 60.000000 69.000000 58.000000 0.313980
536093.920000 6581476.510000 55.370000 35.000000 42.000000 50.000000 31.000000 0.400986
536094.020000 6581476.090000 55.580000 73.000000 81.000000 92.000000 76.000000 0.372314
536094.170000 6581473.900000 55.830000 27.000000 26.000000 31.000000 27.000000 0.360992
536094.080000 6581476.330000 55.410000 55.000000 71.000000 86.000000 56.000000 0.431656
536094.720000 6581476.220000 55.160000 29.000000 34.000000 38.000000 34.000000 0.391983
536094.270000 6581475.480000 55.270000 78.000000 92.000000 103.000000 92.000000 0.299652
536094.160000 6581475.910000 55.480000 64.000000 78.000000 89.000000 73.000000 0.299316
536094.070000 6581476.270000 55.450000 60.000000 76.000000 91.000000 63.000000 0.399323
536094.300000 6581474.000000 55.730000 21.000000 20.000000 25.000000 19.000000 0.344986
536094.220000 6581473.200000 56.370000 53.000000 57.000000 66.000000 61.000000 0.335983
536094.150000 6581476.390000 55.390000 56.000000 69.000000 85.000000 52.000000 0.360657
536094.480000 6581476.200000 55.250000 34.000000 41.000000 49.000000 36.000000 0.368652
536094.270000 6581475.070000 55.400000 68.000000 78.000000 80.000000 80.000000 0.302658
536094.210000 6581476.480000 55.330000 41.000000 45.000000 57.000000 35.000000 0.343658
536094.380000 6581475.760000 55.290000 61.000000 74.000000 80.000000 69.000000 0.343658
536094.660000 6581476.200000 55.170000 25.000000 30.000000 34.000000 27.000000 0.349319
536089.990000 6581476.280000 55.770000 90.000000 101.000000 105.000000 109.000000 0.344315
536089.910000 6581475.970000 55.870000 18.000000 23.000000 26.000000 38.000000 0.342316
536089.780000 6581476.640000 55.540000 82.000000 96.000000 105.000000 102.000000 0.350327
536089.720000 6581476.390000 55.740000 84.000000 98.000000 101.000000 109.000000 0.407990
536089.640000 6581476.090000 55.840000 25.000000 30.000000 34.000000 42.000000 0.339981
536089.450000 6581476.630000 55.720000 81.000000 94.000000 100.000000 104.000000 0.368988
536089.370000 6581476.320000 55.840000 89.000000 103.000000 106.000000 106.000000 0.360321
536089.300000 6581476.000000 55.940000 26.000000 25.000000 31.000000 29.000000 0.414322
536089.080000 6581476.700000 55.750000 79.000000 92.000000 98.000000 97.000000 0.363647
536089.010000 6581476.400000 55.850000 90.000000 103.000000 109.000000 107.000000 0.342316
536088.930000 6581476.070000 55.970000 22.000000 25.000000 30.000000 28.000000 0.375992
536088.770000 6581476.450000 55.870000 80.000000 91.000000 95.000000 96.000000 0.380981
536088.690000 6581476.150000 55.950000 23.000000 26.000000 31.000000 32.000000 0.369980
536088.620000 6581475.860000 56.040000 30.000000 31.000000 35.000000 28.000000 0.392990
536088.530000 6581476.520000 55.770000 89.000000 98.000000 103.000000 109.000000 0.379990
536088.460000 6581476.230000 55.900000 21.000000 24.000000 29.000000 34.000000 0.352325
536088.380000 6581475.900000 56.000000 27.000000 31.000000 34.000000 31.000000 0.390320
536088.140000 6581476.480000 55.830000 29.000000 34.000000 40.000000 39.000000 0.354324
536087.980000 6581475.820000 56.050000 18.000000 22.000000 25.000000 21.000000 0.368652
536087.790000 6581476.570000 55.860000 25.000000 33.000000 36.000000 44.000000 0.360657
536087.710000 6581476.290000 55.990000 23.000000 26.000000 31.000000 22.000000 0.331314
536087.640000 6581475.980000 56.150000 18.000000 22.000000 25.000000 14.000000 0.382660
536087.550000 6581475.650000 56.180000 27.000000 28.000000 33.000000 26.000000 0.383652
536087.430000 6581476.280000 55.980000 31.000000 34.000000 39.000000 29.000000 0.350983
536087.360000 6581476.000000 56.080000 24.000000 28.000000 29.000000 27.000000 0.372650
536087.280000 6581475.680000 56.190000 16.000000 19.000000 24.000000 18.000000 0.400986
536087.260000 6581476.690000 55.860000 20.000000 28.000000 30.000000 39.000000 0.392990
536087.180000 6581476.380000 55.940000 24.000000 29.000000 32.000000 29.000000 0.370651
536087.110000 6581476.080000 56.050000 18.000000 19.000000 23.000000 17.000000 0.425323
536087.030000 6581475.760000 56.150000 19.000000 22.000000 27.000000 21.000000 0.386658
536086.950000 6581475.460000 56.310000 53.000000 63.000000 72.000000 50.000000 0.370651
536086.880000 6581476.540000 55.950000 26.000000 29.000000 34.000000 35.000000 0.461319
536086.800000 6581476.230000 56.080000 25.000000 28.000000 33.000000 28.000000 0.429993
536086.720000 6581475.910000 56.190000 19.000000 18.000000 24.000000 17.000000 0.435989
536086.650000 6581475.610000 56.310000 31.000000 41.000000 50.000000 38.000000 0.458984
536086.510000 6581476.530000 56.020000 21.000000 24.000000 31.000000 22.000000 0.381653
536086.440000 6581476.200000 56.080000 21.000000 24.000000 31.000000 25.000000 0.393646
536086.360000 6581475.890000 56.230000 26.000000 29.000000 34.000000 22.000000 0.415314
536086.280000 6581475.580000 56.330000 18.000000 25.000000 33.000000 29.000000 0.418320
536086.160000 6581476.140000 56.110000 20.000000 20.000000 28.000000 19.000000 0.357315
536086.010000 6581475.520000 56.330000 21.000000 28.000000 34.000000 33.000000 0.383987
536089.940000 6581475.980000 55.860000 18.000000 23.000000 26.000000 38.000000 0.341324
536089.850000 6581476.310000 55.780000 82.000000 95.000000 101.000000 109.000000 0.353317
536089.760000 6581476.640000 55.720000 82.000000 96.000000 105.000000 102.000000 0.362656
536089.650000 6581475.970000 55.920000 25.000000 29.000000 32.000000 37.000000 0.353317
536089.570000 6581476.280000 55.830000 84.000000 93.000000 98.000000 99.000000 0.357986
536089.480000 6581476.610000 55.720000 81.000000 94.000000 100.000000 104.000000 0.305328
536089.340000 6581476.120000 55.940000 28.000000 31.000000 36.000000 39.000000 0.367661
536089.270000 6581476.400000 55.820000 86.000000 101.000000 106.000000 107.000000 0.420654
536089.180000 6581476.720000 55.710000 83.000000 96.000000 102.000000 103.000000 0.327316
536088.990000 6581476.000000 55.980000 23.000000 24.000000 28.000000 30.000000 0.372986
536088.900000 6581476.310000 55.880000 62.000000 71.000000 76.000000 77.000000 0.370651
536088.820000 6581476.620000 55.690000 82.000000 97.000000 102.000000 106.000000 0.337982
536088.630000 6581475.860000 56.040000 30.000000 31.000000 35.000000 28.000000 0.413315
536088.540000 6581476.220000 55.940000 21.000000 24.000000 29.000000 33.000000 0.352325
536088.460000 6581476.520000 55.860000 86.000000 95.000000 100.000000 103.000000 0.316315
536088.330000 6581475.700000 56.070000 24.000000 25.000000 29.000000 20.000000 0.402649
536088.250000 6581476.010000 55.990000 25.000000 30.000000 34.000000 31.000000 0.364990
536088.170000 6581476.330000 55.940000 21.000000 24.000000 29.000000 27.000000 0.417648
536088.080000 6581476.650000 55.820000 86.000000 97.000000 103.000000 102.000000 0.362320
536088.050000 6581475.730000 56.160000 19.000000 20.000000 24.000000 28.000000 0.405655
536087.960000 6581476.050000 56.050000 21.000000 29.000000 32.000000 28.000000 0.371323
536087.890000 6581476.330000 55.930000 21.000000 24.000000 31.000000 25.000000 0.354324
536087.800000 6581476.670000 55.870000 73.000000 82.000000 87.000000 94.000000 0.338318
536087.640000 6581475.690000 56.170000 24.000000 25.000000 30.000000 26.000000 0.365646
536087.570000 6581475.980000 56.080000 28.000000 32.000000 35.000000 28.000000 0.364319
536087.390000 6581476.640000 55.860000 25.000000 33.000000 35.000000 45.000000 0.369659
536087.230000 6581475.800000 56.160000 17.000000 18.000000 22.000000 19.000000 0.342987
536087.140000 6581476.130000 56.090000 21.000000 25.000000 28.000000 20.000000 0.329987
536087.050000 6581476.470000 56.010000 27.000000 32.000000 35.000000 36.000000 0.376328
536086.980000 6581476.740000 55.890000 29.000000 34.000000 38.000000 42.000000 0.427322
536086.920000 6581475.700000 56.280000 21.000000 26.000000 30.000000 25.000000 0.382324
536086.840000 6581476.010000 56.130000 19.000000 18.000000 24.000000 24.000000 0.396652
536086.770000 6581476.280000 56.020000 20.000000 23.000000 28.000000 29.000000 0.428986
536086.680000 6581476.630000 55.940000 32.000000 33.000000 38.000000 31.000000 0.415314
536086.660000 6581475.750000 56.230000 17.000000 24.000000 32.000000 15.000000 0.472656
536086.580000 6581476.070000 56.160000 25.000000 24.000000 32.000000 27.000000 0.474991
536086.500000 6581476.380000 56.060000 23.000000 28.000000 34.000000 24.000000 0.399323
536086.420000 6581476.680000 55.980000 10.000000 11.000000 16.000000 12.000000 0.412659
536086.320000 6581475.400000 56.370000 26.000000 36.000000 46.000000 33.000000 0.505325
536086.230000 6581475.720000 56.330000 18.000000 23.000000 29.000000 22.000000 0.340988
536086.170000 6581475.950000 56.140000 29.000000 32.000000 37.000000 23.000000 0.314651
536086.090000 6581476.270000 56.020000 26.000000 26.000000 34.000000 27.000000 0.324982
536085.950000 6581475.290000 56.420000 123.000000 133.000000 135.000000 113.000000 0.418320
536085.890000 6581475.530000 56.210000 38.000000 46.000000 49.000000 46.000000 0.434326
536086.040000 6581475.480000 56.320000 58.000000 67.000000 74.000000 60.000000 0.378647
536086.410000 6581476.740000 55.870000 11.000000 12.000000 17.000000 10.000000 0.359314
536086.420000 6581475.770000 56.310000 14.000000 21.000000 29.000000 16.000000 0.390320
536086.550000 6581476.210000 56.110000 22.000000 25.000000 32.000000 31.000000 0.424652
536086.790000 6581475.610000 56.250000 25.000000 34.000000 41.000000 36.000000 0.344986
536087.040000 6581476.460000 55.930000 27.000000 32.000000 35.000000 36.000000 0.354660
536087.230000 6581475.640000 56.250000 16.000000 19.000000 24.000000 18.000000 0.350647
536087.350000 6581476.060000 56.070000 17.000000 21.000000 24.000000 16.000000 0.320648
536087.520000 6581475.620000 56.170000 27.000000 28.000000 33.000000 26.000000 0.392654
536087.790000 6581475.690000 56.150000 22.000000 23.000000 28.000000 24.000000 0.368988
536088.510000 6581475.850000 56.020000 24.000000 25.000000 29.000000 26.000000 0.343994
536088.630000 6581476.250000 55.930000 18.000000 23.000000 27.000000 32.000000 0.375320
536088.980000 6581476.590000 55.770000 85.000000 99.000000 102.000000 103.000000 0.327652
536089.480000 6581476.220000 55.850000 73.000000 82.000000 87.000000 90.000000 0.372314
536089.940000 6581475.970000 55.930000 18.000000 23.000000 26.000000 38.000000 0.356659
536086.200000 6581475.520000 56.330000 20.000000 29.000000 36.000000 37.000000 0.328323
536086.430000 6581476.150000 56.100000 22.000000 22.000000 30.000000 20.000000 0.389648
536086.540000 6581475.680000 56.310000 34.000000 47.000000 55.000000 36.000000 0.369980
536086.610000 6581476.490000 56.050000 31.000000 36.000000 40.000000 34.000000 0.329987
536086.690000 6581476.120000 56.130000 29.000000 30.000000 35.000000 22.000000 0.372650
536086.800000 6581475.700000 56.260000 16.000000 21.000000 27.000000 18.000000 0.330658
536086.860000 6581476.560000 55.940000 26.000000 29.000000 34.000000 35.000000 0.375320
536086.970000 6581476.130000 56.070000 15.000000 16.000000 21.000000 18.000000 0.331650
536087.070000 6581475.710000 56.200000 19.000000 22.000000 27.000000 21.000000 0.292328
536087.230000 6581476.490000 55.890000 19.000000 24.000000 27.000000 25.000000 0.349319
536087.340000 6581476.040000 56.080000 17.000000 21.000000 24.000000 16.000000 0.317657
536087.430000 6581475.640000 56.170000 25.000000 28.000000 33.000000 29.000000 0.340988
536087.690000 6581476.140000 56.080000 18.000000 23.000000 26.000000 19.000000 0.335648
536087.810000 6581476.680000 55.830000 73.000000 82.000000 87.000000 94.000000 0.326324
536087.910000 6581476.270000 56.000000 23.000000 26.000000 31.000000 33.000000 0.298660
536088.000000 6581475.900000 56.010000 24.000000 28.000000 31.000000 21.000000 0.345993
536088.250000 6581476.040000 55.960000 25.000000 30.000000 34.000000 31.000000 0.317657
536088.560000 6581476.290000 55.900000 21.000000 24.000000 29.000000 33.000000 0.318649
536089.010000 6581476.090000 55.880000 27.000000 28.000000 33.000000 31.000000 0.334320
536089.180000 6581476.660000 55.710000 82.000000 95.000000 101.000000 104.000000 0.368652
536089.370000 6581475.880000 55.960000 22.000000 21.000000 27.000000 28.000000 0.288651
536089.520000 6581476.360000 55.760000 90.000000 104.000000 107.000000 111.000000 0.307327
536089.610000 6581476.000000 55.830000 25.000000 29.000000 32.000000 37.000000 0.329651
536089.940000 6581476.240000 55.830000 90.000000 101.000000 105.000000 109.000000 0.313660
536092.560000 6581476.620000 55.480000 67.000000 83.000000 96.000000 76.000000 0.472656
536092.220000 6581476.320000 55.580000 25.000000 32.000000 40.000000 32.000000 0.357986
536092.000000 6581476.340000 55.550000 40.000000 50.000000 59.000000 38.000000 0.323654
536091.760000 6581476.530000 55.550000 72.000000 82.000000 91.000000 90.000000 0.517319
536091.390000 6581476.400000 55.640000 77.000000 95.000000 105.000000 101.000000 0.374313
536091.250000 6581476.670000 55.560000 76.000000 93.000000 101.000000 95.000000 0.395325
536091.160000 6581476.350000 55.660000 78.000000 95.000000 102.000000 101.000000 0.370651
536090.630000 6581476.450000 55.640000 81.000000 96.000000 103.000000 105.000000 0.388992
536090.560000 6581476.160000 55.760000 66.000000 77.000000 81.000000 88.000000 0.343994
536090.280000 6581476.480000 55.660000 82.000000 95.000000 101.000000 104.000000 0.371658
536090.200000 6581476.200000 55.790000 87.000000 98.000000 102.000000 106.000000 0.359650
536093.050000 6581476.580000 55.370000 64.000000 83.000000 97.000000 68.000000 0.395325
536092.260000 6581476.380000 55.550000 25.000000 32.000000 40.000000 32.000000 0.401993
536091.900000 6581476.570000 55.540000 21.000000 28.000000 36.000000 35.000000 0.401657
536091.710000 6581476.300000 55.610000 71.000000 86.000000 93.000000 91.000000 0.340317
536091.620000 6581476.630000 55.520000 75.000000 88.000000 97.000000 90.000000 0.418320
536091.380000 6581476.260000 55.660000 82.000000 97.000000 102.000000 102.000000 0.392654
536091.290000 6581476.590000 55.600000 71.000000 91.000000 100.000000 98.000000 0.353989
536091.010000 6581476.260000 55.740000 80.000000 95.000000 102.000000 107.000000 0.285660
536090.940000 6581476.530000 55.600000 78.000000 93.000000 100.000000 101.000000 0.342316
536090.760000 6581476.240000 55.760000 80.000000 95.000000 100.000000 107.000000 0.329987
536090.680000 6581476.520000 55.530000 81.000000 94.000000 102.000000 106.000000 0.329987
536090.580000 6581476.050000 55.710000 68.000000 77.000000 82.000000 85.000000 0.357315
536090.490000 6581476.380000 55.680000 35.000000 48.000000 54.000000 56.000000 0.396652
536090.240000 6581476.110000 55.820000 90.000000 99.000000 104.000000 102.000000 0.383987
536090.150000 6581476.450000 55.690000 81.000000 94.000000 100.000000 105.000000 0.290985
536092.290000 6581476.500000 55.540000 18.000000 25.000000 33.000000 28.000000 0.371658
536092.540000 6581476.460000 55.570000 24.000000 33.000000 42.000000 37.000000 0.361313
536093.230000 6581476.530000 55.460000 58.000000 76.000000 88.000000 62.000000 0.360992
536093.610000 6581476.540000 55.370000 52.000000 62.000000 72.000000 44.000000 0.393646
536090.290000 6581476.310000 55.730000 84.000000 95.000000 99.000000 106.000000 0.318314
536090.550000 6581476.460000 55.660000 67.000000 80.000000 86.000000 93.000000 0.324661
536091.150000 6581476.510000 55.630000 79.000000 96.000000 104.000000 105.000000 0.316650
536091.560000 6581476.290000 55.590000 81.000000 96.000000 103.000000 102.000000 0.291321
536091.990000 6581476.380000 55.510000 33.000000 46.000000 54.000000 33.000000 0.375320
536092.320000 6581476.380000 55.550000 19.000000 26.000000 34.000000 23.000000 0.338318
536092.580000 6581476.620000 55.460000 67.000000 83.000000 96.000000 76.000000 0.344650
536092.790000 6581476.510000 55.460000 68.000000 84.000000 97.000000 72.000000 0.364319
536093.310000 6581476.490000 55.400000 67.000000 85.000000 95.000000 70.000000 0.387985
536093.630000 6581476.590000 55.410000 52.000000 62.000000 72.000000 44.000000 0.376328
536086.230000 6581477.450000 55.700000 22.000000 22.000000 32.000000 24.000000 0.334320
536089.950000 6581477.330000 55.450000 66.000000 80.000000 91.000000 78.000000 0.452988
536089.870000 6581476.990000 55.530000 80.000000 93.000000 101.000000 101.000000 0.427979
536089.680000 6581477.550000 55.370000 58.000000 70.000000 82.000000 62.000000 0.366318
536089.610000 6581477.270000 55.550000 69.000000 87.000000 97.000000 86.000000 0.411987
536089.310000 6581477.630000 55.410000 55.000000 64.000000 71.000000 55.000000 0.480652
536089.240000 6581477.300000 55.470000 78.000000 88.000000 98.000000 91.000000 0.333649
536089.150000 6581476.960000 55.570000 65.000000 78.000000 86.000000 80.000000 0.392990
536089.080000 6581477.710000 55.370000 40.000000 50.000000 59.000000 45.000000 0.442657
536089.000000 6581477.380000 55.510000 45.000000 52.000000 62.000000 52.000000 0.456314
536088.930000 6581477.070000 55.610000 20.000000 28.000000 39.000000 26.000000 0.356323
536088.850000 6581476.770000 55.730000 83.000000 96.000000 102.000000 104.000000 0.384659
536088.840000 6581477.780000 55.370000 51.000000 65.000000 74.000000 57.000000 0.468979
536088.770000 6581477.480000 55.480000 48.000000 63.000000 70.000000 58.000000 0.442657
536088.700000 6581477.180000 55.610000 38.000000 40.000000 52.000000 29.000000 0.395660
536088.610000 6581476.860000 55.710000 79.000000 92.000000 98.000000 93.000000 0.412979
536088.450000 6581477.720000 55.400000 62.000000 78.000000 91.000000 71.000000 0.446991
536088.380000 6581477.430000 55.530000 18.000000 25.000000 31.000000 31.000000 0.425659
536088.280000 6581477.040000 55.560000 45.000000 55.000000 57.000000 55.000000 0.368652
536088.210000 6581476.770000 55.730000 82.000000 97.000000 102.000000 107.000000 0.337646
536088.090000 6581477.790000 55.450000 72.000000 84.000000 98.000000 77.000000 0.360657
536088.010000 6581477.480000 55.510000 7.000000 12.000000 18.000000 12.000000 0.412323
536087.930000 6581477.150000 55.590000 37.000000 46.000000 53.000000 45.000000 0.372986
536087.870000 6581476.900000 55.820000 80.000000 99.000000 103.000000 102.000000 0.355988
536087.880000 6581478.110000 55.280000 20.000000 30.000000 40.000000 22.000000 0.526321
536087.820000 6581477.860000 55.440000 68.000000 82.000000 93.000000 71.000000 0.439651
536087.740000 6581477.540000 55.550000 16.000000 23.000000 29.000000 21.000000 0.362656
536087.660000 6581477.210000 55.660000 29.000000 33.000000 44.000000 33.000000 0.416656
536087.590000 6581476.930000 55.760000 76.000000 94.000000 96.000000 102.000000 0.360992
536087.580000 6581477.960000 55.450000 68.000000 80.000000 92.000000 64.000000 0.439651
536087.500000 6581477.640000 55.550000 19.000000 28.000000 35.000000 29.000000 0.389984
536087.420000 6581477.320000 55.600000 21.000000 28.000000 36.000000 30.000000 0.364990
536087.350000 6581477.040000 55.820000 79.000000 94.000000 99.000000 98.000000 0.366318
536087.260000 6581478.080000 55.400000 63.000000 75.000000 87.000000 56.000000 0.430313
536087.190000 6581477.780000 55.570000 22.000000 39.000000 47.000000 38.000000 0.466980
536087.110000 6581477.470000 55.610000 29.000000 42.000000 48.000000 44.000000 0.420654
536087.030000 6581477.140000 55.750000 81.000000 95.000000 104.000000 102.000000 0.459320
536086.950000 6581476.810000 55.880000 66.000000 80.000000 83.000000 84.000000 0.399323
536086.890000 6581478.040000 55.460000 62.000000 74.000000 88.000000 65.000000 0.472656
536086.810000 6581477.720000 55.490000 69.000000 83.000000 92.000000 76.000000 0.441986
536086.750000 6581477.460000 55.660000 75.000000 88.000000 94.000000 92.000000 0.354660
536086.670000 6581477.140000 55.760000 82.000000 91.000000 98.000000 102.000000 0.376648
536086.580000 6581476.810000 55.860000 32.000000 37.000000 41.000000 42.000000 0.416992
536086.710000 6581478.340000 55.350000 13.000000 20.000000 26.000000 25.000000 0.456314
536086.630000 6581478.040000 55.450000 64.000000 74.000000 84.000000 69.000000 0.395660
536086.560000 6581477.760000 55.580000 64.000000 75.000000 81.000000 69.000000 0.402313
536086.480000 6581477.420000 55.730000 38.000000 48.000000 50.000000 51.000000 0.323654
536086.400000 6581477.110000 55.820000 35.000000 42.000000 48.000000 44.000000 0.463654
536086.460000 6581478.350000 55.330000 10.000000 14.000000 17.000000 8.000000 0.445648
536086.380000 6581478.050000 55.440000 20.000000 21.000000 26.000000 25.000000 0.467651
536089.910000 6581477.380000 55.400000 66.000000 80.000000 91.000000 78.000000 0.446320
536089.680000 6581476.950000 55.620000 77.000000 92.000000 99.000000 99.000000 0.367325
536089.600000 6581477.250000 55.460000 67.000000 84.000000 94.000000 87.000000 0.382660
536089.520000 6581477.570000 55.400000 64.000000 74.000000 86.000000 62.000000 0.424316
536089.400000 6581476.940000 55.610000 77.000000 94.000000 101.000000 103.000000 0.330322
536089.310000 6581477.260000 55.540000 77.000000 91.000000 100.000000 88.000000 0.423325
536089.230000 6581477.560000 55.380000 69.000000 86.000000 96.000000 75.000000 0.441650
536089.110000 6581477.010000 55.630000 66.000000 79.000000 88.000000 80.000000 0.342316
536089.020000 6581477.350000 55.550000 45.000000 52.000000 62.000000 52.000000 0.373657
536088.940000 6581477.660000 55.420000 65.000000 83.000000 93.000000 71.000000 0.446655
536088.740000 6581476.960000 55.690000 41.000000 50.000000 59.000000 51.000000 0.355988
536088.650000 6581477.260000 55.540000 30.000000 30.000000 38.000000 23.000000 0.410660
536088.570000 6581477.600000 55.470000 70.000000 88.000000 100.000000 79.000000 0.405991
536088.490000 6581477.880000 55.340000 52.000000 60.000000 71.000000 49.000000 0.491318
536088.380000 6581476.830000 55.740000 83.000000 98.000000 105.000000 103.000000 0.332321
536088.300000 6581477.120000 55.610000 28.000000 36.000000 39.000000 25.000000 0.374313
536088.210000 6581477.450000 55.560000 10.000000 15.000000 21.000000 24.000000 0.403320
536088.140000 6581477.740000 55.460000 71.000000 84.000000 100.000000 75.000000 0.430649
536088.070000 6581478.030000 55.340000 33.000000 41.000000 52.000000 27.000000 0.471649
536088.000000 6581476.960000 55.750000 76.000000 94.000000 98.000000 100.000000 0.278656
536087.930000 6581477.230000 55.570000 19.000000 26.000000 36.000000 25.000000 0.331650
536087.840000 6581477.560000 55.520000 15.000000 22.000000 30.000000 14.000000 0.410660
536087.760000 6581477.910000 55.430000 62.000000 76.000000 87.000000 62.000000 0.431320
536087.720000 6581476.960000 55.670000 79.000000 97.000000 101.000000 100.000000 0.365646
536087.640000 6581477.280000 55.650000 29.000000 33.000000 44.000000 33.000000 0.349991
536087.560000 6581477.600000 55.540000 19.000000 28.000000 35.000000 29.000000 0.372986
536087.470000 6581477.940000 55.460000 69.000000 81.000000 93.000000 69.000000 0.452316
536087.390000 6581478.230000 55.340000 21.000000 28.000000 36.000000 19.000000 0.435654
536087.310000 6581476.970000 55.810000 80.000000 98.000000 100.000000 106.000000 0.350647
536087.220000 6581477.310000 55.680000 24.000000 34.000000 43.000000 37.000000 0.417313
536087.140000 6581477.620000 55.590000 22.000000 37.000000 44.000000 36.000000 0.427979
536087.060000 6581477.920000 55.530000 63.000000 77.000000 90.000000 72.000000 0.407654
536086.980000 6581478.220000 55.360000 42.000000 52.000000 61.000000 43.000000 0.476654
536086.900000 6581477.080000 55.850000 85.000000 100.000000 107.000000 106.000000 0.396988
536086.810000 6581477.400000 55.690000 76.000000 89.000000 95.000000 90.000000 0.438324
536086.730000 6581477.690000 55.590000 76.000000 89.000000 95.000000 88.000000 0.384659
536086.660000 6581478.000000 55.490000 67.000000 77.000000 89.000000 74.000000 0.418991
536086.570000 6581478.350000 55.380000 12.000000 17.000000 20.000000 21.000000 0.458313
536086.590000 6581476.970000 55.850000 61.000000 69.000000 72.000000 72.000000 0.312317
536086.510000 6581477.280000 55.770000 74.000000 83.000000 88.000000 88.000000 0.333649
536086.430000 6581477.550000 55.610000 40.000000 50.000000 52.000000 51.000000 0.339325
536086.340000 6581477.900000 55.520000 14.000000 15.000000 20.000000 16.000000 0.383316
536086.330000 6581477.030000 55.890000 21.000000 25.000000 34.000000 26.000000 0.354660
536086.260000 6581477.290000 55.710000 53.000000 55.000000 67.000000 45.000000 0.295319
536086.450000 6581477.830000 55.580000 29.000000 36.000000 44.000000 35.000000 0.359314
536086.580000 6581478.290000 55.380000 32.000000 40.000000 43.000000 37.000000 0.395660
536086.790000 6581478.000000 55.460000 63.000000 75.000000 87.000000 73.000000 0.424988
536086.790000 6581477.030000 55.840000 90.000000 100.000000 109.000000 107.000000 0.338654
536087.040000 6581477.870000 55.580000 56.000000 73.000000 83.000000 76.000000 0.333649
536087.400000 6581477.690000 55.550000 17.000000 28.000000 34.000000 25.000000 0.360992
536087.590000 6581476.880000 55.790000 84.000000 102.000000 104.000000 104.000000 0.316650
536087.850000 6581477.740000 55.450000 69.000000 82.000000 91.000000 70.000000 0.437988
536088.020000 6581477.310000 55.560000 23.000000 32.000000 41.000000 14.000000 0.323654
536088.140000 6581477.720000 55.440000 71.000000 84.000000 100.000000 75.000000 0.374649
536088.150000 6581476.930000 55.690000 81.000000 96.000000 101.000000 99.000000 0.325989
536088.390000 6581477.710000 55.470000 68.000000 82.000000 95.000000 73.000000 0.376648
536088.680000 6581477.500000 55.600000 37.000000 50.000000 58.000000 50.000000 0.383987
536088.990000 6581477.480000 55.550000 65.000000 79.000000 88.000000 70.000000 0.415314
536089.220000 6581477.420000 55.470000 68.000000 84.000000 97.000000 81.000000 0.387985
536089.410000 6581477.140000 55.580000 77.000000 94.000000 102.000000 100.000000 0.379990
536089.540000 6581477.590000 55.390000 64.000000 74.000000 86.000000 62.000000 0.404984
536086.240000 6581476.940000 55.850000 19.000000 23.000000 32.000000 27.000000 0.353317
536086.390000 6581477.380000 55.730000 22.000000 26.000000 35.000000 27.000000 0.346985
536086.460000 6581478.220000 55.460000 17.000000 22.000000 26.000000 17.000000 0.339981
536086.560000 6581477.830000 55.500000 61.000000 71.000000 80.000000 67.000000 0.407654
536086.670000 6581477.360000 55.740000 79.000000 90.000000 94.000000 95.000000 0.368988
536086.770000 6581476.940000 55.900000 82.000000 93.000000 99.000000 97.000000 0.323318
536086.820000 6581478.170000 55.440000 57.000000 67.000000 79.000000 58.000000 0.446991
536086.920000 6581477.750000 55.550000 70.000000 87.000000 95.000000 82.000000 0.437317
536087.030000 6581477.310000 55.690000 64.000000 77.000000 86.000000 86.000000 0.322327
536087.130000 6581476.880000 55.830000 78.000000 93.000000 96.000000 102.000000 0.376648
536087.270000 6581477.850000 55.530000 53.000000 67.000000 78.000000 57.000000 0.391327
536087.370000 6581477.440000 55.600000 29.000000 38.000000 43.000000 28.000000 0.385315
536087.480000 6581477.020000 55.760000 84.000000 99.000000 106.000000 103.000000 0.319992
536087.500000 6581477.960000 55.420000 68.000000 80.000000 92.000000 64.000000 0.397980
536087.590000 6581477.570000 55.480000 20.000000 27.000000 33.000000 20.000000 0.335648
536087.700000 6581477.130000 55.690000 66.000000 75.000000 84.000000 72.000000 0.329315
536087.760000 6581478.060000 55.360000 41.000000 54.000000 63.000000 42.000000 0.388657
536087.870000 6581477.620000 55.540000 41.000000 50.000000 59.000000 46.000000 0.366989
536088.140000 6581478.010000 55.320000 25.000000 34.000000 43.000000 26.000000 0.330994
536088.260000 6581477.510000 55.550000 44.000000 51.000000 59.000000 50.000000 0.340988
536088.600000 6581477.800000 55.310000 60.000000 76.000000 89.000000 73.000000 0.417313
536088.710000 6581477.330000 55.500000 22.000000 27.000000 33.000000 24.000000 0.379990
536088.810000 6581476.910000 55.710000 30.000000 39.000000 48.000000 39.000000 0.328659
536088.970000 6581477.520000 55.520000 72.000000 92.000000 101.000000 81.000000 0.388657
536089.070000 6581477.110000 55.560000 35.000000 43.000000 54.000000 39.000000 0.345657
536089.220000 6581477.620000 55.400000 59.000000 69.000000 78.000000 62.000000 0.366318
536089.310000 6581477.230000 55.520000 77.000000 91.000000 100.000000 88.000000 0.412659
536089.420000 6581476.780000 55.680000 82.000000 95.000000 101.000000 107.000000 0.307327
536089.630000 6581477.540000 55.390000 58.000000 70.000000 82.000000 62.000000 0.395981
536089.740000 6581477.090000 55.510000 74.000000 91.000000 99.000000 95.000000 0.421982
536089.990000 6581477.530000 55.330000 39.000000 49.000000 59.000000 52.000000 0.355652
536093.280000 6581476.720000 55.340000 31.000000 39.000000 50.000000 28.000000 0.545319
536092.920000 6581476.670000 55.420000 55.000000 75.000000 86.000000 60.000000 0.481323
536092.630000 6581476.880000 55.270000 46.000000 54.000000 65.000000 45.000000 0.536652
536092.380000 6581476.960000 55.340000 42.000000 49.000000 59.000000 42.000000 0.470322
536092.310000 6581476.680000 55.510000 73.000000 85.000000 97.000000 76.000000 0.443314
536092.160000 6581476.990000 55.340000 53.000000 61.000000 72.000000 49.000000 0.458984
536092.090000 6581476.700000 55.520000 78.000000 90.000000 102.000000 79.000000 0.425323
536091.830000 6581476.830000 55.480000 69.000000 83.000000 94.000000 75.000000 0.431656
536091.550000 6581477.020000 55.430000 61.000000 74.000000 83.000000 64.000000 0.407654
536091.470000 6581476.720000 55.590000 74.000000 88.000000 97.000000 92.000000 0.492981
536091.310000 6581476.940000 55.440000 66.000000 83.000000 93.000000 83.000000 0.413651
536091.080000 6581477.000000 55.420000 70.000000 87.000000 95.000000 87.000000 0.446320
536091.000000 6581476.670000 55.530000 79.000000 93.000000 102.000000 96.000000 0.368652
536090.790000 6581477.090000 55.430000 71.000000 84.000000 93.000000 83.000000 0.415649
536090.720000 6581476.790000 55.620000 80.000000 95.000000 102.000000 94.000000 0.356979
536090.510000 6581477.410000 55.310000 33.000000 40.000000 50.000000 35.000000 0.495651
536090.440000 6581477.150000 55.490000 29.000000 42.000000 51.000000 43.000000 0.497986
536090.360000 6581476.820000 55.640000 68.000000 81.000000 89.000000 88.000000 0.373993
536090.220000 6581477.240000 55.460000 73.000000 86.000000 95.000000 82.000000 0.452652
536090.150000 6581476.940000 55.590000 79.000000 92.000000 100.000000 96.000000 0.421646
536093.610000 6581476.640000 55.270000 35.000000 37.000000 49.000000 31.000000 0.487656
536093.300000 6581476.720000 55.310000 24.000000 31.000000 41.000000 23.000000 0.404312
536092.630000 6581476.650000 55.390000 68.000000 84.000000 97.000000 79.000000 0.414658
536092.180000 6581476.690000 55.520000 62.000000 72.000000 84.000000 71.000000 0.408646
536092.100000 6581476.980000 55.310000 57.000000 67.000000 77.000000 53.000000 0.400650
536091.820000 6581476.870000 55.450000 69.000000 83.000000 94.000000 75.000000 0.334991
536091.540000 6581476.950000 55.400000 69.000000 83.000000 94.000000 79.000000 0.405655
536091.210000 6581476.890000 55.500000 68.000000 85.000000 93.000000 88.000000 0.434326
536091.130000 6581477.220000 55.340000 43.000000 53.000000 63.000000 51.000000 0.442657
536090.860000 6581476.830000 55.530000 72.000000 86.000000 95.000000 93.000000 0.408981
536090.770000 6581477.180000 55.440000 71.000000 84.000000 93.000000 78.000000 0.372986
536090.590000 6581476.880000 55.460000 64.000000 77.000000 85.000000 83.000000 0.328323
536090.510000 6581477.200000 55.430000 60.000000 70.000000 80.000000 66.000000 0.430649
536090.410000 6581476.710000 55.570000 34.000000 44.000000 53.000000 51.000000 0.323654
536090.320000 6581477.040000 55.520000 66.000000 79.000000 88.000000 80.000000 0.429993
536090.250000 6581477.310000 55.390000 69.000000 82.000000 91.000000 76.000000 0.432648
536090.080000 6581476.740000 55.620000 80.000000 93.000000 101.000000 101.000000 0.358658
536090.000000 6581477.050000 55.540000 76.000000 90.000000 99.000000 96.000000 0.429657
536090.170000 6581477.270000 55.410000 72.000000 86.000000 97.000000 85.000000 0.303314
536090.300000 6581477.200000 55.510000 62.000000 75.000000 84.000000 73.000000 0.369980
536090.520000 6581477.030000 55.490000 60.000000 73.000000 82.000000 76.000000 0.388992
536090.790000 6581476.930000 55.560000 74.000000 88.000000 97.000000 87.000000 0.402985
536090.920000 6581477.360000 55.340000 28.000000 36.000000 47.000000 36.000000 0.408646
536091.130000 6581476.760000 55.490000 72.000000 89.000000 97.000000 94.000000 0.376648
536091.250000 6581477.180000 55.380000 64.000000 74.000000 84.000000 65.000000 0.368652
536091.370000 6581476.750000 55.470000 70.000000 87.000000 94.000000 93.000000 0.422989
536091.500000 6581477.190000 55.290000 40.000000 50.000000 60.000000 45.000000 0.382660
536091.700000 6581476.940000 55.430000 66.000000 80.000000 91.000000 74.000000 0.378983
536092.020000 6581476.890000 55.380000 67.000000 79.000000 91.000000 70.000000 0.393326
536092.430000 6581476.970000 55.320000 35.000000 39.000000 50.000000 34.000000 0.366653
536092.920000 6581476.790000 55.350000 43.000000 60.000000 70.000000 44.000000 0.351318
536090.100000 6581477.080000 55.540000 76.000000 90.000000 99.000000 96.000000 0.432648
536090.190000 6581476.710000 55.600000 78.000000 91.000000 99.000000 97.000000 0.292984
536090.340000 6581477.340000 55.350000 60.000000 70.000000 80.000000 66.000000 0.364319
536090.440000 6581476.900000 55.510000 32.000000 45.000000 53.000000 49.000000 0.376648
536090.580000 6581477.400000 55.360000 33.000000 40.000000 50.000000 35.000000 0.394318
536090.690000 6581476.970000 55.520000 75.000000 89.000000 98.000000 92.000000 0.384979
536091.050000 6581476.960000 55.430000 70.000000 87.000000 95.000000 87.000000 0.378983
536091.360000 6581477.130000 55.390000 58.000000 68.000000 78.000000 59.000000 0.403992
536091.460000 6581476.690000 55.580000 75.000000 92.000000 100.000000 92.000000 0.464645
536091.570000 6581477.210000 55.380000 23.000000 32.000000 41.000000 32.000000 0.374313
536091.670000 6581476.770000 55.500000 74.000000 87.000000 96.000000 88.000000 0.396988
536091.900000 6581476.760000 55.480000 70.000000 82.000000 94.000000 79.000000 0.407654
536092.220000 6581476.800000 55.420000 71.000000 83.000000 97.000000 76.000000 0.326324
536092.950000 6581476.670000 55.450000 55.000000 75.000000 86.000000 60.000000 0.379318
536089.050000 6581469.760000 56.830000 118.000000 127.000000 124.000000 95.000000 0.361649
536089.110000 6581469.970000 57.200000 139.000000 149.000000 158.000000 127.000000 0.351654
536089.360000 6581469.970000 57.160000 63.000000 85.000000 99.000000 72.000000 0.361984
536088.820000 6581469.900000 57.000000 25.000000 32.000000 38.000000 32.000000 0.323654
536089.770000 6581469.760000 57.080000 23.000000 32.000000 37.000000 29.000000 0.307327
536090.300000 6581469.800000 57.160000 19.000000 22.000000 29.000000 14.000000 0.360321
536090.550000 6581469.750000 57.160000 24.000000 27.000000 36.000000 20.000000 0.332993
536090.100000 6581469.900000 57.290000 27.000000 30.000000 37.000000 22.000000 0.287659
536090.560000 6581469.690000 57.250000 22.000000 25.000000 34.000000 20.000000 0.302994
536090.830000 6581469.860000 57.370000 24.000000 24.000000 32.000000 18.000000 0.341660
536091.870000 6581469.770000 57.450000 48.000000 49.000000 54.000000 43.000000 0.343658
536088.780000 6581470.150000 57.200000 27.000000 32.000000 35.000000 30.000000 0.330994
536088.860000 6581470.430000 57.410000 27.000000 33.000000 33.000000 29.000000 0.347992
536089.670000 6581470.100000 57.240000 60.000000 69.000000 76.000000 59.000000 0.328323
536089.990000 6581470.040000 57.290000 24.000000 29.000000 35.000000 27.000000 0.331650
536089.130000 6581470.200000 57.390000 82.000000 86.000000 89.000000 77.000000 0.328323
536089.640000 6581470.300000 57.440000 37.000000 44.000000 52.000000 34.000000 0.332657
536089.710000 6581470.000000 57.330000 24.000000 33.000000 38.000000 22.000000 0.303650
536090.490000 6581470.000000 57.390000 22.000000 25.000000 32.000000 16.000000 0.313324
536089.560000 6581469.440000 56.790000 32.000000 37.000000 43.000000 42.000000 0.338989
536089.830000 6581469.520000 56.840000 26.000000 31.000000 37.000000 19.000000 0.302658
536092.520000 6581469.460000 57.420000 33.000000 37.000000 40.000000 32.000000 0.318985
536090.480000 6581469.500000 56.890000 21.000000 24.000000 33.000000 21.000000 0.384979
536091.130000 6581469.440000 57.010000 27.000000 30.000000 37.000000 19.000000 0.347992
536091.330000 6581468.850000 56.670000 26.000000 31.000000 35.000000 19.000000 0.354980
536091.610000 6581468.740000 56.710000 33.000000 36.000000 43.000000 30.000000 0.323318
536091.700000 6581469.030000 56.930000 31.000000 34.000000 41.000000 29.000000 0.323654
536091.780000 6581469.300000 57.110000 28.000000 31.000000 38.000000 22.000000 0.353989
536091.860000 6581469.570000 57.240000 34.000000 35.000000 40.000000 27.000000 0.343994
536091.890000 6581468.770000 56.570000 27.000000 30.000000 37.000000 23.000000 0.359314
536091.960000 6581469.010000 56.850000 33.000000 36.000000 43.000000 25.000000 0.364655
536092.030000 6581469.230000 57.210000 31.000000 34.000000 39.000000 28.000000 0.325653
536092.110000 6581469.510000 57.360000 31.000000 32.000000 36.000000 30.000000 0.352982
536092.220000 6581468.580000 56.510000 35.000000 39.000000 42.000000 28.000000 0.381989
536092.360000 6581469.060000 56.960000 31.000000 35.000000 38.000000 25.000000 0.346313
536092.440000 6581469.320000 57.270000 38.000000 41.000000 46.000000 38.000000 0.361649
536092.520000 6581469.580000 57.440000 27.000000 31.000000 34.000000 26.000000 0.342651
536092.710000 6581468.830000 56.880000 24.000000 29.000000 35.000000 27.000000 0.323654
536092.860000 6581469.340000 57.350000 20.000000 23.000000 30.000000 17.000000 0.342987
536090.180000 6581469.600000 57.050000 19.000000 22.000000 29.000000 22.000000 0.326660
536090.240000 6581469.360000 56.810000 23.000000 23.000000 33.000000 20.000000 0.325989
536090.620000 6581469.430000 57.000000 18.000000 22.000000 31.000000 9.000000 0.326981
536090.960000 6581469.310000 56.990000 20.000000 24.000000 33.000000 12.000000 0.333649
536091.020000 6581469.060000 56.750000 27.000000 27.000000 35.000000 18.000000 0.355652
536091.220000 6581469.350000 57.060000 26.000000 29.000000 36.000000 24.000000 0.340988
536091.290000 6581469.060000 56.840000 23.000000 26.000000 31.000000 20.000000 0.337326
536091.570000 6581469.530000 57.240000 32.000000 35.000000 42.000000 29.000000 0.322327
536091.640000 6581469.240000 57.050000 26.000000 29.000000 36.000000 22.000000 0.322647
536091.700000 6581468.990000 56.850000 22.000000 27.000000 33.000000 16.000000 0.317322
536091.780000 6581468.680000 56.660000 29.000000 32.000000 39.000000 24.000000 0.350327
536091.940000 6581469.460000 57.320000 31.000000 32.000000 37.000000 30.000000 0.300659
536092.230000 6581469.540000 57.430000 29.000000 30.000000 32.000000 24.000000 0.333649
536092.290000 6581469.260000 57.220000 36.000000 40.000000 43.000000 33.000000 0.344315
536092.490000 6581468.460000 56.590000 35.000000 40.000000 44.000000 34.000000 0.339661
536092.540000 6581469.330000 57.230000 39.000000 42.000000 47.000000 33.000000 0.303314
536092.610000 6581469.030000 57.100000 20.000000 25.000000 31.000000 20.000000 0.353317
536089.890000 6581469.040000 56.430000 22.000000 25.000000 32.000000 23.000000 0.321655
536089.380000 6581469.170000 56.580000 89.000000 93.000000 94.000000 71.000000 0.339981
536088.870000 6581469.380000 56.570000 53.000000 56.000000 61.000000 45.000000 0.326981
536089.770000 6581469.060000 56.430000 24.000000 27.000000 32.000000 20.000000 0.334991
536089.580000 6581468.200000 56.170000 58.000000 73.000000 68.000000 53.000000 0.280991
536088.900000 6581469.260000 56.420000 99.000000 105.000000 105.000000 87.000000 0.332993
536088.980000 6581469.510000 56.630000 67.000000 72.000000 76.000000 56.000000 0.351318
536089.040000 6581468.870000 56.390000 81.000000 93.000000 93.000000 66.000000 0.363983
536089.130000 6581469.190000 56.480000 80.000000 88.000000 90.000000 61.000000 0.377655
536089.430000 6581469.300000 56.580000 64.000000 68.000000 71.000000 56.000000 0.383316
536089.500000 6581468.410000 56.200000 92.000000 104.000000 100.000000 82.000000 0.315994
536089.600000 6581468.710000 56.320000 9.000000 23.000000 24.000000 13.000000 0.318985
536089.670000 6581468.980000 56.520000 24.000000 31.000000 37.000000 25.000000 0.400650
536089.770000 6581469.310000 56.600000 21.000000 21.000000 29.000000 17.000000 0.346649
536089.720000 6581467.810000 56.060000 120.000000 134.000000 143.000000 109.000000 0.321991
536089.810000 6581468.120000 56.130000 40.000000 51.000000 69.000000 32.000000 0.363983
536089.890000 6581468.400000 56.300000 38.000000 45.000000 51.000000 33.000000 0.374649
536089.980000 6581468.710000 56.400000 21.000000 24.000000 31.000000 17.000000 0.335327
536089.860000 6581467.430000 55.900000 35.000000 42.000000 58.000000 29.000000 0.368317
536089.010000 6581469.130000 56.370000 106.000000 114.000000 116.000000 87.000000 0.356979
536089.370000 6581469.190000 56.440000 89.000000 93.000000 94.000000 71.000000 0.383652
536089.460000 6581468.830000 56.410000 45.000000 56.000000 62.000000 40.000000 0.317993
536089.610000 6581468.210000 56.180000 37.000000 48.000000 52.000000 30.000000 0.291992
536089.770000 6581467.530000 55.990000 40.000000 50.000000 62.000000 27.000000 0.302658
536089.630000 6581469.170000 56.530000 26.000000 29.000000 34.000000 31.000000 0.329987
536089.760000 6581468.610000 56.270000 38.000000 41.000000 46.000000 33.000000 0.366318
536089.840000 6581468.280000 56.170000 35.000000 44.000000 59.000000 23.000000 0.321320
536089.930000 6581467.930000 56.160000 28.000000 41.000000 60.000000 18.000000 0.395325
536089.990000 6581467.660000 55.970000 29.000000 41.000000 57.000000 21.000000 0.290649
536089.900000 6581469.220000 56.660000 19.000000 19.000000 27.000000 11.000000 0.312653
536089.970000 6581468.940000 56.470000 13.000000 18.000000 24.000000 10.000000 0.415649
536091.070000 6581465.840000 55.540000 82.000000 89.000000 95.000000 68.000000 0.358994
536090.850000 6581466.010000 55.430000 83.000000 93.000000 95.000000 67.000000 0.326660
536091.260000 6581468.640000 56.460000 24.000000 29.000000 32.000000 21.000000 0.350327
536091.150000 6581468.190000 56.290000 26.000000 31.000000 37.000000 26.000000 0.343323
536090.560000 6581467.190000 55.870000 29.000000 34.000000 40.000000 32.000000 0.334656
536090.460000 6581466.800000 55.790000 29.000000 32.000000 37.000000 24.000000 0.350327
536090.040000 6581467.590000 55.980000 39.000000 46.000000 64.000000 20.000000 0.352325
536090.140000 6581468.860000 56.390000 23.000000 26.000000 33.000000 18.000000 0.359314
536092.220000 6581468.510000 56.440000 35.000000 39.000000 42.000000 28.000000 0.314987
536091.550000 6581467.600000 56.170000 30.000000 35.000000 39.000000 27.000000 0.350983
536091.450000 6581467.980000 56.220000 30.000000 35.000000 39.000000 29.000000 0.332993
536091.530000 6581466.160000 55.590000 86.000000 91.000000 94.000000 62.000000 0.294327
536091.310000 6581467.010000 55.820000 29.000000 32.000000 37.000000 26.000000 0.340652
536091.100000 6581467.840000 56.150000 23.000000 28.000000 31.000000 20.000000 0.291321
536091.190000 6581465.970000 55.560000 81.000000 88.000000 94.000000 70.000000 0.330994
536090.870000 6581467.200000 55.980000 29.000000 32.000000 39.000000 23.000000 0.317322
536090.770000 6581467.600000 56.070000 23.000000 26.000000 33.000000 26.000000 0.281662
536090.670000 6581467.990000 56.110000 27.000000 31.000000 34.000000 26.000000 0.334656
536090.450000 6581468.830000 56.430000 18.000000 21.000000 28.000000 15.000000 0.321655
536090.910000 6581465.720000 55.510000 87.000000 92.000000 98.000000 67.000000 0.297989
536090.380000 6581467.810000 56.110000 30.000000 39.000000 46.000000 19.000000 0.338318
536090.060000 6581469.040000 56.430000 26.000000 26.000000 34.000000 24.000000 0.309326
536090.210000 6581467.380000 55.910000 32.000000 37.000000 43.000000 27.000000 0.318985
536090.220000 6581468.650000 56.420000 24.000000 28.000000 31.000000 23.000000 0.354324
536090.330000 6581469.020000 56.430000 15.000000 18.000000 27.000000 12.000000 0.357315
536090.130000 6581467.360000 55.910000 41.000000 48.000000 56.000000 38.000000 0.335648
536090.210000 6581467.630000 56.060000 39.000000 47.000000 58.000000 27.000000 0.354980
536090.490000 6581468.590000 56.350000 32.000000 36.000000 39.000000 24.000000 0.350647
536090.580000 6581468.910000 56.390000 25.000000 28.000000 35.000000 22.000000 0.433319
536090.370000 6581466.850000 55.720000 25.000000 28.000000 33.000000 20.000000 0.350327
536090.530000 6581467.420000 56.040000 26.000000 29.000000 38.000000 17.000000 0.380981
536090.720000 6581468.040000 56.120000 30.000000 33.000000 38.000000 22.000000 0.351318
536090.890000 6581468.600000 56.510000 30.000000 32.000000 44.000000 25.000000 0.332321
536090.970000 6581468.880000 56.580000 32.000000 31.000000 39.000000 27.000000 0.340652
536090.900000 6581467.370000 55.990000 28.000000 31.000000 38.000000 24.000000 0.353653
536090.980000 6581467.680000 56.130000 30.000000 33.000000 38.000000 28.000000 0.349319
536091.070000 6581467.960000 56.240000 26.000000 31.000000 35.000000 18.000000 0.362991
536091.260000 6581468.590000 56.490000 26.000000 31.000000 34.000000 20.000000 0.351318
536090.830000 6581466.070000 55.500000 83.000000 93.000000 95.000000 67.000000 0.368652
536090.910000 6581466.340000 55.700000 85.000000 93.000000 96.000000 64.000000 0.388321
536091.090000 6581466.950000 55.930000 26.000000 29.000000 36.000000 21.000000 0.344315
536091.270000 6581467.570000 56.080000 27.000000 32.000000 36.000000 26.000000 0.343658
536091.360000 6581467.860000 56.210000 25.000000 30.000000 34.000000 22.000000 0.355988
536091.460000 6581468.210000 56.310000 28.000000 33.000000 37.000000 29.000000 0.321320
536091.080000 6581466.030000 55.540000 79.000000 88.000000 93.000000 68.000000 0.355652
536091.160000 6581466.320000 55.680000 81.000000 89.000000 92.000000 61.000000 0.355316
536091.260000 6581466.630000 55.780000 15.000000 22.000000 28.000000 14.000000 0.368988
536091.340000 6581466.910000 55.990000 20.000000 26.000000 26.000000 18.000000 0.331985
536091.440000 6581467.240000 56.040000 31.000000 36.000000 40.000000 33.000000 0.330994
536091.730000 6581468.230000 56.260000 26.000000 29.000000 36.000000 23.000000 0.358322
536091.810000 6581468.490000 56.430000 25.000000 28.000000 35.000000 25.000000 0.349319
536091.410000 6581465.820000 55.490000 82.000000 89.000000 99.000000 67.000000 0.379990
536091.980000 6581467.770000 55.930000 27.000000 30.000000 35.000000 17.000000 0.312317
536092.060000 6581468.050000 56.020000 24.000000 27.000000 32.000000 19.000000 0.344986
536090.080000 6581467.300000 55.950000 66.000000 73.000000 79.000000 57.000000 0.285660
536090.150000 6581467.020000 55.770000 50.000000 55.000000 59.000000 43.000000 0.338654
536090.230000 6581466.670000 55.750000 57.000000 60.000000 65.000000 44.000000 0.295654
536090.030000 6581468.660000 56.340000 29.000000 34.000000 38.000000 28.000000 0.351654
536090.130000 6581468.270000 56.340000 37.000000 46.000000 63.000000 28.000000 0.325989
536090.200000 6581468.000000 56.140000 38.000000 49.000000 67.000000 26.000000 0.369980
536090.280000 6581467.650000 56.090000 39.000000 47.000000 58.000000 27.000000 0.295990
536090.350000 6581467.340000 55.980000 27.000000 32.000000 36.000000 22.000000 0.325989
536090.430000 6581467.040000 55.830000 24.000000 29.000000 35.000000 24.000000 0.297653
536090.500000 6581466.740000 55.750000 22.000000 25.000000 30.000000 17.000000 0.341980
536090.590000 6581466.390000 55.700000 94.000000 102.000000 104.000000 76.000000 0.336319
536090.660000 6581466.090000 55.560000 82.000000 92.000000 94.000000 67.000000 0.345322
536090.730000 6581465.780000 55.500000 88.000000 93.000000 97.000000 68.000000 0.362991
536090.300000 6581469.100000 56.580000 15.000000 18.000000 27.000000 16.000000 0.315659
536090.380000 6581468.780000 56.470000 18.000000 21.000000 26.000000 16.000000 0.442322
536090.450000 6581468.480000 56.310000 41.000000 46.000000 49.000000 35.000000 0.358994
536090.520000 6581468.210000 56.190000 22.000000 27.000000 31.000000 16.000000 0.292984
536090.600000 6581467.870000 56.110000 24.000000 30.000000 30.000000 23.000000 0.382660
536090.680000 6581467.530000 56.040000 27.000000 29.000000 41.000000 16.000000 0.297318
536090.740000 6581467.290000 55.840000 26.000000 29.000000 38.000000 24.000000 0.339981
536090.820000 6581466.940000 55.860000 22.000000 25.000000 32.000000 17.000000 0.323318
536090.900000 6581466.620000 55.740000 23.000000 26.000000 31.000000 14.000000 0.320328
536090.970000 6581466.330000 55.600000 85.000000 93.000000 96.000000 64.000000 0.334656
536091.050000 6581465.990000 55.610000 82.000000 89.000000 95.000000 70.000000 0.308990
536091.140000 6581465.660000 55.540000 84.000000 91.000000 97.000000 68.000000 0.324982
536091.210000 6581465.370000 55.340000 83.000000 91.000000 94.000000 63.000000 0.385651
536090.810000 6581468.640000 56.410000 30.000000 32.000000 44.000000 25.000000 0.328659
536090.890000 6581468.360000 56.310000 23.000000 26.000000 33.000000 18.000000 0.323654
536090.970000 6581468.020000 56.250000 28.000000 31.000000 38.000000 22.000000 0.389313
536091.120000 6581467.390000 56.070000 33.000000 39.000000 39.000000 26.000000 0.346313
536091.260000 6581466.790000 55.810000 26.000000 31.000000 35.000000 21.000000 0.354660
536091.350000 6581466.430000 55.770000 21.000000 29.000000 32.000000 28.000000 0.309982
536091.430000 6581466.110000 55.700000 86.000000 92.000000 92.000000 62.000000 0.369324
536091.500000 6581465.810000 55.570000 82.000000 89.000000 97.000000 67.000000 0.351654
536091.580000 6581465.480000 55.480000 85.000000 93.000000 96.000000 66.000000 0.326324
536091.090000 6581468.780000 56.580000 27.000000 30.000000 37.000000 22.000000 0.289658
536091.240000 6581468.150000 56.310000 26.000000 31.000000 35.000000 21.000000 0.339325
536091.310000 6581467.860000 56.180000 25.000000 30.000000 34.000000 22.000000 0.317993
536091.380000 6581467.560000 56.070000 25.000000 30.000000 34.000000 21.000000 0.375320
536091.460000 6581467.250000 55.950000 31.000000 36.000000 40.000000 33.000000 0.336319
536091.540000 6581466.900000 55.920000 25.000000 28.000000 33.000000 21.000000 0.323654
536091.600000 6581466.650000 55.690000 25.000000 30.000000 36.000000 24.000000 0.306992
536091.700000 6581466.270000 55.650000 74.000000 77.000000 82.000000 58.000000 0.324326
536091.350000 6581468.790000 56.680000 27.000000 32.000000 35.000000 24.000000 0.326324
536091.490000 6581468.210000 56.350000 28.000000 33.000000 37.000000 29.000000 0.301987
536091.580000 6581467.880000 56.270000 27.000000 32.000000 36.000000 22.000000 0.349319
536091.850000 6581466.730000 55.560000 31.000000 32.000000 37.000000 32.000000 0.327988
536091.830000 6581468.440000 56.390000 25.000000 28.000000 35.000000 25.000000 0.295319
536091.900000 6581468.170000 56.280000 29.000000 32.000000 37.000000 25.000000 0.319321
536091.960000 6581467.900000 56.070000 33.000000 36.000000 41.000000 28.000000 0.314987
536092.040000 6581467.610000 55.850000 29.000000 33.000000 36.000000 20.000000 0.306992
536092.270000 6581468.150000 56.230000 36.000000 40.000000 43.000000 35.000000 0.320328
536092.330000 6581467.870000 56.030000 26.000000 30.000000 33.000000 23.000000 0.339325
536084.190000 6581470.690000 56.710000 25.000000 28.000000 35.000000 16.000000 0.315659
536084.520000 6581470.500000 56.630000 22.000000 25.000000 30.000000 18.000000 0.364319
536084.730000 6581470.510000 56.670000 26.000000 29.000000 34.000000 22.000000 0.339325
536085.120000 6581470.400000 56.670000 26.000000 29.000000 34.000000 20.000000 0.370987
536085.470000 6581470.400000 56.680000 21.000000 24.000000 33.000000 11.000000 0.294327
536085.730000 6581470.350000 56.690000 26.000000 29.000000 36.000000 20.000000 0.319321
536089.720000 6581466.300000 55.510000 84.000000 91.000000 97.000000 69.000000 0.372650
536089.590000 6581465.790000 55.200000 84.000000 92.000000 95.000000 67.000000 0.395325
536089.500000 6581466.300000 55.550000 81.000000 89.000000 92.000000 68.000000 0.385986
536089.390000 6581465.860000 55.290000 88.000000 96.000000 99.000000 69.000000 0.383316
536088.870000 6581466.320000 55.540000 139.000000 149.000000 150.000000 116.000000 0.396652
536088.750000 6581465.820000 55.270000 88.000000 96.000000 98.000000 71.000000 0.336990
536088.940000 6581467.440000 55.840000 134.000000 154.000000 153.000000 111.000000 0.349991
536088.630000 6581466.190000 55.380000 86.000000 96.000000 97.000000 72.000000 0.317993
536088.210000 6581466.750000 55.470000 85.000000 93.000000 96.000000 67.000000 0.374985
536087.840000 6581466.740000 55.530000 82.000000 90.000000 93.000000 66.000000 0.340317
536087.020000 6581466.880000 55.530000 83.000000 91.000000 94.000000 69.000000 0.328659
536086.640000 6581466.920000 55.480000 84.000000 92.000000 95.000000 66.000000 0.380646
536086.530000 6581466.450000 55.260000 86.000000 94.000000 97.000000 66.000000 0.432983
536086.180000 6581467.120000 55.600000 85.000000 93.000000 96.000000 68.000000 0.364319
536085.790000 6581467.060000 55.530000 85.000000 90.000000 94.000000 66.000000 0.341324
536084.600000 6581467.410000 55.510000 123.000000 129.000000 129.000000 98.000000 0.406647
536084.480000 6581466.920000 55.220000 85.000000 93.000000 96.000000 66.000000 0.386322
536089.720000 6581466.170000 55.500000 82.000000 91.000000 96.000000 66.000000 0.358322
536089.430000 6581466.010000 55.400000 83.000000 91.000000 94.000000 65.000000 0.325317
536089.320000 6581466.420000 55.540000 85.000000 93.000000 95.000000 67.000000 0.338989
536088.670000 6581468.920000 56.360000 142.000000 142.000000 132.000000 133.000000 0.317993
536088.580000 6581469.280000 56.440000 159.000000 157.000000 144.000000 155.000000 0.288315
536089.180000 6581466.050000 55.440000 84.000000 92.000000 95.000000 68.000000 0.330322
536089.080000 6581466.430000 55.530000 110.000000 118.000000 120.000000 80.000000 0.347992
536088.970000 6581466.830000 55.660000 118.000000 126.000000 128.000000 91.000000 0.297318
536088.760000 6581467.640000 55.840000 168.000000 174.000000 170.000000 147.000000 0.279327
536088.670000 6581466.310000 55.450000 104.000000 114.000000 115.000000 87.000000 0.342987
536088.030000 6581468.800000 56.200000 35.000000 45.000000 55.000000 26.000000 0.309326
536088.210000 6581466.590000 55.390000 86.000000 94.000000 97.000000 69.000000 0.332993
536088.090000 6581467.030000 55.600000 90.000000 95.000000 99.000000 66.000000 0.342651
536088.010000 6581466.130000 55.300000 87.000000 95.000000 98.000000 70.000000 0.338654
536087.910000 6581466.520000 55.440000 84.000000 94.000000 96.000000 66.000000 0.337326
536087.600000 6581466.710000 55.490000 85.000000 93.000000 96.000000 68.000000 0.379318
536087.050000 6581468.850000 56.170000 25.000000 28.000000 33.000000 19.000000 0.296326
536087.310000 6581466.310000 55.350000 85.000000 93.000000 96.000000 68.000000 0.347992
536087.190000 6581466.790000 55.500000 84.000000 92.000000 95.000000 62.000000 0.351654
536086.980000 6581467.570000 55.690000 30.000000 37.000000 43.000000 27.000000 0.299988
536086.860000 6581466.670000 55.380000 84.000000 92.000000 95.000000 66.000000 0.329315
536086.750000 6581467.060000 55.470000 83.000000 88.000000 92.000000 65.000000 0.363327
536086.430000 6581468.320000 55.920000 24.000000 27.000000 32.000000 18.000000 0.319321
536086.480000 6581466.930000 55.560000 84.000000 92.000000 95.000000 70.000000 0.357651
536086.370000 6581467.370000 55.650000 79.000000 90.000000 92.000000 61.000000 0.325317
536086.210000 6581466.910000 55.450000 87.000000 92.000000 96.000000 69.000000 0.292984
536085.890000 6581466.690000 55.280000 88.000000 93.000000 97.000000 66.000000 0.323990
536085.780000 6581467.140000 55.510000 84.000000 89.000000 93.000000 66.000000 0.369980
536085.580000 6581467.920000 55.710000 49.000000 58.000000 65.000000 46.000000 0.325989
536085.380000 6581467.250000 55.560000 115.000000 120.000000 124.000000 91.000000 0.339325
536085.140000 6581467.120000 55.340000 113.000000 121.000000 123.000000 95.000000 0.298660
536085.020000 6581467.560000 55.510000 38.000000 46.000000 48.000000 37.000000 0.316315
536084.930000 6581466.910000 55.300000 85.000000 93.000000 95.000000 68.000000 0.343658
536084.800000 6581467.390000 55.530000 116.000000 120.000000 123.000000 93.000000 0.329651
536084.450000 6581467.470000 55.480000 135.000000 140.000000 143.000000 110.000000 0.304993
536084.200000 6581467.060000 55.310000 86.000000 94.000000 97.000000 69.000000 0.294983
536083.920000 6581467.070000 55.190000 85.000000 93.000000 96.000000 68.000000 0.323990
536084.280000 6581467.160000 55.330000 83.000000 93.000000 95.000000 66.000000 0.380981
536084.360000 6581467.420000 55.490000 127.000000 135.000000 137.000000 110.000000 0.377319
536084.630000 6581466.870000 55.200000 87.000000 95.000000 97.000000 71.000000 0.396317
536084.700000 6581467.140000 55.410000 94.000000 99.000000 102.000000 74.000000 0.339325
536084.790000 6581467.420000 55.580000 101.000000 107.000000 107.000000 82.000000 0.345657
536084.890000 6581467.770000 55.660000 21.000000 25.000000 28.000000 19.000000 0.387314
536084.910000 6581466.820000 55.170000 87.000000 95.000000 97.000000 68.000000 0.414322
536085.080000 6581467.410000 55.510000 76.000000 84.000000 86.000000 68.000000 0.379990
536085.160000 6581466.820000 55.250000 87.000000 95.000000 97.000000 68.000000 0.419983
536085.240000 6581467.110000 55.370000 116.000000 124.000000 127.000000 98.000000 0.360657
536085.330000 6581467.410000 55.500000 50.000000 58.000000 61.000000 38.000000 0.382660
536085.420000 6581467.690000 55.680000 44.000000 49.000000 55.000000 38.000000 0.357986
536085.480000 6581466.690000 55.140000 84.000000 92.000000 95.000000 64.000000 0.358322
536085.560000 6581466.950000 55.440000 82.000000 90.000000 93.000000 67.000000 0.329987
536085.640000 6581467.230000 55.550000 86.000000 91.000000 94.000000 70.000000 0.390320
536085.830000 6581467.870000 55.730000 27.000000 31.000000 34.000000 16.000000 0.349991
536085.780000 6581466.630000 55.180000 88.000000 93.000000 97.000000 66.000000 0.427322
536086.130000 6581467.840000 55.790000 21.000000 29.000000 31.000000 13.000000 0.354980
536086.020000 6581466.600000 55.150000 88.000000 93.000000 97.000000 70.000000 0.431656
536086.160000 6581467.070000 55.620000 88.000000 93.000000 97.000000 69.000000 0.345322
536086.260000 6581467.420000 55.660000 99.000000 106.000000 112.000000 81.000000 0.378983
536086.440000 6581468.030000 55.860000 24.000000 27.000000 32.000000 25.000000 0.328995
536086.530000 6581468.350000 55.960000 25.000000 28.000000 33.000000 19.000000 0.325317
536086.300000 6581466.640000 55.270000 88.000000 93.000000 97.000000 70.000000 0.394989
536086.840000 6581468.480000 56.000000 27.000000 32.000000 38.000000 20.000000 0.396317
536086.920000 6581468.760000 56.130000 30.000000 35.000000 41.000000 21.000000 0.377655
536086.620000 6581466.530000 55.290000 85.000000 93.000000 96.000000 67.000000 0.426651
536086.710000 6581466.840000 55.440000 82.000000 90.000000 93.000000 65.000000 0.323654
536086.790000 6581467.130000 55.540000 86.000000 91.000000 95.000000 67.000000 0.352325
536086.880000 6581467.410000 55.680000 70.000000 77.000000 83.000000 56.000000 0.347321
536086.960000 6581467.710000 55.820000 20.000000 28.000000 31.000000 20.000000 0.345993
536087.320000 6581468.910000 56.240000 33.000000 36.000000 41.000000 25.000000 0.349319
536086.930000 6581466.360000 55.200000 86.000000 94.000000 97.000000 68.000000 0.438324
536087.000000 6581466.610000 55.470000 83.000000 91.000000 94.000000 69.000000 0.388657
536087.560000 6581468.480000 56.040000 27.000000 31.000000 40.000000 21.000000 0.369659
536087.650000 6581468.790000 56.170000 82.000000 87.000000 93.000000 73.000000 0.383316
536087.810000 6581469.320000 56.510000 32.000000 36.000000 39.000000 28.000000 0.361984
536087.100000 6581466.380000 55.200000 88.000000 96.000000 99.000000 68.000000 0.429657
536087.170000 6581466.620000 55.400000 82.000000 90.000000 93.000000 67.000000 0.371994
536087.250000 6581466.890000 55.650000 86.000000 94.000000 97.000000 67.000000 0.392319
536087.440000 6581467.540000 55.770000 24.000000 28.000000 31.000000 14.000000 0.348984
536087.890000 6581469.070000 56.400000 33.000000 37.000000 40.000000 23.000000 0.348648
536088.000000 6581469.430000 56.430000 30.000000 35.000000 39.000000 22.000000 0.363327
536087.480000 6581466.740000 55.570000 83.000000 91.000000 94.000000 66.000000 0.370987
536087.660000 6581467.370000 55.800000 38.000000 42.000000 43.000000 31.000000 0.361984
536087.760000 6581467.710000 55.860000 80.000000 87.000000 95.000000 61.000000 0.340317
536088.110000 6581468.900000 56.310000 35.000000 39.000000 40.000000 38.000000 0.351318
536087.740000 6581466.650000 55.500000 85.000000 93.000000 96.000000 69.000000 0.379654
536088.020000 6581467.560000 55.890000 47.000000 50.000000 59.000000 37.000000 0.372986
536088.190000 6581468.170000 56.040000 73.000000 83.000000 95.000000 59.000000 0.361649
536088.300000 6581468.520000 56.120000 46.000000 54.000000 67.000000 32.000000 0.357986
536088.380000 6581468.770000 56.360000 42.000000 52.000000 62.000000 38.000000 0.327652
536088.000000 6581466.190000 55.320000 87.000000 95.000000 98.000000 70.000000 0.376984
536088.080000 6581466.470000 55.480000 87.000000 95.000000 98.000000 66.000000 0.402985
536088.360000 6581467.430000 55.810000 27.000000 37.000000 39.000000 29.000000 0.331314
536088.450000 6581467.710000 55.950000 34.000000 40.000000 38.000000 30.000000 0.355316
536088.540000 6581468.010000 56.040000 95.000000 110.000000 113.000000 79.000000 0.380981
536088.640000 6581468.350000 56.110000 68.000000 72.000000 75.000000 52.000000 0.339325
536088.810000 6581468.940000 56.340000 138.000000 147.000000 130.000000 128.000000 0.377655
536088.230000 6581466.160000 55.420000 88.000000 96.000000 99.000000 70.000000 0.370987
536088.310000 6581466.420000 55.550000 88.000000 96.000000 99.000000 65.000000 0.408646
536088.520000 6581467.130000 55.640000 39.000000 44.000000 47.000000 28.000000 0.336990
536088.590000 6581467.360000 55.820000 31.000000 36.000000 40.000000 34.000000 0.345657
536088.860000 6581468.270000 56.160000 158.000000 167.000000 166.000000 135.000000 0.348328
536088.460000 6581466.020000 55.240000 87.000000 95.000000 98.000000 65.000000 0.408981
536088.540000 6581466.280000 55.440000 92.000000 102.000000 104.000000 74.000000 0.393982
536088.810000 6581467.200000 55.780000 115.000000 118.000000 125.000000 97.000000 0.316315
536088.900000 6581467.490000 55.870000 134.000000 154.000000 153.000000 111.000000 0.350327
536089.000000 6581467.820000 55.950000 66.000000 72.000000 68.000000 54.000000 0.378983
536089.070000 6581468.090000 56.110000 122.000000 133.000000 127.000000 96.000000 0.348328
536089.180000 6581468.430000 56.180000 131.000000 137.000000 135.000000 112.000000 0.348648
536088.780000 6581465.950000 55.230000 87.000000 95.000000 97.000000 66.000000 0.415649
536089.220000 6581467.450000 55.890000 11.000000 22.000000 24.000000 18.000000 0.371323
536089.400000 6581468.060000 56.110000 99.000000 104.000000 107.000000 83.000000 0.333649
536089.250000 6581466.240000 55.530000 91.000000 99.000000 101.000000 74.000000 0.395325
536089.340000 6581466.540000 55.670000 81.000000 89.000000 91.000000 65.000000 0.369659
536089.640000 6581467.550000 55.910000 38.000000 46.000000 57.000000 30.000000 0.380646
536089.410000 6581465.900000 55.410000 85.000000 93.000000 96.000000 69.000000 0.357315
536089.500000 6581466.220000 55.540000 81.000000 89.000000 92.000000 68.000000 0.424988
536089.670000 6581466.780000 55.790000 67.000000 70.000000 75.000000 57.000000 0.371994
536089.790000 6581467.160000 55.760000 58.000000 63.000000 67.000000 45.000000 0.373993
536089.670000 6581465.810000 55.340000 83.000000 90.000000 96.000000 67.000000 0.433655
536089.840000 6581466.380000 55.640000 81.000000 89.000000 92.000000 67.000000 0.325653
536089.930000 6581466.710000 55.730000 50.000000 53.000000 58.000000 37.000000 0.351654
536083.710000 6581467.160000 55.220000 88.000000 96.000000 99.000000 68.000000 0.457321
536084.020000 6581467.180000 55.400000 88.000000 96.000000 99.000000 70.000000 0.356323
536084.240000 6581467.420000 55.510000 90.000000 98.000000 100.000000 75.000000 0.393982
536084.310000 6581467.130000 55.400000 86.000000 94.000000 97.000000 69.000000 0.311981
536084.360000 6581466.910000 55.150000 85.000000 93.000000 96.000000 67.000000 0.338989
536084.620000 6581467.530000 55.540000 73.000000 77.000000 78.000000 62.000000 0.385315
536084.700000 6581467.180000 55.490000 94.000000 99.000000 102.000000 74.000000 0.370987
536084.770000 6581466.880000 55.280000 86.000000 94.000000 96.000000 69.000000 0.438324
536085.040000 6581467.220000 55.590000 119.000000 122.000000 127.000000 99.000000 0.404312
536085.100000 6581466.960000 55.360000 87.000000 95.000000 97.000000 67.000000 0.322983
536085.190000 6581467.710000 55.590000 22.000000 27.000000 33.000000 28.000000 0.327988
536085.280000 6581467.360000 55.630000 100.000000 105.000000 109.000000 85.000000 0.370316
536085.340000 6581467.090000 55.490000 95.000000 103.000000 106.000000 80.000000 0.361649
536085.410000 6581466.800000 55.270000 84.000000 92.000000 95.000000 62.000000 0.402649
536085.390000 6581467.770000 55.710000 27.000000 31.000000 40.000000 24.000000 0.316986
536085.470000 6581467.440000 55.610000 59.000000 67.000000 70.000000 44.000000 0.345322
536085.540000 6581467.160000 55.460000 86.000000 94.000000 97.000000 69.000000 0.417648
536085.610000 6581466.840000 55.380000 88.000000 93.000000 97.000000 68.000000 0.330994
536085.690000 6581466.520000 55.230000 90.000000 95.000000 99.000000 69.000000 0.292984
536085.650000 6581468.210000 55.880000 17.000000 24.000000 32.000000 21.000000 0.348648
536085.790000 6581467.600000 55.680000 84.000000 85.000000 90.000000 68.000000 0.351318
536085.870000 6581467.290000 55.570000 84.000000 92.000000 94.000000 66.000000 0.300995
536085.960000 6581466.950000 55.440000 86.000000 91.000000 95.000000 66.000000 0.339661
536086.030000 6581466.640000 55.330000 88.000000 93.000000 97.000000 70.000000 0.393326
536086.010000 6581468.180000 55.920000 33.000000 37.000000 40.000000 25.000000 0.302658
536086.090000 6581467.840000 55.800000 30.000000 35.000000 38.000000 20.000000 0.335648
536086.170000 6581467.520000 55.730000 112.000000 117.000000 121.000000 88.000000 0.357986
536086.240000 6581467.240000 55.580000 78.000000 89.000000 91.000000 69.000000 0.322327
536086.320000 6581466.910000 55.530000 86.000000 91.000000 95.000000 69.000000 0.408981
536086.380000 6581466.660000 55.340000 88.000000 93.000000 97.000000 70.000000 0.327652
536086.180000 6581468.500000 56.030000 32.000000 36.000000 39.000000 22.000000 0.338654
536086.250000 6581468.200000 55.880000 33.000000 32.000000 37.000000 25.000000 0.348648
536086.330000 6581467.870000 55.800000 23.000000 31.000000 34.000000 18.000000 0.313324
536086.410000 6581467.560000 55.670000 69.000000 74.000000 78.000000 52.000000 0.340988
536086.490000 6581467.230000 55.600000 86.000000 94.000000 96.000000 68.000000 0.350647
536086.570000 6581466.880000 55.590000 86.000000 94.000000 97.000000 68.000000 0.433990
536086.720000 6581466.300000 55.220000 89.000000 97.000000 100.000000 67.000000 0.383987
536086.360000 6581468.530000 56.020000 24.000000 32.000000 35.000000 19.000000 0.371323
536086.430000 6581468.230000 55.870000 27.000000 30.000000 35.000000 24.000000 0.312988
536086.590000 6581467.590000 55.710000 60.000000 65.000000 68.000000 50.000000 0.340988
536086.670000 6581467.250000 55.620000 86.000000 94.000000 97.000000 65.000000 0.319992
536086.750000 6581466.940000 55.580000 79.000000 87.000000 90.000000 62.000000 0.398651
536086.820000 6581466.630000 55.440000 84.000000 92.000000 95.000000 66.000000 0.304321
536086.880000 6581466.380000 55.180000 86.000000 94.000000 97.000000 65.000000 0.389648
536086.750000 6581468.250000 55.920000 22.000000 27.000000 33.000000 15.000000 0.332657
536086.830000 6581467.900000 55.860000 29.000000 34.000000 38.000000 18.000000 0.358658
536086.970000 6581467.310000 55.680000 86.000000 95.000000 100.000000 68.000000 0.321655
536087.140000 6581466.640000 55.530000 82.000000 90.000000 93.000000 67.000000 0.345322
536087.200000 6581466.370000 55.400000 85.000000 93.000000 96.000000 71.000000 0.408646
536086.960000 6581468.820000 56.090000 28.000000 31.000000 36.000000 15.000000 0.321991
536087.040000 6581468.500000 56.080000 28.000000 31.000000 38.000000 19.000000 0.300323
536087.120000 6581468.170000 56.000000 27.000000 30.000000 35.000000 27.000000 0.339325
536087.200000 6581467.840000 55.880000 28.000000 33.000000 36.000000 23.000000 0.330322
536087.260000 6581467.580000 55.710000 26.000000 30.000000 33.000000 14.000000 0.327316
536087.350000 6581467.240000 55.660000 84.000000 87.000000 92.000000 67.000000 0.359314
536087.420000 6581466.940000 55.530000 84.000000 92.000000 95.000000 63.000000 0.340988
536087.500000 6581466.590000 55.470000 82.000000 92.000000 94.000000 66.000000 0.397980
536087.580000 6581466.290000 55.390000 87.000000 97.000000 99.000000 68.000000 0.328995
536087.240000 6581468.750000 56.160000 28.000000 28.000000 36.000000 25.000000 0.304321
536087.320000 6581468.410000 56.070000 31.000000 32.000000 37.000000 23.000000 0.300323
536087.470000 6581467.800000 55.830000 32.000000 35.000000 40.000000 20.000000 0.312653
536087.540000 6581467.490000 55.700000 27.000000 31.000000 34.000000 19.000000 0.314316
536087.630000 6581467.160000 55.640000 86.000000 91.000000 94.000000 68.000000 0.368317
536087.780000 6581466.510000 55.490000 85.000000 95.000000 97.000000 67.000000 0.398651
536087.850000 6581466.210000 55.290000 86.000000 96.000000 98.000000 67.000000 0.398651
536087.450000 6581468.880000 56.280000 29.000000 32.000000 37.000000 27.000000 0.340988
536087.520000 6581468.620000 56.080000 25.000000 30.000000 36.000000 27.000000 0.330994
536087.600000 6581468.270000 56.020000 31.000000 35.000000 44.000000 30.000000 0.343323
536087.680000 6581467.940000 55.940000 35.000000 39.000000 50.000000 30.000000 0.327988
536087.760000 6581467.620000 55.850000 57.000000 62.000000 68.000000 46.000000 0.353653
536087.840000 6581467.290000 55.710000 48.000000 52.000000 53.000000 43.000000 0.346985
536087.920000 6581466.960000 55.620000 83.000000 91.000000 94.000000 66.000000 0.349319
536088.000000 6581466.620000 55.630000 80.000000 88.000000 91.000000 66.000000 0.318985
536088.070000 6581466.340000 55.460000 87.000000 95.000000 98.000000 67.000000 0.348328
536088.140000 6581466.070000 55.280000 87.000000 95.000000 98.000000 67.000000 0.385651
536087.770000 6581469.050000 56.340000 30.000000 33.000000 38.000000 29.000000 0.299988
536087.850000 6581468.720000 56.240000 72.000000 81.000000 88.000000 66.000000 0.338989
536087.910000 6581468.490000 56.000000 95.000000 105.000000 117.000000 90.000000 0.325317
536087.990000 6581468.130000 56.070000 35.000000 44.000000 59.000000 19.000000 0.339981
536088.070000 6581467.790000 55.930000 71.000000 75.000000 87.000000 52.000000 0.295654
536088.160000 6581467.460000 55.850000 28.000000 31.000000 36.000000 21.000000 0.332321
536088.210000 6581467.230000 55.630000 27.000000 31.000000 30.000000 29.000000 0.324982
536088.380000 6581466.510000 55.530000 83.000000 91.000000 94.000000 67.000000 0.415314
536088.460000 6581466.210000 55.440000 88.000000 98.000000 100.000000 64.000000 0.325653
536088.520000 6581465.950000 55.210000 87.000000 95.000000 98.000000 67.000000 0.404648
536088.040000 6581469.470000 56.490000 30.000000 35.000000 39.000000 22.000000 0.347321
536088.120000 6581469.150000 56.400000 30.000000 35.000000 41.000000 29.000000 0.338654
536088.200000 6581468.820000 56.310000 33.000000 41.000000 43.000000 28.000000 0.311981
536088.350000 6581468.200000 56.110000 56.000000 67.000000 73.000000 41.000000 0.374313
536088.430000 6581467.870000 55.980000 63.000000 75.000000 75.000000 53.000000 0.304321
536088.510000 6581467.550000 55.900000 174.000000 193.000000 191.000000 138.000000 0.321655
536088.590000 6581467.240000 55.810000 27.000000 28.000000 33.000000 26.000000 0.323654
536088.660000 6581466.940000 55.700000 85.000000 93.000000 95.000000 71.000000 0.356659
536088.730000 6581466.630000 55.510000 103.000000 111.000000 113.000000 76.000000 0.312988
536088.810000 6581466.300000 55.510000 130.000000 140.000000 141.000000 107.000000 0.376648
536088.880000 6581466.010000 55.390000 92.000000 102.000000 103.000000 74.000000 0.346649
536088.960000 6581465.710000 55.230000 87.000000 95.000000 98.000000 68.000000 0.298660
536088.330000 6581469.380000 56.510000 126.000000 135.000000 132.000000 132.000000 0.365646
536088.390000 6581469.090000 56.390000 27.000000 32.000000 36.000000 34.000000 0.314316
536088.470000 6581468.790000 56.290000 45.000000 48.000000 53.000000 42.000000 0.300995
536088.550000 6581468.460000 56.200000 33.000000 37.000000 48.000000 29.000000 0.335327
536088.620000 6581468.140000 56.060000 136.000000 146.000000 145.000000 102.000000 0.357315
536088.700000 6581467.850000 56.000000 98.000000 104.000000 102.000000 73.000000 0.348648
536088.770000 6581467.550000 55.850000 183.000000 206.000000 200.000000 161.000000 0.334656
536088.850000 6581467.210000 55.820000 115.000000 118.000000 125.000000 97.000000 0.320328
536088.920000 6581466.920000 55.740000 95.000000 103.000000 105.000000 73.000000 0.319992
536089.000000 6581466.600000 55.650000 86.000000 94.000000 96.000000 64.000000 0.320648
536089.080000 6581466.270000 55.560000 92.000000 102.000000 103.000000 71.000000 0.404312
536088.530000 6581469.670000 56.710000 35.000000 35.000000 37.000000 32.000000 0.323318
536088.590000 6581469.410000 56.520000 21.000000 20.000000 15.000000 22.000000 0.331650
536088.660000 6581469.130000 56.350000 134.000000 134.000000 126.000000 136.000000 0.363327
536088.750000 6581468.780000 56.370000 91.000000 97.000000 95.000000 90.000000 0.327988
536088.810000 6581468.510000 56.200000 91.000000 92.000000 96.000000 83.000000 0.320328
536088.890000 6581468.190000 56.060000 151.000000 166.000000 163.000000 132.000000 0.321320
536088.970000 6581467.870000 56.010000 60.000000 70.000000 59.000000 42.000000 0.329651
536089.050000 6581467.540000 55.990000 144.000000 163.000000 161.000000 124.000000 0.335327
536089.130000 6581467.220000 55.850000 81.000000 87.000000 87.000000 72.000000 0.323654
536089.190000 6581466.940000 55.700000 58.000000 66.000000 68.000000 45.000000 0.357986
536089.360000 6581466.250000 55.580000 87.000000 95.000000 97.000000 69.000000 0.319656
536089.420000 6581466.000000 55.370000 85.000000 93.000000 96.000000 69.000000 0.387985
536089.490000 6581465.720000 55.230000 87.000000 95.000000 98.000000 67.000000 0.410980
536089.170000 6581468.460000 56.200000 131.000000 137.000000 135.000000 112.000000 0.292328
536089.240000 6581468.180000 56.050000 106.000000 117.000000 113.000000 83.000000 0.338318
536089.320000 6581467.820000 55.990000 98.000000 108.000000 109.000000 87.000000 0.301651
536089.410000 6581467.480000 55.950000 47.000000 52.000000 58.000000 41.000000 0.340317
536089.480000 6581467.200000 55.880000 61.000000 67.000000 67.000000 50.000000 0.346985
536089.550000 6581466.880000 55.720000 50.000000 55.000000 58.000000 40.000000 0.349319
536089.640000 6581466.550000 55.610000 87.000000 92.000000 96.000000 67.000000 0.330994
536089.720000 6581466.210000 55.570000 84.000000 91.000000 97.000000 69.000000 0.311325
536089.860000 6581465.620000 55.180000 88.000000 93.000000 99.000000 70.000000 0.452988
536089.990000 6581466.630000 55.630000 81.000000 84.000000 89.000000 61.000000 0.341660
536090.940000 6581465.330000 55.270000 86.000000 94.000000 97.000000 66.000000 0.375320
536090.740000 6581465.570000 55.310000 88.000000 96.000000 99.000000 69.000000 0.321991
536090.140000 6581465.510000 55.270000 85.000000 95.000000 97.000000 69.000000 0.418991
536090.640000 6581465.730000 55.450000 87.000000 92.000000 96.000000 68.000000 0.299988
536090.540000 6581466.110000 55.490000 82.000000 92.000000 93.000000 68.000000 0.344650
536090.230000 6581465.680000 55.370000 92.000000 97.000000 100.000000 72.000000 0.358658
536090.130000 6581466.090000 55.520000 82.000000 92.000000 94.000000 68.000000 0.397980
536090.010000 6581465.650000 55.250000 87.000000 92.000000 96.000000 68.000000 0.483322
536090.370000 6581465.590000 55.300000 92.000000 100.000000 103.000000 74.000000 0.502319
536090.450000 6581465.860000 55.460000 84.000000 92.000000 95.000000 67.000000 0.351654
536090.660000 6581465.480000 55.240000 88.000000 96.000000 99.000000 70.000000 0.495316
536090.900000 6581465.430000 55.290000 84.000000 92.000000 95.000000 67.000000 0.533646
536090.150000 6581465.980000 55.500000 85.000000 93.000000 96.000000 70.000000 0.313980
536090.230000 6581465.640000 55.390000 92.000000 97.000000 100.000000 72.000000 0.348328
536090.310000 6581466.350000 55.600000 82.000000 90.000000 93.000000 65.000000 0.339661
536090.400000 6581465.970000 55.650000 84.000000 92.000000 95.000000 67.000000 0.321991
536090.460000 6581465.730000 55.420000 86.000000 91.000000 95.000000 65.000000 0.364655
536090.530000 6581465.460000 55.220000 87.000000 95.000000 98.000000 69.000000 0.491653
536090.800000 6581465.500000 55.340000 85.000000 93.000000 96.000000 68.000000 0.461319
536086.950000 6581469.150000 56.220000 32.000000 35.000000 40.000000 20.000000 0.327652
536085.940000 6581469.170000 56.130000 24.000000 27.000000 32.000000 16.000000 0.334320
536084.010000 6581468.550000 55.790000 23.000000 28.000000 32.000000 19.000000 0.339661
536083.460000 6581467.840000 55.260000 82.000000 93.000000 95.000000 66.000000 0.352325
536083.360000 6581467.450000 55.230000 86.000000 91.000000 95.000000 70.000000 0.389648
536087.430000 6581469.580000 56.470000 28.000000 31.000000 36.000000 19.000000 0.290985
536086.670000 6581468.790000 56.120000 25.000000 30.000000 36.000000 18.000000 0.337326
536085.460000 6581469.820000 56.300000 21.000000 26.000000 32.000000 14.000000 0.310654
536085.060000 6581468.470000 55.840000 18.000000 20.000000 33.000000 26.000000 0.299316
536084.850000 6581469.310000 56.080000 23.000000 28.000000 34.000000 20.000000 0.325317
536084.600000 6581469.200000 56.100000 24.000000 29.000000 33.000000 19.000000 0.317322
536084.510000 6581469.560000 56.110000 21.000000 26.000000 30.000000 18.000000 0.324661
536084.500000 6581468.580000 55.840000 34.000000 41.000000 49.000000 37.000000 0.295319
536084.130000 6581468.710000 55.870000 25.000000 29.000000 32.000000 21.000000 0.364319
536084.080000 6581467.510000 55.530000 82.000000 90.000000 92.000000 69.000000 0.362991
536083.720000 6581468.900000 55.390000 30.000000 35.000000 39.000000 17.000000 0.333313
536083.800000 6581467.530000 55.430000 84.000000 92.000000 95.000000 65.000000 0.381653
536083.700000 6581467.930000 55.550000 83.000000 88.000000 92.000000 64.000000 0.332657
536083.500000 6581467.550000 55.450000 84.000000 92.000000 95.000000 70.000000 0.325317
536083.430000 6581467.850000 55.310000 82.000000 93.000000 95.000000 66.000000 0.296661
536083.350000 6581468.140000 55.190000 88.000000 96.000000 99.000000 73.000000 0.324326
536083.200000 6581467.330000 55.210000 89.000000 97.000000 99.000000 69.000000 0.429993
536083.340000 6581467.330000 55.230000 90.000000 94.000000 97.000000 69.000000 0.420654
536083.710000 6581468.610000 55.560000 30.000000 31.000000 36.000000 21.000000 0.306656
536084.000000 6581469.570000 55.740000 31.000000 34.000000 39.000000 26.000000 0.320984
536083.910000 6581468.320000 55.730000 20.000000 23.000000 28.000000 27.000000 0.352661
536084.020000 6581468.670000 55.750000 21.000000 26.000000 29.000000 23.000000 0.339981
536084.310000 6581469.640000 56.030000 18.000000 21.000000 26.000000 14.000000 0.349655
536083.910000 6581467.300000 55.440000 84.000000 92.000000 95.000000 66.000000 0.368988
536084.000000 6581467.600000 55.570000 80.000000 88.000000 90.000000 66.000000 0.424652
536084.270000 6581468.540000 55.830000 26.000000 31.000000 35.000000 19.000000 0.348984
536084.370000 6581468.860000 55.900000 29.000000 32.000000 37.000000 24.000000 0.357651
536084.630000 6581469.760000 56.300000 27.000000 32.000000 36.000000 25.000000 0.351318
536084.450000 6581467.740000 55.650000 119.000000 127.000000 129.000000 92.000000 0.373993
536084.730000 6581468.680000 55.940000 24.000000 25.000000 30.000000 15.000000 0.354324
536084.820000 6581469.000000 56.030000 26.000000 33.000000 39.000000 19.000000 0.350327
536084.920000 6581469.330000 56.060000 21.000000 26.000000 32.000000 16.000000 0.371658
536084.990000 6581469.570000 56.310000 23.000000 26.000000 33.000000 17.000000 0.355316
536085.100000 6581469.920000 56.390000 19.000000 24.000000 30.000000 16.000000 0.340317
536085.160000 6581468.680000 55.970000 25.000000 30.000000 34.000000 20.000000 0.321991
536085.520000 6581469.890000 56.380000 23.000000 28.000000 34.000000 19.000000 0.368317
536085.340000 6581468.280000 55.840000 78.000000 92.000000 103.000000 74.000000 0.307327
536085.440000 6581468.630000 55.900000 23.000000 28.000000 34.000000 19.000000 0.349991
536085.510000 6581468.880000 56.080000 24.000000 29.000000 33.000000 24.000000 0.343994
536085.600000 6581469.160000 56.200000 33.000000 38.000000 44.000000 26.000000 0.351318
536085.700000 6581469.510000 56.290000 25.000000 30.000000 36.000000 22.000000 0.367325
536085.690000 6581468.610000 55.960000 24.000000 29.000000 33.000000 26.000000 0.351990
536085.960000 6581469.530000 56.300000 22.000000 27.000000 33.000000 18.000000 0.340317
536086.040000 6581469.820000 56.450000 23.000000 26.000000 33.000000 23.000000 0.361984
536086.100000 6581468.800000 56.090000 28.000000 36.000000 39.000000 21.000000 0.387314
536086.210000 6581469.150000 56.110000 26.000000 29.000000 34.000000 19.000000 0.320648
536086.290000 6581469.430000 56.260000 28.000000 33.000000 39.000000 28.000000 0.337982
536086.380000 6581469.710000 56.440000 29.000000 34.000000 40.000000 27.000000 0.343323
536086.500000 6581469.060000 56.180000 24.000000 29.000000 33.000000 19.000000 0.350327
536086.580000 6581469.340000 56.320000 27.000000 32.000000 36.000000 24.000000 0.348984
536086.670000 6581469.660000 56.450000 24.000000 29.000000 33.000000 23.000000 0.367661
536086.750000 6581469.920000 56.650000 28.000000 33.000000 39.000000 27.000000 0.365646
536086.810000 6581469.300000 56.270000 28.000000 31.000000 36.000000 24.000000 0.318985
536086.890000 6581469.560000 56.470000 35.000000 38.000000 45.000000 26.000000 0.372986
536087.010000 6581469.060000 56.250000 28.000000 31.000000 36.000000 28.000000 0.334991
536087.100000 6581469.370000 56.350000 30.000000 33.000000 38.000000 23.000000 0.404984
536087.190000 6581469.660000 56.500000 24.000000 27.000000 34.000000 20.000000 0.387650
536087.260000 6581469.910000 56.660000 24.000000 27.000000 34.000000 22.000000 0.356659
536087.410000 6581469.210000 56.340000 29.000000 32.000000 37.000000 24.000000 0.378326
536087.490000 6581469.500000 56.500000 29.000000 32.000000 37.000000 24.000000 0.386658
536083.290000 6581467.290000 55.230000 85.000000 90.000000 93.000000 66.000000 0.412979
536083.550000 6581467.780000 55.480000 80.000000 91.000000 93.000000 68.000000 0.284988
536083.630000 6581467.460000 55.370000 84.000000 92.000000 95.000000 67.000000 0.332321
536083.690000 6581468.580000 55.460000 23.000000 26.000000 31.000000 14.000000 0.317322
536083.790000 6581468.130000 55.700000 88.000000 96.000000 99.000000 72.000000 0.326324
536083.870000 6581467.820000 55.550000 84.000000 89.000000 93.000000 69.000000 0.328659
536083.950000 6581467.490000 55.490000 83.000000 91.000000 94.000000 66.000000 0.381653
536083.790000 6581469.290000 55.520000 29.000000 34.000000 38.000000 20.000000 0.323318
536084.000000 6581468.420000 55.790000 28.000000 33.000000 37.000000 27.000000 0.332321
536084.090000 6581468.060000 55.790000 88.000000 93.000000 99.000000 71.000000 0.348328
536084.160000 6581467.760000 55.600000 81.000000 86.000000 89.000000 65.000000 0.316986
536084.060000 6581469.840000 55.950000 32.000000 35.000000 40.000000 23.000000 0.327652
536084.310000 6581468.780000 55.920000 35.000000 36.000000 40.000000 24.000000 0.327316
536084.550000 6581467.800000 55.670000 30.000000 40.000000 39.000000 16.000000 0.343323
536084.390000 6581469.910000 56.080000 30.000000 33.000000 38.000000 26.000000 0.298981
536084.480000 6581469.510000 56.180000 27.000000 32.000000 36.000000 18.000000 0.279327
536084.570000 6581469.150000 56.080000 24.000000 29.000000 33.000000 17.000000 0.319321
536084.640000 6581468.840000 56.040000 26.000000 29.000000 34.000000 12.000000 0.361649
536084.720000 6581468.530000 55.920000 16.000000 20.000000 29.000000 27.000000 0.318314
536084.800000 6581468.190000 55.830000 83.000000 105.000000 116.000000 87.000000 0.337982
536084.880000 6581467.860000 55.720000 24.000000 31.000000 37.000000 29.000000 0.330994
536084.750000 6581469.550000 56.250000 24.000000 29.000000 33.000000 15.000000 0.321655
536084.900000 6581468.930000 56.090000 16.000000 23.000000 29.000000 13.000000 0.293655
536084.970000 6581468.620000 55.970000 25.000000 29.000000 32.000000 13.000000 0.344986
536085.040000 6581468.330000 55.810000 66.000000 78.000000 92.000000 65.000000 0.368652
536085.120000 6581468.030000 55.730000 84.000000 106.000000 117.000000 89.000000 0.344650
536084.870000 6581469.930000 56.380000 18.000000 23.000000 29.000000 18.000000 0.332321
536085.090000 6581469.010000 56.100000 23.000000 28.000000 34.000000 19.000000 0.304321
536085.160000 6581468.710000 56.030000 15.000000 23.000000 26.000000 11.000000 0.333313
536085.240000 6581468.390000 55.880000 47.000000 57.000000 69.000000 51.000000 0.361313
536085.310000 6581468.090000 55.780000 90.000000 108.000000 118.000000 91.000000 0.346649
536085.260000 6581469.810000 56.320000 15.000000 20.000000 26.000000 10.000000 0.329651
536085.340000 6581469.490000 56.300000 28.000000 31.000000 38.000000 21.000000 0.353653
536085.410000 6581469.190000 56.090000 22.000000 27.000000 33.000000 19.000000 0.320648
536085.620000 6581469.800000 56.360000 24.000000 29.000000 35.000000 19.000000 0.339981
536085.920000 6581468.520000 56.010000 30.000000 31.000000 35.000000 27.000000 0.348648
536085.880000 6581469.750000 56.380000 24.000000 29.000000 35.000000 19.000000 0.329315
536085.950000 6581469.440000 56.230000 25.000000 30.000000 36.000000 26.000000 0.350647
536086.020000 6581469.150000 56.180000 24.000000 27.000000 32.000000 18.000000 0.330994
536086.100000 6581468.840000 56.060000 22.000000 27.000000 31.000000 16.000000 0.365646
536086.050000 6581469.800000 56.470000 16.000000 21.000000 27.000000 12.000000 0.397659
536086.140000 6581469.450000 56.400000 22.000000 27.000000 33.000000 18.000000 0.325317
536086.210000 6581469.170000 56.200000 26.000000 29.000000 34.000000 19.000000 0.301651
536086.270000 6581468.890000 56.080000 32.000000 35.000000 40.000000 20.000000 0.289658
536086.370000 6581469.790000 56.460000 29.000000 34.000000 40.000000 27.000000 0.352982
536086.450000 6581469.500000 56.330000 19.000000 24.000000 28.000000 13.000000 0.328659
536086.520000 6581469.190000 56.230000 27.000000 32.000000 36.000000 24.000000 0.324661
536086.610000 6581468.830000 56.160000 31.000000 36.000000 40.000000 19.000000 0.356659
536086.750000 6581469.710000 56.450000 26.000000 31.000000 35.000000 20.000000 0.375320
536086.810000 6581469.430000 56.350000 31.000000 34.000000 41.000000 26.000000 0.327988
536086.940000 6581469.970000 56.640000 32.000000 35.000000 42.000000 23.000000 0.330322
536087.010000 6581469.680000 56.440000 31.000000 34.000000 41.000000 28.000000 0.292328
536087.100000 6581469.330000 56.410000 30.000000 33.000000 38.000000 23.000000 0.354980
536087.170000 6581469.040000 56.290000 29.000000 32.000000 37.000000 22.000000 0.312317
536087.300000 6581469.530000 56.410000 28.000000 31.000000 36.000000 26.000000 0.361313
536087.380000 6581469.190000 56.350000 28.000000 31.000000 36.000000 23.000000 0.344650
536087.690000 6581469.390000 56.410000 36.000000 39.000000 44.000000 30.000000 0.371658
536087.970000 6581469.750000 56.680000 27.000000 31.000000 34.000000 22.000000 0.306320
536085.990000 6581470.010000 56.470000 20.000000 23.000000 30.000000 14.000000 0.323990
536084.240000 6581470.390000 56.400000 28.000000 31.000000 36.000000 19.000000 0.350647
536084.820000 6581470.390000 56.510000 24.000000 29.000000 35.000000 26.000000 0.374313
536085.180000 6581470.210000 56.460000 16.000000 21.000000 27.000000 16.000000 0.353317
536085.600000 6581470.160000 56.520000 16.000000 21.000000 27.000000 14.000000 0.387650
536085.880000 6581470.120000 56.470000 23.000000 26.000000 33.000000 22.000000 0.350327
536086.130000 6581470.100000 56.620000 23.000000 26.000000 33.000000 20.000000 0.348648
536086.470000 6581470.010000 56.550000 27.000000 32.000000 38.000000 26.000000 0.359985
536084.320000 6581470.180000 56.220000 34.000000 37.000000 42.000000 26.000000 0.332321
536084.570000 6581470.270000 56.360000 21.000000 24.000000 29.000000 18.000000 0.347321
536085.190000 6581470.100000 56.440000 23.000000 28.000000 34.000000 16.000000 0.416321
536085.540000 6581470.110000 56.470000 16.000000 21.000000 27.000000 14.000000 0.368988
536097.230000 6581467.750000 56.040000 55.000000 59.000000 62.000000 40.000000 0.341980
536097.130000 6581467.350000 55.950000 53.000000 57.000000 60.000000 46.000000 0.348984
536097.160000 6581467.920000 55.920000 31.000000 36.000000 40.000000 26.000000 0.329315
536096.660000 6581467.740000 56.510000 21.000000 29.000000 32.000000 22.000000 0.330322
536097.110000 6581467.890000 55.970000 40.000000 45.000000 49.000000 36.000000 0.347321
536096.940000 6581468.310000 56.360000 22.000000 27.000000 31.000000 19.000000 0.312317
536097.160000 6581467.410000 55.880000 49.000000 54.000000 57.000000 42.000000 0.311325
536097.180000 6581468.470000 56.070000 30.000000 35.000000 39.000000 25.000000 0.297989
536098.200000 6581471.650000 55.870000 22.000000 27.000000 33.000000 24.000000 0.327316
536098.130000 6581471.710000 56.010000 26.000000 31.000000 37.000000 24.000000 0.353989
536097.750000 6581470.800000 56.110000 21.000000 26.000000 32.000000 15.000000 0.321320
536097.910000 6581471.220000 56.060000 26.000000 29.000000 36.000000 24.000000 0.312988
536097.970000 6581471.970000 56.200000 26.000000 31.000000 37.000000 30.000000 0.327988
536098.050000 6581471.650000 56.100000 22.000000 27.000000 33.000000 23.000000 0.324661
536098.260000 6581472.220000 56.020000 25.000000 30.000000 36.000000 26.000000 0.324982
536097.490000 6581468.790000 56.000000 25.000000 33.000000 36.000000 29.000000 0.352325
536097.310000 6581468.070000 55.870000 46.000000 49.000000 54.000000 39.000000 0.382324
536097.660000 6581469.520000 55.880000 31.000000 36.000000 42.000000 29.000000 0.335648
536097.600000 6581468.980000 55.860000 24.000000 32.000000 35.000000 23.000000 0.317993
536097.330000 6581468.570000 55.940000 26.000000 31.000000 35.000000 22.000000 0.334656
536097.440000 6581469.000000 55.960000 20.000000 28.000000 31.000000 15.000000 0.369980
536097.260000 6581468.140000 55.960000 24.000000 27.000000 32.000000 23.000000 0.338989
536097.340000 6581469.130000 56.020000 27.000000 32.000000 38.000000 19.000000 0.312653
536097.410000 6581468.810000 55.940000 25.000000 33.000000 36.000000 28.000000 0.365982
536097.610000 6581469.730000 55.940000 27.000000 32.000000 38.000000 29.000000 0.336655
536097.690000 6581469.420000 55.870000 30.000000 35.000000 41.000000 25.000000 0.333649
536098.030000 6581470.960000 55.940000 25.000000 30.000000 36.000000 23.000000 0.395325
536097.950000 6581470.640000 55.990000 24.000000 29.000000 35.000000 25.000000 0.333313
536097.850000 6581470.230000 55.960000 26.000000 29.000000 34.000000 27.000000 0.338654
536097.760000 6581470.180000 56.000000 29.000000 34.000000 38.000000 32.000000 0.381653
536097.400000 6581470.130000 56.190000 24.000000 29.000000 35.000000 19.000000 0.338654
536097.740000 6581470.010000 56.060000 26.000000 31.000000 35.000000 27.000000 0.326660
536097.970000 6581470.790000 55.900000 25.000000 30.000000 36.000000 21.000000 0.359650
536098.070000 6581471.140000 55.940000 30.000000 33.000000 40.000000 30.000000 0.390991
536098.180000 6581471.530000 55.770000 30.000000 35.000000 41.000000 30.000000 0.343658
536097.540000 6581470.020000 56.180000 22.000000 27.000000 33.000000 26.000000 0.362991
536097.820000 6581470.500000 56.000000 30.000000 35.000000 41.000000 24.000000 0.390320
536097.980000 6581470.940000 55.910000 27.000000 32.000000 38.000000 31.000000 0.379318
536098.050000 6581470.630000 55.760000 24.000000 29.000000 35.000000 23.000000 0.321655
536098.110000 6581471.380000 55.890000 24.000000 27.000000 34.000000 19.000000 0.339325
536093.550000 6581469.800000 57.890000 22.000000 25.000000 32.000000 18.000000 0.332993
536093.950000 6581469.930000 58.240000 21.000000 24.000000 31.000000 17.000000 0.351318
536094.330000 6581469.930000 58.210000 23.000000 26.000000 35.000000 21.000000 0.359985
536094.580000 6581469.920000 58.260000 25.000000 28.000000 37.000000 14.000000 0.351990
536093.100000 6581469.900000 57.940000 46.000000 47.000000 52.000000 38.000000 0.291321
536093.330000 6581469.920000 58.120000 26.000000 27.000000 32.000000 14.000000 0.373993
536093.570000 6581469.860000 58.020000 24.000000 27.000000 34.000000 22.000000 0.320328
536094.200000 6581469.900000 58.270000 24.000000 27.000000 36.000000 20.000000 0.328323
536094.390000 6581469.920000 58.250000 23.000000 26.000000 35.000000 21.000000 0.325317
536094.560000 6581469.990000 58.390000 25.000000 28.000000 37.000000 14.000000 0.318314
536094.620000 6581469.770000 58.140000 21.000000 24.000000 33.000000 17.000000 0.334656
536094.930000 6581469.790000 58.340000 26.000000 29.000000 38.000000 25.000000 0.337646
536095.350000 6581470.250000 58.290000 25.000000 30.000000 36.000000 22.000000 0.338654
536094.410000 6581470.410000 58.720000 20.000000 23.000000 32.000000 17.000000 0.331650
536093.710000 6581470.820000 58.550000 46.000000 50.000000 53.000000 41.000000 0.322983
536093.380000 6581470.180000 58.190000 38.000000 41.000000 46.000000 33.000000 0.380981
536093.440000 6581470.400000 58.470000 39.000000 40.000000 44.000000 30.000000 0.352982
536093.620000 6581470.030000 58.170000 21.000000 24.000000 29.000000 21.000000 0.334991
536094.040000 6581470.230000 58.400000 17.000000 20.000000 27.000000 17.000000 0.352982
536094.640000 6581470.120000 58.510000 19.000000 24.000000 30.000000 20.000000 0.316986
536094.730000 6581470.420000 58.670000 20.000000 27.000000 35.000000 18.000000 0.353317
536094.980000 6581470.370000 58.640000 24.000000 27.000000 34.000000 19.000000 0.378983
536093.240000 6581470.290000 58.790000 36.000000 40.000000 43.000000 35.000000 0.529312
536093.270000 6581470.190000 58.280000 38.000000 41.000000 46.000000 36.000000 0.331314
536093.370000 6581470.640000 58.740000 51.000000 55.000000 58.000000 41.000000 0.329315
536093.490000 6581470.160000 58.180000 35.000000 38.000000 43.000000 30.000000 0.284653
536093.710000 6581470.620000 58.700000 39.000000 40.000000 44.000000 29.000000 0.336655
536093.770000 6581470.400000 58.470000 30.000000 31.000000 36.000000 20.000000 0.317993
536094.060000 6581470.490000 58.670000 24.000000 27.000000 36.000000 20.000000 0.300659
536094.120000 6581470.220000 58.430000 18.000000 21.000000 28.000000 17.000000 0.299988
536094.270000 6581470.380000 58.710000 19.000000 22.000000 29.000000 22.000000 0.339661
536094.330000 6581470.150000 58.450000 17.000000 20.000000 27.000000 19.000000 0.334320
536094.860000 6581470.080000 58.520000 20.000000 25.000000 31.000000 16.000000 0.329987
536095.450000 6581470.180000 58.260000 25.000000 30.000000 34.000000 24.000000 0.315659
536097.030000 6581466.960000 55.840000 56.000000 60.000000 63.000000 47.000000 0.344315
536097.050000 6581467.240000 55.900000 45.000000 49.000000 52.000000 41.000000 0.332657
536096.470000 6581466.990000 56.070000 54.000000 57.000000 62.000000 39.000000 0.332321
536096.350000 6581465.290000 54.620000 45.000000 51.000000 49.000000 45.000000 0.345993
536096.430000 6581465.580000 54.800000 84.000000 90.000000 86.000000 77.000000 0.350983
536096.570000 6581466.040000 55.300000 74.000000 78.000000 77.000000 68.000000 0.317993
536096.630000 6581466.270000 55.590000 15.000000 19.000000 22.000000 17.000000 0.328659
536096.890000 6581467.150000 56.050000 52.000000 57.000000 61.000000 47.000000 0.352325
536096.270000 6581464.280000 53.710000 57.000000 60.000000 65.000000 47.000000 0.384659
536096.360000 6581465.350000 54.720000 83.000000 89.000000 87.000000 68.000000 0.335983
536096.390000 6581466.330000 55.600000 49.000000 53.000000 52.000000 33.000000 0.310654
536096.510000 6581465.840000 55.100000 53.000000 58.000000 54.000000 66.000000 0.337326
536096.580000 6581465.570000 54.900000 82.000000 88.000000 86.000000 78.000000 0.323318
536096.490000 6581467.090000 56.220000 53.000000 56.000000 61.000000 41.000000 0.320328
536096.560000 6581466.810000 56.020000 53.000000 56.000000 61.000000 37.000000 0.324982
536096.620000 6581466.560000 55.780000 51.000000 54.000000 59.000000 44.000000 0.316315
536096.690000 6581466.290000 55.570000 15.000000 19.000000 22.000000 17.000000 0.318985
536096.760000 6581466.000000 55.360000 60.000000 62.000000 59.000000 68.000000 0.338654
536096.910000 6581466.910000 56.010000 54.000000 57.000000 62.000000 46.000000 0.353653
536095.910000 6581468.730000 57.400000 27.000000 32.000000 38.000000 21.000000 0.326981
536095.770000 6581469.700000 57.730000 20.000000 25.000000 31.000000 18.000000 0.328323
536095.420000 6581469.690000 58.190000 31.000000 36.000000 42.000000 26.000000 0.295319
536093.240000 6581469.730000 57.650000 17.000000 17.000000 25.000000 13.000000 0.335327
536093.460000 6581469.510000 57.710000 26.000000 29.000000 36.000000 26.000000 0.370651
536093.800000 6581469.430000 57.740000 16.000000 19.000000 28.000000 19.000000 0.363983
536094.110000 6581469.180000 57.440000 20.000000 23.000000 32.000000 16.000000 0.356979
536094.360000 6581469.170000 57.570000 19.000000 22.000000 31.000000 10.000000 0.356323
536094.410000 6581469.340000 57.920000 23.000000 28.000000 34.000000 15.000000 0.349655
536094.500000 6581469.650000 58.100000 18.000000 21.000000 30.000000 20.000000 0.394318
536094.610000 6581469.120000 57.560000 25.000000 30.000000 36.000000 26.000000 0.345657
536094.740000 6581469.570000 58.070000 20.000000 23.000000 32.000000 15.000000 0.372650
536095.000000 6581469.210000 57.840000 26.000000 31.000000 37.000000 23.000000 0.351990
536095.090000 6581469.490000 58.020000 25.000000 30.000000 36.000000 19.000000 0.362320
536095.150000 6581469.720000 58.270000 27.000000 32.000000 38.000000 22.000000 0.369324
536095.240000 6581468.730000 57.370000 24.000000 29.000000 35.000000 27.000000 0.349655
536095.310000 6581468.950000 57.650000 23.000000 28.000000 34.000000 19.000000 0.357315
536095.400000 6581468.390000 57.070000 26.000000 31.000000 37.000000 27.000000 0.366989
536095.610000 6581468.210000 56.960000 18.000000 23.000000 29.000000 17.000000 0.332657
536096.530000 6581467.940000 56.520000 21.000000 29.000000 32.000000 17.000000 0.335648
536093.630000 6581469.600000 57.810000 24.000000 27.000000 34.000000 19.000000 0.347992
536093.970000 6581469.580000 57.880000 11.000000 14.000000 23.000000 10.000000 0.341324
536094.040000 6581469.290000 57.620000 22.000000 25.000000 34.000000 18.000000 0.308655
536094.110000 6581469.010000 57.400000 19.000000 22.000000 31.000000 18.000000 0.306320
536094.250000 6581469.690000 58.020000 26.000000 30.000000 39.000000 21.000000 0.324661
536094.310000 6581469.450000 57.740000 16.000000 20.000000 29.000000 17.000000 0.331314
536094.380000 6581469.170000 57.510000 19.000000 22.000000 31.000000 10.000000 0.328323
536094.450000 6581469.640000 58.030000 26.000000 29.000000 38.000000 19.000000 0.324326
536094.510000 6581469.410000 57.780000 21.000000 24.000000 33.000000 21.000000 0.295990
536094.570000 6581469.160000 57.560000 25.000000 30.000000 36.000000 21.000000 0.303314
536094.640000 6581468.890000 57.330000 17.000000 24.000000 30.000000 12.000000 0.299316
536094.710000 6581468.610000 57.170000 26.000000 31.000000 37.000000 21.000000 0.288315
536094.740000 6581469.240000 57.700000 19.000000 24.000000 30.000000 12.000000 0.350983
536094.820000 6581468.950000 57.500000 28.000000 33.000000 39.000000 19.000000 0.299316
536094.980000 6581469.600000 58.020000 28.000000 31.000000 40.000000 20.000000 0.348328
536095.050000 6581469.310000 57.860000 29.000000 34.000000 40.000000 27.000000 0.320648
536095.190000 6581468.750000 57.450000 23.000000 28.000000 34.000000 19.000000 0.320984
536095.250000 6581468.480000 57.240000 24.000000 29.000000 35.000000 29.000000 0.353317
536095.320000 6581468.210000 56.950000 25.000000 30.000000 36.000000 25.000000 0.303650
536095.330000 6581469.570000 58.160000 24.000000 29.000000 35.000000 18.000000 0.319992
536095.570000 6581468.560000 57.270000 27.000000 32.000000 38.000000 28.000000 0.353989
536095.710000 6581468.010000 56.830000 26.000000 29.000000 34.000000 22.000000 0.317993
536095.740000 6581468.980000 57.680000 26.000000 29.000000 36.000000 23.000000 0.330322
536095.810000 6581468.720000 57.390000 27.000000 32.000000 38.000000 22.000000 0.330658
536095.890000 6581468.400000 57.330000 30.000000 35.000000 39.000000 31.000000 0.331985
536096.010000 6581467.910000 56.830000 29.000000 32.000000 37.000000 26.000000 0.329651
536095.880000 6581469.590000 57.730000 24.000000 29.000000 35.000000 26.000000 0.336990
536095.940000 6581469.350000 57.500000 22.000000 27.000000 33.000000 21.000000 0.323990
536096.090000 6581468.740000 57.240000 29.000000 34.000000 38.000000 27.000000 0.308319
536096.160000 6581468.450000 57.110000 26.000000 31.000000 35.000000 13.000000 0.313324
536096.560000 6581468.340000 56.710000 26.000000 31.000000 35.000000 20.000000 0.297989
536091.510000 6581464.760000 53.170000 94.000000 102.000000 104.000000 74.000000 0.358658
536091.730000 6581465.500000 53.940000 87.000000 95.000000 97.000000 70.000000 0.705643
536091.830000 6581464.940000 53.230000 89.000000 97.000000 99.000000 72.000000 0.352982
536091.960000 6581465.360000 53.840000 89.000000 94.000000 97.000000 67.000000 0.419647
536091.640000 6581465.250000 53.480000 87.000000 95.000000 97.000000 69.000000 0.330658
536091.710000 6581464.960000 53.330000 91.000000 99.000000 101.000000 72.000000 0.319656
536091.980000 6581465.110000 53.420000 86.000000 94.000000 96.000000 65.000000 0.288986
536093.330000 6581466.090000 54.710000 33.000000 42.000000 49.000000 38.000000 0.350983
536092.910000 6581465.830000 54.450000 29.000000 40.000000 46.000000 34.000000 0.318985
536092.460000 6581466.240000 54.930000 83.000000 100.000000 110.000000 89.000000 0.331314
536092.170000 6581466.980000 55.460000 27.000000 32.000000 35.000000 25.000000 0.310318
536092.570000 6581467.450000 55.670000 22.000000 27.000000 33.000000 15.000000 0.354660
536092.650000 6581467.720000 55.780000 22.000000 26.000000 35.000000 23.000000 0.328659
536092.570000 6581466.470000 54.920000 55.000000 68.000000 76.000000 59.000000 0.357651
536092.650000 6581466.750000 55.100000 21.000000 24.000000 31.000000 17.000000 0.314651
536092.730000 6581466.990000 55.360000 24.000000 24.000000 36.000000 23.000000 0.361313
536092.800000 6581467.240000 55.580000 19.000000 22.000000 31.000000 18.000000 0.319992
536092.880000 6581467.510000 55.750000 22.000000 25.000000 32.000000 25.000000 0.394653
536092.940000 6581467.740000 56.070000 18.000000 23.000000 29.000000 17.000000 0.339661
536092.490000 6581464.990000 54.130000 84.000000 92.000000 94.000000 62.000000 0.524658
536092.740000 6581465.850000 54.600000 19.000000 28.000000 33.000000 28.000000 0.327316
536092.830000 6581466.140000 54.690000 82.000000 100.000000 110.000000 86.000000 0.402649
536093.370000 6581467.950000 56.190000 21.000000 24.000000 33.000000 21.000000 0.368652
536093.430000 6581468.190000 56.480000 20.000000 23.000000 32.000000 17.000000 0.346649
536093.200000 6581466.110000 54.670000 91.000000 106.000000 113.000000 90.000000 0.387314
536093.500000 6581467.130000 55.610000 13.000000 20.000000 28.000000 9.000000 0.351318
536093.590000 6581467.440000 55.820000 15.000000 18.000000 25.000000 13.000000 0.348648
536093.650000 6581467.630000 56.180000 18.000000 21.000000 30.000000 16.000000 0.357651
536093.400000 6581465.890000 54.460000 48.000000 51.000000 56.000000 41.000000 0.373322
536093.460000 6581466.100000 54.750000 9.000000 16.000000 24.000000 12.000000 0.353653
536093.700000 6581466.910000 55.360000 25.000000 30.000000 36.000000 22.000000 0.328323
536093.770000 6581467.150000 55.620000 13.000000 20.000000 28.000000 7.000000 0.342316
536093.850000 6581467.420000 55.880000 28.000000 33.000000 39.000000 22.000000 0.330658
536093.910000 6581467.640000 56.110000 24.000000 29.000000 35.000000 24.000000 0.320984
536093.990000 6581467.900000 56.350000 20.000000 24.000000 33.000000 14.000000 0.367661
536093.710000 6581466.070000 54.780000 24.000000 24.000000 32.000000 15.000000 0.333984
536093.950000 6581466.860000 55.440000 25.000000 30.000000 34.000000 20.000000 0.344650
536094.010000 6581467.090000 55.720000 26.000000 34.000000 37.000000 21.000000 0.327988
536094.250000 6581467.890000 56.360000 25.000000 30.000000 36.000000 22.000000 0.349655
536094.280000 6581466.760000 55.450000 24.000000 34.000000 35.000000 19.000000 0.325317
536094.510000 6581467.540000 56.100000 24.000000 27.000000 32.000000 16.000000 0.337326
536094.730000 6581467.000000 55.730000 24.000000 29.000000 33.000000 20.000000 0.370651
536094.970000 6581467.790000 56.300000 24.000000 29.000000 33.000000 19.000000 0.332993
536094.950000 6581466.860000 55.650000 30.000000 35.000000 39.000000 20.000000 0.363327
536095.120000 6581467.430000 56.040000 32.000000 37.000000 43.000000 26.000000 0.386322
536095.310000 6581467.200000 56.020000 27.000000 32.000000 36.000000 24.000000 0.353317
536096.020000 6581467.170000 56.270000 20.000000 25.000000 29.000000 20.000000 0.375992
536092.250000 6581466.740000 55.360000 31.000000 36.000000 39.000000 23.000000 0.301651
536092.520000 6581465.600000 54.640000 43.000000 47.000000 48.000000 40.000000 0.355652
536092.400000 6581467.590000 55.790000 22.000000 27.000000 33.000000 24.000000 0.330994
536092.520000 6581467.110000 55.290000 16.000000 21.000000 25.000000 16.000000 0.344986
536092.590000 6581466.810000 55.130000 22.000000 25.000000 34.000000 23.000000 0.317993
536092.720000 6581466.260000 54.780000 84.000000 100.000000 115.000000 86.000000 0.344986
536092.860000 6581465.710000 54.410000 20.000000 24.000000 33.000000 24.000000 0.320648
536092.920000 6581465.460000 54.220000 81.000000 86.000000 89.000000 61.000000 0.306320
536092.550000 6581468.200000 56.340000 26.000000 31.000000 35.000000 21.000000 0.347656
536092.680000 6581467.680000 55.950000 18.000000 22.000000 31.000000 13.000000 0.316986
536092.810000 6581467.160000 55.500000 20.000000 20.000000 30.000000 22.000000 0.313980
536092.860000 6581466.960000 55.200000 19.000000 22.000000 31.000000 17.000000 0.316986
536092.930000 6581466.650000 55.060000 19.000000 24.000000 30.000000 22.000000 0.310654
536093.000000 6581466.370000 54.890000 39.000000 48.000000 57.000000 47.000000 0.336319
536092.800000 6581468.260000 56.490000 21.000000 26.000000 32.000000 24.000000 0.288315
536092.870000 6581467.980000 56.260000 24.000000 28.000000 37.000000 23.000000 0.332321
536092.910000 6581467.800000 55.920000 18.000000 23.000000 29.000000 17.000000 0.308655
536092.980000 6581467.510000 55.780000 21.000000 24.000000 31.000000 22.000000 0.319992
536093.060000 6581467.200000 55.610000 17.000000 20.000000 27.000000 14.000000 0.306320
536093.120000 6581466.950000 55.400000 16.000000 19.000000 26.000000 7.000000 0.340317
536093.180000 6581466.680000 55.170000 16.000000 19.000000 26.000000 14.000000 0.319992
536093.260000 6581466.390000 54.970000 22.000000 31.000000 40.000000 32.000000 0.370987
536093.310000 6581466.180000 54.680000 36.000000 45.000000 54.000000 37.000000 0.338654
536093.370000 6581465.940000 54.460000 36.000000 43.000000 49.000000 35.000000 0.350983
536093.220000 6581467.990000 56.270000 21.000000 24.000000 33.000000 20.000000 0.289322
536093.280000 6581467.720000 56.030000 16.000000 19.000000 28.000000 17.000000 0.330322
536093.360000 6581467.430000 55.860000 16.000000 19.000000 26.000000 13.000000 0.318314
536093.670000 6581466.150000 54.700000 20.000000 23.000000 30.000000 19.000000 0.305649
536093.550000 6581468.050000 56.420000 17.000000 20.000000 29.000000 17.000000 0.320984
536093.620000 6581467.800000 56.150000 16.000000 19.000000 28.000000 11.000000 0.328323
536093.760000 6581467.230000 55.780000 18.000000 23.000000 29.000000 11.000000 0.283981
536093.890000 6581466.680000 55.320000 25.000000 28.000000 33.000000 21.000000 0.343323
536094.000000 6581466.220000 54.860000 25.000000 28.000000 35.000000 26.000000 0.287994
536093.850000 6581467.800000 56.300000 24.000000 29.000000 35.000000 16.000000 0.297989
536093.910000 6581467.550000 56.090000 23.000000 28.000000 34.000000 21.000000 0.316650
536093.980000 6581467.290000 55.800000 31.000000 36.000000 42.000000 29.000000 0.326324
536094.170000 6581466.460000 55.220000 24.000000 27.000000 32.000000 20.000000 0.380325
536094.010000 6581468.040000 56.430000 20.000000 24.000000 33.000000 20.000000 0.314987
536094.080000 6581467.750000 56.270000 20.000000 25.000000 31.000000 16.000000 0.366989
536094.150000 6581467.470000 56.070000 25.000000 30.000000 36.000000 25.000000 0.331985
536094.280000 6581466.930000 55.650000 27.000000 35.000000 37.000000 27.000000 0.319656
536094.330000 6581466.710000 55.360000 22.000000 32.000000 33.000000 18.000000 0.320984
536094.410000 6581466.420000 55.200000 24.000000 29.000000 33.000000 16.000000 0.294327
536094.420000 6581467.710000 56.330000 27.000000 32.000000 36.000000 28.000000 0.346649
536094.490000 6581467.450000 56.090000 31.000000 34.000000 39.000000 30.000000 0.297989
536094.550000 6581467.190000 55.860000 30.000000 35.000000 41.000000 22.000000 0.291992
536094.750000 6581467.640000 56.220000 28.000000 33.000000 37.000000 20.000000 0.341660
536094.830000 6581467.310000 56.140000 25.000000 28.000000 33.000000 21.000000 0.355652
536094.890000 6581467.080000 55.880000 30.000000 35.000000 39.000000 32.000000 0.323654
536094.960000 6581466.810000 55.660000 30.000000 35.000000 39.000000 20.000000 0.324982
536095.030000 6581467.290000 56.110000 27.000000 32.000000 36.000000 21.000000 0.342987
536095.090000 6581467.020000 55.880000 26.000000 31.000000 35.000000 23.000000 0.364319
536095.150000 6581466.790000 55.580000 32.000000 37.000000 41.000000 32.000000 0.327988
536095.140000 6581467.640000 56.370000 23.000000 28.000000 34.000000 24.000000 0.324982
536095.210000 6581467.350000 56.210000 26.000000 31.000000 35.000000 19.000000 0.293991
536095.280000 6581467.070000 55.960000 30.000000 35.000000 39.000000 32.000000 0.330658
536095.850000 6581467.450000 56.410000 21.000000 29.000000 32.000000 20.000000 0.353317
536095.910000 6581467.180000 56.190000 18.000000 23.000000 29.000000 19.000000 0.334656
536096.130000 6581467.400000 56.390000 20.000000 30.000000 32.000000 22.000000 0.327988
536092.070000 6581464.770000 53.210000 87.000000 95.000000 97.000000 68.000000 0.370987
536091.390000 6581464.630000 52.960000 97.000000 105.000000 107.000000 77.000000 0.296982
536091.780000 6581464.690000 53.100000 86.000000 94.000000 96.000000 68.000000 0.321320
536092.050000 6581464.800000 53.220000 87.000000 95.000000 97.000000 68.000000 0.393646
536092.110000 6581464.570000 53.010000 88.000000 96.000000 99.000000 70.000000 0.346649
536092.250000 6581465.110000 53.510000 85.000000 93.000000 95.000000 64.000000 0.325317
536092.380000 6581464.590000 53.040000 86.000000 94.000000 97.000000 68.000000 0.388321
536096.080000 6581465.570000 54.750000 51.000000 56.000000 59.000000 38.000000 0.341660
536094.240000 6581465.800000 54.680000 23.000000 29.000000 29.000000 17.000000 0.335648
536093.930000 6581464.550000 53.380000 86.000000 94.000000 97.000000 70.000000 0.327652
536093.520000 6581464.450000 53.260000 86.000000 94.000000 97.000000 68.000000 0.327316
536096.390000 6581467.320000 56.330000 22.000000 30.000000 33.000000 23.000000 0.318314
536095.940000 6581463.860000 53.260000 91.000000 99.000000 102.000000 70.000000 0.352661
536095.640000 6581465.050000 54.200000 53.000000 57.000000 60.000000 47.000000 0.335983
536095.140000 6581464.090000 53.260000 86.000000 94.000000 97.000000 68.000000 0.330322
536094.870000 6581464.070000 53.130000 89.000000 97.000000 100.000000 70.000000 0.324982
536093.830000 6581464.360000 53.220000 87.000000 95.000000 98.000000 68.000000 0.338989
536093.230000 6581464.580000 53.230000 86.000000 94.000000 97.000000 69.000000 0.341980
536092.400000 6581464.690000 53.180000 87.000000 95.000000 97.000000 72.000000 0.362320
536092.700000 6581464.410000 52.920000 87.000000 95.000000 98.000000 70.000000 0.341324
536092.750000 6581464.580000 53.260000 86.000000 94.000000 97.000000 68.000000 0.381317
536092.880000 6581465.020000 53.940000 91.000000 96.000000 99.000000 72.000000 0.524658
536092.930000 6581464.300000 53.120000 85.000000 93.000000 95.000000 65.000000 0.358658
536093.080000 6581464.830000 53.640000 89.000000 94.000000 97.000000 71.000000 0.533981
536093.230000 6581465.330000 54.060000 84.000000 89.000000 92.000000 65.000000 0.331985
536093.200000 6581464.320000 53.070000 85.000000 93.000000 96.000000 63.000000 0.339661
536093.520000 6581465.410000 53.920000 81.000000 89.000000 92.000000 68.000000 0.345322
536093.570000 6581465.610000 54.240000 89.000000 94.000000 97.000000 69.000000 0.352325
536093.650000 6581465.840000 54.500000 31.000000 32.000000 37.000000 24.000000 0.349319
536093.680000 6581464.730000 53.520000 86.000000 94.000000 97.000000 71.000000 0.340652
536093.840000 6581465.250000 54.010000 83.000000 91.000000 94.000000 69.000000 0.369324
536094.000000 6581464.490000 53.380000 85.000000 93.000000 96.000000 67.000000 0.349319
536094.060000 6581464.720000 53.650000 84.000000 92.000000 95.000000 65.000000 0.379318
536094.230000 6581465.270000 54.050000 80.000000 88.000000 91.000000 66.000000 0.356323
536094.360000 6581465.730000 54.600000 24.000000 29.000000 32.000000 20.000000 0.379654
536094.440000 6581466.010000 54.790000 30.000000 35.000000 39.000000 24.000000 0.353653
536094.510000 6581466.230000 55.030000 21.000000 29.000000 32.000000 18.000000 0.356659
536094.650000 6581465.840000 54.770000 24.000000 29.000000 33.000000 20.000000 0.324661
536094.350000 6581463.940000 52.880000 85.000000 93.000000 96.000000 67.000000 0.346649
536094.560000 6581464.660000 53.660000 82.000000 92.000000 94.000000 68.000000 0.344650
536094.690000 6581465.120000 54.280000 84.000000 92.000000 95.000000 68.000000 0.360321
536094.790000 6581465.430000 54.300000 83.000000 91.000000 94.000000 66.000000 0.334656
536095.010000 6581466.190000 55.050000 27.000000 32.000000 36.000000 19.000000 0.327988
536095.080000 6581466.430000 55.260000 28.000000 33.000000 37.000000 24.000000 0.361984
536094.680000 6581463.830000 52.900000 84.000000 92.000000 94.000000 66.000000 0.387985
536094.740000 6581464.030000 53.340000 85.000000 95.000000 97.000000 69.000000 0.320984
536094.900000 6581464.570000 53.680000 86.000000 94.000000 97.000000 68.000000 0.307648
536094.990000 6581464.860000 53.810000 84.000000 92.000000 95.000000 66.000000 0.380325
536095.360000 6581466.120000 55.100000 26.000000 31.000000 35.000000 20.000000 0.316315
536095.430000 6581466.390000 55.260000 24.000000 29.000000 33.000000 15.000000 0.351654
536095.060000 6581463.890000 53.060000 85.000000 93.000000 96.000000 68.000000 0.359650
536095.140000 6581464.170000 53.310000 85.000000 93.000000 96.000000 69.000000 0.379318
536095.210000 6581464.400000 53.590000 89.000000 94.000000 98.000000 69.000000 0.351990
536095.360000 6581464.920000 54.120000 51.000000 56.000000 60.000000 38.000000 0.364655
536095.590000 6581465.680000 54.770000 53.000000 56.000000 61.000000 44.000000 0.340652
536095.730000 6581466.180000 55.200000 49.000000 54.000000 58.000000 41.000000 0.320328
536095.890000 6581466.710000 55.660000 26.000000 31.000000 37.000000 25.000000 0.354324
536095.310000 6581463.780000 53.090000 84.000000 92.000000 95.000000 68.000000 0.386658
536095.670000 6581465.040000 54.180000 53.000000 57.000000 60.000000 47.000000 0.361313
536095.750000 6581465.310000 54.490000 53.000000 57.000000 60.000000 42.000000 0.384659
536096.270000 6581467.070000 56.160000 31.000000 34.000000 39.000000 32.000000 0.327316
536095.960000 6581465.240000 54.440000 50.000000 54.000000 57.000000 42.000000 0.330658
536096.250000 6581466.220000 55.400000 50.000000 54.000000 55.000000 38.000000 0.328995
536095.980000 6581464.050000 53.560000 77.000000 85.000000 88.000000 58.000000 0.349991
536092.680000 6581464.950000 53.690000 85.000000 93.000000 95.000000 67.000000 0.416992
536093.000000 6581465.140000 54.090000 119.000000 124.000000 127.000000 101.000000 0.339325
536093.060000 6581464.900000 53.810000 84.000000 89.000000 92.000000 73.000000 0.424652
536093.100000 6581464.730000 53.460000 85.000000 93.000000 95.000000 69.000000 0.349655
536093.170000 6581464.430000 53.320000 85.000000 93.000000 96.000000 67.000000 0.384323
536093.230000 6581464.190000 52.990000 85.000000 95.000000 97.000000 70.000000 0.334320
536093.190000 6581465.570000 54.250000 27.000000 32.000000 35.000000 20.000000 0.358994
536093.270000 6581465.290000 54.050000 98.000000 103.000000 106.000000 76.000000 0.315323
536093.320000 6581465.070000 53.780000 79.000000 87.000000 90.000000 61.000000 0.312653
536093.450000 6581464.530000 53.350000 86.000000 94.000000 97.000000 68.000000 0.294327
536093.510000 6581464.280000 53.150000 86.000000 96.000000 98.000000 68.000000 0.342987
536093.570000 6581465.100000 53.810000 84.000000 92.000000 95.000000 68.000000 0.310654
536093.760000 6581464.310000 53.140000 86.000000 96.000000 98.000000 68.000000 0.334320
536093.830000 6581464.040000 52.930000 87.000000 95.000000 98.000000 65.000000 0.392654
536093.810000 6581465.590000 54.310000 87.000000 95.000000 98.000000 70.000000 0.345993
536094.120000 6581464.300000 53.200000 85.000000 93.000000 96.000000 70.000000 0.350983
536094.200000 6581463.980000 53.020000 85.000000 93.000000 96.000000 66.000000 0.319992
536094.070000 6581465.930000 54.620000 23.000000 26.000000 31.000000 17.000000 0.293991
536094.140000 6581465.660000 54.390000 63.000000 69.000000 69.000000 51.000000 0.324326
536094.200000 6581465.400000 54.240000 85.000000 93.000000 96.000000 64.000000 0.325989
536094.270000 6581465.120000 54.020000 82.000000 90.000000 93.000000 66.000000 0.317657
536094.350000 6581464.810000 53.850000 80.000000 88.000000 91.000000 65.000000 0.313980
536094.470000 6581464.310000 53.380000 83.000000 93.000000 95.000000 68.000000 0.303986
536094.530000 6581464.050000 53.080000 88.000000 98.000000 100.000000 73.000000 0.319321
536094.430000 6581465.440000 54.230000 91.000000 99.000000 102.000000 68.000000 0.322983
536094.500000 6581465.150000 54.070000 81.000000 89.000000 92.000000 65.000000 0.318985
536094.560000 6581464.890000 53.920000 88.000000 96.000000 99.000000 69.000000 0.334320
536094.630000 6581464.610000 53.730000 86.000000 94.000000 97.000000 69.000000 0.333984
536094.740000 6581464.150000 53.210000 81.000000 91.000000 93.000000 67.000000 0.333649
536094.530000 6581465.910000 54.740000 22.000000 27.000000 31.000000 18.000000 0.320648
536094.590000 6581465.640000 54.600000 30.000000 35.000000 39.000000 26.000000 0.321991
536094.660000 6581465.380000 54.360000 86.000000 94.000000 97.000000 71.000000 0.305328
536094.720000 6581465.130000 54.120000 83.000000 91.000000 94.000000 67.000000 0.280319
536094.770000 6581464.910000 53.850000 81.000000 89.000000 92.000000 63.000000 0.354324
536094.850000 6581464.590000 53.740000 86.000000 94.000000 97.000000 66.000000 0.323318
536094.970000 6581464.080000 53.290000 87.000000 95.000000 98.000000 68.000000 0.289993
536095.040000 6581463.820000 53.040000 85.000000 93.000000 96.000000 68.000000 0.323990
536094.750000 6581466.390000 55.240000 24.000000 32.000000 35.000000 27.000000 0.334320
536094.990000 6581465.380000 54.360000 65.000000 70.000000 74.000000 51.000000 0.360992
536095.130000 6581464.820000 53.940000 87.000000 92.000000 96.000000 66.000000 0.325317
536095.250000 6581464.340000 53.500000 81.000000 89.000000 92.000000 63.000000 0.314987
536095.090000 6581466.270000 55.260000 25.000000 30.000000 34.000000 16.000000 0.304321
536095.140000 6581466.040000 54.990000 27.000000 32.000000 36.000000 28.000000 0.371658
536095.420000 6581464.920000 54.220000 46.000000 51.000000 54.000000 36.000000 0.321320
536095.480000 6581464.660000 53.920000 79.000000 84.000000 88.000000 62.000000 0.279984
536095.540000 6581464.420000 53.680000 86.000000 94.000000 97.000000 67.000000 0.322327
536095.680000 6581463.840000 53.290000 87.000000 95.000000 98.000000 67.000000 0.347321
536095.220000 6581466.510000 55.420000 24.000000 29.000000 33.000000 17.000000 0.344986
536095.290000 6581466.210000 55.220000 24.000000 29.000000 33.000000 16.000000 0.324982
536095.360000 6581465.930000 55.020000 42.000000 45.000000 50.000000 40.000000 0.308655
536095.500000 6581465.380000 54.640000 50.000000 54.000000 57.000000 44.000000 0.336990
536095.560000 6581465.110000 54.410000 52.000000 56.000000 59.000000 42.000000 0.313980
536095.600000 6581464.930000 54.090000 47.000000 52.000000 55.000000 37.000000 0.339981
536095.670000 6581464.650000 53.890000 50.000000 55.000000 59.000000 42.000000 0.340317
536095.750000 6581464.350000 53.680000 68.000000 76.000000 79.000000 56.000000 0.278656
536095.800000 6581464.130000 53.400000 78.000000 86.000000 89.000000 59.000000 0.350647
536095.870000 6581463.840000 53.270000 86.000000 94.000000 97.000000 72.000000 0.378647
536095.400000 6581466.580000 55.470000 25.000000 30.000000 34.000000 20.000000 0.323318
536095.460000 6581466.330000 55.250000 24.000000 29.000000 33.000000 15.000000 0.300995
536095.520000 6581466.080000 55.010000 53.000000 58.000000 62.000000 41.000000 0.324982
536095.720000 6581465.240000 54.440000 51.000000 55.000000 58.000000 43.000000 0.327316
536096.050000 6581463.900000 53.340000 73.000000 81.000000 84.000000 56.000000 0.351990
536096.110000 6581463.640000 53.120000 90.000000 100.000000 102.000000 71.000000 0.388321
536095.630000 6581466.930000 55.860000 27.000000 32.000000 38.000000 23.000000 0.325653
536095.690000 6581466.670000 55.680000 24.000000 29.000000 35.000000 21.000000 0.308319
536095.830000 6581466.110000 55.220000 47.000000 52.000000 55.000000 40.000000 0.312988
536095.960000 6581465.570000 54.780000 49.000000 53.000000 56.000000 39.000000 0.349991
536096.020000 6581465.330000 54.520000 62.000000 66.000000 67.000000 45.000000 0.311661
536096.090000 6581465.040000 54.420000 52.000000 56.000000 59.000000 43.000000 0.295990
536096.160000 6581464.750000 54.210000 52.000000 55.000000 60.000000 44.000000 0.292984
536095.970000 6581466.940000 55.990000 24.000000 29.000000 35.000000 22.000000 0.326981
536096.230000 6581465.870000 55.140000 111.000000 118.000000 111.000000 89.000000 0.332321
536096.270000 6581466.830000 56.020000 48.000000 51.000000 56.000000 45.000000 0.333984
536096.430000 6581467.330000 56.450000 21.000000 26.000000 30.000000 24.000000 0.325317
536092.860000 6581468.410000 56.620000 26.000000 31.000000 37.000000 23.000000 0.371658
536092.930000 6581468.660000 56.810000 24.000000 29.000000 35.000000 22.000000 0.325653
536093.010000 6581468.920000 57.040000 22.000000 29.000000 35.000000 25.000000 0.389648
536093.090000 6581469.190000 57.270000 28.000000 33.000000 39.000000 23.000000 0.407990
536093.150000 6581469.420000 57.470000 22.000000 25.000000 32.000000 25.000000 0.365326
536093.170000 6581468.500000 56.780000 23.000000 28.000000 34.000000 25.000000 0.338654
536093.240000 6581468.750000 57.000000 25.000000 30.000000 36.000000 26.000000 0.352661
536093.390000 6581469.240000 57.480000 17.000000 20.000000 27.000000 14.000000 0.354660
536093.740000 6581469.210000 57.490000 25.000000 28.000000 37.000000 23.000000 0.355988
536093.800000 6581468.150000 56.550000 13.000000 17.000000 26.000000 11.000000 0.367981
536093.950000 6581468.650000 57.000000 16.000000 20.000000 29.000000 15.000000 0.401657
536094.060000 6581468.140000 56.660000 20.000000 24.000000 33.000000 26.000000 0.345657
536094.140000 6581468.420000 56.800000 25.000000 29.000000 38.000000 24.000000 0.353653
536094.320000 6581468.140000 56.610000 26.000000 31.000000 37.000000 21.000000 0.363983
536094.640000 6581467.990000 56.580000 28.000000 33.000000 37.000000 27.000000 0.375320
536094.800000 6581468.520000 57.060000 29.000000 34.000000 40.000000 25.000000 0.321320
536095.100000 6581468.240000 56.880000 30.000000 35.000000 41.000000 29.000000 0.351990
536095.240000 6581467.860000 56.640000 26.000000 31.000000 37.000000 25.000000 0.321655
536095.530000 6581467.960000 56.720000 27.000000 32.000000 38.000000 21.000000 0.330994
536096.100000 6581467.420000 56.550000 22.000000 32.000000 34.000000 25.000000 0.341660
536092.730000 6581468.540000 56.650000 21.000000 26.000000 32.000000 16.000000 0.285324
536093.030000 6581468.760000 57.030000 30.000000 35.000000 41.000000 30.000000 0.333984
536093.110000 6581468.450000 56.820000 23.000000 28.000000 34.000000 25.000000 0.308990
536093.170000 6581469.620000 57.760000 28.000000 28.000000 36.000000 20.000000 0.325653
536093.310000 6581469.060000 57.360000 23.000000 28.000000 34.000000 17.000000 0.321655
536093.420000 6581468.580000 56.840000 18.000000 22.000000 31.000000 13.000000 0.362991
536093.490000 6581468.310000 56.620000 19.000000 23.000000 32.000000 16.000000 0.296326
536093.460000 6581469.380000 57.620000 22.000000 25.000000 32.000000 19.000000 0.304321
536093.530000 6581469.130000 57.390000 28.000000 33.000000 39.000000 28.000000 0.334320
536093.600000 6581468.830000 57.190000 25.000000 32.000000 38.000000 26.000000 0.310989
536093.660000 6581468.570000 56.970000 14.000000 18.000000 27.000000 12.000000 0.327988
536093.710000 6581468.360000 56.690000 23.000000 27.000000 36.000000 24.000000 0.320984
536093.820000 6581468.800000 57.180000 20.000000 24.000000 33.000000 19.000000 0.303650
536093.890000 6581468.530000 56.940000 22.000000 26.000000 35.000000 27.000000 0.321655
536093.940000 6581468.310000 56.680000 20.000000 24.000000 33.000000 18.000000 0.292648
536094.160000 6581468.770000 57.180000 11.000000 18.000000 26.000000 10.000000 0.318985
536094.230000 6581468.520000 56.980000 17.000000 24.000000 32.000000 18.000000 0.344986
536094.360000 6581467.970000 56.550000 27.000000 32.000000 38.000000 27.000000 0.283325
536094.520000 6581468.610000 57.210000 23.000000 28.000000 34.000000 20.000000 0.331650
536094.630000 6581468.120000 56.710000 25.000000 33.000000 36.000000 27.000000 0.340652
536094.700000 6581467.860000 56.560000 26.000000 31.000000 35.000000 24.000000 0.373657
536094.770000 6581468.360000 56.940000 23.000000 28.000000 34.000000 13.000000 0.320984
536094.950000 6581468.420000 57.060000 19.000000 24.000000 30.000000 16.000000 0.316650
536095.000000 6581468.180000 56.840000 25.000000 30.000000 36.000000 23.000000 0.298325
536095.380000 6581467.960000 56.740000 21.000000 26.000000 32.000000 19.000000 0.336319
536095.430000 6581467.730000 56.540000 28.000000 33.000000 37.000000 26.000000 0.346649
536096.080000 6581467.610000 56.640000 27.000000 32.000000 36.000000 28.000000 0.341980
536095.640000 6581471.410000 57.610000 26.000000 29.000000 36.000000 26.000000 0.357651
536095.570000 6581471.150000 57.850000 27.000000 30.000000 37.000000 29.000000 0.429657
536095.510000 6581470.880000 58.130000 23.000000 26.000000 33.000000 24.000000 0.398315
536095.320000 6581471.650000 57.500000 21.000000 24.000000 31.000000 17.000000 0.436981
536095.260000 6581471.420000 57.730000 17.000000 20.000000 27.000000 16.000000 0.394653
536095.200000 6581471.160000 57.990000 21.000000 24.000000 33.000000 17.000000 0.454987
536095.120000 6581470.850000 58.080000 14.000000 18.000000 27.000000 13.000000 0.438324
536095.070000 6581470.630000 58.420000 24.000000 27.000000 36.000000 19.000000 0.442657
536095.020000 6581470.420000 58.700000 26.000000 29.000000 38.000000 27.000000 0.368988
536095.080000 6581471.960000 57.330000 22.000000 25.000000 34.000000 20.000000 0.415985
536095.010000 6581471.710000 57.500000 19.000000 22.000000 31.000000 16.000000 0.416321
536094.950000 6581471.470000 57.800000 17.000000 21.000000 30.000000 19.000000 0.381317
536094.880000 6581471.190000 58.010000 22.000000 22.000000 32.000000 18.000000 0.411316
536094.760000 6581470.710000 58.450000 20.000000 24.000000 33.000000 23.000000 0.396988
536094.860000 6581472.190000 57.110000 19.000000 19.000000 27.000000 15.000000 0.403992
536094.800000 6581471.960000 57.370000 16.000000 20.000000 29.000000 20.000000 0.368988
536094.740000 6581471.720000 57.600000 17.000000 20.000000 29.000000 16.000000 0.360321
536094.670000 6581471.460000 57.840000 21.000000 21.000000 31.000000 16.000000 0.469315
536094.610000 6581471.190000 58.050000 20.000000 23.000000 32.000000 14.000000 0.426651
536094.540000 6581470.910000 58.250000 20.000000 20.000000 30.000000 21.000000 0.344650
536094.480000 6581470.700000 58.580000 21.000000 24.000000 33.000000 26.000000 0.370651
536094.570000 6581472.700000 56.750000 43.000000 47.000000 48.000000 39.000000 0.377655
536094.510000 6581472.470000 57.020000 47.000000 51.000000 52.000000 37.000000 0.353989
536094.450000 6581472.240000 57.260000 53.000000 54.000000 58.000000 40.000000 0.404648
536094.390000 6581471.980000 57.540000 46.000000 47.000000 51.000000 39.000000 0.387650
536094.320000 6581471.720000 57.740000 30.000000 33.000000 38.000000 28.000000 0.384979
536094.260000 6581471.450000 57.940000 27.000000 30.000000 35.000000 24.000000 0.368317
536094.190000 6581471.170000 58.220000 16.000000 19.000000 26.000000 5.000000 0.341980
536094.060000 6581470.660000 58.670000 14.000000 17.000000 26.000000 11.000000 0.316986
536094.190000 6581472.910000 56.690000 72.000000 75.000000 80.000000 63.000000 0.440323
536094.130000 6581472.640000 56.940000 52.000000 57.000000 61.000000 46.000000 0.378983
536094.060000 6581472.370000 57.110000 52.000000 56.000000 59.000000 45.000000 0.362320
536094.000000 6581472.120000 57.410000 48.000000 52.000000 55.000000 37.000000 0.396317
536093.920000 6581471.830000 57.620000 48.000000 51.000000 56.000000 35.000000 0.394653
536093.880000 6581471.630000 57.900000 45.000000 49.000000 52.000000 39.000000 0.408646
536093.810000 6581471.370000 58.130000 44.000000 48.000000 51.000000 40.000000 0.325317
536093.750000 6581471.110000 58.350000 41.000000 45.000000 48.000000 35.000000 0.390991
536093.690000 6581470.880000 58.630000 45.000000 49.000000 52.000000 39.000000 0.318314
536093.470000 6581471.120000 58.510000 57.000000 61.000000 64.000000 43.000000 0.357651
536095.770000 6581471.150000 57.790000 25.000000 30.000000 36.000000 22.000000 0.348648
536095.700000 6581471.440000 57.650000 26.000000 29.000000 36.000000 26.000000 0.396988
536095.450000 6581470.970000 58.080000 21.000000 24.000000 31.000000 24.000000 0.366989
536095.360000 6581471.280000 57.900000 14.000000 17.000000 24.000000 14.000000 0.388992
536095.300000 6581471.550000 57.690000 22.000000 25.000000 32.000000 21.000000 0.342316
536095.240000 6581471.760000 57.430000 21.000000 21.000000 29.000000 20.000000 0.433990
536095.180000 6581472.010000 57.240000 18.000000 18.000000 30.000000 16.000000 0.381317
536095.190000 6581470.570000 58.550000 16.000000 20.000000 29.000000 16.000000 0.343658
536095.130000 6581470.820000 58.330000 14.000000 18.000000 27.000000 13.000000 0.444321
536095.060000 6581471.080000 58.070000 19.000000 22.000000 31.000000 22.000000 0.407654
536094.980000 6581471.360000 57.860000 11.000000 14.000000 23.000000 11.000000 0.412979
536094.920000 6581471.610000 57.670000 18.000000 22.000000 31.000000 17.000000 0.438980
536094.860000 6581471.870000 57.410000 16.000000 23.000000 31.000000 19.000000 0.450653
536094.780000 6581472.170000 57.180000 19.000000 20.000000 25.000000 12.000000 0.420319
536094.710000 6581472.420000 57.020000 24.000000 25.000000 29.000000 17.000000 0.345322
536094.890000 6581470.620000 58.580000 24.000000 24.000000 34.000000 18.000000 0.369659
536094.820000 6581470.880000 58.270000 19.000000 19.000000 29.000000 19.000000 0.399323
536094.760000 6581471.130000 58.120000 18.000000 21.000000 30.000000 15.000000 0.401657
536094.690000 6581471.400000 57.880000 21.000000 21.000000 31.000000 16.000000 0.466324
536094.610000 6581471.690000 57.730000 15.000000 15.000000 25.000000 10.000000 0.393646
536094.540000 6581471.960000 57.490000 18.000000 23.000000 29.000000 17.000000 0.358994
536094.480000 6581472.190000 57.280000 44.000000 45.000000 49.000000 34.000000 0.359650
536094.410000 6581472.460000 57.050000 47.000000 51.000000 54.000000 41.000000 0.348648
536094.350000 6581472.700000 56.800000 46.000000 51.000000 54.000000 37.000000 0.337982
536094.280000 6581472.950000 56.640000 65.000000 68.000000 73.000000 54.000000 0.386322
536094.620000 6581470.560000 58.690000 17.000000 24.000000 32.000000 20.000000 0.382980
536094.550000 6581470.820000 58.490000 18.000000 21.000000 30.000000 11.000000 0.330994
536094.480000 6581471.060000 58.240000 19.000000 19.000000 29.000000 15.000000 0.352661
536094.420000 6581471.320000 58.090000 18.000000 21.000000 30.000000 17.000000 0.430984
536094.360000 6581471.560000 57.840000 21.000000 24.000000 29.000000 15.000000 0.402649
536094.280000 6581471.860000 57.650000 46.000000 47.000000 51.000000 38.000000 0.433655
536094.220000 6581472.090000 57.430000 50.000000 50.000000 52.000000 31.000000 0.393646
536094.160000 6581472.320000 57.150000 48.000000 52.000000 55.000000 42.000000 0.386993
536094.090000 6581472.600000 56.930000 55.000000 60.000000 64.000000 47.000000 0.378983
536094.150000 6581470.830000 58.500000 21.000000 24.000000 31.000000 11.000000 0.358322
536094.080000 6581471.100000 58.330000 29.000000 32.000000 39.000000 29.000000 0.340317
536094.000000 6581471.380000 58.100000 44.000000 47.000000 52.000000 41.000000 0.395660
536093.940000 6581471.620000 57.830000 45.000000 49.000000 52.000000 37.000000 0.413651
536093.870000 6581471.870000 57.630000 53.000000 56.000000 61.000000 43.000000 0.374649
536093.630000 6581471.120000 58.400000 45.000000 49.000000 52.000000 37.000000 0.337982
536093.560000 6581471.380000 58.180000 55.000000 59.000000 62.000000 46.000000 0.319656
536093.880000 6581471.890000 57.570000 53.000000 56.000000 61.000000 43.000000 0.364319
536094.060000 6581472.500000 57.060000 55.000000 60.000000 64.000000 45.000000 0.347656
536094.060000 6581471.540000 57.920000 47.000000 50.000000 55.000000 40.000000 0.395981
536094.250000 6581472.170000 57.290000 47.000000 47.000000 49.000000 33.000000 0.358658
536094.440000 6581471.600000 57.720000 8.000000 12.000000 21.000000 9.000000 0.389648
536094.620000 6581470.920000 58.330000 21.000000 24.000000 33.000000 17.000000 0.344986
536094.810000 6581471.550000 57.730000 18.000000 22.000000 31.000000 18.000000 0.343658
536094.980000 6581472.140000 57.160000 18.000000 18.000000 28.000000 13.000000 0.341980
536094.900000 6581470.990000 58.200000 20.000000 20.000000 30.000000 14.000000 0.386993
536095.080000 6581471.600000 57.580000 22.000000 25.000000 34.000000 16.000000 0.367661
536095.140000 6581470.910000 58.240000 21.000000 25.000000 34.000000 19.000000 0.411987
536095.320000 6581471.520000 57.650000 22.000000 25.000000 32.000000 21.000000 0.381653
536095.650000 6581471.420000 57.660000 26.000000 29.000000 36.000000 26.000000 0.364319
536095.820000 6581470.680000 57.900000 28.000000 31.000000 38.000000 23.000000 0.309982
536093.810000 6581471.500000 57.970000 45.000000 49.000000 52.000000 36.000000 0.341324
536093.950000 6581470.930000 58.450000 33.000000 36.000000 41.000000 25.000000 0.350647
536093.890000 6581471.960000 57.610000 53.000000 56.000000 61.000000 42.000000 0.341660
536094.020000 6581472.240000 57.280000 48.000000 52.000000 55.000000 41.000000 0.324661
536094.160000 6581471.650000 57.840000 49.000000 52.000000 57.000000 40.000000 0.390991
536094.300000 6581471.090000 58.320000 23.000000 26.000000 33.000000 12.000000 0.331985
536094.380000 6581472.080000 57.340000 52.000000 53.000000 57.000000 37.000000 0.339661
536094.520000 6581471.500000 57.760000 14.000000 17.000000 26.000000 13.000000 0.358994
536094.660000 6581470.920000 58.240000 21.000000 24.000000 33.000000 17.000000 0.330658
536094.690000 6581472.210000 57.160000 26.000000 27.000000 32.000000 17.000000 0.340652
536094.810000 6581471.680000 57.560000 14.000000 18.000000 27.000000 15.000000 0.349655
536094.960000 6581471.080000 58.060000 22.000000 22.000000 32.000000 18.000000 0.368652
536095.100000 6581470.510000 58.550000 20.000000 23.000000 32.000000 20.000000 0.342316
536095.130000 6581471.500000 57.710000 26.000000 29.000000 38.000000 24.000000 0.330994
536095.260000 6581470.960000 58.090000 17.000000 22.000000 28.000000 21.000000 0.404648
536095.420000 6581471.470000 57.610000 25.000000 30.000000 36.000000 24.000000 0.304321
536095.560000 6581470.890000 58.100000 23.000000 26.000000 33.000000 24.000000 0.321320
536095.910000 6581471.010000 57.950000 23.000000 28.000000 34.000000 19.000000 0.331985
536089.560000 6581471.490000 58.550000 52.000000 56.000000 59.000000 42.000000 0.363647
536092.120000 6581471.090000 58.750000 59.000000 63.000000 66.000000 47.000000 0.336655
536091.880000 6581471.090000 58.760000 59.000000 62.000000 67.000000 48.000000 0.392990
536092.380000 6581471.020000 59.290000 70.000000 74.000000 77.000000 58.000000 0.546646
536092.330000 6581471.200000 58.970000 54.000000 57.000000 62.000000 49.000000 0.528656
536092.210000 6581470.670000 59.410000 66.000000 70.000000 73.000000 56.000000 0.402985
536092.170000 6581470.800000 58.860000 64.000000 68.000000 71.000000 50.000000 0.439987
536090.030000 6581471.330000 58.470000 19.000000 22.000000 31.000000 15.000000 0.337646
536090.680000 6581471.080000 58.360000 63.000000 66.000000 71.000000 51.000000 0.317657
536090.750000 6581471.300000 58.610000 57.000000 60.000000 67.000000 48.000000 0.422989
536090.970000 6581471.190000 58.620000 54.000000 57.000000 62.000000 44.000000 0.372650
536092.170000 6581470.630000 58.890000 62.000000 66.000000 69.000000 52.000000 0.597321
536092.180000 6581470.660000 59.590000 62.000000 66.000000 69.000000 52.000000 0.464981
536092.420000 6581470.560000 59.070000 48.000000 52.000000 55.000000 42.000000 0.724319
536092.750000 6581470.390000 58.720000 52.000000 57.000000 61.000000 45.000000 0.606644
536092.770000 6581470.450000 59.370000 53.000000 57.000000 60.000000 43.000000 0.678650
536093.160000 6581470.350000 59.000000 54.000000 58.000000 61.000000 38.000000 0.655319
536093.180000 6581470.450000 59.580000 59.000000 62.000000 67.000000 48.000000 0.381989
536090.100000 6581471.570000 58.760000 24.000000 27.000000 36.000000 22.000000 0.318649
536090.170000 6581471.260000 58.590000 23.000000 26.000000 35.000000 20.000000 0.310654
536090.510000 6581471.150000 58.450000 60.000000 63.000000 70.000000 53.000000 0.288986
536090.770000 6581471.180000 58.560000 61.000000 64.000000 69.000000 51.000000 0.349655
536091.180000 6581471.110000 58.560000 55.000000 58.000000 63.000000 45.000000 0.341980
536091.560000 6581471.010000 58.700000 55.000000 58.000000 63.000000 48.000000 0.361313
536091.620000 6581470.770000 58.460000 64.000000 67.000000 72.000000 55.000000 0.348984
536091.840000 6581471.130000 58.740000 61.000000 64.000000 69.000000 51.000000 0.373993
536091.910000 6581470.850000 58.540000 60.000000 63.000000 68.000000 49.000000 0.313324
536092.230000 6581470.590000 59.270000 61.000000 65.000000 68.000000 51.000000 0.648315
536092.610000 6581470.480000 59.440000 60.000000 64.000000 67.000000 51.000000 0.644989
536092.620000 6581470.430000 58.780000 60.000000 64.000000 67.000000 51.000000 0.599655
536092.980000 6581470.400000 59.240000 56.000000 61.000000 65.000000 43.000000 0.682648
536093.010000 6581470.280000 58.660000 53.000000 57.000000 60.000000 44.000000 0.380981
536093.210000 6581470.440000 59.340000 52.000000 56.000000 59.000000 46.000000 0.617645
536093.330000 6581470.830000 59.170000 55.000000 59.000000 62.000000 43.000000 0.615646
536092.430000 6581470.630000 59.680000 52.000000 56.000000 59.000000 40.000000 0.446655
536089.200000 6581471.590000 58.640000 73.000000 77.000000 80.000000 58.000000 0.361649
536089.040000 6581471.580000 58.560000 80.000000 84.000000 87.000000 66.000000 0.311981
536097.780000 6581472.370000 56.370000 25.000000 28.000000 33.000000 27.000000 0.349319
536097.530000 6581472.290000 56.420000 24.000000 27.000000 32.000000 31.000000 0.444656
536097.460000 6581472.020000 56.640000 25.000000 28.000000 33.000000 27.000000 0.357315
536097.160000 6581472.340000 56.520000 23.000000 28.000000 34.000000 14.000000 0.451645
536097.100000 6581472.110000 56.720000 27.000000 32.000000 38.000000 29.000000 0.417313
536097.030000 6581471.820000 56.910000 29.000000 32.000000 39.000000 25.000000 0.344315
536096.810000 6581472.300000 56.590000 25.000000 30.000000 36.000000 26.000000 0.370651
536096.750000 6581472.070000 56.810000 21.000000 26.000000 32.000000 17.000000 0.360321
536096.690000 6581471.830000 57.070000 24.000000 24.000000 32.000000 20.000000 0.395325
536096.620000 6581471.560000 57.330000 23.000000 26.000000 33.000000 24.000000 0.422989
536096.570000 6581472.540000 56.330000 23.000000 26.000000 33.000000 24.000000 0.357986
536096.520000 6581472.320000 56.700000 33.000000 36.000000 43.000000 27.000000 0.361313
536096.440000 6581472.030000 56.920000 24.000000 27.000000 34.000000 26.000000 0.364990
536096.390000 6581471.820000 57.170000 22.000000 25.000000 32.000000 19.000000 0.359650
536096.330000 6581471.580000 57.410000 28.000000 31.000000 38.000000 25.000000 0.432983
536096.260000 6581471.290000 57.650000 27.000000 30.000000 37.000000 21.000000 0.410324
536096.310000 6581472.580000 56.460000 21.000000 24.000000 31.000000 21.000000 0.358658
536096.250000 6581472.310000 56.680000 25.000000 28.000000 35.000000 23.000000 0.356979
536096.190000 6581472.090000 57.010000 27.000000 30.000000 37.000000 29.000000 0.380981
536096.120000 6581471.780000 57.190000 28.000000 31.000000 38.000000 30.000000 0.368317
536096.050000 6581471.530000 57.430000 23.000000 26.000000 33.000000 22.000000 0.352661
536096.000000 6581471.310000 57.710000 29.000000 32.000000 39.000000 23.000000 0.396317
536095.960000 6581472.680000 56.480000 27.000000 30.000000 39.000000 22.000000 0.381317
536095.840000 6581472.200000 56.920000 25.000000 28.000000 35.000000 21.000000 0.414658
536095.760000 6581471.900000 57.120000 25.000000 24.000000 32.000000 24.000000 0.353653
536095.700000 6581471.660000 57.440000 24.000000 24.000000 32.000000 20.000000 0.419983
536095.570000 6581472.680000 56.530000 17.000000 17.000000 27.000000 16.000000 0.370987
536095.460000 6581472.190000 57.010000 18.000000 21.000000 30.000000 8.000000 0.349991
536095.390000 6581471.910000 57.240000 17.000000 20.000000 27.000000 13.000000 0.352982
536095.260000 6581472.680000 56.540000 26.000000 26.000000 36.000000 21.000000 0.399658
536095.200000 6581472.450000 56.840000 17.000000 17.000000 27.000000 22.000000 0.380981
536095.140000 6581472.220000 57.140000 22.000000 22.000000 32.000000 23.000000 0.381317
536095.050000 6581472.950000 56.420000 27.000000 30.000000 37.000000 29.000000 0.392319
536094.980000 6581472.700000 56.620000 10.000000 13.000000 18.000000 15.000000 0.370651
536094.920000 6581472.470000 56.900000 19.000000 19.000000 27.000000 20.000000 0.369324
536094.630000 6581472.960000 56.490000 72.000000 77.000000 80.000000 70.000000 0.379318
536097.560000 6581472.280000 56.530000 24.000000 27.000000 32.000000 31.000000 0.427322
536097.280000 6581472.010000 56.840000 28.000000 31.000000 36.000000 20.000000 0.394989
536097.220000 6581472.260000 56.550000 26.000000 29.000000 34.000000 24.000000 0.361984
536097.150000 6581472.540000 56.370000 24.000000 29.000000 35.000000 20.000000 0.410660
536097.000000 6581472.070000 56.790000 26.000000 31.000000 37.000000 23.000000 0.368988
536096.940000 6581472.320000 56.500000 25.000000 30.000000 36.000000 18.000000 0.323990
536097.020000 6581471.200000 56.880000 18.000000 23.000000 29.000000 15.000000 0.326660
536096.890000 6581471.690000 57.110000 21.000000 24.000000 31.000000 16.000000 0.351654
536096.820000 6581471.960000 56.920000 26.000000 29.000000 36.000000 26.000000 0.373657
536096.750000 6581472.220000 56.680000 29.000000 34.000000 40.000000 33.000000 0.357651
536096.690000 6581472.470000 56.430000 22.000000 27.000000 33.000000 21.000000 0.332993
536096.540000 6581471.650000 57.230000 20.000000 23.000000 30.000000 20.000000 0.380646
536096.470000 6581471.920000 57.010000 24.000000 27.000000 34.000000 26.000000 0.420654
536096.400000 6581472.190000 56.810000 21.000000 24.000000 31.000000 19.000000 0.351654
536096.330000 6581472.420000 56.560000 26.000000 29.000000 36.000000 27.000000 0.358658
536096.270000 6581472.680000 56.380000 26.000000 29.000000 36.000000 22.000000 0.407654
536096.320000 6581471.140000 57.620000 25.000000 28.000000 35.000000 21.000000 0.300659
536096.250000 6581471.430000 57.490000 25.000000 28.000000 35.000000 24.000000 0.332993
536096.180000 6581471.680000 57.260000 26.000000 29.000000 36.000000 20.000000 0.400650
536096.110000 6581471.970000 57.090000 26.000000 29.000000 36.000000 27.000000 0.384323
536096.040000 6581472.250000 56.910000 25.000000 25.000000 33.000000 23.000000 0.429321
536095.980000 6581472.460000 56.590000 35.000000 38.000000 45.000000 29.000000 0.339661
536095.910000 6581472.740000 56.460000 24.000000 27.000000 36.000000 21.000000 0.342651
536096.020000 6581471.230000 57.770000 20.000000 23.000000 30.000000 17.000000 0.372650
536095.950000 6581471.490000 57.530000 30.000000 35.000000 41.000000 31.000000 0.340317
536095.870000 6581471.780000 57.300000 31.000000 34.000000 41.000000 24.000000 0.417648
536095.810000 6581472.020000 57.070000 27.000000 30.000000 37.000000 28.000000 0.310654
536095.740000 6581472.270000 56.830000 25.000000 28.000000 37.000000 22.000000 0.380981
536095.680000 6581472.550000 56.620000 13.000000 16.000000 25.000000 11.000000 0.365646
536095.600000 6581472.810000 56.430000 16.000000 19.000000 26.000000 13.000000 0.381317
536095.630000 6581471.700000 57.380000 29.000000 29.000000 37.000000 28.000000 0.346985
536095.560000 6581471.990000 57.210000 18.000000 23.000000 29.000000 12.000000 0.389313
536095.490000 6581472.250000 56.980000 12.000000 15.000000 24.000000 7.000000 0.361313
536095.420000 6581472.530000 56.760000 13.000000 16.000000 25.000000 5.000000 0.334320
536095.350000 6581472.780000 56.500000 16.000000 16.000000 26.000000 13.000000 0.323318
536095.100000 6581472.320000 57.030000 17.000000 17.000000 27.000000 11.000000 0.324982
536095.040000 6581472.550000 56.770000 17.000000 17.000000 25.000000 14.000000 0.378983
536094.960000 6581472.830000 56.620000 24.000000 27.000000 32.000000 19.000000 0.365646
536094.650000 6581472.660000 56.760000 47.000000 51.000000 54.000000 39.000000 0.323654
536094.580000 6581472.940000 56.540000 80.000000 86.000000 86.000000 80.000000 0.331985
536094.790000 6581472.790000 56.570000 34.000000 38.000000 41.000000 33.000000 0.348984
536096.080000 6581471.560000 57.460000 23.000000 26.000000 33.000000 22.000000 0.351654
536096.250000 6581472.140000 56.910000 27.000000 30.000000 37.000000 24.000000 0.363647
536096.290000 6581471.410000 57.540000 25.000000 28.000000 35.000000 24.000000 0.356659
536096.810000 6581472.300000 56.550000 25.000000 30.000000 36.000000 26.000000 0.355316
536097.560000 6581472.380000 56.410000 29.000000 32.000000 37.000000 25.000000 0.348328
536097.700000 6581471.890000 56.380000 23.000000 28.000000 34.000000 22.000000 0.361313
536094.850000 6581472.660000 56.670000 26.000000 29.000000 34.000000 20.000000 0.328323
536095.640000 6581472.140000 57.070000 24.000000 27.000000 36.000000 18.000000 0.321655
536096.050000 6581471.940000 57.030000 23.000000 26.000000 33.000000 15.000000 0.324661
536096.200000 6581471.340000 57.580000 28.000000 31.000000 38.000000 25.000000 0.339325
536096.170000 6581472.630000 56.460000 24.000000 27.000000 34.000000 23.000000 0.306992
536096.310000 6581472.050000 56.960000 25.000000 28.000000 35.000000 26.000000 0.323318
536096.450000 6581471.480000 57.460000 16.000000 19.000000 26.000000 16.000000 0.316650
536096.500000 6581472.570000 56.440000 23.000000 26.000000 33.000000 24.000000 0.319656
536096.640000 6581471.990000 56.980000 23.000000 26.000000 33.000000 16.000000 0.331985
536096.830000 6581471.200000 57.040000 25.000000 28.000000 35.000000 30.000000 0.280319
536097.090000 6581471.870000 56.810000 29.000000 32.000000 39.000000 25.000000 0.330658
536097.450000 6581472.000000 56.680000 20.000000 25.000000 31.000000 24.000000 0.317657
536097.530000 6581471.720000 56.510000 21.000000 26.000000 32.000000 21.000000 0.303314
536098.660000 6581473.470000 55.170000 22.000000 25.000000 30.000000 25.000000 0.385651
536098.590000 6581473.200000 55.400000 52.000000 53.000000 58.000000 49.000000 0.442322
536098.470000 6581472.720000 55.880000 22.000000 25.000000 32.000000 23.000000 0.380646
536098.390000 6581472.380000 55.930000 19.000000 24.000000 30.000000 20.000000 0.400650
536098.120000 6581472.770000 56.020000 22.000000 25.000000 32.000000 25.000000 0.448990
536098.040000 6581472.460000 56.180000 23.000000 28.000000 34.000000 23.000000 0.405655
536098.680000 6581473.330000 55.310000 38.000000 41.000000 46.000000 39.000000 0.431656
536098.520000 6581472.470000 55.880000 20.000000 25.000000 31.000000 21.000000 0.345322
536098.220000 6581472.340000 56.060000 25.000000 30.000000 36.000000 25.000000 0.342987
536098.140000 6581472.650000 56.000000 32.000000 35.000000 42.000000 35.000000 0.417648
536098.170000 6581472.720000 55.960000 22.000000 25.000000 32.000000 25.000000 0.336319
536098.650000 6581473.120000 55.420000 38.000000 41.000000 46.000000 39.000000 0.393326
536098.840000 6581473.730000 54.930000 24.000000 29.000000 33.000000 25.000000 0.435989
536098.180000 6581472.560000 56.080000 21.000000 26.000000 32.000000 24.000000 0.344650
536098.420000 6581473.060000 55.610000 24.000000 27.000000 32.000000 21.000000 0.309982
536098.690000 6581473.090000 55.450000 23.000000 26.000000 31.000000 17.000000 0.371658
536098.800000 6581473.640000 55.060000 24.000000 29.000000 33.000000 29.000000 0.384659
536085.200000 6581477.440000 54.700000 31.000000 34.000000 39.000000 43.000000 0.356979
536084.920000 6581477.480000 54.750000 36.000000 39.000000 44.000000 48.000000 0.404312
536084.580000 6581477.480000 54.720000 35.000000 38.000000 43.000000 37.000000 0.475647
536084.530000 6581477.250000 54.990000 24.000000 29.000000 33.000000 24.000000 0.400986
536084.280000 6581477.810000 54.540000 23.000000 22.000000 28.000000 29.000000 0.430313
536084.210000 6581477.550000 54.780000 18.000000 21.000000 28.000000 23.000000 0.372650
536084.150000 6581477.270000 54.960000 24.000000 29.000000 35.000000 22.000000 0.406982
536084.020000 6581477.750000 54.690000 25.000000 25.000000 33.000000 37.000000 0.372650
536083.970000 6581477.520000 54.880000 28.000000 31.000000 38.000000 25.000000 0.437988
536083.910000 6581477.280000 55.170000 19.000000 24.000000 30.000000 20.000000 0.374985
536083.770000 6581477.690000 54.760000 28.000000 28.000000 36.000000 21.000000 0.362991
536083.700000 6581477.400000 54.960000 15.000000 19.000000 28.000000 21.000000 0.328323
536083.650000 6581477.190000 55.240000 25.000000 28.000000 33.000000 20.000000 0.385986
536083.440000 6581477.920000 54.560000 17.000000 16.000000 24.000000 16.000000 0.360321
536083.390000 6581477.700000 54.950000 25.000000 28.000000 37.000000 19.000000 0.370987
536083.310000 6581477.360000 55.030000 22.000000 27.000000 33.000000 21.000000 0.383987
536083.250000 6581477.150000 55.340000 43.000000 47.000000 50.000000 43.000000 0.400650
536083.080000 6581477.900000 54.770000 35.000000 38.000000 45.000000 32.000000 0.403320
536083.010000 6581477.610000 55.000000 23.000000 26.000000 31.000000 25.000000 0.446320
536082.950000 6581477.390000 55.250000 31.000000 32.000000 36.000000 23.000000 0.420654
536082.890000 6581477.150000 55.470000 44.000000 45.000000 49.000000 39.000000 0.350647
536082.820000 6581476.870000 55.690000 30.000000 31.000000 36.000000 18.000000 0.467316
536082.810000 6581478.120000 54.540000 24.000000 27.000000 32.000000 30.000000 0.408981
536082.750000 6581477.890000 54.870000 36.000000 39.000000 46.000000 36.000000 0.394653
536082.690000 6581477.630000 55.060000 26.000000 29.000000 36.000000 23.000000 0.420654
536082.620000 6581477.340000 55.230000 42.000000 43.000000 47.000000 40.000000 0.388321
536082.560000 6581477.120000 55.600000 33.000000 34.000000 39.000000 33.000000 0.379318
536082.490000 6581476.840000 55.750000 29.000000 30.000000 35.000000 23.000000 0.354324
536082.470000 6581478.030000 54.780000 56.000000 59.000000 64.000000 48.000000 0.425323
536082.410000 6581477.770000 54.990000 27.000000 30.000000 37.000000 29.000000 0.403992
536082.350000 6581477.510000 55.240000 27.000000 30.000000 35.000000 31.000000 0.351318
536082.290000 6581477.270000 55.460000 32.000000 36.000000 39.000000 28.000000 0.418655
536082.230000 6581477.020000 55.750000 31.000000 34.000000 39.000000 26.000000 0.426315
536082.170000 6581476.790000 56.000000 24.000000 27.000000 32.000000 21.000000 0.400650
536082.100000 6581478.120000 54.760000 55.000000 58.000000 63.000000 54.000000 0.386322
536082.030000 6581477.850000 55.000000 24.000000 27.000000 34.000000 31.000000 0.449646
536081.980000 6581477.610000 55.260000 22.000000 25.000000 30.000000 23.000000 0.386658
536081.920000 6581477.380000 55.430000 37.000000 41.000000 44.000000 34.000000 0.413651
536081.850000 6581477.100000 55.690000 29.000000 32.000000 37.000000 25.000000 0.382660
536081.730000 6581476.630000 56.170000 31.000000 32.000000 37.000000 26.000000 0.404312
536081.770000 6581478.420000 54.620000 24.000000 28.000000 29.000000 36.000000 0.353653
536081.700000 6581478.150000 54.790000 49.000000 53.000000 56.000000 60.000000 0.378983
536081.640000 6581477.910000 55.030000 30.000000 34.000000 37.000000 39.000000 0.342987
536081.580000 6581477.660000 55.310000 38.000000 42.000000 43.000000 46.000000 0.348984
536081.530000 6581477.450000 55.580000 50.000000 54.000000 55.000000 51.000000 0.374649
536081.460000 6581477.170000 55.830000 27.000000 31.000000 34.000000 36.000000 0.324661
536081.390000 6581476.890000 56.060000 35.000000 39.000000 42.000000 39.000000 0.368317
536081.330000 6581476.630000 56.230000 27.000000 31.000000 34.000000 34.000000 0.394989
536081.510000 6581478.360000 54.710000 35.000000 39.000000 40.000000 45.000000 0.358658
536081.430000 6581478.040000 54.820000 29.000000 34.000000 28.000000 37.000000 0.392654
536081.390000 6581477.870000 55.190000 71.000000 74.000000 63.000000 66.000000 0.338989
536081.250000 6581477.310000 55.620000 50.000000 51.000000 53.000000 50.000000 0.376984
536081.190000 6581477.060000 55.870000 64.000000 68.000000 69.000000 66.000000 0.349655
536085.300000 6581477.770000 54.750000 28.000000 29.000000 31.000000 26.000000 0.297318
536085.020000 6581477.660000 54.610000 16.000000 17.000000 21.000000 16.000000 0.416656
536084.800000 6581477.510000 54.730000 35.000000 36.000000 41.000000 42.000000 0.409653
536084.460000 6581477.310000 54.980000 19.000000 24.000000 28.000000 19.000000 0.445984
536084.400000 6581477.520000 54.690000 20.000000 21.000000 26.000000 30.000000 0.391983
536084.330000 6581477.810000 54.540000 18.000000 17.000000 23.000000 31.000000 0.414322
536084.100000 6581477.290000 55.030000 30.000000 35.000000 41.000000 29.000000 0.369980
536084.030000 6581477.560000 54.880000 31.000000 34.000000 41.000000 37.000000 0.383316
536083.980000 6581477.790000 54.640000 40.000000 40.000000 48.000000 36.000000 0.329315
536083.820000 6581477.190000 55.240000 20.000000 23.000000 28.000000 13.000000 0.374649
536083.760000 6581477.440000 55.000000 21.000000 25.000000 34.000000 22.000000 0.389313
536083.680000 6581477.730000 54.790000 7.000000 7.000000 15.000000 10.000000 0.366653
536083.610000 6581478.000000 54.570000 15.000000 14.000000 22.000000 15.000000 0.341660
536083.540000 6581477.230000 55.240000 15.000000 20.000000 26.000000 15.000000 0.372986
536083.470000 6581477.500000 55.050000 23.000000 27.000000 36.000000 25.000000 0.395660
536083.400000 6581477.770000 54.820000 23.000000 23.000000 33.000000 14.000000 0.377655
536083.330000 6581478.030000 54.560000 14.000000 13.000000 19.000000 12.000000 0.356659
536083.190000 6581477.120000 55.470000 51.000000 52.000000 56.000000 45.000000 0.383652
536083.120000 6581477.390000 55.160000 17.000000 21.000000 24.000000 15.000000 0.382980
536083.070000 6581477.600000 54.830000 23.000000 26.000000 31.000000 25.000000 0.348648
536082.990000 6581477.900000 54.750000 49.000000 52.000000 59.000000 49.000000 0.407654
536082.860000 6581476.950000 55.660000 27.000000 28.000000 33.000000 20.000000 0.334991
536082.800000 6581477.200000 55.350000 44.000000 45.000000 49.000000 47.000000 0.338654
536082.720000 6581477.500000 55.190000 17.000000 20.000000 25.000000 21.000000 0.373322
536082.660000 6581477.730000 54.980000 22.000000 25.000000 32.000000 22.000000 0.366653
536082.580000 6581478.030000 54.750000 52.000000 55.000000 60.000000 50.000000 0.393646
536082.580000 6581476.980000 55.750000 28.000000 29.000000 34.000000 25.000000 0.339325
536082.520000 6581477.220000 55.520000 47.000000 51.000000 54.000000 45.000000 0.365646
536082.460000 6581477.470000 55.320000 30.000000 33.000000 38.000000 34.000000 0.396988
536082.380000 6581477.770000 55.100000 23.000000 26.000000 33.000000 25.000000 0.361984
536082.310000 6581478.030000 54.900000 50.000000 53.000000 58.000000 49.000000 0.342316
536082.250000 6581478.260000 54.640000 23.000000 27.000000 30.000000 30.000000 0.356323
536082.350000 6581476.870000 55.820000 25.000000 28.000000 35.000000 21.000000 0.392319
536082.290000 6581477.110000 55.590000 23.000000 26.000000 31.000000 16.000000 0.398315
536082.210000 6581477.390000 55.440000 51.000000 55.000000 58.000000 45.000000 0.376984
536082.150000 6581477.640000 55.200000 26.000000 29.000000 36.000000 23.000000 0.398987
536082.090000 6581477.870000 54.930000 24.000000 27.000000 34.000000 31.000000 0.438980
536082.010000 6581478.160000 54.750000 55.000000 58.000000 63.000000 54.000000 0.406982
536082.060000 6581476.710000 56.030000 26.000000 29.000000 34.000000 27.000000 0.374649
536081.990000 6581476.940000 55.820000 30.000000 33.000000 38.000000 30.000000 0.326981
536081.930000 6581477.200000 55.630000 26.000000 30.000000 33.000000 19.000000 0.359650
536081.850000 6581477.480000 55.350000 47.000000 50.000000 55.000000 42.000000 0.382324
536081.780000 6581477.740000 55.210000 24.000000 27.000000 32.000000 29.000000 0.365326
536081.720000 6581478.000000 54.960000 28.000000 31.000000 36.000000 33.000000 0.389984
536081.640000 6581478.280000 54.750000 50.000000 54.000000 57.000000 58.000000 0.368988
536081.690000 6581476.730000 56.100000 26.000000 29.000000 34.000000 23.000000 0.389648
536081.630000 6581476.980000 55.890000 29.000000 32.000000 37.000000 28.000000 0.368652
536081.550000 6581477.250000 55.710000 36.000000 40.000000 43.000000 32.000000 0.383987
536081.490000 6581477.510000 55.460000 71.000000 75.000000 76.000000 58.000000 0.362656
536081.420000 6581477.780000 55.280000 25.000000 30.000000 26.000000 31.000000 0.361649
536081.350000 6581478.030000 54.990000 92.000000 96.000000 79.000000 94.000000 0.406647
536081.400000 6581476.790000 56.130000 26.000000 31.000000 35.000000 32.000000 0.358994
536081.330000 6581477.070000 55.900000 29.000000 32.000000 37.000000 34.000000 0.354660
536081.270000 6581477.310000 55.660000 50.000000 51.000000 53.000000 50.000000 0.324982
536081.200000 6581477.550000 55.360000 132.000000 135.000000 118.000000 140.000000 0.289322
536081.110000 6581476.800000 56.200000 46.000000 54.000000 57.000000 46.000000 0.417648
536080.880000 6581476.290000 56.000000 212.000000 222.000000 198.000000 197.000000 0.335648
536081.510000 6581477.670000 55.380000 38.000000 42.000000 43.000000 46.000000 0.327988
536082.440000 6581477.840000 54.910000 21.000000 24.000000 31.000000 25.000000 0.359985
536082.760000 6581477.060000 55.510000 28.000000 29.000000 33.000000 25.000000 0.327652
536082.960000 6581476.960000 55.600000 23.000000 24.000000 29.000000 22.000000 0.338318
536083.880000 6581477.790000 54.700000 31.000000 31.000000 39.000000 31.000000 0.355988
536085.070000 6581477.500000 54.720000 34.000000 37.000000 42.000000 49.000000 0.367981
536081.220000 6581477.460000 55.520000 77.000000 79.000000 76.000000 74.000000 0.326660
536081.340000 6581476.950000 55.930000 28.000000 31.000000 36.000000 30.000000 0.310654
536081.490000 6581477.650000 55.320000 42.000000 46.000000 45.000000 48.000000 0.291321
536081.640000 6581477.050000 55.790000 31.000000 34.000000 39.000000 27.000000 0.278320
536081.620000 6581478.270000 54.700000 50.000000 54.000000 57.000000 58.000000 0.326981
536082.000000 6581478.350000 54.660000 28.000000 32.000000 35.000000 41.000000 0.300995
536082.140000 6581477.790000 55.030000 27.000000 30.000000 37.000000 29.000000 0.322983
536082.270000 6581477.250000 55.480000 32.000000 36.000000 39.000000 28.000000 0.331314
536082.420000 6581478.050000 54.700000 56.000000 59.000000 64.000000 48.000000 0.362320
536082.560000 6581477.470000 55.200000 28.000000 31.000000 36.000000 28.000000 0.318985
536082.690000 6581476.940000 55.670000 33.000000 34.000000 39.000000 27.000000 0.344315
536082.760000 6581477.780000 54.950000 20.000000 23.000000 30.000000 26.000000 0.309662
536082.950000 6581477.860000 54.840000 39.000000 42.000000 49.000000 38.000000 0.336655
536083.070000 6581477.380000 55.130000 27.000000 28.000000 30.000000 21.000000 0.329987
536083.510000 6581477.050000 55.400000 42.000000 46.000000 49.000000 40.000000 0.338989
536083.710000 6581477.710000 54.730000 14.000000 14.000000 22.000000 16.000000 0.322983
536083.950000 6581477.730000 54.670000 40.000000 40.000000 48.000000 36.000000 0.348984
536084.270000 6581477.220000 55.110000 21.000000 26.000000 32.000000 25.000000 0.322327
536084.520000 6581477.450000 54.770000 35.000000 38.000000 43.000000 37.000000 0.345993
536084.900000 6581477.360000 54.780000 33.000000 36.000000 43.000000 36.000000 0.376648
536085.300000 6581475.240000 56.580000 66.000000 72.000000 72.000000 58.000000 0.417313
536084.960000 6581475.370000 56.490000 69.000000 73.000000 76.000000 56.000000 0.376984
536084.890000 6581475.100000 56.730000 60.000000 65.000000 69.000000 54.000000 0.399658
536084.700000 6581475.390000 56.640000 58.000000 61.000000 66.000000 50.000000 0.331314
536084.630000 6581475.100000 56.830000 44.000000 47.000000 52.000000 38.000000 0.385315
536084.410000 6581475.430000 56.600000 30.000000 33.000000 38.000000 23.000000 0.373993
536084.350000 6581475.200000 56.890000 28.000000 31.000000 36.000000 24.000000 0.392654
536084.080000 6581475.450000 56.660000 32.000000 35.000000 42.000000 31.000000 0.361984
536084.030000 6581475.230000 56.920000 28.000000 31.000000 38.000000 28.000000 0.353653
536083.950000 6581474.920000 57.090000 23.000000 28.000000 32.000000 20.000000 0.381653
536083.710000 6581475.540000 56.630000 28.000000 31.000000 38.000000 19.000000 0.383987
536083.660000 6581475.310000 56.910000 19.000000 24.000000 30.000000 17.000000 0.354660
536083.590000 6581475.050000 57.140000 21.000000 24.000000 29.000000 19.000000 0.438660
536083.530000 6581474.780000 57.340000 26.000000 29.000000 36.000000 22.000000 0.402313
536083.520000 6581475.740000 56.530000 25.000000 28.000000 35.000000 21.000000 0.399994
536083.460000 6581475.460000 56.790000 21.000000 26.000000 32.000000 18.000000 0.369980
536083.330000 6581474.980000 57.210000 19.000000 22.000000 27.000000 17.000000 0.385986
536083.200000 6581475.400000 56.930000 23.000000 23.000000 31.000000 22.000000 0.418320
536083.140000 6581475.140000 57.200000 23.000000 26.000000 31.000000 22.000000 0.401321
536083.060000 6581474.850000 57.400000 25.000000 30.000000 34.000000 23.000000 0.383987
536082.940000 6581475.880000 56.580000 28.000000 31.000000 36.000000 17.000000 0.420654
536082.870000 6581475.630000 56.780000 26.000000 29.000000 34.000000 30.000000 0.405991
536082.820000 6581475.380000 57.040000 33.000000 33.000000 41.000000 23.000000 0.434647
536082.740000 6581475.070000 57.210000 26.000000 31.000000 35.000000 27.000000 0.408981
536082.690000 6581474.860000 57.540000 26.000000 29.000000 36.000000 23.000000 0.380981
536082.620000 6581474.600000 57.730000 33.000000 36.000000 43.000000 28.000000 0.376648
536082.560000 6581475.810000 56.600000 26.000000 31.000000 35.000000 26.000000 0.365326
536082.500000 6581475.580000 56.880000 23.000000 26.000000 31.000000 19.000000 0.380981
536082.440000 6581475.330000 57.110000 26.000000 26.000000 34.000000 23.000000 0.452988
536082.380000 6581475.070000 57.360000 30.000000 33.000000 38.000000 24.000000 0.475311
536082.320000 6581474.830000 57.620000 27.000000 30.000000 35.000000 23.000000 0.405655
536082.300000 6581476.090000 56.530000 29.000000 34.000000 38.000000 27.000000 0.407318
536082.230000 6581475.810000 56.660000 27.000000 32.000000 36.000000 21.000000 0.442657
536082.170000 6581475.560000 56.990000 31.000000 32.000000 37.000000 29.000000 0.389648
536082.110000 6581475.300000 57.190000 30.000000 31.000000 36.000000 29.000000 0.433990
536082.060000 6581475.110000 57.480000 31.000000 34.000000 39.000000 24.000000 0.431992
536081.980000 6581476.030000 56.630000 32.000000 35.000000 40.000000 31.000000 0.384323
536081.910000 6581475.760000 56.860000 28.000000 31.000000 36.000000 28.000000 0.413986
536081.850000 6581475.520000 57.110000 30.000000 31.000000 36.000000 30.000000 0.378647
536081.610000 6581476.130000 56.700000 33.000000 36.000000 41.000000 29.000000 0.391647
536081.540000 6581475.840000 56.860000 35.000000 34.000000 40.000000 33.000000 0.355988
536085.020000 6581475.150000 56.740000 67.000000 72.000000 76.000000 54.000000 0.348984
536084.950000 6581475.420000 56.500000 69.000000 73.000000 74.000000 53.000000 0.337646
536084.660000 6581475.170000 56.780000 44.000000 47.000000 52.000000 38.000000 0.345322
536084.360000 6581475.150000 56.950000 24.000000 29.000000 33.000000 19.000000 0.365326
536084.300000 6581475.370000 56.700000 27.000000 30.000000 35.000000 20.000000 0.372986
536084.230000 6581475.630000 56.550000 27.000000 30.000000 35.000000 28.000000 0.346313
536084.090000 6581475.140000 56.970000 25.000000 30.000000 34.000000 24.000000 0.373657
536084.010000 6581475.420000 56.790000 32.000000 35.000000 42.000000 31.000000 0.360657
536083.950000 6581475.660000 56.570000 28.000000 31.000000 38.000000 15.000000 0.365326
536083.740000 6581475.000000 57.130000 27.000000 30.000000 35.000000 23.000000 0.393646
536083.690000 6581475.210000 56.890000 21.000000 26.000000 32.000000 23.000000 0.338654
536083.600000 6581475.530000 56.710000 27.000000 32.000000 38.000000 30.000000 0.381653
536083.410000 6581474.850000 57.410000 29.000000 32.000000 37.000000 23.000000 0.366989
536083.350000 6581475.080000 57.130000 22.000000 25.000000 30.000000 22.000000 0.385651
536083.280000 6581475.360000 56.910000 26.000000 29.000000 36.000000 22.000000 0.404984
536083.200000 6581475.650000 56.700000 32.000000 35.000000 40.000000 29.000000 0.375656
536083.140000 6581474.830000 57.440000 18.000000 23.000000 27.000000 21.000000 0.388992
536083.070000 6581475.100000 57.220000 26.000000 29.000000 34.000000 18.000000 0.333649
536083.010000 6581475.330000 56.980000 33.000000 32.000000 40.000000 23.000000 0.368652
536082.940000 6581475.600000 56.830000 29.000000 32.000000 37.000000 26.000000 0.415985
536082.870000 6581475.900000 56.620000 28.000000 31.000000 36.000000 24.000000 0.425323
536082.900000 6581474.740000 57.570000 24.000000 27.000000 32.000000 20.000000 0.398651
536082.840000 6581474.980000 57.320000 27.000000 30.000000 35.000000 26.000000 0.403992
536082.760000 6581475.270000 57.130000 27.000000 30.000000 37.000000 29.000000 0.397324
536082.700000 6581475.510000 56.850000 28.000000 28.000000 36.000000 27.000000 0.345322
536082.630000 6581475.800000 56.670000 32.000000 35.000000 40.000000 30.000000 0.418655
536082.600000 6581474.610000 57.760000 33.000000 36.000000 43.000000 26.000000 0.402985
536082.530000 6581474.890000 57.500000 25.000000 28.000000 35.000000 20.000000 0.403320
536082.460000 6581475.150000 57.340000 29.000000 32.000000 39.000000 22.000000 0.363647
536082.400000 6581475.400000 57.120000 29.000000 32.000000 37.000000 21.000000 0.427322
536082.330000 6581475.670000 56.860000 27.000000 30.000000 35.000000 22.000000 0.381989
536082.260000 6581475.920000 56.670000 24.000000 29.000000 33.000000 27.000000 0.389984
536082.240000 6581474.610000 57.800000 29.000000 32.000000 39.000000 25.000000 0.366318
536082.170000 6581474.890000 57.610000 34.000000 37.000000 42.000000 29.000000 0.415985
536082.100000 6581475.140000 57.410000 31.000000 34.000000 39.000000 24.000000 0.426987
536082.040000 6581475.400000 57.180000 35.000000 36.000000 41.000000 29.000000 0.395660
536081.960000 6581475.680000 57.000000 29.000000 32.000000 37.000000 22.000000 0.336655
536081.910000 6581475.910000 56.730000 30.000000 33.000000 38.000000 27.000000 0.366989
536081.840000 6581476.160000 56.510000 26.000000 29.000000 34.000000 23.000000 0.326324
536081.750000 6581475.450000 57.150000 33.000000 34.000000 39.000000 23.000000 0.293320
536081.610000 6581475.980000 56.750000 34.000000 35.000000 40.000000 25.000000 0.426651
536081.540000 6581476.250000 56.550000 31.000000 32.000000 37.000000 33.000000 0.371658
536082.150000 6581475.790000 56.770000 25.000000 28.000000 33.000000 18.000000 0.406647
536082.200000 6581475.170000 57.390000 24.000000 27.000000 32.000000 19.000000 0.415985
536082.390000 6581475.820000 56.730000 29.000000 34.000000 38.000000 22.000000 0.347992
536082.400000 6581475.090000 57.390000 30.000000 33.000000 40.000000 28.000000 0.379990
536082.640000 6581474.670000 57.670000 33.000000 36.000000 43.000000 28.000000 0.350327
536082.840000 6581475.330000 57.080000 33.000000 33.000000 41.000000 23.000000 0.373322
536083.260000 6581474.890000 57.320000 29.000000 32.000000 37.000000 16.000000 0.308990
536083.690000 6581475.520000 56.680000 27.000000 30.000000 37.000000 19.000000 0.358658
536084.640000 6581475.230000 56.740000 53.000000 56.000000 61.000000 45.000000 0.358994
536081.620000 6581475.790000 56.880000 38.000000 39.000000 44.000000 32.000000 0.307983
536081.900000 6581475.970000 56.640000 30.000000 33.000000 38.000000 27.000000 0.362656
536082.030000 6581475.390000 57.120000 33.000000 34.000000 39.000000 34.000000 0.357986
536082.180000 6581474.810000 57.600000 34.000000 37.000000 42.000000 29.000000 0.371994
536082.170000 6581475.990000 56.590000 32.000000 35.000000 40.000000 28.000000 0.403656
536082.300000 6581475.460000 56.950000 27.000000 30.000000 35.000000 24.000000 0.374985
536082.450000 6581474.810000 57.540000 27.000000 30.000000 37.000000 23.000000 0.407990
536082.680000 6581475.520000 56.900000 28.000000 28.000000 36.000000 27.000000 0.329987
536083.090000 6581475.290000 56.970000 29.000000 29.000000 37.000000 24.000000 0.360992
536083.220000 6581474.720000 57.420000 26.000000 29.000000 36.000000 26.000000 0.327988
536083.310000 6581475.510000 56.770000 29.000000 34.000000 40.000000 31.000000 0.296661
536083.450000 6581474.930000 57.240000 28.000000 31.000000 36.000000 27.000000 0.344986
536083.500000 6581475.600000 56.670000 28.000000 31.000000 38.000000 22.000000 0.335983
536083.630000 6581475.020000 57.120000 26.000000 31.000000 35.000000 20.000000 0.362656
536083.910000 6581475.380000 56.770000 27.000000 30.000000 37.000000 23.000000 0.314651
536086.760000 6581472.450000 58.710000 21.000000 24.000000 33.000000 17.000000 0.360321
536086.230000 6581472.530000 58.700000 24.000000 27.000000 32.000000 13.000000 0.321991
536085.930000 6581472.720000 58.670000 70.000000 74.000000 77.000000 50.000000 0.377991
536085.660000 6581473.110000 58.790000 64.000000 69.000000 72.000000 50.000000 0.619644
536085.420000 6581473.150000 58.970000 60.000000 64.000000 67.000000 51.000000 0.732315
536085.170000 6581473.190000 59.000000 31.000000 34.000000 39.000000 22.000000 0.737640
536084.830000 6581473.330000 58.800000 26.000000 29.000000 36.000000 19.000000 0.715652
536084.460000 6581473.360000 58.480000 25.000000 28.000000 33.000000 17.000000 0.385651
536084.390000 6581473.120000 58.720000 33.000000 36.000000 43.000000 24.000000 0.458313
536084.240000 6581473.540000 58.270000 36.000000 39.000000 44.000000 29.000000 0.446320
536084.180000 6581473.320000 58.500000 21.000000 24.000000 31.000000 16.000000 0.435654
536084.110000 6581473.040000 58.690000 27.000000 32.000000 38.000000 27.000000 0.354660
536083.970000 6581473.680000 58.260000 27.000000 32.000000 38.000000 25.000000 0.479324
536083.910000 6581473.430000 58.490000 22.000000 25.000000 32.000000 24.000000 0.372314
536083.860000 6581473.200000 58.730000 31.000000 34.000000 41.000000 29.000000 0.372650
536083.650000 6581473.720000 58.260000 22.000000 27.000000 33.000000 18.000000 0.464325
536083.580000 6581473.430000 58.510000 29.000000 29.000000 39.000000 26.000000 0.408646
536083.510000 6581473.160000 58.670000 27.000000 30.000000 37.000000 22.000000 0.355316
536083.330000 6581474.010000 58.060000 23.000000 26.000000 33.000000 25.000000 0.468658
536083.280000 6581473.800000 58.320000 26.000000 31.000000 37.000000 19.000000 0.391647
536083.210000 6581473.530000 58.540000 23.000000 26.000000 33.000000 16.000000 0.379990
536083.080000 6581473.930000 58.190000 23.000000 26.000000 33.000000 20.000000 0.459320
536083.000000 6581473.650000 58.460000 26.000000 29.000000 36.000000 21.000000 0.342987
536082.950000 6581473.430000 58.710000 25.000000 28.000000 33.000000 22.000000 0.485321
536082.870000 6581474.090000 58.020000 19.000000 22.000000 29.000000 17.000000 0.455658
536082.820000 6581473.870000 58.350000 28.000000 31.000000 38.000000 28.000000 0.441986
536082.750000 6581473.580000 58.550000 31.000000 34.000000 39.000000 26.000000 0.344986
536082.550000 6581474.300000 57.950000 22.000000 25.000000 32.000000 20.000000 0.405991
536086.330000 6581472.640000 58.710000 19.000000 22.000000 27.000000 14.000000 0.359985
536086.050000 6581472.730000 58.610000 69.000000 72.000000 77.000000 53.000000 0.411652
536085.530000 6581473.190000 58.770000 66.000000 70.000000 73.000000 54.000000 0.652649
536085.150000 6581473.270000 58.950000 32.000000 35.000000 40.000000 25.000000 0.723312
536084.820000 6581473.370000 58.720000 26.000000 29.000000 36.000000 19.000000 0.603989
536084.580000 6581473.250000 59.150000 27.000000 30.000000 35.000000 26.000000 0.639984
536084.550000 6581473.340000 58.530000 24.000000 27.000000 32.000000 23.000000 0.424988
536084.350000 6581472.670000 59.170000 26.000000 31.000000 37.000000 23.000000 0.425323
536084.220000 6581473.180000 58.630000 28.000000 31.000000 38.000000 14.000000 0.369324
536084.160000 6581473.420000 58.460000 25.000000 28.000000 35.000000 12.000000 0.406326
536084.090000 6581473.680000 58.220000 29.000000 34.000000 40.000000 26.000000 0.377319
536083.830000 6581473.240000 58.650000 31.000000 34.000000 41.000000 29.000000 0.359650
536083.760000 6581473.500000 58.420000 20.000000 23.000000 30.000000 15.000000 0.404648
536083.690000 6581473.780000 58.220000 22.000000 27.000000 33.000000 18.000000 0.391327
536083.490000 6581473.490000 58.530000 31.000000 31.000000 41.000000 27.000000 0.337326
536083.420000 6581473.750000 58.310000 29.000000 34.000000 40.000000 20.000000 0.425659
536083.360000 6581474.010000 58.090000 23.000000 26.000000 33.000000 25.000000 0.395325
536083.240000 6581473.440000 58.630000 27.000000 27.000000 35.000000 17.000000 0.357651
536083.180000 6581473.680000 58.410000 28.000000 31.000000 38.000000 24.000000 0.333313
536083.120000 6581473.910000 58.180000 22.000000 25.000000 32.000000 14.000000 0.437317
536082.880000 6581473.520000 58.620000 33.000000 36.000000 41.000000 33.000000 0.393646
536082.810000 6581473.820000 58.420000 28.000000 31.000000 38.000000 28.000000 0.469650
536082.740000 6581474.070000 58.120000 28.000000 31.000000 38.000000 21.000000 0.443985
536082.390000 6581474.040000 58.050000 29.000000 32.000000 39.000000 23.000000 0.347656
536082.540000 6581473.290000 58.410000 34.000000 37.000000 42.000000 25.000000 0.350983
536082.800000 6581474.160000 58.100000 23.000000 26.000000 33.000000 21.000000 0.384659
536082.760000 6581473.230000 58.630000 29.000000 32.000000 37.000000 22.000000 0.322327
536082.890000 6581473.660000 58.470000 31.000000 34.000000 41.000000 25.000000 0.361984
536082.930000 6581472.980000 58.420000 26.000000 31.000000 35.000000 22.000000 0.337326
536083.000000 6581473.220000 58.690000 25.000000 28.000000 33.000000 19.000000 0.341980
536083.150000 6581473.730000 58.380000 34.000000 37.000000 44.000000 28.000000 0.365646
536083.300000 6581472.950000 58.410000 24.000000 27.000000 32.000000 15.000000 0.372650
536083.380000 6581473.210000 58.650000 27.000000 27.000000 35.000000 23.000000 0.353989
536083.520000 6581473.690000 58.390000 24.000000 29.000000 35.000000 23.000000 0.382980
536083.830000 6581473.340000 58.560000 28.000000 31.000000 38.000000 18.000000 0.326660
536083.960000 6581472.940000 58.740000 24.000000 29.000000 35.000000 17.000000 0.350983
536084.340000 6581473.210000 58.610000 34.000000 37.000000 42.000000 21.000000 0.389648
536084.490000 6581472.560000 58.830000 22.000000 25.000000 32.000000 21.000000 0.689651
536084.500000 6581472.600000 59.480000 26.000000 31.000000 37.000000 25.000000 0.693985
536084.860000 6581472.500000 58.880000 26.000000 29.000000 36.000000 19.000000 0.719986
536085.110000 6581472.360000 58.680000 31.000000 34.000000 41.000000 25.000000 0.521317
536085.400000 6581472.350000 58.460000 25.000000 28.000000 33.000000 19.000000 0.302658
536085.840000 6581472.440000 58.620000 60.000000 63.000000 68.000000 47.000000 0.382980
536085.940000 6581472.760000 58.600000 70.000000 74.000000 77.000000 50.000000 0.413315
536086.260000 6581472.390000 58.720000 18.000000 21.000000 26.000000 7.000000 0.473312
536082.420000 6581473.800000 58.250000 24.000000 27.000000 34.000000 19.000000 0.308655
536082.620000 6581472.980000 58.500000 26.000000 29.000000 34.000000 27.000000 0.323990
536082.590000 6581474.240000 58.040000 22.000000 25.000000 32.000000 20.000000 0.376984
536082.720000 6581473.680000 58.480000 24.000000 27.000000 34.000000 24.000000 0.352661
536083.090000 6581473.820000 58.280000 30.000000 33.000000 40.000000 32.000000 0.445312
536083.210000 6581473.310000 58.740000 29.000000 29.000000 37.000000 20.000000 0.303986
536083.280000 6581473.050000 58.510000 33.000000 36.000000 43.000000 24.000000 0.320648
536083.500000 6581473.570000 58.390000 25.000000 28.000000 37.000000 20.000000 0.317657
536083.610000 6581473.090000 58.730000 26.000000 29.000000 36.000000 21.000000 0.330322
536083.680000 6581472.800000 58.450000 25.000000 30.000000 36.000000 17.000000 0.352982
536083.710000 6581473.830000 58.160000 22.000000 27.000000 33.000000 16.000000 0.393982
536083.850000 6581473.240000 58.620000 31.000000 34.000000 41.000000 29.000000 0.353989
536083.930000 6581472.930000 58.530000 24.000000 29.000000 35.000000 17.000000 0.341660
536084.040000 6581473.300000 58.540000 30.000000 33.000000 40.000000 23.000000 0.358994
536084.600000 6581472.530000 59.020000 21.000000 24.000000 31.000000 12.000000 0.731308
536085.000000 6581472.340000 58.650000 23.000000 26.000000 33.000000 19.000000 0.447647
536085.250000 6581472.320000 58.800000 26.000000 29.000000 34.000000 16.000000 0.609985
536085.430000 6581472.360000 58.830000 25.000000 28.000000 33.000000 19.000000 0.622986
536085.600000 6581472.970000 59.170000 63.000000 67.000000 70.000000 54.000000 0.597977
536085.650000 6581472.750000 58.800000 66.000000 70.000000 73.000000 53.000000 0.349655
536086.010000 6581472.740000 58.600000 69.000000 72.000000 77.000000 53.000000 0.335648
536086.100000 6581472.370000 58.640000 44.000000 47.000000 52.000000 32.000000 0.287994
536086.590000 6581472.430000 58.720000 23.000000 26.000000 33.000000 14.000000 0.305649
536099.090000 6581475.230000 53.510000 33.000000 37.000000 40.000000 37.000000 0.409317
536099.020000 6581474.950000 53.740000 25.000000 30.000000 33.000000 30.000000 0.420990
536098.970000 6581474.720000 53.980000 29.000000 33.000000 36.000000 36.000000 0.427979
536098.900000 6581474.470000 54.200000 30.000000 34.000000 37.000000 33.000000 0.430649
536098.840000 6581474.230000 54.510000 21.000000 25.000000 28.000000 37.000000 0.453323
536098.740000 6581475.270000 53.570000 33.000000 37.000000 40.000000 43.000000 0.435989
536098.670000 6581475.000000 53.790000 33.000000 34.000000 38.000000 35.000000 0.415314
536098.610000 6581474.750000 54.060000 32.000000 33.000000 37.000000 35.000000 0.394318
536098.550000 6581474.510000 54.270000 24.000000 25.000000 29.000000 35.000000 0.385651
536098.470000 6581475.130000 53.650000 29.000000 34.000000 37.000000 36.000000 0.399658
536098.420000 6581474.940000 53.960000 28.000000 32.000000 35.000000 38.000000 0.424652
536098.350000 6581474.650000 54.180000 18.000000 22.000000 25.000000 20.000000 0.415985
536098.290000 6581475.360000 53.560000 30.000000 35.000000 38.000000 35.000000 0.451324
536098.230000 6581475.120000 53.790000 23.000000 31.000000 33.000000 30.000000 0.420319
536098.160000 6581474.850000 54.020000 24.000000 29.000000 32.000000 29.000000 0.390656
536098.100000 6581474.600000 54.300000 19.000000 20.000000 24.000000 19.000000 0.421982
536097.930000 6581475.430000 53.650000 31.000000 35.000000 36.000000 38.000000 0.400986
536097.860000 6581475.150000 53.880000 31.000000 35.000000 38.000000 38.000000 0.381317
536097.800000 6581474.900000 54.100000 18.000000 22.000000 25.000000 31.000000 0.378647
536097.630000 6581475.620000 53.530000 37.000000 38.000000 42.000000 41.000000 0.365982
536097.560000 6581475.350000 53.710000 30.000000 34.000000 37.000000 39.000000 0.374985
536097.510000 6581475.140000 54.100000 28.000000 29.000000 31.000000 33.000000 0.368652
536097.320000 6581475.570000 53.600000 30.000000 34.000000 37.000000 41.000000 0.438660
536097.260000 6581475.320000 53.880000 27.000000 31.000000 32.000000 30.000000 0.381989
536097.200000 6581475.090000 54.090000 24.000000 29.000000 32.000000 38.000000 0.362656
536097.080000 6581475.640000 53.660000 32.000000 36.000000 39.000000 37.000000 0.393982
536097.000000 6581475.350000 53.790000 31.000000 32.000000 34.000000 31.000000 0.345993
536096.730000 6581475.780000 53.650000 33.000000 37.000000 40.000000 35.000000 0.413315
536096.660000 6581475.480000 53.760000 32.000000 33.000000 35.000000 39.000000 0.404312
536096.340000 6581475.770000 53.720000 31.000000 35.000000 38.000000 38.000000 0.405991
536096.090000 6581476.050000 53.550000 36.000000 39.000000 44.000000 38.000000 0.469315
536096.020000 6581475.760000 53.750000 29.000000 32.000000 37.000000 35.000000 0.353653
536095.820000 6581476.060000 53.650000 33.000000 36.000000 41.000000 37.000000 0.594315
536099.250000 6581475.120000 53.580000 33.000000 35.000000 34.000000 37.000000 0.413315
536099.080000 6581474.540000 54.150000 27.000000 31.000000 34.000000 35.000000 0.413651
536099.010000 6581474.810000 53.880000 32.000000 37.000000 40.000000 40.000000 0.449646
536098.940000 6581475.090000 53.640000 33.000000 38.000000 41.000000 40.000000 0.401657
536098.870000 6581474.290000 54.400000 21.000000 25.000000 28.000000 37.000000 0.411316
536098.800000 6581474.560000 54.210000 30.000000 34.000000 37.000000 38.000000 0.374313
536098.730000 6581474.830000 53.960000 32.000000 33.000000 37.000000 36.000000 0.374985
536098.590000 6581475.360000 53.550000 35.000000 40.000000 43.000000 38.000000 0.367981
536098.410000 6581474.400000 54.410000 21.000000 22.000000 26.000000 32.000000 0.367981
536098.340000 6581474.670000 54.190000 18.000000 22.000000 25.000000 20.000000 0.412323
536098.280000 6581474.910000 54.000000 19.000000 24.000000 27.000000 30.000000 0.398987
536098.210000 6581475.130000 53.740000 23.000000 31.000000 33.000000 30.000000 0.421326
536098.140000 6581475.430000 53.600000 26.000000 30.000000 33.000000 33.000000 0.386658
536097.890000 6581474.890000 54.120000 15.000000 16.000000 20.000000 24.000000 0.351318
536097.830000 6581475.130000 53.860000 31.000000 35.000000 38.000000 38.000000 0.342316
536097.760000 6581475.410000 53.670000 33.000000 34.000000 36.000000 36.000000 0.347656
536097.520000 6581475.020000 54.020000 29.000000 30.000000 32.000000 33.000000 0.413986
536097.440000 6581475.320000 53.900000 27.000000 31.000000 34.000000 34.000000 0.374649
536097.380000 6581475.550000 53.640000 30.000000 34.000000 37.000000 41.000000 0.397659
536097.230000 6581475.170000 53.970000 29.000000 33.000000 34.000000 35.000000 0.364990
536097.160000 6581475.440000 53.800000 30.000000 34.000000 37.000000 37.000000 0.392319
536097.090000 6581475.700000 53.610000 33.000000 37.000000 40.000000 41.000000 0.344315
536096.740000 6581475.420000 53.870000 35.000000 36.000000 38.000000 34.000000 0.355652
536096.670000 6581475.710000 53.650000 33.000000 37.000000 40.000000 39.000000 0.351318
536096.310000 6581475.720000 53.770000 31.000000 35.000000 38.000000 38.000000 0.376328
536096.240000 6581475.990000 53.580000 33.000000 36.000000 41.000000 39.000000 0.416656
536096.030000 6581475.810000 53.840000 28.000000 31.000000 36.000000 32.000000 0.328659
536095.960000 6581476.080000 53.630000 33.000000 36.000000 41.000000 37.000000 0.544312
536095.370000 6581476.110000 53.590000 31.000000 34.000000 39.000000 33.000000 0.610657
536097.550000 6581475.660000 53.520000 30.000000 34.000000 37.000000 32.000000 0.356323
536098.280000 6581474.800000 54.090000 20.000000 24.000000 27.000000 29.000000 0.394318
536098.450000 6581475.390000 53.590000 33.000000 38.000000 41.000000 39.000000 0.373993
536098.500000 6581474.620000 54.220000 27.000000 28.000000 32.000000 35.000000 0.366318
536098.690000 6581475.260000 53.580000 31.000000 36.000000 39.000000 37.000000 0.366989
536098.910000 6581475.240000 53.500000 36.000000 40.000000 43.000000 41.000000 0.369659
536099.010000 6581474.320000 54.330000 31.000000 35.000000 38.000000 37.000000 0.427658
536099.190000 6581474.920000 53.760000 23.000000 28.000000 31.000000 28.000000 0.427979
536096.640000 6581475.370000 53.910000 33.000000 34.000000 36.000000 37.000000 0.327652
536097.230000 6581475.040000 54.050000 27.000000 31.000000 32.000000 35.000000 0.317993
536097.640000 6581474.820000 54.190000 19.000000 20.000000 24.000000 22.000000 0.299652
536097.990000 6581474.820000 54.150000 19.000000 23.000000 26.000000 27.000000 0.308319
536098.280000 6581474.780000 54.130000 20.000000 24.000000 27.000000 29.000000 0.334656
536098.400000 6581475.310000 53.660000 33.000000 38.000000 41.000000 39.000000 0.308655
536098.540000 6581474.740000 54.140000 32.000000 33.000000 37.000000 37.000000 0.331650
536098.890000 6581474.840000 53.820000 33.000000 37.000000 40.000000 41.000000 0.358322
536099.040000 6581474.210000 54.410000 35.000000 39.000000 42.000000 40.000000 0.373322
536099.160000 6581475.110000 53.590000 28.000000 34.000000 34.000000 35.000000 0.420654
536082.730000 6581479.070000 53.810000 29.000000 30.000000 34.000000 31.000000 0.374649
536082.350000 6581479.120000 53.810000 31.000000 32.000000 37.000000 40.000000 0.398987
536082.010000 6581479.400000 53.640000 57.000000 60.000000 49.000000 62.000000 0.352661
536081.960000 6581479.170000 53.900000 35.000000 38.000000 29.000000 54.000000 0.378983
536081.820000 6581479.610000 53.490000 155.000000 159.000000 134.000000 158.000000 0.376984
536081.770000 6581479.400000 53.740000 174.000000 178.000000 151.000000 172.000000 0.408325
536081.690000 6581479.100000 53.940000 184.000000 188.000000 163.000000 196.000000 0.335983
536082.700000 6581479.000000 53.970000 32.000000 33.000000 37.000000 34.000000 0.375320
536082.310000 6581479.090000 53.850000 26.000000 27.000000 31.000000 36.000000 0.375992
536082.240000 6581479.340000 53.650000 29.000000 30.000000 34.000000 33.000000 0.412323
536082.050000 6581479.030000 54.000000 26.000000 28.000000 27.000000 40.000000 0.396988
536081.980000 6581479.290000 53.800000 57.000000 59.000000 46.000000 68.000000 0.398315
536081.900000 6581479.600000 53.620000 140.000000 144.000000 121.000000 146.000000 0.338318
536081.750000 6581479.180000 53.860000 160.000000 165.000000 142.000000 166.000000 0.377991
536082.240000 6581479.140000 53.840000 34.000000 35.000000 40.000000 41.000000 0.371658
536082.800000 6581479.020000 53.800000 26.000000 27.000000 31.000000 29.000000 0.327652
536082.140000 6581479.210000 53.760000 24.000000 25.000000 27.000000 36.000000 0.344315
536082.660000 6581479.090000 53.770000 37.000000 38.000000 42.000000 40.000000 0.332321
536084.990000 6581477.780000 54.570000 24.000000 25.000000 27.000000 26.000000 0.370651
536084.720000 6581478.030000 54.270000 28.000000 29.000000 33.000000 33.000000 0.472992
536084.660000 6581477.770000 54.510000 25.000000 24.000000 30.000000 35.000000 0.438324
536084.340000 6581478.070000 54.310000 23.000000 24.000000 28.000000 20.000000 0.379990
536084.150000 6581478.250000 54.190000 20.000000 24.000000 25.000000 26.000000 0.427322
536084.080000 6581477.990000 54.420000 23.000000 22.000000 28.000000 30.000000 0.449326
536083.960000 6581478.440000 54.040000 22.000000 23.000000 27.000000 22.000000 0.400650
536083.890000 6581478.180000 54.290000 20.000000 21.000000 25.000000 26.000000 0.445648
536083.830000 6581477.920000 54.510000 24.000000 23.000000 29.000000 21.000000 0.404312
536083.510000 6581478.180000 54.400000 22.000000 23.000000 27.000000 18.000000 0.402313
536083.270000 6581478.660000 53.980000 17.000000 18.000000 22.000000 23.000000 0.363327
536083.200000 6581478.380000 54.190000 23.000000 27.000000 30.000000 35.000000 0.395981
536083.140000 6581478.130000 54.490000 20.000000 23.000000 28.000000 29.000000 0.322647
536083.000000 6581478.880000 53.910000 31.000000 32.000000 36.000000 37.000000 0.387985
536082.940000 6581478.630000 54.120000 28.000000 31.000000 36.000000 36.000000 0.394318
536082.880000 6581478.410000 54.340000 27.000000 30.000000 37.000000 38.000000 0.382324
536082.680000 6581478.850000 54.110000 32.000000 33.000000 38.000000 36.000000 0.392319
536082.600000 6581478.540000 54.260000 25.000000 29.000000 32.000000 36.000000 0.393326
536082.540000 6581478.280000 54.480000 24.000000 28.000000 31.000000 31.000000 0.431992
536082.290000 6581478.850000 54.010000 32.000000 33.000000 37.000000 37.000000 0.403992
536082.230000 6581478.620000 54.310000 30.000000 34.000000 33.000000 42.000000 0.395981
536082.170000 6581478.380000 54.590000 28.000000 32.000000 35.000000 38.000000 0.410660
536081.890000 6581478.910000 54.090000 38.000000 41.000000 32.000000 52.000000 0.388657
536081.830000 6581478.660000 54.330000 32.000000 36.000000 35.000000 44.000000 0.422318
536081.640000 6581478.880000 54.250000 154.000000 158.000000 141.000000 154.000000 0.400650
536081.580000 6581478.630000 54.460000 159.000000 161.000000 147.000000 160.000000 0.394989
536084.950000 6581477.910000 54.440000 24.000000 25.000000 27.000000 22.000000 0.374649
536084.740000 6581477.760000 54.470000 25.000000 24.000000 29.000000 34.000000 0.402313
536084.660000 6581478.040000 54.290000 27.000000 28.000000 32.000000 27.000000 0.420319
536084.250000 6581478.090000 54.280000 28.000000 29.000000 33.000000 28.000000 0.433319
536083.900000 6581478.080000 54.420000 27.000000 28.000000 32.000000 35.000000 0.367325
536083.830000 6581478.350000 54.220000 27.000000 28.000000 32.000000 31.000000 0.366989
536083.770000 6581478.580000 54.020000 25.000000 24.000000 30.000000 31.000000 0.371323
536083.550000 6581478.230000 54.310000 24.000000 25.000000 29.000000 24.000000 0.388992
536083.480000 6581478.520000 54.140000 27.000000 28.000000 33.000000 30.000000 0.365326
536083.410000 6581478.780000 53.910000 25.000000 26.000000 31.000000 28.000000 0.343658
536083.260000 6581478.290000 54.370000 22.000000 23.000000 28.000000 25.000000 0.347656
536083.190000 6581478.590000 54.170000 34.000000 38.000000 39.000000 31.000000 0.391983
536083.110000 6581478.870000 53.970000 28.000000 29.000000 33.000000 33.000000 0.385315
536082.910000 6581478.190000 54.560000 19.000000 22.000000 27.000000 29.000000 0.381989
536082.840000 6581478.440000 54.330000 27.000000 30.000000 37.000000 38.000000 0.350327
536082.780000 6581478.680000 54.100000 29.000000 32.000000 39.000000 35.000000 0.408646
536082.510000 6581478.320000 54.560000 30.000000 34.000000 37.000000 36.000000 0.377655
536082.440000 6581478.570000 54.340000 25.000000 29.000000 30.000000 27.000000 0.393646
536082.380000 6581478.820000 54.090000 30.000000 31.000000 33.000000 36.000000 0.402649
536082.180000 6581478.530000 54.410000 29.000000 33.000000 34.000000 39.000000 0.361984
536082.110000 6581478.810000 54.220000 36.000000 37.000000 41.000000 44.000000 0.398651
536081.950000 6581478.410000 54.530000 26.000000 30.000000 33.000000 38.000000 0.335983
536081.870000 6581478.690000 54.360000 32.000000 36.000000 35.000000 44.000000 0.366989
536081.810000 6581478.950000 54.120000 38.000000 41.000000 32.000000 52.000000 0.330994
536081.570000 6581478.560000 54.580000 110.000000 112.000000 101.000000 107.000000 0.410324
536082.250000 6581478.320000 54.530000 28.000000 32.000000 33.000000 40.000000 0.346649
536083.330000 6581478.190000 54.400000 22.000000 21.000000 27.000000 19.000000 0.366989
536084.170000 6581477.970000 54.420000 21.000000 20.000000 26.000000 23.000000 0.321655
536084.390000 6581477.880000 54.510000 18.000000 17.000000 23.000000 31.000000 0.367661
536084.760000 6581477.870000 54.460000 26.000000 25.000000 30.000000 28.000000 0.367661
536081.850000 6581478.970000 54.090000 38.000000 41.000000 32.000000 52.000000 0.345322
536082.490000 6581478.930000 53.950000 30.000000 31.000000 35.000000 33.000000 0.356323
536082.790000 6581478.510000 54.230000 26.000000 29.000000 38.000000 39.000000 0.382980
536083.090000 6581478.830000 53.910000 31.000000 32.000000 36.000000 37.000000 0.338318
536083.240000 6581478.200000 54.440000 22.000000 23.000000 28.000000 25.000000 0.344650
536083.560000 6581478.320000 54.180000 24.000000 25.000000 29.000000 20.000000 0.339325
536083.830000 6581478.250000 54.270000 28.000000 29.000000 31.000000 30.000000 0.372650
536083.990000 6581478.380000 54.080000 26.000000 27.000000 29.000000 30.000000 0.355316
536084.110000 6581477.870000 54.480000 12.000000 11.000000 17.000000 20.000000 0.317322
536084.400000 6581477.980000 54.340000 19.000000 18.000000 24.000000 27.000000 0.378983
536084.780000 6581477.840000 54.420000 26.000000 25.000000 30.000000 28.000000 0.390320
536085.070000 6581477.720000 54.560000 25.000000 26.000000 28.000000 24.000000 0.327652
536088.400000 6581472.420000 58.460000 65.000000 69.000000 72.000000 50.000000 0.493317
536088.340000 6581472.170000 58.720000 62.000000 66.000000 69.000000 52.000000 0.320328
536088.030000 6581472.460000 58.470000 62.000000 65.000000 70.000000 52.000000 0.563980
536087.870000 6581472.830000 58.190000 58.000000 61.000000 66.000000 48.000000 0.534988
536087.810000 6581472.580000 58.420000 61.000000 65.000000 68.000000 51.000000 0.559647
536087.750000 6581472.350000 58.640000 62.000000 66.000000 69.000000 48.000000 0.378647
536087.700000 6581473.180000 57.900000 44.000000 47.000000 52.000000 32.000000 0.481979
536087.630000 6581472.910000 58.120000 58.000000 61.000000 66.000000 47.000000 0.474991
536087.570000 6581472.680000 58.370000 60.000000 63.000000 70.000000 49.000000 0.484314
536087.510000 6581472.420000 58.590000 57.000000 60.000000 65.000000 46.000000 0.381653
536087.370000 6581473.390000 57.670000 37.000000 40.000000 47.000000 33.000000 0.465317
536087.310000 6581473.120000 57.920000 19.000000 22.000000 29.000000 14.000000 0.438660
536087.250000 6581472.900000 58.210000 24.000000 24.000000 32.000000 19.000000 0.443649
536087.190000 6581472.670000 58.480000 16.000000 16.000000 26.000000 8.000000 0.377319
536087.080000 6581473.750000 57.520000 60.000000 64.000000 67.000000 50.000000 0.431320
536087.020000 6581473.510000 57.750000 51.000000 54.000000 59.000000 42.000000 0.460648
536086.950000 6581473.220000 57.970000 29.000000 32.000000 37.000000 23.000000 0.405655
536086.890000 6581472.980000 58.260000 15.000000 18.000000 25.000000 12.000000 0.383987
536086.820000 6581472.690000 58.400000 20.000000 23.000000 32.000000 12.000000 0.403992
536086.860000 6581474.020000 57.310000 59.000000 63.000000 66.000000 45.000000 0.445648
536086.800000 6581473.760000 57.610000 54.000000 58.000000 59.000000 44.000000 0.445984
536086.730000 6581473.470000 57.840000 36.000000 40.000000 43.000000 29.000000 0.439316
536086.670000 6581473.230000 58.020000 22.000000 25.000000 30.000000 11.000000 0.456650
536086.610000 6581474.070000 57.270000 68.000000 72.000000 75.000000 56.000000 0.384659
536086.560000 6581473.870000 57.560000 60.000000 65.000000 68.000000 53.000000 0.467987
536086.490000 6581473.570000 57.720000 54.000000 59.000000 62.000000 43.000000 0.407654
536086.370000 6581474.480000 57.000000 61.000000 66.000000 70.000000 51.000000 0.470322
536086.300000 6581474.190000 57.250000 55.000000 63.000000 66.000000 49.000000 0.471985
536086.070000 6581474.750000 56.920000 70.000000 75.000000 78.000000 56.000000 0.423981
536088.560000 6581472.140000 58.630000 59.000000 63.000000 66.000000 46.000000 0.373322
536088.490000 6581472.430000 58.430000 65.000000 69.000000 72.000000 50.000000 0.528656
536088.150000 6581472.240000 58.720000 56.000000 59.000000 64.000000 49.000000 0.330994
536088.090000 6581472.490000 58.470000 62.000000 65.000000 70.000000 52.000000 0.496658
536088.010000 6581472.780000 58.340000 59.000000 62.000000 67.000000 48.000000 0.333649
536087.960000 6581473.020000 58.070000 57.000000 60.000000 65.000000 46.000000 0.499985
536087.780000 6581472.400000 58.590000 60.000000 64.000000 67.000000 47.000000 0.295319
536087.710000 6581472.640000 58.360000 61.000000 64.000000 69.000000 51.000000 0.555649
536087.640000 6581472.900000 58.140000 58.000000 61.000000 66.000000 47.000000 0.501648
536087.570000 6581473.170000 57.950000 28.000000 31.000000 38.000000 20.000000 0.470657
536087.510000 6581473.400000 57.680000 62.000000 65.000000 70.000000 48.000000 0.427658
536087.520000 6581472.450000 58.630000 57.000000 60.000000 65.000000 46.000000 0.346313
536087.450000 6581472.710000 58.390000 32.000000 35.000000 42.000000 28.000000 0.422653
536087.390000 6581472.970000 58.120000 22.000000 22.000000 30.000000 14.000000 0.423981
536087.310000 6581473.270000 57.970000 24.000000 27.000000 34.000000 19.000000 0.437317
536087.250000 6581473.490000 57.680000 48.000000 51.000000 58.000000 41.000000 0.377655
536087.180000 6581473.750000 57.480000 60.000000 64.000000 67.000000 57.000000 0.430984
536087.020000 6581472.720000 58.470000 22.000000 22.000000 32.000000 13.000000 0.353989
536086.950000 6581472.970000 58.230000 17.000000 20.000000 27.000000 12.000000 0.353989
536086.890000 6581473.200000 58.010000 25.000000 28.000000 33.000000 14.000000 0.428314
536086.810000 6581473.490000 57.810000 37.000000 40.000000 45.000000 32.000000 0.438324
536086.740000 6581473.760000 57.550000 60.000000 64.000000 65.000000 50.000000 0.404984
536086.670000 6581474.030000 57.370000 68.000000 72.000000 75.000000 56.000000 0.393982
536086.600000 6581474.310000 57.220000 72.000000 77.000000 81.000000 56.000000 0.434647
536086.290000 6581473.980000 57.500000 53.000000 61.000000 63.000000 46.000000 0.473648
536086.230000 6581474.230000 57.280000 55.000000 60.000000 64.000000 45.000000 0.452988
536086.160000 6581474.500000 57.050000 71.000000 76.000000 80.000000 54.000000 0.477982
536086.090000 6581474.750000 56.870000 70.000000 75.000000 78.000000 56.000000 0.461319
536086.130000 6581474.810000 56.840000 65.000000 70.000000 73.000000 55.000000 0.427979
536086.300000 6581474.000000 57.510000 53.000000 61.000000 63.000000 47.000000 0.412979
536086.600000 6581473.520000 57.750000 55.000000 60.000000 63.000000 47.000000 0.354660
536086.700000 6581472.890000 58.300000 22.000000 25.000000 32.000000 17.000000 0.330658
536086.880000 6581473.480000 57.770000 37.000000 40.000000 45.000000 32.000000 0.361313
536086.980000 6581472.980000 58.190000 17.000000 20.000000 27.000000 12.000000 0.356979
536087.160000 6581473.600000 57.580000 56.000000 60.000000 63.000000 46.000000 0.368652
536087.290000 6581472.810000 58.290000 18.000000 18.000000 26.000000 14.000000 0.372650
536087.470000 6581473.410000 57.710000 63.000000 66.000000 71.000000 53.000000 0.435989
536087.580000 6581472.740000 58.290000 50.000000 53.000000 60.000000 45.000000 0.477982
536087.770000 6581472.540000 58.440000 62.000000 65.000000 70.000000 48.000000 0.531647
536088.070000 6581472.630000 58.500000 59.000000 62.000000 67.000000 46.000000 0.382324
536088.260000 6581472.110000 58.710000 66.000000 70.000000 73.000000 54.000000 0.365326
536088.410000 6581472.600000 58.410000 55.000000 60.000000 63.000000 47.000000 0.465652
536088.740000 6581471.940000 58.760000 69.000000 73.000000 76.000000 55.000000 0.338654
536086.050000 6581474.660000 56.970000 68.000000 73.000000 76.000000 57.000000 0.421326
536086.570000 6581474.010000 57.350000 62.000000 67.000000 70.000000 48.000000 0.338989
536086.690000 6581473.490000 57.790000 27.000000 31.000000 34.000000 20.000000 0.393982
536086.840000 6581472.870000 58.310000 13.000000 16.000000 23.000000 10.000000 0.340652
536087.000000 6581473.760000 57.460000 60.000000 64.000000 67.000000 50.000000 0.395325
536087.160000 6581473.110000 58.090000 19.000000 22.000000 29.000000 10.000000 0.399323
536087.290000 6581473.660000 57.540000 46.000000 50.000000 53.000000 38.000000 0.365646
536087.430000 6581473.060000 58.040000 17.000000 20.000000 27.000000 19.000000 0.426315
536087.550000 6581472.550000 58.420000 59.000000 62.000000 67.000000 48.000000 0.382660
536087.680000 6581473.160000 57.830000 44.000000 47.000000 52.000000 32.000000 0.408325
536087.840000 6581472.520000 58.510000 61.000000 65.000000 68.000000 51.000000 0.498978
536088.210000 6581472.410000 58.500000 66.000000 70.000000 73.000000 56.000000 0.529312
536084.340000 6581479.040000 53.490000 25.000000 30.000000 33.000000 31.000000 0.401657
536083.400000 6581479.170000 53.550000 20.000000 24.000000 27.000000 26.000000 0.390991
536083.070000 6581479.150000 53.650000 30.000000 31.000000 36.000000 35.000000 0.429321
536082.800000 6581479.350000 53.610000 22.000000 23.000000 25.000000 31.000000 0.388321
536082.410000 6581479.360000 53.600000 27.000000 28.000000 33.000000 35.000000 0.435318
536083.980000 6581479.120000 53.480000 31.000000 35.000000 38.000000 28.000000 0.393646
536083.620000 6581479.130000 53.570000 32.000000 33.000000 37.000000 31.000000 0.337646
536083.340000 6581479.060000 53.730000 18.000000 23.000000 26.000000 25.000000 0.378983
536083.270000 6581479.330000 53.490000 23.000000 28.000000 32.000000 22.000000 0.385986
536083.050000 6581479.100000 53.730000 30.000000 31.000000 36.000000 35.000000 0.350327
536082.990000 6581479.350000 53.470000 25.000000 26.000000 30.000000 28.000000 0.324982
536082.640000 6581479.220000 53.650000 33.000000 34.000000 36.000000 40.000000 0.399658
536082.570000 6581479.500000 53.490000 26.000000 27.000000 31.000000 33.000000 0.365646
536082.350000 6581479.500000 53.480000 31.000000 32.000000 37.000000 38.000000 0.357315
536086.120000 6581478.520000 53.510000 21.000000 20.000000 26.000000 21.000000 0.513321
536086.060000 6581478.280000 53.830000 15.000000 14.000000 19.000000 20.000000 0.651978
536085.720000 6581478.440000 53.690000 23.000000 22.000000 27.000000 24.000000 0.614990
536085.520000 6581478.700000 53.520000 22.000000 23.000000 27.000000 22.000000 0.551987
536085.250000 6581478.790000 53.470000 22.000000 23.000000 27.000000 23.000000 0.498657
536085.160000 6581478.440000 54.380000 19.000000 18.000000 23.000000 20.000000 0.348648
536085.070000 6581478.080000 54.420000 27.000000 28.000000 32.000000 36.000000 0.333649
536084.920000 6581478.820000 53.680000 23.000000 24.000000 28.000000 24.000000 0.630310
536084.870000 6581478.630000 54.060000 21.000000 22.000000 26.000000 18.000000 0.348328
536084.780000 6581478.280000 54.090000 24.000000 28.000000 31.000000 28.000000 0.348328
536084.540000 6581478.880000 53.670000 20.000000 23.000000 28.000000 22.000000 0.417648
536084.480000 6581478.620000 53.850000 23.000000 24.000000 29.000000 25.000000 0.436981
536084.410000 6581478.330000 54.080000 20.000000 24.000000 27.000000 22.000000 0.430313
536084.280000 6581478.770000 53.790000 25.000000 28.000000 33.000000 23.000000 0.415985
536084.210000 6581478.510000 53.980000 21.000000 24.000000 29.000000 28.000000 0.425659
536084.080000 6581478.930000 53.570000 21.000000 26.000000 30.000000 21.000000 0.393982
536084.020000 6581478.690000 53.810000 21.000000 24.000000 29.000000 23.000000 0.410980
536083.700000 6581478.950000 53.670000 31.000000 32.000000 37.000000 33.000000 0.375992
536083.640000 6581478.700000 53.940000 28.000000 29.000000 34.000000 31.000000 0.367325
536083.330000 6581478.930000 53.760000 25.000000 28.000000 33.000000 24.000000 0.387985
536086.190000 6581478.460000 53.550000 24.000000 23.000000 29.000000 21.000000 0.540314
536086.010000 6581478.240000 53.830000 15.000000 14.000000 19.000000 20.000000 0.405319
536085.950000 6581478.490000 53.610000 18.000000 17.000000 22.000000 18.000000 0.585312
536085.440000 6581478.750000 53.470000 22.000000 23.000000 27.000000 23.000000 0.547318
536085.210000 6581478.110000 54.640000 16.000000 17.000000 21.000000 13.000000 0.293991
536085.150000 6581478.340000 54.350000 18.000000 19.000000 24.000000 18.000000 0.355652
536085.080000 6581478.630000 54.210000 19.000000 20.000000 24.000000 18.000000 0.390320
536085.040000 6581478.770000 53.660000 19.000000 20.000000 24.000000 23.000000 0.589981
536084.880000 6581478.190000 54.230000 22.000000 23.000000 28.000000 25.000000 0.388657
536084.800000 6581478.480000 54.010000 21.000000 20.000000 26.000000 17.000000 0.358994
536084.730000 6581478.760000 53.910000 23.000000 22.000000 28.000000 25.000000 0.421982
536084.680000 6581478.950000 53.510000 22.000000 23.000000 28.000000 21.000000 0.546982
536084.590000 6581478.330000 54.090000 18.000000 22.000000 25.000000 25.000000 0.408646
536084.530000 6581478.560000 53.830000 21.000000 22.000000 27.000000 25.000000 0.403992
536084.450000 6581478.850000 53.680000 16.000000 19.000000 24.000000 16.000000 0.456650
536084.190000 6581478.330000 54.080000 25.000000 29.000000 30.000000 34.000000 0.379654
536084.130000 6581478.580000 53.900000 29.000000 32.000000 37.000000 37.000000 0.406326
536084.050000 6581478.850000 53.680000 18.000000 21.000000 26.000000 21.000000 0.337982
536083.700000 6581478.840000 53.720000 27.000000 28.000000 33.000000 25.000000 0.359985
536083.500000 6581478.780000 53.900000 30.000000 31.000000 36.000000 36.000000 0.342651
536084.070000 6581478.430000 54.000000 19.000000 22.000000 27.000000 28.000000 0.345322
536084.690000 6581478.890000 53.850000 17.000000 18.000000 23.000000 18.000000 0.365646
536084.880000 6581478.280000 54.250000 23.000000 26.000000 31.000000 14.000000 0.377991
536085.000000 6581478.680000 54.210000 19.000000 20.000000 24.000000 18.000000 0.361649
536083.430000 6581478.860000 53.810000 27.000000 28.000000 33.000000 25.000000 0.338989
536083.840000 6581478.980000 53.590000 25.000000 28.000000 33.000000 20.000000 0.355988
536084.280000 6581478.490000 53.990000 17.000000 20.000000 25.000000 22.000000 0.353317
536084.640000 6581478.430000 54.000000 22.000000 23.000000 28.000000 19.000000 0.308990
536084.830000 6581478.720000 53.970000 16.000000 17.000000 21.000000 18.000000 0.331985
536084.950000 6581478.220000 54.270000 20.000000 23.000000 28.000000 28.000000 0.367661
536086.260000 6581478.230000 53.830000 17.000000 16.000000 21.000000 16.000000 0.618317
536085.980000 6581476.450000 55.850000 19.000000 22.000000 29.000000 27.000000 0.336655
536085.900000 6581476.110000 55.850000 24.000000 24.000000 32.000000 20.000000 0.352325
536085.820000 6581475.800000 55.980000 27.000000 32.000000 36.000000 31.000000 0.389984
536086.020000 6581476.540000 55.790000 19.000000 22.000000 29.000000 27.000000 0.328323
536085.950000 6581476.820000 55.690000 29.000000 34.000000 40.000000 32.000000 0.344650
536085.880000 6581477.080000 55.470000 19.000000 24.000000 30.000000 22.000000 0.303986
536085.820000 6581475.780000 55.970000 27.000000 32.000000 36.000000 31.000000 0.415985
536085.880000 6581475.910000 56.030000 29.000000 32.000000 37.000000 29.000000 0.384323
536085.770000 6581475.830000 56.010000 25.000000 28.000000 33.000000 30.000000 0.342651
536085.860000 6581476.960000 55.550000 23.000000 28.000000 34.000000 23.000000 0.314651
536098.770000 6581473.940000 54.600000 33.000000 41.000000 44.000000 32.000000 0.413651
536098.490000 6581474.280000 54.610000 13.000000 14.000000 18.000000 15.000000 0.385651
536098.420000 6581474.010000 54.790000 16.000000 19.000000 24.000000 23.000000 0.426651
536098.280000 6581474.370000 54.400000 14.000000 15.000000 19.000000 21.000000 0.397980
536098.220000 6581474.140000 54.620000 13.000000 14.000000 19.000000 24.000000 0.393982
536098.160000 6581473.910000 54.900000 23.000000 23.000000 31.000000 18.000000 0.378983
536098.030000 6581474.330000 54.520000 13.000000 12.000000 18.000000 16.000000 0.416656
536097.970000 6581474.070000 54.790000 23.000000 24.000000 29.000000 20.000000 0.394989
536097.910000 6581473.830000 55.050000 25.000000 30.000000 36.000000 24.000000 0.414322
536097.740000 6581474.670000 54.320000 6.000000 5.000000 10.000000 20.000000 0.370987
536097.610000 6581474.130000 54.820000 18.000000 21.000000 28.000000 17.000000 0.423981
536097.550000 6581473.900000 55.060000 21.000000 26.000000 32.000000 25.000000 0.387650
536097.430000 6581474.820000 54.220000 22.000000 26.000000 27.000000 30.000000 0.377991
536097.370000 6581474.580000 54.480000 21.000000 26.000000 30.000000 27.000000 0.405319
536097.300000 6581474.300000 54.660000 26.000000 31.000000 35.000000 17.000000 0.418655
536097.250000 6581474.080000 55.000000 29.000000 32.000000 37.000000 30.000000 0.397659
536097.140000 6581474.810000 54.320000 26.000000 30.000000 33.000000 32.000000 0.369980
536097.070000 6581474.560000 54.590000 24.000000 25.000000 30.000000 22.000000 0.401657
536097.020000 6581474.360000 54.860000 20.000000 20.000000 28.000000 22.000000 0.389648
536096.950000 6581474.060000 54.970000 29.000000 30.000000 35.000000 22.000000 0.404648
536096.890000 6581473.850000 55.310000 23.000000 26.000000 31.000000 27.000000 0.425980
536096.950000 6581475.130000 54.110000 25.000000 30.000000 33.000000 27.000000 0.427979
536096.880000 6581474.870000 54.360000 22.000000 27.000000 31.000000 34.000000 0.390656
536096.830000 6581474.640000 54.610000 13.000000 13.000000 21.000000 19.000000 0.390320
536096.750000 6581474.350000 54.760000 21.000000 21.000000 29.000000 22.000000 0.324326
536096.700000 6581474.120000 55.100000 29.000000 29.000000 37.000000 34.000000 0.396652
536096.570000 6581473.580000 55.510000 26.000000 29.000000 34.000000 22.000000 0.376328
536096.600000 6581475.260000 54.070000 30.000000 34.000000 35.000000 37.000000 0.381653
536096.530000 6581474.990000 54.340000 24.000000 29.000000 33.000000 30.000000 0.377655
536096.460000 6581474.720000 54.490000 21.000000 24.000000 31.000000 27.000000 0.369324
536096.400000 6581474.490000 54.780000 21.000000 24.000000 33.000000 16.000000 0.353653
536096.340000 6581474.240000 55.070000 26.000000 30.000000 39.000000 29.000000 0.400314
536096.280000 6581473.970000 55.240000 12.000000 15.000000 22.000000 14.000000 0.393982
536096.210000 6581473.720000 55.490000 20.000000 21.000000 26.000000 15.000000 0.406326
536096.280000 6581475.530000 53.910000 28.000000 32.000000 35.000000 36.000000 0.351318
536096.090000 6581474.770000 54.670000 29.000000 34.000000 40.000000 27.000000 0.380325
536096.020000 6581474.470000 54.810000 11.000000 18.000000 28.000000 17.000000 0.351318
536095.950000 6581474.180000 55.060000 20.000000 24.000000 33.000000 18.000000 0.385315
536095.900000 6581473.960000 55.370000 10.000000 13.000000 22.000000 16.000000 0.360992
536095.840000 6581473.720000 55.610000 23.000000 21.000000 32.000000 21.000000 0.367325
536095.950000 6581475.490000 53.950000 28.000000 32.000000 35.000000 32.000000 0.393982
536095.890000 6581475.240000 54.180000 34.000000 35.000000 39.000000 44.000000 0.435654
536095.840000 6581475.030000 54.450000 31.000000 32.000000 34.000000 40.000000 0.368988
536095.770000 6581474.740000 54.670000 43.000000 48.000000 52.000000 39.000000 0.378326
536095.710000 6581474.500000 54.940000 18.000000 22.000000 31.000000 26.000000 0.400986
536095.650000 6581474.280000 55.220000 20.000000 24.000000 33.000000 21.000000 0.368988
536095.580000 6581474.000000 55.440000 21.000000 21.000000 29.000000 19.000000 0.392319
536095.510000 6581473.700000 55.640000 25.000000 25.000000 35.000000 19.000000 0.396317
536095.450000 6581473.480000 55.890000 33.000000 38.000000 44.000000 49.000000 0.357315
536095.680000 6581475.520000 54.090000 28.000000 32.000000 35.000000 40.000000 0.397980
536095.620000 6581475.260000 54.280000 30.000000 31.000000 35.000000 38.000000 0.324326
536095.550000 6581475.000000 54.540000 16.000000 20.000000 23.000000 28.000000 0.400650
536095.490000 6581474.740000 54.780000 46.000000 49.000000 58.000000 42.000000 0.406326
536095.420000 6581474.460000 55.000000 20.000000 23.000000 32.000000 23.000000 0.400650
536095.350000 6581474.200000 55.210000 20.000000 23.000000 32.000000 19.000000 0.426651
536095.300000 6581473.980000 55.500000 24.000000 24.000000 32.000000 20.000000 0.333313
536095.230000 6581473.710000 55.690000 19.000000 19.000000 29.000000 22.000000 0.377319
536095.170000 6581473.440000 55.940000 20.000000 27.000000 33.000000 32.000000 0.396317
536095.410000 6581476.100000 53.990000 40.000000 43.000000 48.000000 43.000000 0.564316
536095.370000 6581475.900000 54.320000 37.000000 40.000000 45.000000 38.000000 0.360657
536095.200000 6581475.230000 54.490000 32.000000 33.000000 37.000000 40.000000 0.337982
536095.140000 6581474.990000 54.670000 40.000000 43.000000 48.000000 40.000000 0.374649
536095.070000 6581474.730000 54.840000 23.000000 23.000000 33.000000 21.000000 0.376648
536095.010000 6581474.470000 55.100000 26.000000 26.000000 36.000000 22.000000 0.373657
536094.890000 6581474.000000 55.610000 16.000000 19.000000 26.000000 23.000000 0.332993
536094.820000 6581473.730000 55.800000 18.000000 21.000000 28.000000 23.000000 0.365982
536094.760000 6581473.460000 56.030000 19.000000 28.000000 33.000000 26.000000 0.360992
536094.700000 6581473.230000 56.260000 81.000000 89.000000 92.000000 85.000000 0.344650
536095.010000 6581476.170000 53.610000 32.000000 35.000000 40.000000 36.000000 0.577988
536094.640000 6581474.700000 55.010000 16.000000 19.000000 28.000000 23.000000 0.316986
536094.570000 6581474.430000 55.290000 18.000000 18.000000 28.000000 19.000000 0.418991
536094.520000 6581474.200000 55.520000 20.000000 20.000000 28.000000 21.000000 0.419983
536094.450000 6581473.910000 55.680000 21.000000 22.000000 27.000000 14.000000 0.348984
536094.380000 6581473.650000 55.980000 19.000000 23.000000 32.000000 26.000000 0.429321
536094.320000 6581473.400000 56.180000 39.000000 46.000000 54.000000 46.000000 0.344650
536098.940000 6581474.020000 54.640000 29.000000 33.000000 36.000000 38.000000 0.443985
536098.490000 6581474.090000 54.580000 16.000000 19.000000 24.000000 23.000000 0.386658
536098.100000 6581474.090000 54.760000 19.000000 20.000000 25.000000 23.000000 0.387650
536098.030000 6581474.380000 54.550000 13.000000 12.000000 18.000000 16.000000 0.386993
536097.790000 6581473.980000 54.990000 22.000000 27.000000 33.000000 24.000000 0.350327
536097.720000 6581474.270000 54.740000 27.000000 26.000000 32.000000 26.000000 0.378983
536097.660000 6581474.490000 54.490000 9.000000 10.000000 14.000000 15.000000 0.323318
536097.590000 6581474.760000 54.300000 21.000000 25.000000 28.000000 26.000000 0.376328
536097.590000 6581473.800000 55.120000 19.000000 22.000000 29.000000 13.000000 0.356659
536097.520000 6581474.080000 54.860000 23.000000 28.000000 34.000000 19.000000 0.339661
536097.440000 6581474.380000 54.700000 28.000000 36.000000 39.000000 27.000000 0.362656
536097.370000 6581474.630000 54.470000 21.000000 25.000000 28.000000 29.000000 0.348648
536097.300000 6581474.910000 54.220000 21.000000 25.000000 28.000000 28.000000 0.375656
536097.140000 6581473.890000 55.170000 23.000000 26.000000 31.000000 24.000000 0.374985
536097.080000 6581474.130000 55.000000 26.000000 29.000000 34.000000 26.000000 0.298981
536097.010000 6581474.370000 54.770000 20.000000 20.000000 28.000000 22.000000 0.362991
536096.940000 6581474.670000 54.590000 20.000000 20.000000 28.000000 25.000000 0.397659
536096.870000 6581474.910000 54.330000 28.000000 33.000000 37.000000 37.000000 0.355988
536096.810000 6581475.170000 54.130000 25.000000 30.000000 34.000000 33.000000 0.398987
536096.730000 6581474.120000 55.100000 27.000000 27.000000 35.000000 32.000000 0.347321
536096.670000 6581474.370000 54.850000 19.000000 19.000000 27.000000 20.000000 0.360657
536096.590000 6581474.660000 54.610000 36.000000 39.000000 46.000000 31.000000 0.347656
536096.520000 6581474.930000 54.400000 24.000000 29.000000 33.000000 30.000000 0.400650
536096.460000 6581475.180000 54.210000 24.000000 28.000000 31.000000 34.000000 0.389648
536096.380000 6581475.470000 53.990000 31.000000 35.000000 38.000000 38.000000 0.421326
536096.590000 6581473.660000 55.460000 26.000000 30.000000 33.000000 25.000000 0.356323
536096.510000 6581473.950000 55.280000 25.000000 28.000000 33.000000 26.000000 0.343323
536096.440000 6581474.230000 55.060000 27.000000 30.000000 39.000000 28.000000 0.381653
536096.380000 6581474.470000 54.810000 22.000000 26.000000 35.000000 18.000000 0.346313
536096.310000 6581474.720000 54.610000 22.000000 27.000000 33.000000 31.000000 0.341980
536096.240000 6581474.990000 54.380000 25.000000 30.000000 34.000000 35.000000 0.364655
536096.180000 6581475.240000 54.150000 35.000000 36.000000 40.000000 39.000000 0.331985
536096.110000 6581475.480000 53.980000 27.000000 31.000000 34.000000 35.000000 0.385315
536096.400000 6581473.570000 55.660000 24.000000 27.000000 34.000000 17.000000 0.355316
536096.350000 6581473.790000 55.410000 26.000000 27.000000 32.000000 20.000000 0.405655
536096.280000 6581474.030000 55.170000 23.000000 26.000000 35.000000 22.000000 0.392654
536096.210000 6581474.310000 54.970000 17.000000 21.000000 30.000000 24.000000 0.336990
536096.130000 6581474.610000 54.840000 42.000000 49.000000 55.000000 41.000000 0.325317
536096.070000 6581474.860000 54.620000 28.000000 33.000000 37.000000 35.000000 0.390320
536096.000000 6581475.120000 54.400000 28.000000 32.000000 35.000000 37.000000 0.380325
536095.930000 6581475.370000 54.140000 34.000000 35.000000 39.000000 35.000000 0.392654
536095.860000 6581475.640000 53.970000 31.000000 34.000000 39.000000 34.000000 0.334320
536095.770000 6581476.010000 53.950000 33.000000 36.000000 41.000000 40.000000 0.298981
536095.990000 6581473.730000 55.570000 22.000000 22.000000 32.000000 22.000000 0.387314
536095.920000 6581474.000000 55.260000 10.000000 13.000000 22.000000 16.000000 0.343994
536095.860000 6581474.240000 55.110000 20.000000 24.000000 33.000000 23.000000 0.362656
536095.790000 6581474.530000 54.900000 20.000000 24.000000 33.000000 16.000000 0.423325
536095.710000 6581474.810000 54.620000 26.000000 30.000000 33.000000 36.000000 0.371323
536095.650000 6581475.070000 54.480000 34.000000 35.000000 37.000000 41.000000 0.371323
536095.590000 6581475.300000 54.260000 26.000000 27.000000 31.000000 36.000000 0.344650
536095.490000 6581475.680000 54.210000 33.000000 36.000000 41.000000 40.000000 0.340652
536095.700000 6581473.540000 55.790000 20.000000 23.000000 30.000000 24.000000 0.356979
536095.630000 6581473.810000 55.580000 25.000000 25.000000 35.000000 27.000000 0.366653
536095.550000 6581474.100000 55.400000 22.000000 25.000000 32.000000 27.000000 0.395981
536095.490000 6581474.340000 55.130000 20.000000 23.000000 32.000000 21.000000 0.366318
536095.420000 6581474.610000 54.860000 25.000000 28.000000 37.000000 23.000000 0.375656
536095.340000 6581474.910000 54.690000 27.000000 31.000000 34.000000 34.000000 0.361984
536095.270000 6581475.190000 54.540000 31.000000 32.000000 34.000000 36.000000 0.331985
536095.010000 6581476.190000 53.600000 32.000000 35.000000 40.000000 36.000000 0.589981
536095.390000 6581473.640000 55.770000 20.000000 23.000000 32.000000 20.000000 0.345993
536095.320000 6581473.890000 55.540000 17.000000 17.000000 25.000000 15.000000 0.334656
536095.250000 6581474.170000 55.330000 22.000000 22.000000 30.000000 29.000000 0.330994
536095.180000 6581474.450000 55.170000 24.000000 24.000000 34.000000 26.000000 0.284653
536095.130000 6581474.630000 54.840000 20.000000 20.000000 30.000000 19.000000 0.321320
536095.050000 6581474.950000 54.710000 42.000000 45.000000 50.000000 39.000000 0.404312
536095.140000 6581473.580000 55.920000 19.000000 24.000000 30.000000 25.000000 0.380646
536095.080000 6581473.830000 55.660000 21.000000 21.000000 29.000000 18.000000 0.344315
536095.000000 6581474.110000 55.480000 21.000000 21.000000 29.000000 27.000000 0.345993
536094.940000 6581474.350000 55.210000 16.000000 16.000000 26.000000 22.000000 0.328659
536094.870000 6581474.630000 55.030000 18.000000 18.000000 28.000000 26.000000 0.372986
536094.810000 6581473.420000 56.240000 18.000000 25.000000 31.000000 29.000000 0.335327
536094.750000 6581473.640000 55.950000 23.000000 28.000000 34.000000 21.000000 0.367325
536094.680000 6581473.920000 55.720000 21.000000 24.000000 29.000000 19.000000 0.407318
536094.610000 6581474.180000 55.490000 16.000000 17.000000 22.000000 16.000000 0.392654
536094.550000 6581474.400000 55.230000 18.000000 18.000000 28.000000 19.000000 0.362656
536094.500000 6581473.220000 56.350000 85.000000 95.000000 97.000000 89.000000 0.384979
536094.440000 6581473.460000 56.140000 26.000000 35.000000 40.000000 39.000000 0.334991
536094.370000 6581473.720000 55.920000 20.000000 23.000000 30.000000 26.000000 0.357315
536094.410000 6581473.680000 55.910000 27.000000 32.000000 38.000000 29.000000 0.350327
536094.600000 6581473.350000 56.240000 54.000000 64.000000 66.000000 56.000000 0.323990
536095.500000 6581475.180000 54.400000 28.000000 29.000000 31.000000 36.000000 0.310989
536095.960000 6581474.560000 54.880000 28.000000 32.000000 41.000000 31.000000 0.332321
536096.210000 6581474.510000 54.870000 38.000000 42.000000 51.000000 31.000000 0.345657
536096.990000 6581474.610000 54.520000 20.000000 20.000000 28.000000 25.000000 0.330658
536097.010000 6581473.860000 55.180000 21.000000 24.000000 29.000000 24.000000 0.361649
536097.190000 6581474.440000 54.670000 10.000000 13.000000 18.000000 19.000000 0.353653
536097.320000 6581474.000000 55.050000 27.000000 30.000000 35.000000 24.000000 0.338989
536097.490000 6581474.560000 54.530000 22.000000 27.000000 31.000000 29.000000 0.337646
536097.670000 6581473.970000 54.910000 20.000000 25.000000 31.000000 24.000000 0.358658
536094.710000 6581473.270000 56.190000 60.000000 68.000000 71.000000 62.000000 0.320648
536094.880000 6581473.720000 55.770000 18.000000 21.000000 28.000000 23.000000 0.314316
536094.870000 6581475.310000 54.780000 31.000000 32.000000 34.000000 37.000000 0.335983
536094.960000 6581474.950000 54.710000 40.000000 43.000000 48.000000 38.000000 0.354660
536095.080000 6581474.440000 55.160000 26.000000 26.000000 36.000000 22.000000 0.306992
536095.180000 6581475.530000 54.620000 27.000000 28.000000 32.000000 26.000000 0.312317
536095.260000 6581475.250000 54.380000 30.000000 31.000000 35.000000 40.000000 0.304321
536095.380000 6581474.730000 54.780000 35.000000 38.000000 45.000000 34.000000 0.323318
536095.520000 6581474.160000 55.230000 22.000000 25.000000 32.000000 27.000000 0.337646
536095.650000 6581473.590000 55.710000 20.000000 23.000000 30.000000 24.000000 0.308319
536095.420000 6581475.760000 54.200000 34.000000 37.000000 42.000000 40.000000 0.322983
536095.500000 6581475.420000 54.220000 31.000000 35.000000 38.000000 36.000000 0.289658
536095.760000 6581474.330000 55.030000 20.000000 24.000000 33.000000 21.000000 0.327652
536095.720000 6581475.810000 54.020000 33.000000 36.000000 41.000000 38.000000 0.347321
536095.800000 6581475.460000 54.040000 29.000000 33.000000 36.000000 33.000000 0.344650
536096.220000 6581473.730000 55.470000 20.000000 21.000000 26.000000 15.000000 0.320984
536096.270000 6581475.260000 54.140000 34.000000 35.000000 39.000000 41.000000 0.306320
536096.390000 6581474.760000 54.500000 22.000000 27.000000 33.000000 31.000000 0.301315
536096.540000 6581474.130000 55.080000 25.000000 28.000000 35.000000 23.000000 0.291321
536096.910000 6581474.260000 54.880000 19.000000 19.000000 27.000000 20.000000 0.345322
536097.010000 6581474.940000 54.180000 27.000000 31.000000 34.000000 36.000000 0.302994
536097.160000 6581474.310000 54.760000 16.000000 19.000000 26.000000 14.000000 0.310654
536097.380000 6581474.390000 54.680000 25.000000 30.000000 34.000000 25.000000 0.324326
536097.510000 6581473.890000 55.040000 19.000000 22.000000 29.000000 15.000000 0.319321
536097.770000 6581474.270000 54.610000 27.000000 26.000000 32.000000 26.000000 0.324982
536098.140000 6581474.200000 54.690000 21.000000 20.000000 26.000000 24.000000 0.343994
536098.420000 6581474.230000 54.540000 13.000000 14.000000 18.000000 15.000000 0.360657
536089.880000 6581472.190000 58.450000 50.000000 55.000000 58.000000 46.000000 0.512314
536089.960000 6581473.760000 56.930000 27.000000 28.000000 32.000000 21.000000 0.464981
536089.910000 6581473.530000 57.140000 72.000000 76.000000 79.000000 62.000000 0.400650
536089.850000 6581473.290000 57.410000 64.000000 68.000000 71.000000 53.000000 0.402313
536089.770000 6581472.990000 57.590000 60.000000 63.000000 68.000000 50.000000 0.554977
536089.710000 6581472.750000 57.840000 63.000000 67.000000 70.000000 58.000000 0.568649
536089.650000 6581472.520000 58.060000 61.000000 66.000000 69.000000 55.000000 0.544312
536089.590000 6581472.250000 58.310000 59.000000 62.000000 67.000000 48.000000 0.576981
536089.520000 6581472.000000 58.510000 61.000000 65.000000 68.000000 48.000000 0.472992
536089.720000 6581474.240000 57.130000 47.000000 52.000000 55.000000 45.000000 0.679977
536089.230000 6581472.300000 58.310000 70.000000 74.000000 77.000000 56.000000 0.362656
536089.170000 6581472.040000 58.580000 59.000000 63.000000 66.000000 49.000000 0.366653
536089.500000 6581474.330000 56.930000 46.000000 50.000000 51.000000 38.000000 0.638977
536088.970000 6581472.190000 58.530000 64.000000 68.000000 71.000000 51.000000 0.342987
536089.200000 6581474.320000 56.660000 68.000000 74.000000 74.000000 57.000000 0.541656
536089.060000 6581473.770000 57.070000 66.000000 71.000000 74.000000 54.000000 0.386658
536088.950000 6581473.270000 57.520000 53.000000 58.000000 61.000000 45.000000 0.422653
536088.810000 6581472.750000 58.010000 61.000000 66.000000 69.000000 51.000000 0.418320
536088.750000 6581472.500000 58.290000 62.000000 67.000000 70.000000 54.000000 0.438980
536088.910000 6581474.470000 56.490000 47.000000 52.000000 55.000000 41.000000 0.566986
536088.840000 6581474.190000 56.690000 43.000000 46.000000 51.000000 40.000000 0.579315
536088.770000 6581473.910000 56.960000 36.000000 39.000000 44.000000 35.000000 0.533981
536088.710000 6581473.680000 57.220000 59.000000 62.000000 67.000000 42.000000 0.486649
536088.650000 6581473.410000 57.450000 58.000000 63.000000 67.000000 49.000000 0.594650
536088.590000 6581473.190000 57.790000 63.000000 68.000000 72.000000 55.000000 0.600647
536088.530000 6581472.940000 58.010000 55.000000 60.000000 63.000000 48.000000 0.463318
536088.470000 6581472.710000 58.220000 65.000000 70.000000 73.000000 51.000000 0.400314
536088.540000 6581474.500000 56.530000 79.000000 83.000000 86.000000 66.000000 0.567657
536088.480000 6581474.260000 56.770000 45.000000 44.000000 52.000000 42.000000 0.500656
536088.410000 6581473.990000 56.970000 58.000000 63.000000 66.000000 51.000000 0.497314
536088.350000 6581473.750000 57.240000 54.000000 58.000000 61.000000 43.000000 0.519989
536088.280000 6581473.490000 57.480000 54.000000 59.000000 63.000000 46.000000 0.553314
536088.220000 6581473.240000 57.750000 61.000000 66.000000 70.000000 52.000000 0.569656
536088.160000 6581473.000000 58.010000 60.000000 63.000000 68.000000 52.000000 0.320984
536088.300000 6581474.590000 56.470000 61.000000 69.000000 71.000000 51.000000 0.503647
536088.240000 6581474.330000 56.770000 62.000000 62.000000 70.000000 50.000000 0.460983
536088.180000 6581474.080000 56.970000 47.000000 52.000000 55.000000 50.000000 0.482315
536088.120000 6581473.850000 57.230000 50.000000 60.000000 59.000000 46.000000 0.489655
536088.050000 6581473.560000 57.440000 57.000000 62.000000 66.000000 46.000000 0.546982
536088.000000 6581473.360000 57.760000 62.000000 65.000000 70.000000 47.000000 0.611649
536087.940000 6581473.110000 57.990000 53.000000 56.000000 61.000000 41.000000 0.542648
536088.070000 6581474.660000 56.510000 51.000000 60.000000 59.000000 47.000000 0.501648
536088.000000 6581474.410000 56.700000 67.000000 75.000000 77.000000 60.000000 0.464981
536087.940000 6581474.150000 56.950000 35.000000 40.000000 43.000000 37.000000 0.443314
536087.880000 6581473.900000 57.160000 59.000000 64.000000 68.000000 45.000000 0.485992
536087.820000 6581473.670000 57.400000 59.000000 64.000000 68.000000 50.000000 0.473984
536087.760000 6581473.430000 57.680000 59.000000 62.000000 67.000000 50.000000 0.460648
536087.680000 6581474.640000 56.490000 72.000000 75.000000 80.000000 60.000000 0.439987
536087.620000 6581474.390000 56.740000 21.000000 25.000000 28.000000 16.000000 0.436981
536087.560000 6581474.140000 57.010000 62.000000 66.000000 69.000000 57.000000 0.433655
536087.500000 6581473.920000 57.270000 56.000000 60.000000 63.000000 44.000000 0.441986
536087.440000 6581473.660000 57.470000 56.000000 59.000000 64.000000 48.000000 0.474655
536087.330000 6581474.730000 56.530000 74.000000 78.000000 81.000000 63.000000 0.432648
536087.280000 6581474.510000 56.770000 40.000000 44.000000 47.000000 32.000000 0.434982
536087.210000 6581474.250000 57.010000 54.000000 58.000000 59.000000 51.000000 0.455658
536087.140000 6581473.980000 57.300000 56.000000 60.000000 63.000000 50.000000 0.470322
536087.060000 6581474.800000 56.580000 70.000000 74.000000 77.000000 57.000000 0.470322
536086.990000 6581474.520000 56.830000 27.000000 31.000000 34.000000 26.000000 0.451645
536086.920000 6581474.270000 57.100000 57.000000 61.000000 64.000000 50.000000 0.410660
536086.790000 6581474.820000 56.550000 79.000000 83.000000 86.000000 68.000000 0.451981
536086.740000 6581474.580000 56.830000 20.000000 24.000000 27.000000 19.000000 0.408325
536086.680000 6581474.330000 57.070000 73.000000 77.000000 80.000000 58.000000 0.444321
536086.490000 6581474.970000 56.530000 71.000000 76.000000 79.000000 62.000000 0.525986
536086.430000 6581474.720000 56.740000 52.000000 57.000000 61.000000 43.000000 0.423981
536086.120000 6581474.950000 56.570000 62.000000 67.000000 70.000000 56.000000 0.461990
536089.820000 6581474.260000 56.710000 44.000000 53.000000 58.000000 47.000000 0.479980
536089.810000 6581472.850000 57.810000 56.000000 60.000000 63.000000 44.000000 0.478653
536089.750000 6581473.060000 57.560000 55.000000 58.000000 63.000000 44.000000 0.376328
536089.410000 6581474.360000 57.120000 47.000000 51.000000 50.000000 43.000000 0.704651
536089.580000 6581472.210000 58.420000 59.000000 62.000000 67.000000 48.000000 0.499985
536089.510000 6581472.490000 58.140000 62.000000 65.000000 70.000000 48.000000 0.355988
536089.140000 6581473.900000 57.360000 20.000000 23.000000 30.000000 21.000000 0.544647
536089.100000 6581474.050000 56.840000 29.000000 34.000000 38.000000 25.000000 0.500656
536089.020000 6581474.340000 56.630000 73.000000 79.000000 79.000000 60.000000 0.553650
536089.270000 6581472.100000 58.470000 68.000000 72.000000 75.000000 53.000000 0.302322
536089.200000 6581472.350000 58.240000 61.000000 65.000000 68.000000 46.000000 0.290649
536089.130000 6581472.630000 58.070000 66.000000 71.000000 74.000000 52.000000 0.315323
536089.010000 6581473.100000 58.280000 64.000000 69.000000 73.000000 52.000000 0.383316
536088.960000 6581473.270000 57.850000 53.000000 58.000000 61.000000 45.000000 0.510315
536088.920000 6581473.440000 57.460000 64.000000 69.000000 73.000000 50.000000 0.446991
536088.840000 6581473.730000 57.210000 62.000000 67.000000 70.000000 57.000000 0.496979
536088.780000 6581473.960000 56.940000 36.000000 39.000000 44.000000 35.000000 0.527313
536088.710000 6581474.220000 56.750000 71.000000 74.000000 79.000000 62.000000 0.483978
536088.650000 6581474.490000 56.540000 75.000000 79.000000 82.000000 61.000000 0.527313
536088.910000 6581472.390000 58.280000 66.000000 71.000000 74.000000 55.000000 0.399323
536088.840000 6581472.670000 58.090000 61.000000 66.000000 69.000000 52.000000 0.415985
536088.770000 6581472.940000 57.870000 57.000000 62.000000 65.000000 48.000000 0.499649
536088.700000 6581473.220000 57.680000 58.000000 63.000000 66.000000 52.000000 0.555649
536088.640000 6581473.450000 57.430000 58.000000 63.000000 67.000000 49.000000 0.565643
536088.570000 6581473.730000 57.210000 58.000000 61.000000 66.000000 46.000000 0.500992
536088.500000 6581473.980000 56.990000 54.000000 58.000000 61.000000 45.000000 0.516647
536088.430000 6581474.230000 56.770000 45.000000 44.000000 52.000000 42.000000 0.508316
536088.370000 6581474.460000 56.540000 76.000000 81.000000 84.000000 64.000000 0.491989
536088.420000 6581472.720000 58.270000 65.000000 70.000000 73.000000 51.000000 0.407318
536088.290000 6581473.190000 57.800000 56.000000 61.000000 65.000000 49.000000 0.402649
536088.230000 6581473.440000 57.530000 54.000000 59.000000 63.000000 46.000000 0.579651
536088.160000 6581473.680000 57.270000 61.000000 66.000000 69.000000 51.000000 0.520645
536088.100000 6581473.930000 57.090000 67.000000 75.000000 77.000000 53.000000 0.491989
536088.030000 6581474.210000 56.880000 23.000000 24.000000 29.000000 26.000000 0.427322
536087.950000 6581474.500000 56.700000 70.000000 75.000000 78.000000 62.000000 0.461655
536087.890000 6581473.240000 57.800000 60.000000 63.000000 68.000000 49.000000 0.532654
536087.820000 6581473.520000 57.520000 53.000000 58.000000 62.000000 42.000000 0.505325
536087.750000 6581473.780000 57.310000 59.000000 62.000000 67.000000 46.000000 0.393646
536087.690000 6581474.020000 57.090000 64.000000 68.000000 71.000000 52.000000 0.435654
536087.610000 6581474.320000 56.940000 21.000000 25.000000 28.000000 16.000000 0.456985
536087.540000 6581474.590000 56.700000 63.000000 67.000000 70.000000 52.000000 0.416321
536087.440000 6581473.690000 57.490000 56.000000 59.000000 64.000000 48.000000 0.447647
536087.360000 6581473.990000 57.280000 48.000000 52.000000 55.000000 34.000000 0.392319
536087.300000 6581474.240000 57.030000 46.000000 50.000000 51.000000 42.000000 0.411652
536087.220000 6581474.510000 56.790000 40.000000 44.000000 47.000000 32.000000 0.438324
536087.150000 6581474.780000 56.590000 73.000000 77.000000 80.000000 59.000000 0.476318
536087.110000 6581474.030000 57.320000 60.000000 64.000000 67.000000 49.000000 0.413315
536087.040000 6581474.280000 57.060000 58.000000 62.000000 65.000000 53.000000 0.454987
536086.970000 6581474.560000 56.820000 27.000000 31.000000 34.000000 26.000000 0.440659
536086.900000 6581474.820000 56.640000 77.000000 81.000000 84.000000 66.000000 0.416992
536086.530000 6581474.570000 56.900000 21.000000 26.000000 30.000000 22.000000 0.465317
536086.470000 6581474.800000 56.700000 52.000000 57.000000 61.000000 43.000000 0.424652
536086.400000 6581475.080000 56.500000 51.000000 56.000000 59.000000 46.000000 0.489319
536086.030000 6581474.980000 56.560000 67.000000 72.000000 75.000000 56.000000 0.471649
536086.480000 6581474.580000 56.940000 31.000000 36.000000 40.000000 31.000000 0.393982
536086.960000 6581474.760000 56.630000 80.000000 84.000000 87.000000 67.000000 0.421326
536087.060000 6581474.100000 57.170000 62.000000 66.000000 69.000000 56.000000 0.378647
536087.240000 6581474.680000 56.650000 68.000000 72.000000 75.000000 59.000000 0.407318
536087.340000 6581474.200000 57.100000 46.000000 50.000000 51.000000 42.000000 0.359314
536087.530000 6581474.810000 56.500000 27.000000 30.000000 35.000000 26.000000 0.419983
536087.650000 6581474.010000 57.160000 64.000000 68.000000 71.000000 52.000000 0.392319
536087.830000 6581474.630000 56.550000 68.000000 73.000000 77.000000 53.000000 0.454651
536087.750000 6581473.290000 57.790000 58.000000 61.000000 66.000000 53.000000 0.420654
536087.940000 6581473.930000 57.160000 58.000000 66.000000 68.000000 52.000000 0.428650
536088.120000 6581474.540000 56.600000 71.000000 81.000000 80.000000 59.000000 0.415985
536087.960000 6581473.180000 57.750000 53.000000 56.000000 61.000000 41.000000 0.476318
536088.140000 6581473.780000 57.290000 56.000000 64.000000 66.000000 46.000000 0.463654
536088.330000 6581474.410000 56.630000 76.000000 81.000000 84.000000 64.000000 0.475311
536088.270000 6581473.320000 57.750000 56.000000 61.000000 65.000000 47.000000 0.724319
536088.490000 6581474.030000 56.940000 26.000000 29.000000 34.000000 28.000000 0.495987
536088.590000 6581473.200000 57.760000 61.000000 66.000000 70.000000 52.000000 0.717651
536088.790000 6581473.890000 57.040000 61.000000 64.000000 69.000000 53.000000 0.494644
536088.740000 6581472.500000 58.220000 62.000000 67.000000 70.000000 54.000000 0.379990
536088.880000 6581472.950000 58.000000 58.000000 63.000000 66.000000 47.000000 0.494324
536089.040000 6581472.940000 58.060000 63.000000 68.000000 71.000000 53.000000 0.531982
536089.270000 6581472.800000 57.900000 59.000000 62.000000 67.000000 49.000000 0.384979
536089.320000 6581472.980000 58.350000 65.000000 68.000000 73.000000 54.000000 0.564987
536089.510000 6581472.620000 57.970000 62.000000 65.000000 70.000000 49.000000 0.381653
536089.670000 6581473.170000 57.500000 58.000000 61.000000 66.000000 49.000000 0.395660
536089.860000 6581473.800000 56.910000 33.000000 34.000000 39.000000 26.000000 0.346649
536089.770000 6581472.190000 58.540000 58.000000 66.000000 68.000000 55.000000 0.348648
536089.980000 6581472.890000 57.760000 60.000000 64.000000 67.000000 53.000000 0.707977
536086.300000 6581475.110000 56.510000 20.000000 28.000000 31.000000 27.000000 0.493988
536086.440000 6581474.560000 56.910000 31.000000 36.000000 40.000000 31.000000 0.394653
536086.750000 6581474.830000 56.640000 79.000000 83.000000 86.000000 68.000000 0.419983
536086.890000 6581474.250000 57.100000 70.000000 74.000000 77.000000 57.000000 0.386322
536087.010000 6581474.810000 56.580000 64.000000 68.000000 71.000000 54.000000 0.366989
536087.130000 6581474.300000 56.960000 58.000000 62.000000 65.000000 50.000000 0.408325
536087.280000 6581474.830000 56.480000 53.000000 57.000000 60.000000 46.000000 0.417648
536087.420000 6581474.250000 56.980000 41.000000 45.000000 48.000000 37.000000 0.402313
536087.560000 6581473.690000 57.410000 56.000000 59.000000 64.000000 47.000000 0.374649
536087.770000 6581474.250000 56.830000 26.000000 30.000000 33.000000 25.000000 0.402313
536087.900000 6581473.680000 57.400000 61.000000 66.000000 70.000000 50.000000 0.464325
536088.020000 6581473.190000 57.680000 56.000000 59.000000 64.000000 44.000000 0.350327
536088.110000 6581474.410000 56.680000 74.000000 82.000000 84.000000 61.000000 0.443314
536088.230000 6581473.900000 57.050000 68.000000 77.000000 76.000000 62.000000 0.462326
536088.380000 6581473.260000 57.680000 61.000000 66.000000 70.000000 50.000000 0.493988
536088.530000 6581472.660000 58.170000 57.000000 62.000000 65.000000 51.000000 0.411987
536088.420000 6581474.130000 56.840000 19.000000 20.000000 25.000000 23.000000 0.476318
536088.570000 6581473.520000 57.330000 64.000000 69.000000 73.000000 50.000000 0.486649
536088.700000 6581472.990000 57.790000 61.000000 66.000000 69.000000 49.000000 0.479324
536088.680000 6581474.260000 56.710000 64.000000 65.000000 70.000000 56.000000 0.422318
536089.000000 6581472.910000 58.130000 63.000000 68.000000 71.000000 53.000000 0.585648
536089.090000 6581472.550000 58.120000 61.000000 65.000000 68.000000 51.000000 0.292648
536089.400000 6581472.820000 57.960000 57.000000 60.000000 65.000000 45.000000 0.510651
536089.500000 6581472.420000 58.060000 62.000000 65.000000 70.000000 48.000000 0.391983
536089.620000 6581473.580000 57.480000 71.000000 74.000000 81.000000 61.000000 0.551651
536089.690000 6581473.270000 57.330000 66.000000 69.000000 74.000000 56.000000 0.334991
536089.810000 6581472.770000 57.680000 59.000000 63.000000 66.000000 43.000000 0.446991
536089.800000 6581474.110000 56.650000 65.000000 73.000000 76.000000 60.000000 0.420654
536089.920000 6581473.590000 56.990000 72.000000 76.000000 79.000000 62.000000 0.324661
536093.970000 6581473.110000 56.560000 67.000000 74.000000 80.000000 58.000000 0.373657
536093.690000 6581473.240000 56.480000 55.000000 64.000000 71.000000 51.000000 0.464645
536093.620000 6581472.960000 56.680000 40.000000 41.000000 43.000000 36.000000 0.381989
536093.310000 6581473.230000 56.560000 72.000000 75.000000 80.000000 65.000000 0.407654
536093.250000 6581473.000000 56.840000 23.000000 22.000000 27.000000 22.000000 0.394318
536092.970000 6581473.420000 56.510000 54.000000 58.000000 57.000000 46.000000 0.446320
536092.910000 6581473.180000 56.740000 51.000000 52.000000 54.000000 53.000000 0.448318
536092.840000 6581472.920000 57.010000 32.000000 36.000000 39.000000 29.000000 0.424988
536092.690000 6581473.390000 56.620000 74.000000 79.000000 82.000000 58.000000 0.427322
536092.630000 6581473.120000 56.870000 23.000000 28.000000 31.000000 21.000000 0.404984
536092.560000 6581472.860000 57.030000 61.000000 64.000000 69.000000 50.000000 0.406326
536092.460000 6581473.420000 56.660000 68.000000 76.000000 79.000000 58.000000 0.491318
536092.380000 6581473.120000 56.820000 19.000000 22.000000 27.000000 17.000000 0.443649
536092.320000 6581472.880000 57.110000 58.000000 61.000000 66.000000 55.000000 0.437988
536092.150000 6581473.560000 56.560000 72.000000 77.000000 81.000000 64.000000 0.477646
536092.090000 6581473.330000 56.830000 36.000000 39.000000 44.000000 31.000000 0.455658
536092.020000 6581473.050000 57.060000 73.000000 76.000000 81.000000 60.000000 0.427658
536091.950000 6581472.790000 57.270000 62.000000 65.000000 70.000000 49.000000 0.444992
536091.900000 6581472.560000 57.470000 55.000000 58.000000 63.000000 47.000000 0.476318
536091.800000 6581473.550000 56.650000 71.000000 74.000000 79.000000 56.000000 0.441315
536091.730000 6581473.300000 56.880000 28.000000 31.000000 36.000000 30.000000 0.399323
536091.670000 6581473.030000 57.140000 66.000000 69.000000 74.000000 62.000000 0.429993
536091.610000 6581472.790000 57.380000 60.000000 63.000000 68.000000 46.000000 0.388657
536091.540000 6581472.520000 57.560000 59.000000 62.000000 67.000000 50.000000 0.478989
536091.530000 6581473.570000 56.620000 57.000000 58.000000 63.000000 45.000000 0.398651
536091.470000 6581473.310000 56.890000 23.000000 24.000000 29.000000 22.000000 0.430984
536091.410000 6581473.060000 57.140000 52.000000 55.000000 60.000000 50.000000 0.402985
536091.360000 6581472.850000 57.400000 57.000000 61.000000 64.000000 46.000000 0.408325
536091.290000 6581472.570000 57.660000 60.000000 64.000000 67.000000 50.000000 0.392319
536091.320000 6581473.590000 56.650000 50.000000 51.000000 55.000000 43.000000 0.445312
536091.260000 6581473.360000 56.870000 36.000000 37.000000 42.000000 38.000000 0.449326
536091.200000 6581473.120000 57.140000 42.000000 45.000000 50.000000 39.000000 0.444992
536091.150000 6581472.880000 57.400000 57.000000 60.000000 65.000000 50.000000 0.424988
536091.080000 6581472.620000 57.620000 54.000000 57.000000 62.000000 41.000000 0.433655
536091.020000 6581472.360000 57.820000 51.000000 54.000000 59.000000 42.000000 0.431656
536091.070000 6581473.780000 56.540000 27.000000 29.000000 41.000000 24.000000 0.436981
536091.010000 6581473.540000 56.770000 19.000000 22.000000 31.000000 17.000000 0.409653
536090.950000 6581473.290000 57.000000 17.000000 20.000000 27.000000 13.000000 0.383316
536090.890000 6581473.050000 57.290000 19.000000 22.000000 29.000000 11.000000 0.377655
536090.820000 6581472.780000 57.530000 22.000000 25.000000 32.000000 21.000000 0.449982
536090.760000 6581472.530000 57.760000 17.000000 17.000000 27.000000 8.000000 0.381653
536090.690000 6581472.270000 57.970000 15.000000 15.000000 27.000000 12.000000 0.381317
536090.790000 6581473.970000 56.530000 50.000000 56.000000 56.000000 40.000000 0.462646
536090.720000 6581473.720000 56.820000 29.000000 33.000000 44.000000 22.000000 0.364655
536090.600000 6581473.230000 57.270000 27.000000 32.000000 36.000000 19.000000 0.323990
536090.530000 6581472.930000 57.470000 16.000000 19.000000 26.000000 8.000000 0.421326
536090.470000 6581472.710000 57.800000 22.000000 25.000000 32.000000 18.000000 0.678986
536090.410000 6581472.440000 57.990000 23.000000 23.000000 33.000000 22.000000 0.516647
536090.550000 6581473.890000 56.640000 68.000000 73.000000 76.000000 64.000000 0.429993
536090.500000 6581473.660000 56.890000 25.000000 29.000000 38.000000 27.000000 0.348984
536090.420000 6581473.370000 57.120000 47.000000 52.000000 56.000000 42.000000 0.364319
536090.350000 6581473.060000 57.280000 39.000000 44.000000 47.000000 35.000000 0.368988
536090.310000 6581472.890000 57.630000 31.000000 34.000000 39.000000 24.000000 0.600647
536090.240000 6581472.630000 57.830000 28.000000 31.000000 36.000000 22.000000 0.650986
536090.320000 6581473.950000 56.660000 71.000000 79.000000 81.000000 66.000000 0.412979
536090.260000 6581473.690000 56.850000 26.000000 27.000000 31.000000 22.000000 0.417984
536090.130000 6581473.170000 57.360000 61.000000 67.000000 67.000000 51.000000 0.396652
536090.070000 6581472.930000 57.620000 56.000000 60.000000 63.000000 47.000000 0.571320
536090.030000 6581474.020000 56.650000 69.000000 78.000000 83.000000 62.000000 0.443314
536093.950000 6581473.110000 56.470000 67.000000 74.000000 80.000000 58.000000 0.322327
536093.520000 6581473.210000 56.490000 57.000000 64.000000 70.000000 55.000000 0.427322
536093.140000 6581473.010000 56.880000 25.000000 26.000000 28.000000 24.000000 0.408646
536093.070000 6581473.260000 56.650000 57.000000 61.000000 62.000000 47.000000 0.438324
536092.850000 6581472.930000 56.990000 32.000000 36.000000 39.000000 29.000000 0.383652
536092.790000 6581473.180000 56.760000 27.000000 32.000000 35.000000 22.000000 0.417984
536092.700000 6581473.490000 56.570000 63.000000 71.000000 73.000000 56.000000 0.474991
536092.560000 6581473.010000 56.960000 25.000000 30.000000 34.000000 27.000000 0.450653
536092.490000 6581473.240000 56.710000 33.000000 38.000000 42.000000 29.000000 0.450989
536092.420000 6581473.550000 56.560000 53.000000 58.000000 62.000000 48.000000 0.464325
536092.310000 6581472.660000 57.270000 61.000000 64.000000 69.000000 47.000000 0.419647
536092.240000 6581472.920000 57.080000 58.000000 61.000000 66.000000 50.000000 0.430313
536092.170000 6581473.220000 56.930000 21.000000 24.000000 29.000000 21.000000 0.425980
536092.100000 6581473.480000 56.690000 65.000000 70.000000 74.000000 55.000000 0.445984
536091.960000 6581472.620000 57.380000 60.000000 63.000000 68.000000 47.000000 0.380646
536091.880000 6581472.900000 57.210000 57.000000 60.000000 65.000000 46.000000 0.437988
536091.810000 6581473.170000 56.980000 67.000000 70.000000 75.000000 58.000000 0.377655
536091.740000 6581473.460000 56.780000 51.000000 52.000000 57.000000 43.000000 0.419983
536091.670000 6581473.710000 56.560000 55.000000 59.000000 62.000000 44.000000 0.456985
536091.680000 6581472.680000 57.450000 56.000000 59.000000 64.000000 44.000000 0.428314
536091.610000 6581472.940000 57.220000 55.000000 58.000000 63.000000 47.000000 0.366318
536091.550000 6581473.190000 57.010000 74.000000 77.000000 82.000000 62.000000 0.400650
536091.480000 6581473.470000 56.790000 29.000000 30.000000 35.000000 18.000000 0.374985
536091.400000 6581473.760000 56.570000 69.000000 73.000000 76.000000 62.000000 0.415985
536091.490000 6581472.550000 57.600000 56.000000 59.000000 64.000000 43.000000 0.417648
536091.420000 6581472.820000 57.310000 56.000000 59.000000 64.000000 47.000000 0.406326
536091.350000 6581473.090000 57.170000 47.000000 51.000000 54.000000 43.000000 0.387985
536091.280000 6581473.330000 56.930000 36.000000 37.000000 42.000000 38.000000 0.405319
536091.210000 6581473.620000 56.790000 42.000000 45.000000 50.000000 34.000000 0.427658
536091.140000 6581473.870000 56.510000 23.000000 28.000000 32.000000 14.000000 0.466660
536091.140000 6581472.660000 57.630000 55.000000 58.000000 63.000000 37.000000 0.414658
536091.080000 6581472.880000 57.400000 48.000000 51.000000 56.000000 36.000000 0.395660
536091.010000 6581473.150000 57.170000 24.000000 27.000000 34.000000 22.000000 0.350647
536090.940000 6581473.430000 56.920000 22.000000 27.000000 33.000000 19.000000 0.375656
536090.860000 6581473.720000 56.790000 18.000000 22.000000 33.000000 11.000000 0.381317
536090.810000 6581473.930000 56.490000 32.000000 38.000000 38.000000 24.000000 0.404312
536090.820000 6581472.570000 57.740000 29.000000 32.000000 39.000000 21.000000 0.385651
536090.760000 6581472.800000 57.500000 22.000000 25.000000 34.000000 17.000000 0.487991
536090.690000 6581473.080000 57.290000 17.000000 20.000000 27.000000 15.000000 0.345993
536090.620000 6581473.340000 57.070000 26.000000 31.000000 37.000000 21.000000 0.396317
536090.550000 6581473.620000 56.890000 25.000000 29.000000 38.000000 27.000000 0.398987
536090.480000 6581473.860000 56.670000 68.000000 73.000000 76.000000 58.000000 0.393982
536090.600000 6581472.300000 58.030000 18.000000 18.000000 30.000000 14.000000 0.429321
536090.530000 6581472.560000 57.870000 20.000000 20.000000 30.000000 16.000000 0.499313
536090.460000 6581472.830000 57.650000 20.000000 23.000000 30.000000 13.000000 0.566986
536090.400000 6581473.060000 57.390000 33.000000 38.000000 42.000000 29.000000 0.386658
536090.350000 6581473.280000 57.170000 48.000000 53.000000 56.000000 38.000000 0.372986
536090.270000 6581473.570000 56.940000 50.000000 56.000000 56.000000 45.000000 0.341980
536090.200000 6581473.860000 56.770000 43.000000 47.000000 50.000000 33.000000 0.346649
536090.130000 6581474.100000 56.580000 41.000000 56.000000 63.000000 45.000000 0.469650
536090.310000 6581472.370000 58.090000 16.000000 19.000000 26.000000 12.000000 0.446991
536090.180000 6581472.890000 57.680000 55.000000 59.000000 62.000000 48.000000 0.513321
536090.110000 6581473.150000 57.440000 61.000000 67.000000 67.000000 51.000000 0.349319
536090.050000 6581473.360000 57.200000 55.000000 61.000000 61.000000 46.000000 0.321320
536090.190000 6581473.620000 56.930000 38.000000 38.000000 40.000000 29.000000 0.361984
536090.230000 6581472.890000 57.770000 44.000000 47.000000 52.000000 38.000000 0.609650
536090.440000 6581472.720000 57.720000 22.000000 25.000000 32.000000 18.000000 0.648651
536090.820000 6581473.990000 56.510000 32.000000 38.000000 38.000000 24.000000 0.422989
536090.810000 6581472.800000 57.520000 22.000000 25.000000 32.000000 21.000000 0.413651
536091.400000 6581473.490000 56.800000 29.000000 30.000000 35.000000 18.000000 0.388992
536091.440000 6581472.760000 57.430000 50.000000 55.000000 59.000000 43.000000 0.336655
536091.630000 6581473.380000 56.820000 16.000000 19.000000 24.000000 20.000000 0.340988
536091.690000 6581472.640000 57.490000 56.000000 59.000000 64.000000 44.000000 0.368652
536091.870000 6581473.270000 56.880000 17.000000 20.000000 25.000000 26.000000 0.382660
536092.180000 6581472.970000 57.110000 60.000000 63.000000 68.000000 50.000000 0.385651
536092.340000 6581473.510000 56.600000 62.000000 67.000000 71.000000 53.000000 0.376984
536092.560000 6581472.990000 56.960000 56.000000 59.000000 64.000000 45.000000 0.377655
536092.720000 6581473.530000 56.540000 39.000000 44.000000 47.000000 29.000000 0.413315
536092.840000 6581472.880000 56.990000 58.000000 61.000000 66.000000 50.000000 0.424988
536093.550000 6581473.090000 56.630000 62.000000 63.000000 67.000000 52.000000 0.365982
536090.070000 6581472.970000 57.600000 56.000000 60.000000 63.000000 47.000000 0.456314
536090.440000 6581472.560000 57.830000 20.000000 20.000000 30.000000 20.000000 0.443649
536090.550000 6581473.730000 56.710000 45.000000 48.000000 55.000000 43.000000 0.362991
536090.900000 6581473.780000 56.610000 24.000000 28.000000 39.000000 19.000000 0.439316
536091.040000 6581473.180000 57.080000 24.000000 27.000000 34.000000 22.000000 0.333649
536091.180000 6581472.610000 57.540000 55.000000 58.000000 63.000000 37.000000 0.384979
536091.290000 6581473.420000 56.830000 27.000000 28.000000 33.000000 25.000000 0.365982
536091.430000 6581472.830000 57.340000 56.000000 59.000000 64.000000 47.000000 0.356659
536091.520000 6581473.530000 56.710000 57.000000 58.000000 63.000000 45.000000 0.391983
536091.650000 6581472.990000 57.190000 55.000000 58.000000 63.000000 47.000000 0.393326
536091.860000 6581473.590000 56.530000 71.000000 74.000000 79.000000 56.000000 0.420990
536092.010000 6581472.970000 57.050000 64.000000 67.000000 72.000000 54.000000 0.386322
536092.300000 6581473.230000 56.780000 30.000000 35.000000 39.000000 28.000000 0.361313
536092.480000 6581473.440000 56.550000 68.000000 76.000000 79.000000 58.000000 0.431320
536092.610000 6581472.910000 57.020000 50.000000 54.000000 57.000000 45.000000 0.367661
536092.710000 6581473.380000 56.620000 74.000000 80.000000 80.000000 62.000000 0.393326
536092.840000 6581472.850000 57.000000 58.000000 61.000000 66.000000 50.000000 0.402649
536093.050000 6581473.390000 56.570000 53.000000 57.000000 60.000000 43.000000 0.386322
536093.400000 6581473.200000 56.570000 57.000000 62.000000 68.000000 50.000000 0.323318
536093.610000 6581473.150000 56.610000 75.000000 80.000000 86.000000 65.000000 0.371323
536094.120000 6581473.130000 56.450000 51.000000 56.000000 60.000000 49.000000 0.328659
536089.800000 6581471.870000 58.480000 28.000000 33.000000 39.000000 22.000000 0.426987
536089.660000 6581471.920000 58.530000 52.000000 57.000000 60.000000 45.000000 0.352325
536089.330000 6581471.830000 58.730000 68.000000 72.000000 73.000000 56.000000 0.307327
536089.930000 6581471.900000 58.480000 17.000000 22.000000 28.000000 9.000000 0.464645
536089.630000 6581471.840000 58.600000 47.000000 52.000000 56.000000 42.000000 0.348328
536089.990000 6581472.040000 58.520000 28.000000 33.000000 37.000000 23.000000 0.464325
536093.910000 6581472.880000 56.790000 35.000000 39.000000 42.000000 30.000000 0.391327
536093.860000 6581472.650000 57.040000 52.000000 57.000000 60.000000 44.000000 0.319321
536093.660000 6581471.860000 57.670000 58.000000 63.000000 67.000000 54.000000 0.309326
536093.560000 6581472.750000 56.980000 45.000000 44.000000 49.000000 39.000000 0.430649
536093.500000 6581472.500000 57.240000 56.000000 59.000000 64.000000 43.000000 0.438324
536093.430000 6581472.220000 57.460000 62.000000 65.000000 70.000000 51.000000 0.368652
536093.360000 6581471.940000 57.660000 64.000000 67.000000 72.000000 57.000000 0.356323
536093.170000 6581472.700000 57.040000 60.000000 61.000000 66.000000 54.000000 0.407990
536093.120000 6581472.480000 57.260000 55.000000 58.000000 65.000000 46.000000 0.366653
536093.060000 6581472.240000 57.520000 60.000000 63.000000 68.000000 53.000000 0.396988
536093.000000 6581471.970000 57.750000 62.000000 65.000000 70.000000 55.000000 0.353317
536092.940000 6581471.760000 58.020000 60.000000 61.000000 66.000000 48.000000 0.322327
536092.880000 6581471.500000 58.240000 57.000000 60.000000 65.000000 50.000000 0.405991
536092.830000 6581471.320000 58.700000 69.000000 73.000000 76.000000 58.000000 0.434647
536092.780000 6581472.660000 57.210000 67.000000 71.000000 74.000000 54.000000 0.432983
536092.720000 6581472.440000 57.460000 62.000000 66.000000 69.000000 55.000000 0.406326
536092.660000 6581472.170000 57.690000 64.000000 69.000000 72.000000 53.000000 0.407318
536092.580000 6581471.870000 57.850000 64.000000 67.000000 72.000000 54.000000 0.390320
536092.530000 6581471.670000 58.150000 60.000000 63.000000 68.000000 50.000000 0.356979
536092.470000 6581471.430000 58.450000 68.000000 71.000000 76.000000 61.000000 0.364319
536092.500000 6581472.600000 57.290000 59.000000 62.000000 67.000000 48.000000 0.404312
536092.430000 6581472.340000 57.580000 55.000000 58.000000 63.000000 51.000000 0.389313
536092.380000 6581472.120000 57.800000 59.000000 64.000000 68.000000 47.000000 0.403992
536092.320000 6581471.890000 58.040000 61.000000 64.000000 69.000000 54.000000 0.358658
536092.250000 6581471.590000 58.280000 59.000000 62.000000 67.000000 50.000000 0.424652
536092.190000 6581471.350000 58.550000 55.000000 58.000000 63.000000 45.000000 0.381317
536092.260000 6581472.620000 57.330000 60.000000 63.000000 68.000000 47.000000 0.454651
536092.190000 6581472.360000 57.590000 57.000000 60.000000 65.000000 50.000000 0.469315
536092.130000 6581472.110000 57.860000 57.000000 60.000000 65.000000 44.000000 0.448990
536092.070000 6581471.850000 58.110000 60.000000 63.000000 68.000000 47.000000 0.426315
536092.010000 6581471.620000 58.360000 58.000000 61.000000 66.000000 47.000000 0.484985
536091.940000 6581471.350000 58.550000 55.000000 59.000000 62.000000 42.000000 0.477982
536091.830000 6581472.290000 57.700000 58.000000 61.000000 66.000000 50.000000 0.440979
536091.760000 6581472.010000 57.960000 57.000000 60.000000 65.000000 44.000000 0.432312
536091.710000 6581471.790000 58.190000 54.000000 58.000000 61.000000 47.000000 0.489655
536091.640000 6581471.520000 58.400000 62.000000 66.000000 69.000000 52.000000 0.422653
536091.570000 6581471.250000 58.690000 67.000000 71.000000 74.000000 53.000000 0.408325
536091.470000 6581472.260000 57.830000 56.000000 59.000000 64.000000 49.000000 0.458649
536091.410000 6581471.990000 58.100000 60.000000 64.000000 67.000000 50.000000 0.425980
536091.360000 6581471.780000 58.360000 60.000000 64.000000 67.000000 50.000000 0.346649
536091.290000 6581471.490000 58.570000 60.000000 64.000000 67.000000 47.000000 0.349319
536091.220000 6581472.310000 57.860000 59.000000 63.000000 66.000000 45.000000 0.428986
536091.160000 6581472.050000 58.020000 63.000000 67.000000 70.000000 50.000000 0.445312
536091.100000 6581471.800000 58.250000 60.000000 65.000000 68.000000 44.000000 0.382980
536091.030000 6581471.550000 58.530000 54.000000 58.000000 61.000000 45.000000 0.384323
536090.950000 6581472.120000 58.080000 60.000000 63.000000 68.000000 52.000000 0.440979
536090.890000 6581471.840000 58.280000 61.000000 64.000000 69.000000 49.000000 0.399658
536090.830000 6581471.600000 58.530000 53.000000 56.000000 61.000000 45.000000 0.326324
536090.640000 6581472.040000 58.280000 23.000000 23.000000 35.000000 13.000000 0.414993
536090.580000 6581471.790000 58.510000 19.000000 22.000000 31.000000 12.000000 0.372314
536090.510000 6581471.500000 58.690000 35.000000 38.000000 47.000000 28.000000 0.329315
536090.340000 6581472.170000 58.250000 24.000000 27.000000 36.000000 14.000000 0.544647
536090.270000 6581471.900000 58.470000 16.000000 19.000000 28.000000 11.000000 0.554657
536090.210000 6581471.650000 58.650000 19.000000 21.000000 33.000000 14.000000 0.354980
536090.120000 6581472.130000 58.330000 19.000000 22.000000 27.000000 12.000000 0.376648
536090.050000 6581471.850000 58.510000 23.000000 27.000000 36.000000 21.000000 0.546310
536094.020000 6581472.830000 56.660000 53.000000 56.000000 61.000000 48.000000 0.379318
536093.800000 6581472.150000 57.390000 59.000000 64.000000 67.000000 46.000000 0.307327
536093.670000 6581472.660000 57.010000 64.000000 65.000000 69.000000 55.000000 0.389648
536093.600000 6581472.930000 56.750000 33.000000 34.000000 36.000000 28.000000 0.397324
536093.510000 6581471.590000 57.890000 71.000000 75.000000 78.000000 59.000000 0.329315
536093.440000 6581471.850000 57.670000 59.000000 64.000000 68.000000 48.000000 0.339661
536093.350000 6581472.190000 57.540000 57.000000 58.000000 62.000000 47.000000 0.389648
536093.280000 6581472.460000 57.310000 50.000000 51.000000 56.000000 40.000000 0.391983
536093.220000 6581472.690000 57.060000 60.000000 61.000000 66.000000 53.000000 0.390991
536093.290000 6581471.220000 58.780000 66.000000 70.000000 73.000000 52.000000 0.577988
536093.260000 6581471.340000 58.300000 57.000000 61.000000 64.000000 46.000000 0.312317
536093.200000 6581471.590000 58.070000 54.000000 58.000000 61.000000 41.000000 0.327988
536093.120000 6581471.870000 57.850000 47.000000 50.000000 55.000000 38.000000 0.385651
536093.060000 6581472.110000 57.600000 57.000000 58.000000 62.000000 47.000000 0.407318
536092.990000 6581472.380000 57.390000 56.000000 61.000000 65.000000 51.000000 0.419327
536092.920000 6581472.650000 57.170000 51.000000 56.000000 62.000000 43.000000 0.390991
536093.000000 6581471.290000 58.840000 51.000000 55.000000 58.000000 37.000000 0.624985
536092.980000 6581471.400000 58.260000 53.000000 56.000000 61.000000 43.000000 0.328659
536092.910000 6581471.650000 58.040000 65.000000 66.000000 71.000000 52.000000 0.353653
536092.840000 6581471.930000 57.840000 58.000000 59.000000 64.000000 44.000000 0.402985
536092.770000 6581472.200000 57.590000 56.000000 60.000000 63.000000 48.000000 0.386993
536092.700000 6581472.470000 57.390000 60.000000 64.000000 67.000000 50.000000 0.433319
536092.630000 6581472.750000 57.190000 60.000000 64.000000 67.000000 49.000000 0.404648
536092.670000 6581471.310000 59.070000 52.000000 55.000000 60.000000 42.000000 0.677979
536092.640000 6581471.430000 58.490000 51.000000 54.000000 59.000000 42.000000 0.370316
536092.580000 6581471.640000 58.120000 60.000000 63.000000 68.000000 50.000000 0.352325
536092.510000 6581471.890000 57.950000 64.000000 67.000000 72.000000 54.000000 0.368988
536092.440000 6581472.150000 57.720000 59.000000 64.000000 68.000000 50.000000 0.389648
536092.370000 6581472.430000 57.480000 55.000000 58.000000 63.000000 46.000000 0.441986
536092.290000 6581471.340000 58.470000 61.000000 64.000000 69.000000 48.000000 0.381653
536092.220000 6581471.620000 58.280000 57.000000 60.000000 65.000000 47.000000 0.419647
536092.160000 6581471.850000 58.060000 58.000000 61.000000 66.000000 49.000000 0.429321
536092.080000 6581472.130000 57.860000 60.000000 63.000000 68.000000 47.000000 0.464645
536092.010000 6581472.410000 57.650000 54.000000 57.000000 62.000000 43.000000 0.450317
536092.030000 6581471.340000 58.520000 57.000000 60.000000 65.000000 51.000000 0.409317
536091.960000 6581471.620000 58.320000 60.000000 64.000000 67.000000 48.000000 0.405319
536091.890000 6581471.880000 58.110000 59.000000 63.000000 66.000000 49.000000 0.430313
536091.820000 6581472.150000 57.840000 56.000000 59.000000 64.000000 48.000000 0.454987
536091.760000 6581472.400000 57.620000 62.000000 65.000000 70.000000 46.000000 0.397980
536091.840000 6581471.220000 58.690000 64.000000 68.000000 71.000000 50.000000 0.438980
536091.770000 6581471.480000 58.490000 53.000000 57.000000 60.000000 44.000000 0.429993
536091.700000 6581471.740000 58.250000 56.000000 60.000000 63.000000 43.000000 0.434647
536091.620000 6581472.040000 58.050000 66.000000 69.000000 74.000000 53.000000 0.463654
536091.560000 6581472.290000 57.820000 56.000000 59.000000 64.000000 48.000000 0.460983
536091.490000 6581471.310000 58.680000 59.000000 63.000000 66.000000 51.000000 0.401993
536091.410000 6581471.610000 58.510000 64.000000 68.000000 71.000000 52.000000 0.381653
536091.350000 6581471.850000 58.270000 52.000000 56.000000 59.000000 46.000000 0.334656
536091.290000 6581472.080000 58.060000 63.000000 67.000000 70.000000 53.000000 0.364319
536091.220000 6581472.350000 57.760000 59.000000 63.000000 66.000000 45.000000 0.389984
536091.100000 6581471.490000 58.590000 61.000000 65.000000 68.000000 50.000000 0.360321
536091.030000 6581471.760000 58.420000 60.000000 65.000000 68.000000 44.000000 0.344986
536090.960000 6581472.020000 58.210000 58.000000 61.000000 66.000000 49.000000 0.386993
536090.890000 6581472.300000 57.980000 43.000000 46.000000 55.000000 35.000000 0.376984
536090.810000 6581471.480000 58.670000 62.000000 65.000000 70.000000 50.000000 0.300995
536090.740000 6581471.770000 58.490000 53.000000 56.000000 63.000000 42.000000 0.427658
536090.670000 6581472.040000 58.280000 23.000000 23.000000 35.000000 13.000000 0.406647
536090.530000 6581471.530000 58.620000 28.000000 31.000000 40.000000 22.000000 0.361984
536090.460000 6581471.800000 58.440000 19.000000 22.000000 31.000000 18.000000 0.311661
536090.390000 6581472.090000 58.310000 16.000000 19.000000 28.000000 22.000000 0.512650
536090.080000 6581471.780000 58.600000 22.000000 26.000000 35.000000 19.000000 0.337982
536090.020000 6581472.040000 58.470000 26.000000 29.000000 34.000000 28.000000 0.512314
536090.240000 6581472.040000 58.510000 26.000000 29.000000 38.000000 27.000000 0.485321
536090.630000 6581472.220000 58.080000 15.000000 15.000000 27.000000 12.000000 0.348984
536091.050000 6581472.330000 57.880000 51.000000 54.000000 59.000000 42.000000 0.351654
536091.510000 6581472.030000 58.080000 60.000000 63.000000 68.000000 47.000000 0.375992
536091.660000 6581471.220000 58.620000 63.000000 67.000000 70.000000 53.000000 0.363983
536091.810000 6581471.730000 58.280000 55.000000 59.000000 62.000000 47.000000 0.397980
536092.000000 6581472.360000 57.720000 60.000000 63.000000 68.000000 54.000000 0.360321
536092.010000 6581471.160000 58.700000 68.000000 72.000000 75.000000 58.000000 0.379318
536092.200000 6581471.780000 58.080000 58.000000 61.000000 66.000000 49.000000 0.397659
536092.380000 6581472.380000 57.550000 58.000000 61.000000 66.000000 54.000000 0.383987
536093.100000 6581472.850000 57.020000 51.000000 52.000000 57.000000 39.000000 0.381653
536093.380000 6581472.490000 57.130000 53.000000 54.000000 59.000000 42.000000 0.369659
536090.330000 6581471.880000 58.380000 17.000000 19.000000 31.000000 14.000000 0.459320
536090.560000 6581472.030000 58.210000 21.000000 21.000000 33.000000 18.000000 0.351990
536090.950000 6581472.060000 58.100000 58.000000 61.000000 66.000000 49.000000 0.368988
536091.100000 6581471.430000 58.640000 61.000000 65.000000 68.000000 50.000000 0.306992
536091.310000 6581472.080000 57.980000 61.000000 65.000000 68.000000 48.000000 0.378983
536091.440000 6581471.530000 58.420000 58.000000 62.000000 65.000000 51.000000 0.359314
536091.580000 6581472.220000 57.850000 56.000000 59.000000 64.000000 48.000000 0.327652
536091.710000 6581471.670000 58.250000 62.000000 66.000000 69.000000 51.000000 0.417984
536091.790000 6581472.420000 57.590000 62.000000 65.000000 70.000000 46.000000 0.366989
536091.940000 6581471.820000 58.120000 64.000000 68.000000 71.000000 52.000000 0.406647
536092.150000 6581472.400000 57.530000 52.000000 55.000000 60.000000 42.000000 0.419327
536092.440000 6581472.650000 57.260000 57.000000 60.000000 65.000000 44.000000 0.368988
536092.730000 6581472.390000 57.350000 57.000000 61.000000 64.000000 51.000000 0.392990
536092.980000 6581472.290000 57.490000 54.000000 59.000000 63.000000 50.000000 0.396652
536093.180000 6581472.830000 56.930000 45.000000 46.000000 50.000000 39.000000 0.391983
536093.320000 6581472.270000 57.400000 56.000000 59.000000 64.000000 46.000000 0.309982
536093.530000 6581472.690000 56.950000 68.000000 69.000000 73.000000 59.000000 0.351990
536093.750000 6581472.530000 57.120000 62.000000 66.000000 69.000000 51.000000 0.310654
536098.730000 6581473.750000 54.950000 26.000000 34.000000 37.000000 29.000000 0.367981
536098.360000 6581473.770000 55.030000 24.000000 29.000000 35.000000 26.000000 0.399658
536098.290000 6581473.490000 55.250000 43.000000 44.000000 48.000000 46.000000 0.455322
536098.230000 6581473.240000 55.530000 41.000000 42.000000 46.000000 34.000000 0.359314
536098.170000 6581473.010000 55.740000 30.000000 33.000000 38.000000 28.000000 0.433655
536098.090000 6581473.620000 55.140000 21.000000 24.000000 31.000000 19.000000 0.367661
536098.030000 6581473.370000 55.340000 48.000000 52.000000 55.000000 46.000000 0.401657
536097.970000 6581473.140000 55.650000 34.000000 37.000000 42.000000 33.000000 0.349991
536097.890000 6581472.830000 55.850000 23.000000 26.000000 33.000000 19.000000 0.388657
536097.840000 6581472.600000 56.140000 23.000000 26.000000 33.000000 23.000000 0.370651
536097.850000 6581473.580000 55.280000 37.000000 42.000000 46.000000 35.000000 0.395660
536097.780000 6581473.320000 55.490000 26.000000 30.000000 33.000000 31.000000 0.387985
536097.730000 6581473.100000 55.760000 30.000000 33.000000 38.000000 26.000000 0.452652
536097.660000 6581472.830000 56.010000 27.000000 30.000000 37.000000 33.000000 0.440659
536097.590000 6581472.540000 56.190000 21.000000 24.000000 29.000000 30.000000 0.441986
536097.490000 6581473.650000 55.370000 37.000000 37.000000 45.000000 36.000000 0.385651
536097.400000 6581473.310000 55.470000 26.000000 29.000000 34.000000 18.000000 0.360657
536097.360000 6581473.120000 55.790000 25.000000 28.000000 33.000000 20.000000 0.378983
536097.290000 6581472.830000 55.960000 27.000000 30.000000 35.000000 30.000000 0.364655
536097.230000 6581472.590000 56.260000 25.000000 28.000000 33.000000 23.000000 0.397324
536097.120000 6581473.560000 55.420000 40.000000 43.000000 50.000000 43.000000 0.419327
536097.060000 6581473.310000 55.680000 29.000000 32.000000 39.000000 23.000000 0.425323
536096.990000 6581473.040000 55.820000 29.000000 32.000000 39.000000 26.000000 0.375320
536096.940000 6581472.850000 56.160000 29.000000 32.000000 39.000000 30.000000 0.377991
536096.760000 6581473.310000 55.660000 23.000000 26.000000 33.000000 21.000000 0.357651
536096.710000 6581473.090000 55.970000 22.000000 25.000000 32.000000 19.000000 0.363983
536096.630000 6581472.770000 56.140000 30.000000 33.000000 40.000000 26.000000 0.345993
536096.500000 6581473.320000 55.750000 16.000000 19.000000 26.000000 12.000000 0.406647
536096.380000 6581472.830000 56.170000 22.000000 25.000000 32.000000 23.000000 0.409317
536096.140000 6581473.430000 55.740000 17.000000 22.000000 28.000000 13.000000 0.361984
536096.080000 6581473.170000 55.970000 20.000000 25.000000 31.000000 17.000000 0.364319
536096.020000 6581472.930000 56.210000 22.000000 25.000000 32.000000 21.000000 0.378326
536095.720000 6581473.250000 56.110000 22.000000 25.000000 32.000000 23.000000 0.372650
536095.650000 6581472.990000 56.360000 16.000000 19.000000 26.000000 13.000000 0.367661
536095.390000 6581473.240000 56.170000 36.000000 41.000000 47.000000 46.000000 0.378983
536095.320000 6581472.960000 56.420000 17.000000 20.000000 27.000000 17.000000 0.353989
536095.110000 6581473.200000 56.160000 44.000000 49.000000 55.000000 51.000000 0.415314
536094.270000 6581473.190000 56.500000 44.000000 47.000000 54.000000 44.000000 0.387650
536098.620000 6581473.590000 55.060000 22.000000 25.000000 30.000000 21.000000 0.413651
536098.540000 6581473.880000 54.830000 22.000000 30.000000 33.000000 24.000000 0.338318
536098.220000 6581473.620000 55.250000 22.000000 25.000000 32.000000 24.000000 0.383987
536098.160000 6581473.870000 54.980000 20.000000 23.000000 30.000000 17.000000 0.417984
536098.070000 6581472.910000 55.830000 18.000000 21.000000 28.000000 21.000000 0.386993
536098.000000 6581473.200000 55.630000 20.000000 24.000000 27.000000 24.000000 0.412659
536097.920000 6581472.540000 56.250000 16.000000 21.000000 27.000000 17.000000 0.391647
536097.850000 6581472.770000 56.020000 30.000000 33.000000 40.000000 28.000000 0.368317
536097.780000 6581473.040000 55.790000 28.000000 31.000000 36.000000 24.000000 0.391983
536097.710000 6581473.310000 55.550000 26.000000 30.000000 33.000000 31.000000 0.367661
536097.650000 6581473.550000 55.300000 48.000000 53.000000 57.000000 48.000000 0.356323
536097.500000 6581472.520000 56.320000 21.000000 24.000000 29.000000 30.000000 0.367661
536097.430000 6581472.770000 56.040000 25.000000 28.000000 33.000000 22.000000 0.392990
536097.350000 6581473.080000 55.850000 20.000000 23.000000 28.000000 17.000000 0.360657
536097.290000 6581473.300000 55.570000 25.000000 28.000000 33.000000 25.000000 0.360321
536097.210000 6581473.610000 55.430000 43.000000 46.000000 51.000000 41.000000 0.336655
536097.080000 6581472.790000 56.130000 19.000000 22.000000 29.000000 19.000000 0.384659
536097.010000 6581473.050000 55.920000 24.000000 27.000000 34.000000 21.000000 0.413986
536096.940000 6581473.320000 55.750000 28.000000 31.000000 38.000000 26.000000 0.374313
536096.860000 6581472.620000 56.360000 33.000000 36.000000 43.000000 30.000000 0.402985
536096.800000 6581472.860000 56.120000 23.000000 26.000000 33.000000 17.000000 0.305984
536096.720000 6581473.160000 55.920000 25.000000 28.000000 35.000000 18.000000 0.378326
536096.640000 6581473.460000 55.750000 24.000000 27.000000 34.000000 21.000000 0.380981
536096.610000 6581472.770000 56.270000 30.000000 33.000000 40.000000 26.000000 0.354660
536096.550000 6581473.020000 56.070000 25.000000 28.000000 35.000000 22.000000 0.438980
536096.480000 6581473.280000 55.830000 27.000000 30.000000 37.000000 20.000000 0.288986
536096.200000 6581472.940000 56.130000 22.000000 25.000000 32.000000 23.000000 0.328659
536096.130000 6581473.210000 55.940000 16.000000 21.000000 27.000000 20.000000 0.372650
536096.070000 6581473.450000 55.750000 28.000000 33.000000 39.000000 28.000000 0.389984
536095.840000 6581473.020000 56.180000 21.000000 24.000000 31.000000 19.000000 0.367981
536095.530000 6581473.080000 56.260000 16.000000 19.000000 26.000000 17.000000 0.374985
536095.460000 6581473.360000 55.990000 44.000000 47.000000 54.000000 54.000000 0.367661
536095.290000 6581473.020000 56.270000 18.000000 21.000000 28.000000 12.000000 0.323990
536095.220000 6581473.290000 56.090000 43.000000 48.000000 54.000000 49.000000 0.306992
536094.890000 6581473.110000 56.340000 50.000000 55.000000 59.000000 49.000000 0.419327
536095.610000 6581473.370000 55.930000 42.000000 45.000000 52.000000 50.000000 0.350327
536096.230000 6581473.340000 55.750000 21.000000 26.000000 32.000000 18.000000 0.356659
536096.450000 6581472.810000 56.190000 29.000000 32.000000 39.000000 25.000000 0.355316
536097.300000 6581472.700000 56.150000 26.000000 29.000000 34.000000 19.000000 0.391647
536098.160000 6581473.460000 55.320000 45.000000 46.000000 50.000000 44.000000 0.364319
536098.520000 6581473.910000 54.860000 36.000000 41.000000 45.000000 31.000000 0.349319
536095.370000 6581473.260000 56.100000 36.000000 41.000000 47.000000 46.000000 0.338654
536096.360000 6581473.140000 55.970000 22.000000 27.000000 33.000000 23.000000 0.316650
536096.820000 6581472.980000 55.990000 22.000000 25.000000 32.000000 25.000000 0.338318
536097.570000 6581472.580000 56.190000 21.000000 24.000000 29.000000 30.000000 0.376984
536097.780000 6581472.720000 56.050000 29.000000 32.000000 39.000000 24.000000 0.373993
536097.910000 6581473.650000 55.170000 21.000000 26.000000 32.000000 18.000000 0.350647
536098.040000 6581473.120000 55.590000 26.000000 29.000000 34.000000 30.000000 0.340652
536098.280000 6581473.660000 55.020000 22.000000 25.000000 32.000000 24.000000 0.350983
536098.550000 6581473.660000 55.040000 19.000000 27.000000 30.000000 28.000000 0.320648
536085.690000 6581475.290000 56.430000 79.000000 88.000000 87.000000 73.000000 0.387650
536085.700000 6581476.850000 55.400000 24.000000 29.000000 33.000000 33.000000 0.355652
536085.630000 6581476.540000 55.440000 16.000000 19.000000 24.000000 24.000000 0.370987
536085.550000 6581476.240000 55.610000 24.000000 27.000000 36.000000 16.000000 0.398315
536085.500000 6581476.030000 55.920000 26.000000 29.000000 36.000000 25.000000 0.417648
536085.430000 6581475.730000 56.110000 34.000000 40.000000 40.000000 38.000000 0.409317
536085.370000 6581475.520000 56.370000 75.000000 81.000000 79.000000 69.000000 0.398315
536085.420000 6581477.240000 54.980000 38.000000 41.000000 46.000000 36.000000 0.378326
536085.350000 6581476.960000 55.170000 24.000000 29.000000 33.000000 27.000000 0.464325
536085.270000 6581476.630000 55.320000 26.000000 27.000000 32.000000 16.000000 0.450317
536085.210000 6581476.420000 55.600000 23.000000 23.000000 31.000000 13.000000 0.369324
536085.160000 6581476.190000 55.830000 23.000000 28.000000 32.000000 29.000000 0.353989
536085.080000 6581475.880000 55.990000 66.000000 72.000000 72.000000 61.000000 0.319656
536085.010000 6581475.600000 56.200000 72.000000 78.000000 76.000000 59.000000 0.369324
536085.140000 6581477.160000 54.950000 21.000000 24.000000 31.000000 24.000000 0.412323
536085.060000 6581476.870000 55.150000 19.000000 22.000000 29.000000 15.000000 0.384979
536085.000000 6581476.620000 55.390000 24.000000 24.000000 32.000000 19.000000 0.410660
536084.940000 6581476.370000 55.670000 22.000000 25.000000 30.000000 24.000000 0.412979
536084.880000 6581476.110000 55.910000 33.000000 37.000000 40.000000 33.000000 0.378647
536084.820000 6581475.880000 56.140000 76.000000 82.000000 82.000000 73.000000 0.383652
536084.760000 6581475.640000 56.350000 68.000000 72.000000 75.000000 60.000000 0.311661
536084.860000 6581477.250000 54.980000 19.000000 22.000000 29.000000 21.000000 0.429321
536084.790000 6581476.970000 55.130000 24.000000 27.000000 32.000000 23.000000 0.428314
536084.740000 6581476.750000 55.460000 30.000000 31.000000 36.000000 29.000000 0.350327
536084.670000 6581476.460000 55.620000 30.000000 31.000000 35.000000 30.000000 0.386322
536084.610000 6581476.220000 55.900000 39.000000 40.000000 44.000000 37.000000 0.430984
536084.550000 6581475.980000 56.150000 66.000000 70.000000 73.000000 59.000000 0.358658
536084.490000 6581475.730000 56.420000 44.000000 48.000000 51.000000 35.000000 0.374985
536084.460000 6581477.000000 55.210000 24.000000 27.000000 32.000000 23.000000 0.398987
536084.400000 6581476.720000 55.480000 38.000000 39.000000 44.000000 35.000000 0.373993
536084.340000 6581476.470000 55.750000 23.000000 26.000000 31.000000 18.000000 0.374313
536084.270000 6581476.220000 55.890000 32.000000 35.000000 40.000000 35.000000 0.355316
536084.210000 6581475.960000 56.200000 25.000000 28.000000 33.000000 20.000000 0.409988
536084.140000 6581475.690000 56.400000 25.000000 28.000000 33.000000 22.000000 0.416656
536084.080000 6581477.040000 55.220000 25.000000 28.000000 35.000000 27.000000 0.344315
536084.030000 6581476.810000 55.530000 39.000000 42.000000 47.000000 31.000000 0.356659
536083.960000 6581476.520000 55.700000 32.000000 35.000000 42.000000 35.000000 0.363983
536083.900000 6581476.280000 55.930000 26.000000 29.000000 36.000000 27.000000 0.370987
536083.840000 6581476.070000 56.210000 21.000000 24.000000 29.000000 15.000000 0.334320
536083.770000 6581475.790000 56.380000 26.000000 29.000000 36.000000 32.000000 0.411652
536083.830000 6581476.970000 55.350000 44.000000 45.000000 50.000000 39.000000 0.359985
536083.770000 6581476.740000 55.570000 31.000000 34.000000 41.000000 24.000000 0.393646
536083.710000 6581476.510000 55.830000 24.000000 27.000000 34.000000 21.000000 0.336319
536083.640000 6581476.240000 56.070000 28.000000 31.000000 38.000000 27.000000 0.385651
536083.590000 6581476.000000 56.310000 27.000000 30.000000 35.000000 24.000000 0.343658
536083.590000 6581476.950000 55.550000 43.000000 44.000000 46.000000 38.000000 0.338989
536083.520000 6581476.660000 55.730000 25.000000 28.000000 35.000000 19.000000 0.420654
536083.460000 6581476.420000 55.970000 28.000000 31.000000 38.000000 25.000000 0.330994
536083.400000 6581476.190000 56.230000 26.000000 29.000000 34.000000 24.000000 0.381317
536083.330000 6581475.910000 56.440000 23.000000 26.000000 31.000000 26.000000 0.363327
536083.190000 6581476.890000 55.630000 20.000000 21.000000 25.000000 10.000000 0.397980
536083.120000 6581476.610000 55.850000 27.000000 27.000000 35.000000 24.000000 0.387985
536083.070000 6581476.390000 56.070000 31.000000 34.000000 39.000000 28.000000 0.376648
536083.000000 6581476.140000 56.310000 25.000000 28.000000 33.000000 11.000000 0.401993
536082.760000 6581476.610000 55.930000 20.000000 23.000000 30.000000 21.000000 0.351654
536082.690000 6581476.340000 56.130000 25.000000 28.000000 33.000000 15.000000 0.364319
536082.630000 6581476.100000 56.370000 24.000000 29.000000 33.000000 21.000000 0.428986
536082.430000 6581476.580000 56.040000 29.000000 32.000000 37.000000 28.000000 0.405655
536082.360000 6581476.330000 56.280000 28.000000 33.000000 37.000000 28.000000 0.392990
536082.100000 6581476.530000 56.190000 28.000000 31.000000 36.000000 28.000000 0.416656
536082.040000 6581476.270000 56.390000 25.000000 28.000000 33.000000 23.000000 0.367325
536081.660000 6581476.360000 56.380000 29.000000 32.000000 37.000000 30.000000 0.444656
536081.260000 6581476.350000 56.380000 31.000000 36.000000 39.000000 31.000000 0.319992
536085.740000 6581476.080000 55.810000 27.000000 30.000000 37.000000 18.000000 0.432648
536085.660000 6581476.390000 55.660000 25.000000 28.000000 37.000000 19.000000 0.391983
536085.600000 6581476.620000 55.400000 21.000000 25.000000 28.000000 25.000000 0.388657
536085.530000 6581476.910000 55.260000 20.000000 25.000000 29.000000 15.000000 0.366653
536085.450000 6581477.200000 55.080000 38.000000 41.000000 46.000000 36.000000 0.350647
536085.380000 6581477.460000 54.900000 22.000000 26.000000 29.000000 29.000000 0.349655
536085.590000 6581475.480000 56.290000 73.000000 79.000000 77.000000 67.000000 0.327988
536085.520000 6581475.760000 56.090000 25.000000 30.000000 33.000000 31.000000 0.361649
536085.440000 6581476.030000 55.870000 16.000000 19.000000 26.000000 17.000000 0.450653
536085.380000 6581476.280000 55.660000 25.000000 28.000000 35.000000 19.000000 0.420319
536085.290000 6581476.600000 55.460000 26.000000 27.000000 32.000000 16.000000 0.451981
536085.230000 6581476.850000 55.210000 27.000000 30.000000 35.000000 22.000000 0.448654
536085.160000 6581477.100000 55.010000 21.000000 24.000000 31.000000 24.000000 0.416992
536085.090000 6581477.400000 54.840000 34.000000 37.000000 42.000000 49.000000 0.412659
536085.350000 6581475.380000 56.470000 67.000000 73.000000 73.000000 62.000000 0.360321
536085.280000 6581475.660000 56.240000 76.000000 82.000000 82.000000 75.000000 0.350647
536085.210000 6581475.940000 55.990000 28.000000 33.000000 36.000000 37.000000 0.335648
536085.150000 6581476.170000 55.750000 23.000000 28.000000 32.000000 29.000000 0.334991
536085.080000 6581476.450000 55.620000 30.000000 30.000000 38.000000 17.000000 0.405655
536085.010000 6581476.700000 55.370000 22.000000 22.000000 30.000000 26.000000 0.359650
536084.940000 6581476.980000 55.160000 22.000000 27.000000 33.000000 25.000000 0.440979
536084.870000 6581477.240000 54.950000 19.000000 22.000000 29.000000 21.000000 0.449982
536084.890000 6581475.670000 56.220000 70.000000 76.000000 76.000000 53.000000 0.349655
536084.830000 6581475.880000 55.920000 76.000000 82.000000 82.000000 73.000000 0.302322
536084.740000 6581476.230000 55.870000 29.000000 33.000000 36.000000 29.000000 0.300659
536084.670000 6581476.490000 55.590000 30.000000 31.000000 35.000000 30.000000 0.357315
536084.600000 6581476.770000 55.450000 35.000000 36.000000 41.000000 37.000000 0.366318
536084.530000 6581477.030000 55.180000 22.000000 25.000000 30.000000 27.000000 0.372314
536084.500000 6581475.770000 56.410000 62.000000 66.000000 69.000000 54.000000 0.350983
536084.450000 6581475.970000 56.120000 56.000000 60.000000 63.000000 45.000000 0.360321
536084.370000 6581476.280000 55.960000 45.000000 48.000000 53.000000 42.000000 0.344650
536084.310000 6581476.510000 55.680000 22.000000 25.000000 30.000000 17.000000 0.358658
536084.240000 6581476.760000 55.470000 29.000000 30.000000 35.000000 24.000000 0.331650
536084.170000 6581477.040000 55.270000 24.000000 27.000000 34.000000 24.000000 0.329987
536084.170000 6581475.880000 56.270000 30.000000 33.000000 38.000000 23.000000 0.341980
536084.100000 6581476.120000 56.020000 31.000000 34.000000 39.000000 27.000000 0.330658
536083.960000 6581476.670000 55.650000 29.000000 32.000000 39.000000 26.000000 0.341660
536083.890000 6581476.920000 55.410000 44.000000 45.000000 50.000000 39.000000 0.339981
536083.880000 6581475.900000 56.310000 26.000000 29.000000 34.000000 21.000000 0.366318
536083.810000 6581476.200000 56.140000 30.000000 33.000000 40.000000 31.000000 0.397324
536083.750000 6581476.420000 55.890000 26.000000 29.000000 36.000000 17.000000 0.345657
536083.680000 6581476.690000 55.640000 27.000000 30.000000 37.000000 21.000000 0.376984
536083.600000 6581476.990000 55.460000 43.000000 44.000000 46.000000 38.000000 0.362656
536083.530000 6581475.800000 56.490000 25.000000 28.000000 35.000000 21.000000 0.377655
536083.470000 6581476.040000 56.290000 29.000000 32.000000 37.000000 31.000000 0.396652
536083.410000 6581476.300000 56.080000 24.000000 27.000000 34.000000 26.000000 0.350983
536083.320000 6581476.610000 55.900000 26.000000 29.000000 36.000000 19.000000 0.341980
536083.260000 6581476.850000 55.660000 23.000000 24.000000 28.000000 15.000000 0.403320
536083.140000 6581475.910000 56.480000 28.000000 31.000000 36.000000 26.000000 0.390991
536083.070000 6581476.170000 56.250000 25.000000 28.000000 33.000000 11.000000 0.402649
536082.990000 6581476.470000 56.080000 26.000000 29.000000 36.000000 25.000000 0.348984
536082.930000 6581476.670000 55.800000 27.000000 27.000000 35.000000 23.000000 0.356979
536082.790000 6581476.170000 56.400000 24.000000 29.000000 33.000000 22.000000 0.398651
536082.740000 6581476.370000 56.110000 29.000000 32.000000 37.000000 31.000000 0.367325
536082.660000 6581476.680000 55.940000 24.000000 27.000000 34.000000 27.000000 0.351318
536082.550000 6581476.070000 56.470000 31.000000 36.000000 40.000000 28.000000 0.376984
536082.490000 6581476.330000 56.240000 28.000000 33.000000 37.000000 30.000000 0.343994
536082.410000 6581476.610000 56.100000 23.000000 26.000000 33.000000 21.000000 0.391983
536082.200000 6581476.150000 56.460000 27.000000 32.000000 36.000000 30.000000 0.410324
536082.130000 6581476.420000 56.240000 26.000000 29.000000 34.000000 24.000000 0.345993
536081.760000 6581476.460000 56.330000 31.000000 32.000000 37.000000 25.000000 0.423645
536081.480000 6581476.510000 56.340000 28.000000 33.000000 37.000000 31.000000 0.365326
536081.690000 6581476.440000 56.340000 30.000000 33.000000 38.000000 24.000000 0.383652
536082.330000 6581476.370000 56.230000 28.000000 33.000000 37.000000 28.000000 0.324661
536083.020000 6581475.940000 56.490000 31.000000 34.000000 39.000000 24.000000 0.353653
536083.880000 6581476.160000 56.090000 32.000000 35.000000 40.000000 24.000000 0.331985
536084.400000 6581476.670000 55.500000 21.000000 22.000000 27.000000 21.000000 0.326660
536084.740000 6581476.390000 55.650000 24.000000 25.000000 29.000000 18.000000 0.325317
536085.010000 6581476.460000 55.610000 30.000000 30.000000 38.000000 17.000000 0.328659
536085.180000 6581477.040000 55.130000 22.000000 25.000000 32.000000 25.000000 0.369980
536085.290000 6581477.420000 55.040000 31.000000 34.000000 39.000000 38.000000 0.324661
536085.250000 6581476.290000 55.640000 21.000000 24.000000 31.000000 24.000000 0.383987
536085.390000 6581476.750000 55.380000 29.000000 32.000000 37.000000 26.000000 0.348984
536085.510000 6581475.990000 55.930000 28.000000 33.000000 37.000000 33.000000 0.335648
536085.710000 6581475.360000 56.440000 68.000000 77.000000 76.000000 64.000000 0.364655
536081.140000 6581476.200000 56.260000 34.000000 42.000000 44.000000 34.000000 0.324661
536081.780000 6581476.460000 56.270000 31.000000 32.000000 37.000000 25.000000 0.317657
536082.040000 6581476.510000 56.180000 28.000000 31.000000 36.000000 28.000000 0.344315
536082.540000 6581476.090000 56.420000 31.000000 36.000000 40.000000 28.000000 0.387985
536082.820000 6581476.410000 56.060000 25.000000 28.000000 35.000000 23.000000 0.368652
536083.040000 6581476.640000 55.860000 30.000000 30.000000 38.000000 26.000000 0.318985
536083.170000 6581476.080000 56.350000 29.000000 32.000000 37.000000 32.000000 0.349655
536083.210000 6581476.770000 55.720000 29.000000 32.000000 37.000000 24.000000 0.341660
536083.350000 6581476.190000 56.190000 23.000000 26.000000 31.000000 14.000000 0.332321
536083.650000 6581476.490000 55.850000 27.000000 30.000000 37.000000 27.000000 0.290649
536083.990000 6581476.550000 55.720000 32.000000 35.000000 42.000000 35.000000 0.329987
536084.110000 6581477.060000 55.300000 24.000000 27.000000 34.000000 24.000000 0.352982
536084.800000 6581476.290000 55.730000 20.000000 23.000000 28.000000 24.000000 0.322327
536084.950000 6581475.670000 56.280000 70.000000 76.000000 74.000000 56.000000 0.310989
536085.040000 6581476.800000 55.260000 22.000000 22.000000 30.000000 26.000000 0.318314
536085.180000 6581476.200000 55.730000 19.000000 22.000000 29.000000 27.000000 0.328323
536085.320000 6581475.640000 56.180000 65.000000 71.000000 71.000000 67.000000 0.294327
536085.210000 6581477.150000 54.940000 22.000000 27.000000 33.000000 23.000000 0.338989
536085.350000 6581476.580000 55.440000 13.000000 14.000000 19.000000 14.000000 0.359985
536085.470000 6581476.060000 55.840000 16.000000 19.000000 26.000000 17.000000 0.351990
536085.610000 6581475.480000 56.310000 65.000000 74.000000 73.000000 65.000000 0.330994
536085.400000 6581477.370000 55.010000 36.000000 39.000000 44.000000 45.000000 0.333649
536085.650000 6581476.340000 55.640000 25.000000 28.000000 37.000000 19.000000 0.395981
536085.740000 6581477.430000 55.240000 10.000000 11.000000 16.000000 23.000000 0.312653
536086.610000 6581472.990000 58.280000 23.000000 26.000000 33.000000 13.000000 0.467987
536086.540000 6581472.730000 58.540000 21.000000 24.000000 31.000000 11.000000 0.446991
536086.420000 6581473.310000 58.000000 48.000000 52.000000 55.000000 39.000000 0.453659
536086.360000 6581473.070000 58.240000 46.000000 51.000000 55.000000 37.000000 0.476318
536086.290000 6581472.800000 58.450000 34.000000 37.000000 42.000000 29.000000 0.448990
536086.240000 6581473.960000 57.500000 53.000000 61.000000 63.000000 46.000000 0.450989
536086.180000 6581473.720000 57.730000 64.000000 69.000000 72.000000 56.000000 0.469986
536086.110000 6581473.450000 57.950000 63.000000 68.000000 72.000000 51.000000 0.444321
536086.040000 6581473.160000 58.170000 69.000000 74.000000 77.000000 53.000000 0.464981
536085.990000 6581472.960000 58.440000 64.000000 69.000000 72.000000 50.000000 0.508987
536086.010000 6581474.490000 57.090000 72.000000 77.000000 81.000000 62.000000 0.472992
536085.940000 6581474.210000 57.340000 65.000000 70.000000 73.000000 48.000000 0.462646
536085.870000 6581473.960000 57.540000 65.000000 70.000000 73.000000 50.000000 0.510315
536085.820000 6581473.740000 57.780000 65.000000 70.000000 73.000000 51.000000 0.544312
536085.760000 6581473.480000 58.020000 65.000000 70.000000 74.000000 52.000000 0.465317
536085.690000 6581473.210000 58.210000 66.000000 71.000000 74.000000 52.000000 0.358994
536085.880000 6581475.040000 56.730000 78.000000 84.000000 84.000000 63.000000 0.420319
536085.820000 6581474.760000 56.910000 64.000000 69.000000 72.000000 51.000000 0.378647
536085.750000 6581474.480000 57.140000 66.000000 71.000000 74.000000 51.000000 0.433655
536085.690000 6581474.240000 57.390000 67.000000 72.000000 75.000000 53.000000 0.423645
536085.630000 6581474.000000 57.570000 65.000000 70.000000 73.000000 51.000000 0.464645
536085.570000 6581473.750000 57.860000 67.000000 71.000000 74.000000 49.000000 0.478317
536085.500000 6581473.480000 58.090000 70.000000 73.000000 78.000000 55.000000 0.410324
536085.440000 6581473.240000 58.290000 63.000000 66.000000 71.000000 54.000000 0.400986
536085.630000 6581475.050000 56.660000 63.000000 69.000000 69.000000 48.000000 0.390656
536085.570000 6581474.790000 56.920000 65.000000 70.000000 73.000000 50.000000 0.376648
536085.510000 6581474.540000 57.130000 68.000000 73.000000 76.000000 54.000000 0.420990
536085.440000 6581474.290000 57.420000 66.000000 71.000000 74.000000 54.000000 0.412979
536085.370000 6581473.980000 57.550000 64.000000 67.000000 72.000000 55.000000 0.387314
536085.320000 6581473.800000 57.910000 62.000000 65.000000 70.000000 49.000000 0.430313
536085.250000 6581473.510000 58.060000 52.000000 55.000000 60.000000 42.000000 0.392319
536085.190000 6581473.270000 58.350000 32.000000 35.000000 40.000000 25.000000 0.365982
536085.240000 6581474.980000 56.810000 66.000000 71.000000 74.000000 53.000000 0.422989
536085.180000 6581474.740000 57.050000 67.000000 72.000000 75.000000 59.000000 0.385651
536085.120000 6581474.490000 57.330000 66.000000 70.000000 73.000000 57.000000 0.432648
536085.050000 6581474.200000 57.550000 58.000000 62.000000 65.000000 55.000000 0.443985
536084.990000 6581473.960000 57.810000 33.000000 34.000000 39.000000 20.000000 0.407318
536084.920000 6581473.700000 58.030000 33.000000 33.000000 41.000000 22.000000 0.357651
536084.860000 6581473.470000 58.330000 30.000000 33.000000 40.000000 30.000000 0.435654
536084.830000 6581474.860000 57.060000 59.000000 64.000000 68.000000 52.000000 0.377319
536084.770000 6581474.620000 57.250000 30.000000 33.000000 38.000000 20.000000 0.363983
536084.700000 6581474.340000 57.410000 24.000000 24.000000 32.000000 15.000000 0.410324
536084.640000 6581474.100000 57.700000 35.000000 35.000000 43.000000 25.000000 0.367661
536084.580000 6581473.870000 57.960000 27.000000 30.000000 37.000000 22.000000 0.400314
536084.520000 6581473.610000 58.210000 28.000000 31.000000 38.000000 24.000000 0.381653
536084.570000 6581474.870000 57.070000 28.000000 31.000000 36.000000 14.000000 0.376984
536084.430000 6581474.330000 57.600000 27.000000 27.000000 35.000000 20.000000 0.400314
536084.370000 6581474.090000 57.820000 29.000000 32.000000 39.000000 23.000000 0.386993
536084.310000 6581473.830000 58.050000 29.000000 32.000000 39.000000 24.000000 0.452316
536084.280000 6581474.910000 57.040000 28.000000 33.000000 37.000000 18.000000 0.348984
536084.230000 6581474.690000 57.360000 28.000000 31.000000 38.000000 23.000000 0.435318
536084.160000 6581474.420000 57.560000 21.000000 24.000000 31.000000 15.000000 0.411652
536084.100000 6581474.170000 57.800000 22.000000 25.000000 32.000000 15.000000 0.410980
536084.040000 6581473.910000 58.020000 29.000000 34.000000 40.000000 28.000000 0.432648
536083.900000 6581474.700000 57.320000 29.000000 32.000000 39.000000 28.000000 0.377319
536083.830000 6581474.460000 57.540000 24.000000 27.000000 34.000000 24.000000 0.373322
536083.770000 6581474.190000 57.830000 23.000000 28.000000 34.000000 22.000000 0.421326
536083.710000 6581473.960000 58.070000 22.000000 27.000000 33.000000 25.000000 0.437653
536083.470000 6581474.550000 57.580000 23.000000 26.000000 33.000000 20.000000 0.422989
536083.390000 6581474.260000 57.780000 24.000000 27.000000 34.000000 22.000000 0.460648
536083.270000 6581474.710000 57.470000 26.000000 29.000000 36.000000 26.000000 0.420319
536083.190000 6581474.410000 57.690000 28.000000 31.000000 36.000000 23.000000 0.366653
536083.150000 6581474.220000 58.010000 28.000000 31.000000 38.000000 21.000000 0.440979
536083.000000 6581474.590000 57.570000 32.000000 35.000000 40.000000 23.000000 0.426987
536082.940000 6581474.350000 57.830000 25.000000 28.000000 35.000000 23.000000 0.399994
536086.630000 6581472.690000 58.570000 21.000000 24.000000 31.000000 22.000000 0.389648
536086.560000 6581472.930000 58.340000 21.000000 24.000000 31.000000 5.000000 0.416321
536086.510000 6581473.160000 58.080000 23.000000 26.000000 31.000000 20.000000 0.459320
536086.420000 6581473.480000 57.940000 49.000000 54.000000 57.000000 38.000000 0.405991
536086.360000 6581473.730000 57.670000 58.000000 66.000000 68.000000 52.000000 0.419647
536086.260000 6581472.890000 58.520000 47.000000 52.000000 56.000000 42.000000 0.437653
536086.200000 6581473.150000 58.250000 61.000000 66.000000 69.000000 51.000000 0.432648
536086.130000 6581473.400000 58.050000 63.000000 68.000000 72.000000 51.000000 0.476318
536086.060000 6581473.650000 57.830000 68.000000 73.000000 76.000000 53.000000 0.456314
536085.990000 6581473.910000 57.570000 66.000000 71.000000 74.000000 52.000000 0.499313
536085.920000 6581474.180000 57.400000 66.000000 71.000000 74.000000 51.000000 0.460983
536085.860000 6581474.440000 57.190000 66.000000 71.000000 74.000000 52.000000 0.425323
536085.780000 6581474.720000 57.000000 63.000000 68.000000 71.000000 44.000000 0.386322
536085.720000 6581474.970000 56.700000 66.000000 71.000000 74.000000 47.000000 0.408981
536085.660000 6581475.210000 56.470000 79.000000 88.000000 87.000000 73.000000 0.361984
536085.970000 6581473.010000 58.440000 67.000000 72.000000 75.000000 50.000000 0.425980
536085.900000 6581473.290000 58.240000 64.000000 69.000000 73.000000 53.000000 0.415649
536085.840000 6581473.530000 58.030000 66.000000 71.000000 75.000000 53.000000 0.394653
536085.780000 6581473.760000 57.710000 65.000000 70.000000 73.000000 51.000000 0.488983
536085.700000 6581474.070000 57.550000 66.000000 71.000000 74.000000 52.000000 0.445312
536085.640000 6581474.310000 57.320000 66.000000 71.000000 74.000000 52.000000 0.456314
536085.570000 6581474.560000 57.100000 68.000000 73.000000 76.000000 54.000000 0.439651
536085.490000 6581474.850000 56.900000 67.000000 72.000000 75.000000 53.000000 0.344650
536085.430000 6581475.080000 56.580000 65.000000 70.000000 73.000000 50.000000 0.369980
536085.500000 6581473.300000 58.280000 61.000000 64.000000 69.000000 50.000000 0.378647
536085.430000 6581473.570000 58.040000 63.000000 66.000000 71.000000 51.000000 0.411987
536085.360000 6581473.850000 57.810000 65.000000 68.000000 73.000000 50.000000 0.456314
536085.290000 6581474.100000 57.560000 63.000000 67.000000 70.000000 53.000000 0.400314
536085.220000 6581474.390000 57.400000 62.000000 66.000000 69.000000 52.000000 0.358658
536085.150000 6581474.640000 57.070000 66.000000 71.000000 74.000000 53.000000 0.375656
536085.080000 6581474.910000 56.940000 69.000000 74.000000 78.000000 58.000000 0.326660
536085.130000 6581473.340000 58.290000 29.000000 32.000000 37.000000 22.000000 0.333649
536085.070000 6581473.610000 58.090000 34.000000 34.000000 42.000000 24.000000 0.402985
536085.000000 6581473.870000 57.880000 36.000000 39.000000 44.000000 30.000000 0.391983
536084.930000 6581474.130000 57.680000 41.000000 44.000000 49.000000 31.000000 0.422989
536084.860000 6581474.380000 57.460000 32.000000 35.000000 40.000000 24.000000 0.369659
536084.790000 6581474.680000 57.230000 30.000000 33.000000 38.000000 20.000000 0.343994
536084.720000 6581474.910000 57.000000 54.000000 57.000000 62.000000 46.000000 0.376648
536084.780000 6581473.520000 58.220000 30.000000 31.000000 36.000000 16.000000 0.388321
536084.720000 6581473.770000 57.980000 34.000000 34.000000 42.000000 24.000000 0.379990
536084.640000 6581474.060000 57.760000 33.000000 33.000000 41.000000 18.000000 0.396988
536084.570000 6581474.310000 57.530000 30.000000 30.000000 38.000000 20.000000 0.389984
536084.500000 6581474.590000 57.350000 33.000000 36.000000 43.000000 28.000000 0.387650
536084.440000 6581474.830000 57.110000 30.000000 33.000000 38.000000 22.000000 0.393646
536084.490000 6581473.580000 58.230000 34.000000 35.000000 40.000000 22.000000 0.374985
536084.430000 6581473.810000 57.990000 28.000000 31.000000 38.000000 25.000000 0.374649
536084.350000 6581474.110000 57.820000 28.000000 31.000000 38.000000 25.000000 0.413986
536084.280000 6581474.390000 57.620000 32.000000 35.000000 42.000000 29.000000 0.322327
536084.220000 6581474.610000 57.370000 28.000000 31.000000 38.000000 23.000000 0.425659
536084.140000 6581474.910000 57.250000 22.000000 27.000000 31.000000 26.000000 0.353989
536084.010000 6581473.960000 58.020000 29.000000 34.000000 40.000000 28.000000 0.438324
536083.950000 6581474.200000 57.780000 21.000000 24.000000 31.000000 19.000000 0.367981
536083.880000 6581474.470000 57.620000 24.000000 27.000000 34.000000 24.000000 0.326981
536083.810000 6581474.740000 57.390000 24.000000 27.000000 34.000000 20.000000 0.404648
536083.620000 6581474.060000 58.040000 30.000000 35.000000 41.000000 23.000000 0.409988
536083.560000 6581474.300000 57.790000 27.000000 30.000000 37.000000 23.000000 0.376648
536083.480000 6581474.590000 57.620000 23.000000 26.000000 33.000000 20.000000 0.398315
536083.280000 6581474.310000 57.880000 28.000000 31.000000 38.000000 26.000000 0.372986
536083.210000 6581474.570000 57.660000 33.000000 36.000000 43.000000 32.000000 0.405991
536083.040000 6581474.210000 58.010000 30.000000 33.000000 40.000000 25.000000 0.439316
536082.970000 6581474.470000 57.770000 28.000000 31.000000 38.000000 19.000000 0.390656
536082.680000 6581474.320000 57.900000 28.000000 31.000000 38.000000 24.000000 0.349655
536083.080000 6581474.300000 57.880000 30.000000 33.000000 40.000000 25.000000 0.357986
536083.310000 6581474.270000 57.940000 24.000000 27.000000 34.000000 22.000000 0.328323
536084.450000 6581474.580000 57.360000 32.000000 35.000000 42.000000 22.000000 0.317322
536084.530000 6581473.860000 57.960000 27.000000 30.000000 37.000000 22.000000 0.337982
536085.530000 6581474.730000 57.050000 65.000000 70.000000 73.000000 50.000000 0.335648
536085.710000 6581474.390000 57.250000 65.000000 70.000000 73.000000 51.000000 0.346649
536085.950000 6581474.210000 57.400000 65.000000 70.000000 73.000000 48.000000 0.466660
536086.120000 6581473.380000 58.050000 63.000000 68.000000 72.000000 48.000000 0.435318
536086.420000 6581472.930000 58.300000 29.000000 32.000000 39.000000 11.000000 0.361984
536082.940000 6581474.420000 57.800000 28.000000 31.000000 38.000000 19.000000 0.393982
536083.370000 6581474.120000 57.970000 23.000000 26.000000 33.000000 24.000000 0.374985
536083.590000 6581474.340000 57.810000 25.000000 28.000000 35.000000 29.000000 0.329315
536083.920000 6581473.850000 58.120000 21.000000 26.000000 32.000000 18.000000 0.344650
536084.050000 6581474.800000 57.250000 29.000000 32.000000 39.000000 19.000000 0.297318
536084.200000 6581474.200000 57.690000 26.000000 29.000000 36.000000 22.000000 0.350647
536084.410000 6581474.800000 57.140000 27.000000 30.000000 37.000000 30.000000 0.318314
536084.640000 6581474.880000 57.020000 27.000000 30.000000 35.000000 21.000000 0.330658
536084.760000 6581474.370000 57.410000 29.000000 30.000000 35.000000 20.000000 0.324661
536084.800000 6581474.990000 56.950000 60.000000 65.000000 69.000000 54.000000 0.311325
536085.460000 6581475.050000 56.670000 65.000000 70.000000 73.000000 50.000000 0.325317
536085.600000 6581474.440000 57.180000 69.000000 74.000000 77.000000 54.000000 0.400650
536085.740000 6581473.870000 57.640000 62.000000 67.000000 70.000000 51.000000 0.504654
536085.870000 6581473.310000 58.180000 63.000000 68.000000 72.000000 51.000000 0.379654
536085.740000 6581474.950000 56.730000 66.000000 71.000000 74.000000 47.000000 0.345657
536085.870000 6581474.410000 57.160000 66.000000 71.000000 74.000000 52.000000 0.406647
536086.020000 6581473.780000 57.700000 68.000000 73.000000 76.000000 54.000000 0.429657
536086.150000 6581473.220000 58.150000 64.000000 69.000000 73.000000 50.000000 0.410324
536086.280000 6581472.710000 58.520000 34.000000 37.000000 42.000000 29.000000 0.321655
536086.190000 6581474.090000 57.410000 66.000000 71.000000 74.000000 53.000000 0.435989
536086.320000 6581473.560000 57.790000 54.000000 59.000000 63.000000 43.000000 0.368317
536086.470000 6581472.940000 58.350000 29.000000 32.000000 39.000000 11.000000 0.395325
