537269.940000 6582189.890000 57.120000 147.000000 114.000000 99.000000 107.000000 0.451981
537269.820000 6582189.450000 57.300000 150.000000 119.000000 98.000000 110.000000 0.445312
537269.730000 6582189.820000 57.020000 140.000000 107.000000 92.000000 94.000000 0.481659
537269.630000 6582188.760000 57.320000 150.000000 119.000000 101.000000 114.000000 0.540314
537269.560000 6582189.070000 57.390000 144.000000 113.000000 95.000000 106.000000 0.445312
537269.480000 6582189.430000 57.100000 148.000000 115.000000 98.000000 105.000000 0.497986
537269.380000 6582188.470000 57.300000 132.000000 101.000000 83.000000 95.000000 0.537643
537269.320000 6582188.740000 57.450000 148.000000 117.000000 99.000000 107.000000 0.504318
537269.230000 6582189.130000 57.100000 149.000000 118.000000 100.000000 109.000000 0.474655
537269.150000 6582189.480000 56.830000 151.000000 119.000000 104.000000 111.000000 0.464645
537269.100000 6582188.670000 57.380000 139.000000 106.000000 89.000000 99.000000 0.425659
537269.010000 6582189.030000 57.040000 153.000000 120.000000 103.000000 107.000000 0.487656
537268.920000 6582189.450000 56.620000 154.000000 123.000000 105.000000 116.000000 0.431320
537268.840000 6582189.800000 56.370000 80.000000 53.000000 44.000000 58.000000 0.468658
537269.040000 6582188.080000 57.260000 146.000000 117.000000 99.000000 109.000000 0.532654
537268.900000 6582188.710000 57.200000 144.000000 111.000000 94.000000 102.000000 0.449646
537268.820000 6582189.070000 56.920000 146.000000 113.000000 94.000000 106.000000 0.474991
537268.730000 6582189.450000 56.570000 147.000000 115.000000 100.000000 111.000000 0.464981
537268.730000 6582187.850000 57.310000 143.000000 114.000000 98.000000 104.000000 0.530655
537268.670000 6582188.140000 57.410000 151.000000 129.000000 108.000000 116.000000 0.503647
537268.590000 6582188.490000 57.090000 172.000000 143.000000 125.000000 135.000000 0.464325
537268.500000 6582188.870000 56.770000 175.000000 145.000000 121.000000 132.000000 0.496658
537268.420000 6582187.740000 57.060000 179.000000 150.000000 132.000000 137.000000 0.552979
537268.350000 6582188.050000 57.180000 175.000000 147.000000 123.000000 136.000000 0.478989
537268.270000 6582188.400000 56.970000 179.000000 148.000000 127.000000 140.000000 0.463318
537269.780000 6582189.730000 57.150000 144.000000 111.000000 94.000000 105.000000 0.463318
537269.690000 6582189.390000 57.280000 149.000000 118.000000 98.000000 107.000000 0.490982
537269.590000 6582189.040000 57.430000 144.000000 113.000000 95.000000 106.000000 0.519989
537269.520000 6582188.760000 57.390000 146.000000 115.000000 97.000000 107.000000 0.547318
537269.440000 6582188.480000 57.220000 142.000000 111.000000 93.000000 107.000000 0.535980
537269.420000 6582189.870000 56.750000 149.000000 118.000000 98.000000 106.000000 0.475311
537269.340000 6582189.530000 56.960000 138.000000 107.000000 89.000000 99.000000 0.471313
537269.240000 6582189.190000 57.140000 149.000000 118.000000 100.000000 109.000000 0.461990
537269.150000 6582188.840000 57.270000 148.000000 115.000000 96.000000 111.000000 0.456985
537269.050000 6582188.490000 57.490000 148.000000 117.000000 99.000000 109.000000 0.510986
537268.890000 6582187.910000 57.260000 121.000000 94.000000 77.000000 87.000000 0.531982
537268.960000 6582189.620000 56.610000 124.000000 94.000000 83.000000 97.000000 0.482651
537268.870000 6582189.310000 56.790000 156.000000 123.000000 104.000000 104.000000 0.475647
537268.780000 6582188.970000 56.930000 155.000000 120.000000 98.000000 108.000000 0.463654
537268.690000 6582188.630000 57.060000 159.000000 132.000000 115.000000 122.000000 0.461990
537268.610000 6582188.310000 57.270000 164.000000 133.000000 115.000000 124.000000 0.502319
537268.520000 6582187.990000 57.240000 179.000000 151.000000 129.000000 142.000000 0.557648
537268.440000 6582187.710000 57.110000 179.000000 150.000000 132.000000 137.000000 0.547989
537268.710000 6582189.680000 56.400000 82.000000 55.000000 46.000000 64.000000 0.486984
537268.610000 6582189.340000 56.570000 182.000000 149.000000 130.000000 137.000000 0.476990
537268.530000 6582189.020000 56.750000 177.000000 145.000000 124.000000 129.000000 0.473648
537268.430000 6582188.670000 56.940000 180.000000 148.000000 127.000000 134.000000 0.477982
537268.340000 6582188.340000 57.070000 171.000000 141.000000 117.000000 130.000000 0.461319
537268.260000 6582188.010000 57.110000 171.000000 146.000000 124.000000 130.000000 0.512985
537268.180000 6582187.730000 56.960000 167.000000 140.000000 123.000000 142.000000 0.571991
537270.170000 6582189.930000 57.250000 149.000000 118.000000 100.000000 106.000000 0.450317
537270.020000 6582189.520000 57.430000 138.000000 107.000000 89.000000 101.000000 0.513321
537270.410000 6582189.780000 57.460000 144.000000 113.000000 95.000000 105.000000 0.539658
537270.130000 6582189.910000 57.260000 149.000000 118.000000 100.000000 106.000000 0.463989
537270.040000 6582189.590000 57.390000 138.000000 107.000000 89.000000 101.000000 0.477982
537269.920000 6582191.060000 56.300000 88.000000 70.000000 56.000000 73.000000 0.494644
537269.830000 6582191.450000 55.970000 78.000000 58.000000 51.000000 74.000000 0.491989
537269.740000 6582191.820000 55.660000 90.000000 65.000000 58.000000 73.000000 0.466660
537269.840000 6582190.300000 56.760000 156.000000 123.000000 104.000000 111.000000 0.478989
537269.760000 6582190.660000 56.480000 92.000000 68.000000 58.000000 68.000000 0.459991
537269.690000 6582190.990000 56.170000 73.000000 53.000000 44.000000 59.000000 0.465317
537269.600000 6582191.380000 55.870000 81.000000 58.000000 50.000000 70.000000 0.474655
537269.510000 6582191.770000 55.540000 82.000000 62.000000 51.000000 70.000000 0.483658
537269.650000 6582190.200000 56.690000 163.000000 130.000000 113.000000 130.000000 0.462646
537269.560000 6582190.560000 56.410000 88.000000 69.000000 62.000000 75.000000 0.452316
537269.480000 6582190.940000 56.120000 89.000000 66.000000 58.000000 73.000000 0.479324
537269.390000 6582191.320000 55.810000 83.000000 60.000000 52.000000 73.000000 0.477646
537269.310000 6582191.690000 55.460000 90.000000 71.000000 56.000000 73.000000 0.461319
537269.300000 6582190.210000 56.410000 79.000000 50.000000 42.000000 58.000000 0.451645
537269.960000 6582190.390000 56.770000 154.000000 123.000000 103.000000 109.000000 0.457321
537269.860000 6582190.030000 57.030000 151.000000 118.000000 101.000000 111.000000 0.508987
537269.980000 6582191.910000 55.770000 90.000000 68.000000 57.000000 75.000000 0.488983
537269.890000 6582191.590000 55.970000 82.000000 61.000000 56.000000 71.000000 0.504654
537269.800000 6582191.250000 56.120000 88.000000 69.000000 55.000000 79.000000 0.484314
537269.700000 6582190.890000 56.320000 86.000000 66.000000 57.000000 71.000000 0.496979
537269.610000 6582190.570000 56.450000 85.000000 63.000000 52.000000 70.000000 0.450653
537269.520000 6582190.230000 56.610000 135.000000 103.000000 90.000000 104.000000 0.496979
537269.520000 6582191.680000 55.640000 89.000000 69.000000 58.000000 74.000000 0.494324
537269.420000 6582191.330000 55.810000 85.000000 62.000000 54.000000 71.000000 0.495987
537269.240000 6582190.660000 56.120000 83.000000 66.000000 56.000000 74.000000 0.469650
537269.150000 6582190.310000 56.260000 97.000000 73.000000 69.000000 80.000000 0.480988
537268.980000 6582190.680000 55.920000 78.000000 61.000000 51.000000 63.000000 0.480988
537268.880000 6582190.350000 56.060000 87.000000 67.000000 58.000000 73.000000 0.450989
537268.800000 6582190.040000 56.220000 81.000000 60.000000 55.000000 70.000000 0.492325
537273.680000 6582192.900000 57.100000 147.000000 111.000000 99.000000 105.000000 0.513657
537273.600000 6582193.240000 56.940000 152.000000 119.000000 102.000000 118.000000 0.468979
537273.320000 6582192.870000 57.270000 136.000000 105.000000 87.000000 104.000000 0.492981
537273.240000 6582193.210000 57.110000 143.000000 115.000000 94.000000 108.000000 0.489990
537273.100000 6582192.590000 57.460000 147.000000 111.000000 95.000000 106.000000 0.502655
537273.020000 6582192.950000 57.170000 135.000000 108.000000 89.000000 106.000000 0.465988
537272.640000 6582191.740000 57.210000 149.000000 116.000000 99.000000 110.000000 0.530655
537272.580000 6582192.000000 57.440000 151.000000 118.000000 101.000000 115.000000 0.527985
537272.510000 6582192.320000 57.270000 152.000000 119.000000 100.000000 115.000000 0.449646
537272.420000 6582192.710000 56.930000 136.000000 103.000000 84.000000 95.000000 0.456314
537272.340000 6582193.080000 56.640000 153.000000 121.000000 106.000000 121.000000 0.442322
537272.250000 6582191.930000 57.350000 132.000000 101.000000 83.000000 94.000000 0.464325
537272.170000 6582192.280000 57.090000 138.000000 110.000000 89.000000 102.000000 0.465652
537272.080000 6582192.680000 56.750000 157.000000 126.000000 108.000000 117.000000 0.447311
537272.010000 6582191.730000 57.310000 155.000000 124.000000 106.000000 116.000000 0.469315
537271.910000 6582192.140000 56.940000 142.000000 109.000000 90.000000 104.000000 0.461990
537271.820000 6582192.530000 56.650000 147.000000 119.000000 107.000000 118.000000 0.467987
537271.740000 6582192.880000 56.350000 68.000000 53.000000 50.000000 63.000000 0.442322
537271.770000 6582191.500000 57.250000 137.000000 106.000000 88.000000 94.000000 0.438324
537271.680000 6582191.900000 56.960000 156.000000 121.000000 102.000000 112.000000 0.455322
537271.600000 6582192.250000 56.650000 137.000000 107.000000 96.000000 113.000000 0.486984
537271.520000 6582192.600000 56.390000 26.000000 16.000000 17.000000 32.000000 0.457321
537271.480000 6582191.130000 57.390000 151.000000 115.000000 101.000000 112.000000 0.466660
537271.400000 6582191.500000 57.050000 153.000000 118.000000 99.000000 110.000000 0.479324
537271.310000 6582191.890000 56.790000 154.000000 137.000000 121.000000 125.000000 0.443314
537271.220000 6582192.270000 56.440000 17.000000 12.000000 16.000000 24.000000 0.471985
537271.130000 6582190.990000 57.260000 148.000000 122.000000 95.000000 110.000000 0.365326
537271.040000 6582191.390000 56.850000 139.000000 113.000000 90.000000 100.000000 0.439316
537270.860000 6582192.140000 56.210000 51.000000 47.000000 46.000000 43.000000 0.474319
537270.800000 6582191.240000 56.840000 138.000000 113.000000 93.000000 111.000000 0.372986
537270.720000 6582191.630000 56.480000 43.000000 50.000000 43.000000 31.000000 0.454987
537270.640000 6582191.960000 56.160000 48.000000 41.000000 48.000000 42.000000 0.491318
537270.560000 6582192.320000 55.870000 74.000000 65.000000 60.000000 67.000000 0.487656
537270.560000 6582191.240000 56.580000 129.000000 102.000000 85.000000 106.000000 0.385986
537270.480000 6582191.570000 56.340000 249.000000 251.000000 238.000000 217.000000 0.479324
537270.400000 6582191.950000 56.000000 65.000000 60.000000 57.000000 54.000000 0.454987
537270.470000 6582190.100000 57.390000 131.000000 100.000000 82.000000 95.000000 0.510651
537270.290000 6582190.870000 56.610000 167.000000 134.000000 117.000000 122.000000 0.315323
537270.210000 6582191.250000 56.380000 90.000000 63.000000 56.000000 70.000000 0.442322
537270.120000 6582191.610000 56.050000 115.000000 105.000000 95.000000 92.000000 0.479324
537270.040000 6582191.970000 55.770000 83.000000 64.000000 57.000000 68.000000 0.472656
537270.090000 6582190.290000 56.960000 151.000000 120.000000 100.000000 104.000000 0.448318
537270.010000 6582190.670000 56.660000 158.000000 126.000000 113.000000 121.000000 0.451324
537274.250000 6582193.430000 57.210000 107.000000 106.000000 76.000000 175.000000 0.421646
537274.030000 6582193.600000 57.320000 126.000000 108.000000 84.000000 160.000000 0.486313
537273.940000 6582193.280000 57.350000 141.000000 110.000000 92.000000 113.000000 0.532654
537273.770000 6582193.650000 57.480000 126.000000 95.000000 74.000000 98.000000 0.506317
537273.630000 6582193.120000 56.970000 151.000000 113.000000 100.000000 111.000000 0.460648
537273.540000 6582192.790000 57.230000 145.000000 116.000000 100.000000 115.000000 0.495651
537273.330000 6582193.390000 57.050000 149.000000 118.000000 98.000000 115.000000 0.481979
537273.230000 6582193.020000 57.230000 142.000000 113.000000 95.000000 112.000000 0.497314
537273.140000 6582192.680000 57.440000 149.000000 116.000000 99.000000 113.000000 0.484650
537273.060000 6582192.420000 57.360000 152.000000 116.000000 100.000000 111.000000 0.523651
537272.860000 6582193.120000 57.000000 148.000000 117.000000 99.000000 112.000000 0.497314
537272.760000 6582192.760000 57.170000 146.000000 113.000000 94.000000 109.000000 0.473984
537272.670000 6582192.430000 57.300000 141.000000 110.000000 90.000000 105.000000 0.480652
537272.580000 6582192.110000 57.440000 151.000000 115.000000 99.000000 108.000000 0.516983
537272.500000 6582191.810000 57.370000 145.000000 112.000000 95.000000 108.000000 0.547318
537272.520000 6582193.010000 56.810000 159.000000 122.000000 106.000000 113.000000 0.471649
537272.420000 6582192.660000 57.030000 144.000000 111.000000 92.000000 106.000000 0.485992
537272.320000 6582192.300000 57.180000 149.000000 118.000000 98.000000 110.000000 0.500656
537272.230000 6582191.950000 57.380000 132.000000 101.000000 83.000000 94.000000 0.497650
537272.140000 6582191.650000 57.470000 146.000000 115.000000 97.000000 109.000000 0.515991
537272.060000 6582191.360000 57.360000 143.000000 112.000000 92.000000 103.000000 0.551987
537272.150000 6582192.970000 56.610000 130.000000 103.000000 86.000000 101.000000 0.461319
537272.060000 6582192.640000 56.750000 157.000000 126.000000 108.000000 117.000000 0.505325
537271.960000 6582192.260000 56.960000 140.000000 109.000000 91.000000 100.000000 0.486984
537271.870000 6582191.940000 57.100000 156.000000 121.000000 101.000000 116.000000 0.456985
537271.780000 6582191.610000 57.250000 139.000000 108.000000 90.000000 99.000000 0.473984
537271.680000 6582191.240000 57.440000 147.000000 114.000000 99.000000 109.000000 0.520645
537271.660000 6582192.700000 56.410000 32.000000 18.000000 18.000000 34.000000 0.477325
537271.460000 6582192.000000 56.800000 143.000000 117.000000 104.000000 111.000000 0.506317
537271.370000 6582191.660000 56.940000 141.000000 113.000000 91.000000 106.000000 0.475647
537271.290000 6582191.350000 57.120000 153.000000 118.000000 96.000000 119.000000 0.481323
537271.190000 6582190.970000 57.310000 148.000000 122.000000 95.000000 110.000000 0.397980
537271.040000 6582192.120000 56.360000 38.000000 43.000000 46.000000 40.000000 0.471985
537270.950000 6582191.780000 56.540000 91.000000 90.000000 86.000000 82.000000 0.483978
537270.870000 6582191.470000 56.700000 197.000000 190.000000 172.000000 166.000000 0.511978
537270.500000 6582190.110000 57.380000 138.000000 107.000000 89.000000 102.000000 0.517319
537270.770000 6582192.320000 56.010000 56.000000 52.000000 49.000000 49.000000 0.455658
537270.690000 6582191.990000 56.240000 48.000000 41.000000 48.000000 42.000000 0.494324
537270.590000 6582191.640000 56.360000 115.000000 125.000000 116.000000 102.000000 0.485657
537270.490000 6582191.270000 56.570000 103.000000 75.000000 61.000000 79.000000 0.522644
537270.410000 6582190.960000 56.730000 149.000000 122.000000 105.000000 113.000000 0.392990
537270.220000 6582190.260000 57.100000 137.000000 105.000000 90.000000 97.000000 0.496658
537270.430000 6582192.140000 55.960000 62.000000 56.000000 56.000000 54.000000 0.455658
537270.340000 6582191.780000 56.140000 173.000000 173.000000 163.000000 160.000000 0.449326
537270.240000 6582191.420000 56.320000 70.000000 50.000000 41.000000 60.000000 0.425323
537270.150000 6582191.080000 56.490000 83.000000 60.000000 46.000000 62.000000 0.450317
537270.060000 6582190.740000 56.640000 141.000000 109.000000 96.000000 110.000000 0.489655
537273.720000 6582194.200000 56.540000 49.000000 38.000000 32.000000 55.000000 0.291992
537273.370000 6582194.260000 56.540000 46.000000 37.000000 30.000000 58.000000 0.470322
537273.300000 6582194.590000 56.290000 48.000000 38.000000 29.000000 51.000000 0.348648
537272.980000 6582194.320000 56.250000 77.000000 57.000000 48.000000 73.000000 0.464981
537272.900000 6582194.700000 55.970000 84.000000 62.000000 48.000000 76.000000 0.469315
537272.810000 6582195.100000 55.630000 78.000000 59.000000 45.000000 73.000000 0.342987
537272.670000 6582194.470000 55.910000 85.000000 63.000000 52.000000 76.000000 0.435654
537272.590000 6582194.850000 55.610000 78.000000 56.000000 43.000000 68.000000 0.463989
537272.510000 6582195.210000 55.270000 78.000000 58.000000 47.000000 72.000000 0.452988
537272.350000 6582194.570000 55.650000 89.000000 69.000000 58.000000 82.000000 0.464981
537272.270000 6582194.950000 55.340000 81.000000 59.000000 48.000000 78.000000 0.455978
537272.180000 6582195.310000 55.050000 83.000000 61.000000 48.000000 73.000000 0.443985
537272.100000 6582195.670000 54.780000 81.000000 63.000000 51.000000 72.000000 0.420319
537272.000000 6582194.580000 55.360000 91.000000 72.000000 58.000000 82.000000 0.440659
537271.920000 6582194.940000 55.070000 81.000000 59.000000 46.000000 72.000000 0.427979
537271.830000 6582195.320000 54.800000 80.000000 60.000000 51.000000 70.000000 0.480988
537271.750000 6582195.690000 54.470000 79.000000 60.000000 46.000000 70.000000 0.498322
537271.650000 6582194.550000 55.170000 80.000000 58.000000 47.000000 73.000000 0.456650
537271.560000 6582194.950000 54.830000 88.000000 66.000000 55.000000 80.000000 0.487991
537271.480000 6582195.330000 54.510000 76.000000 57.000000 43.000000 73.000000 0.452988
537271.400000 6582194.390000 55.080000 82.000000 62.000000 51.000000 75.000000 0.474319
537271.320000 6582194.760000 54.790000 78.000000 56.000000 45.000000 68.000000 0.467316
537271.230000 6582195.150000 54.450000 79.000000 57.000000 46.000000 75.000000 0.454987
537271.090000 6582194.490000 54.770000 91.000000 71.000000 60.000000 81.000000 0.459320
537271.000000 6582194.870000 54.470000 82.000000 62.000000 51.000000 72.000000 0.443985
537270.710000 6582194.540000 54.500000 89.000000 71.000000 59.000000 78.000000 0.468323
537274.410000 6582194.020000 57.180000 82.000000 95.000000 65.000000 174.000000 0.337646
537273.510000 6582194.040000 56.600000 37.000000 22.000000 15.000000 38.000000 0.483658
537273.220000 6582194.470000 56.330000 55.000000 42.000000 34.000000 54.000000 0.472992
537272.980000 6582194.710000 56.030000 84.000000 62.000000 48.000000 76.000000 0.488312
537272.880000 6582194.360000 56.190000 76.000000 56.000000 47.000000 72.000000 0.506653
537272.700000 6582195.030000 55.610000 87.000000 68.000000 54.000000 80.000000 0.457993
537272.600000 6582194.640000 55.820000 73.000000 53.000000 42.000000 65.000000 0.508987
537272.510000 6582194.310000 55.970000 82.000000 62.000000 53.000000 72.000000 0.453979
537272.380000 6582195.390000 55.170000 83.000000 63.000000 52.000000 74.000000 0.449646
537272.300000 6582195.070000 55.310000 90.000000 68.000000 55.000000 81.000000 0.503311
537272.210000 6582194.770000 55.470000 81.000000 61.000000 50.000000 72.000000 0.479645
537272.120000 6582194.410000 55.650000 84.000000 65.000000 51.000000 80.000000 0.460648
537272.060000 6582195.860000 54.630000 75.000000 59.000000 46.000000 68.000000 0.376648
537271.960000 6582195.510000 54.740000 84.000000 64.000000 53.000000 77.000000 0.497650
537271.870000 6582195.160000 54.910000 80.000000 58.000000 45.000000 69.000000 0.462982
537271.780000 6582194.840000 55.060000 87.000000 65.000000 52.000000 78.000000 0.506989
537271.690000 6582194.480000 55.200000 76.000000 54.000000 43.000000 66.000000 0.474991
537271.330000 6582194.340000 55.070000 81.000000 61.000000 50.000000 70.000000 0.485657
537271.350000 6582195.500000 54.320000 78.000000 54.000000 42.000000 68.000000 0.459320
537271.260000 6582195.180000 54.510000 79.000000 57.000000 46.000000 75.000000 0.443649
537271.160000 6582194.830000 54.610000 78.000000 58.000000 47.000000 71.000000 0.500992
537271.070000 6582194.480000 54.820000 91.000000 71.000000 60.000000 81.000000 0.476990
537270.720000 6582194.660000 54.440000 89.000000 70.000000 56.000000 78.000000 0.496979
537267.500000 6582187.440000 56.470000 184.000000 189.000000 169.000000 176.000000 0.531647
537267.440000 6582187.720000 56.620000 143.000000 153.000000 142.000000 135.000000 0.540985
537267.360000 6582188.070000 56.550000 139.000000 141.000000 140.000000 127.000000 0.481979
537267.200000 6582188.780000 55.920000 164.000000 143.000000 138.000000 138.000000 0.458649
537267.110000 6582189.150000 55.620000 48.000000 33.000000 26.000000 47.000000 0.427322
537267.030000 6582189.510000 55.350000 31.000000 26.000000 30.000000 39.000000 0.467987
537266.950000 6582189.880000 54.990000 43.000000 38.000000 35.000000 46.000000 0.454651
537267.010000 6582187.890000 56.410000 169.000000 171.000000 150.000000 179.000000 0.470657
537266.930000 6582188.240000 56.150000 150.000000 159.000000 140.000000 135.000000 0.487320
537266.850000 6582188.610000 55.790000 100.000000 100.000000 92.000000 97.000000 0.462982
537266.760000 6582188.990000 55.470000 40.000000 42.000000 41.000000 48.000000 0.454315
537266.670000 6582189.370000 55.130000 38.000000 29.000000 30.000000 40.000000 0.463989
537266.590000 6582189.730000 54.820000 35.000000 30.000000 27.000000 37.000000 0.479980
537266.650000 6582188.170000 55.970000 113.000000 116.000000 99.000000 128.000000 0.471313
537266.560000 6582188.570000 55.680000 183.000000 187.000000 172.000000 162.000000 0.497986
537266.480000 6582188.940000 55.330000 200.000000 212.000000 198.000000 180.000000 0.491989
537266.400000 6582189.280000 55.030000 32.000000 27.000000 24.000000 30.000000 0.470978
537266.310000 6582189.680000 54.700000 38.000000 34.000000 35.000000 41.000000 0.507980
537266.240000 6582188.690000 55.360000 50.000000 53.000000 44.000000 61.000000 0.450653
537266.150000 6582189.080000 54.990000 168.000000 175.000000 159.000000 150.000000 0.490311
537266.060000 6582189.470000 54.680000 126.000000 136.000000 128.000000 114.000000 0.461990
537265.980000 6582189.830000 54.370000 30.000000 18.000000 18.000000 38.000000 0.478317
537265.760000 6582189.040000 54.730000 150.000000 157.000000 141.000000 161.000000 0.431992
537265.680000 6582189.400000 54.420000 173.000000 176.000000 165.000000 154.000000 0.443649
537267.840000 6582187.500000 56.700000 134.000000 146.000000 136.000000 123.000000 0.542648
537267.560000 6582187.760000 56.660000 122.000000 130.000000 119.000000 106.000000 0.561981
537267.480000 6582187.500000 56.500000 157.000000 160.000000 141.000000 160.000000 0.523987
537267.460000 6582188.920000 56.050000 185.000000 154.000000 134.000000 140.000000 0.471313
537267.360000 6582188.570000 56.260000 158.000000 136.000000 123.000000 133.000000 0.523651
537267.270000 6582188.210000 56.370000 91.000000 97.000000 97.000000 90.000000 0.472321
537267.170000 6582187.870000 56.520000 137.000000 140.000000 121.000000 136.000000 0.511658
537267.350000 6582189.590000 55.490000 49.000000 35.000000 32.000000 48.000000 0.470322
537267.260000 6582189.270000 55.690000 71.000000 54.000000 46.000000 62.000000 0.505325
537267.080000 6582188.570000 55.990000 55.000000 55.000000 57.000000 52.000000 0.513657
537266.980000 6582188.230000 56.240000 150.000000 159.000000 140.000000 135.000000 0.497650
537266.900000 6582187.920000 56.290000 175.000000 176.000000 160.000000 174.000000 0.525650
537267.040000 6582189.570000 55.310000 31.000000 26.000000 30.000000 39.000000 0.487656
537266.960000 6582189.240000 55.510000 45.000000 33.000000 35.000000 46.000000 0.452988
537266.860000 6582188.900000 55.630000 41.000000 36.000000 33.000000 44.000000 0.505646
537266.770000 6582188.550000 55.840000 140.000000 143.000000 136.000000 125.000000 0.496979
537266.680000 6582188.230000 56.040000 163.000000 165.000000 151.000000 161.000000 0.501984
537266.770000 6582189.940000 54.840000 44.000000 35.000000 30.000000 47.000000 0.483978
537266.670000 6582189.590000 54.990000 39.000000 27.000000 29.000000 41.000000 0.504318
537266.580000 6582189.240000 55.170000 28.000000 20.000000 18.000000 32.000000 0.492325
537266.490000 6582188.930000 55.380000 200.000000 212.000000 198.000000 180.000000 0.507980
537266.390000 6582188.550000 55.570000 129.000000 129.000000 117.000000 125.000000 0.492981
537266.320000 6582189.680000 54.690000 38.000000 34.000000 35.000000 41.000000 0.469986
537266.220000 6582189.340000 54.880000 81.000000 87.000000 85.000000 85.000000 0.464325
537266.140000 6582189.010000 55.050000 168.000000 175.000000 159.000000 150.000000 0.491318
537266.040000 6582188.640000 55.290000 92.000000 91.000000 71.000000 131.000000 0.377991
537266.060000 6582189.680000 54.540000 23.000000 22.000000 18.000000 31.000000 0.502655
537265.970000 6582189.360000 54.650000 194.000000 202.000000 189.000000 173.000000 0.450989
537265.880000 6582189.010000 54.880000 198.000000 206.000000 183.000000 189.000000 0.476654
537265.730000 6582189.440000 54.510000 153.000000 155.000000 142.000000 124.000000 0.492325
537267.240000 6582190.300000 54.940000 46.000000 36.000000 37.000000 43.000000 0.517319
537267.160000 6582190.670000 54.570000 60.000000 48.000000 48.000000 58.000000 0.488983
537267.090000 6582191.010000 54.310000 48.000000 37.000000 33.000000 49.000000 0.514648
537266.860000 6582190.260000 54.650000 47.000000 36.000000 32.000000 41.000000 0.491989
537266.780000 6582190.620000 54.400000 55.000000 42.000000 36.000000 57.000000 0.471313
537266.500000 6582190.120000 54.520000 38.000000 29.000000 32.000000 41.000000 0.498322
537266.220000 6582190.080000 54.330000 51.000000 40.000000 36.000000 52.000000 0.471649
537267.220000 6582190.220000 54.980000 46.000000 36.000000 37.000000 43.000000 0.504318
537267.040000 6582190.920000 54.410000 54.000000 38.000000 38.000000 51.000000 0.491653
537266.950000 6582190.590000 54.500000 40.000000 29.000000 27.000000 33.000000 0.476654
537266.850000 6582190.250000 54.700000 47.000000 36.000000 32.000000 41.000000 0.473984
537266.500000 6582190.370000 54.350000 44.000000 34.000000 35.000000 42.000000 0.534988
537266.410000 6582190.020000 54.560000 34.000000 28.000000 30.000000 41.000000 0.498322
537266.150000 6582190.000000 54.450000 39.000000 24.000000 29.000000 42.000000 0.509323
537270.050000 6582194.560000 53.970000 88.000000 70.000000 56.000000 79.000000 0.476990
537268.650000 6582189.840000 56.220000 90.000000 70.000000 61.000000 78.000000 0.439987
537268.410000 6582189.270000 56.390000 180.000000 147.000000 130.000000 133.000000 0.460983
537268.330000 6582189.620000 56.100000 89.000000 67.000000 56.000000 78.000000 0.466980
537268.180000 6582188.790000 56.610000 178.000000 150.000000 129.000000 135.000000 0.457657
537268.090000 6582189.180000 56.270000 184.000000 155.000000 137.000000 141.000000 0.450653
537268.010000 6582189.530000 55.990000 90.000000 66.000000 54.000000 77.000000 0.484650
537267.920000 6582189.900000 55.650000 92.000000 70.000000 59.000000 77.000000 0.493652
537268.120000 6582187.690000 56.900000 153.000000 130.000000 114.000000 134.000000 0.519653
537268.060000 6582187.980000 56.990000 182.000000 156.000000 141.000000 145.000000 0.491653
537267.970000 6582188.370000 56.730000 172.000000 146.000000 131.000000 132.000000 0.454651
537267.880000 6582188.740000 56.440000 170.000000 143.000000 124.000000 133.000000 0.435654
537267.810000 6582189.080000 56.120000 178.000000 150.000000 129.000000 130.000000 0.467316
537267.720000 6582189.470000 55.820000 90.000000 67.000000 59.000000 78.000000 0.491989
537267.630000 6582189.860000 55.480000 86.000000 66.000000 57.000000 72.000000 0.462646
537267.820000 6582187.740000 56.790000 145.000000 138.000000 128.000000 131.000000 0.560318
537267.760000 6582188.060000 56.840000 158.000000 128.000000 117.000000 130.000000 0.485992
537267.670000 6582188.430000 56.480000 178.000000 151.000000 132.000000 135.000000 0.469315
537267.580000 6582188.810000 56.100000 179.000000 148.000000 128.000000 136.000000 0.451645
537268.460000 6582189.780000 56.170000 85.000000 65.000000 56.000000 75.000000 0.508652
537268.370000 6582189.430000 56.290000 77.000000 49.000000 37.000000 57.000000 0.479980
537268.280000 6582189.120000 56.460000 176.000000 147.000000 129.000000 133.000000 0.467316
537268.190000 6582188.780000 56.690000 178.000000 150.000000 129.000000 135.000000 0.458984
537268.090000 6582188.420000 56.840000 174.000000 145.000000 127.000000 138.000000 0.506989
537268.000000 6582188.070000 57.030000 177.000000 156.000000 139.000000 139.000000 0.503311
537267.920000 6582187.800000 56.850000 143.000000 129.000000 118.000000 139.000000 0.507324
537268.090000 6582189.750000 55.930000 83.000000 61.000000 50.000000 69.000000 0.514313
537268.000000 6582189.390000 56.060000 82.000000 55.000000 46.000000 60.000000 0.484985
537267.900000 6582189.050000 56.250000 179.000000 151.000000 129.000000 128.000000 0.461319
537267.820000 6582188.750000 56.430000 170.000000 143.000000 124.000000 133.000000 0.472321
537267.730000 6582188.410000 56.560000 174.000000 147.000000 128.000000 133.000000 0.482651
537267.630000 6582188.040000 56.770000 156.000000 132.000000 122.000000 139.000000 0.477982
537267.740000 6582189.950000 55.590000 74.000000 54.000000 45.000000 64.000000 0.503647
537267.640000 6582189.610000 55.680000 87.000000 67.000000 58.000000 75.000000 0.481323
537267.540000 6582189.240000 55.890000 66.000000 44.000000 33.000000 49.000000 0.450653
537267.450000 6582189.950000 55.310000 70.000000 56.000000 47.000000 65.000000 0.510651
537269.050000 6582191.330000 55.500000 77.000000 60.000000 50.000000 59.000000 0.431656
537268.970000 6582191.670000 55.250000 87.000000 62.000000 55.000000 75.000000 0.514313
537268.900000 6582190.590000 55.920000 81.000000 58.000000 50.000000 65.000000 0.473312
537268.820000 6582190.960000 55.550000 94.000000 76.000000 66.000000 78.000000 0.481979
537268.730000 6582191.320000 55.290000 85.000000 67.000000 57.000000 74.000000 0.487991
537268.770000 6582190.130000 56.090000 84.000000 65.000000 59.000000 69.000000 0.437317
537268.670000 6582190.550000 55.750000 92.000000 69.000000 61.000000 76.000000 0.438660
537268.590000 6582190.910000 55.420000 84.000000 64.000000 57.000000 68.000000 0.440979
537268.500000 6582191.280000 55.110000 91.000000 71.000000 62.000000 76.000000 0.471985
537268.560000 6582190.210000 55.950000 76.000000 56.000000 47.000000 64.000000 0.468658
537268.480000 6582190.570000 55.630000 87.000000 64.000000 56.000000 73.000000 0.476318
537268.400000 6582190.940000 55.300000 87.000000 67.000000 58.000000 74.000000 0.460983
537268.310000 6582191.330000 54.990000 86.000000 66.000000 57.000000 73.000000 0.454651
537268.240000 6582190.030000 55.760000 82.000000 64.000000 52.000000 76.000000 0.474655
537268.150000 6582190.430000 55.440000 75.000000 53.000000 42.000000 59.000000 0.486984
537268.070000 6582190.780000 55.160000 100.000000 78.000000 67.000000 81.000000 0.434982
537267.980000 6582191.150000 54.830000 88.000000 68.000000 59.000000 76.000000 0.497314
537267.840000 6582190.270000 55.350000 91.000000 68.000000 60.000000 78.000000 0.439651
537267.760000 6582190.660000 54.990000 86.000000 68.000000 58.000000 81.000000 0.476318
537267.670000 6582191.030000 54.660000 65.000000 48.000000 41.000000 57.000000 0.468323
537267.540000 6582190.240000 55.160000 63.000000 48.000000 45.000000 55.000000 0.465317
537267.460000 6582190.610000 54.820000 39.000000 27.000000 27.000000 39.000000 0.470657
537267.370000 6582191.000000 54.540000 52.000000 42.000000 40.000000 51.000000 0.487991
537269.010000 6582191.790000 55.200000 91.000000 67.000000 57.000000 75.000000 0.508316
537268.920000 6582191.470000 55.350000 75.000000 58.000000 48.000000 63.000000 0.484650
537268.840000 6582191.160000 55.460000 90.000000 72.000000 60.000000 78.000000 0.484985
537268.740000 6582190.820000 55.630000 79.000000 59.000000 50.000000 62.000000 0.486313
537268.640000 6582190.450000 55.830000 90.000000 68.000000 57.000000 78.000000 0.510315
537268.560000 6582190.150000 55.960000 72.000000 53.000000 47.000000 63.000000 0.488647
537268.560000 6582191.460000 55.050000 86.000000 66.000000 57.000000 73.000000 0.476654
537268.470000 6582191.130000 55.220000 85.000000 65.000000 56.000000 70.000000 0.498978
537268.380000 6582190.790000 55.430000 91.000000 69.000000 56.000000 73.000000 0.485992
537268.280000 6582190.440000 55.540000 81.000000 59.000000 46.000000 65.000000 0.459991
537268.180000 6582190.090000 55.710000 82.000000 63.000000 49.000000 74.000000 0.484314
537268.100000 6582191.280000 54.870000 78.000000 58.000000 47.000000 66.000000 0.501984
537268.010000 6582190.960000 55.020000 88.000000 68.000000 57.000000 75.000000 0.467987
537267.920000 6582190.600000 55.180000 81.000000 58.000000 50.000000 68.000000 0.515320
537267.820000 6582190.270000 55.360000 91.000000 68.000000 60.000000 78.000000 0.519989
537267.820000 6582191.330000 54.620000 87.000000 67.000000 58.000000 76.000000 0.476990
537267.720000 6582190.960000 54.820000 90.000000 71.000000 64.000000 80.000000 0.454315
537267.630000 6582190.640000 54.960000 75.000000 58.000000 51.000000 72.000000 0.475311
537267.540000 6582190.290000 55.130000 63.000000 48.000000 45.000000 55.000000 0.485321
537267.500000 6582191.250000 54.500000 60.000000 45.000000 38.000000 54.000000 0.521652
537267.320000 6582190.580000 54.840000 44.000000 36.000000 33.000000 43.000000 0.502655
537269.970000 6582193.820000 54.420000 86.000000 66.000000 55.000000 72.000000 0.473984
537269.890000 6582194.180000 54.160000 81.000000 61.000000 52.000000 70.000000 0.492981
537269.810000 6582194.570000 53.870000 92.000000 74.000000 62.000000 78.000000 0.591644
537269.780000 6582193.130000 54.720000 90.000000 68.000000 55.000000 72.000000 0.486984
537269.690000 6582193.520000 54.410000 85.000000 75.000000 66.000000 72.000000 0.504654
537269.610000 6582193.890000 54.150000 79.000000 61.000000 51.000000 68.000000 0.521988
537269.520000 6582194.270000 53.750000 75.000000 56.000000 50.000000 67.000000 0.583313
537269.430000 6582194.650000 53.530000 73.000000 62.000000 56.000000 80.000000 0.356659
537269.570000 6582192.570000 55.060000 78.000000 60.000000 50.000000 66.000000 0.510315
537269.490000 6582192.930000 54.750000 76.000000 59.000000 51.000000 69.000000 0.479324
537269.410000 6582193.300000 54.450000 74.000000 59.000000 52.000000 67.000000 0.452316
537269.430000 6582192.120000 55.240000 93.000000 75.000000 65.000000 78.000000 0.457321
537269.900000 6582194.090000 54.220000 79.000000 59.000000 50.000000 67.000000 0.450989
537269.810000 6582193.740000 54.420000 86.000000 66.000000 55.000000 71.000000 0.506989
537269.720000 6582193.420000 54.560000 74.000000 61.000000 52.000000 69.000000 0.451645
537269.620000 6582193.060000 54.740000 83.000000 63.000000 52.000000 65.000000 0.527649
537269.520000 6582192.690000 54.920000 71.000000 54.000000 46.000000 64.000000 0.494324
537269.430000 6582192.370000 55.110000 94.000000 72.000000 61.000000 74.000000 0.511322
537269.740000 6582194.510000 53.850000 91.000000 73.000000 61.000000 81.000000 0.575989
537269.650000 6582194.170000 53.970000 79.000000 59.000000 52.000000 69.000000 0.494980
537269.550000 6582193.800000 54.210000 73.000000 56.000000 48.000000 67.000000 0.470322
537270.130000 6582194.200000 54.300000 89.000000 71.000000 59.000000 80.000000 0.521988
537270.260000 6582194.390000 54.240000 83.000000 65.000000 53.000000 74.000000 0.511658
537270.160000 6582194.060000 54.440000 76.000000 56.000000 47.000000 62.000000 0.550323
537270.070000 6582193.730000 54.550000 86.000000 64.000000 53.000000 70.000000 0.475647
537270.000000 6582194.430000 54.090000 89.000000 71.000000 57.000000 82.000000 0.483978
537269.950000 6582192.370000 55.390000 69.000000 54.000000 49.000000 63.000000 0.468658
537269.870000 6582192.720000 55.110000 85.000000 68.000000 58.000000 75.000000 0.470978
537269.650000 6582192.230000 55.310000 85.000000 65.000000 54.000000 70.000000 0.438980
537269.980000 6582193.380000 54.720000 66.000000 48.000000 38.000000 58.000000 0.501312
537269.890000 6582193.060000 54.920000 82.000000 64.000000 52.000000 65.000000 0.475983
537269.800000 6582192.720000 55.070000 85.000000 68.000000 58.000000 75.000000 0.504318
537269.700000 6582192.350000 55.250000 91.000000 71.000000 60.000000 71.000000 0.469986
537269.610000 6582192.030000 55.420000 91.000000 69.000000 58.000000 78.000000 0.484650
537273.800000 6582193.880000 56.590000 136.000000 105.000000 87.000000 107.000000 0.394318
537273.530000 6582193.580000 56.810000 129.000000 98.000000 78.000000 98.000000 0.506317
537273.450000 6582193.920000 56.680000 78.000000 56.000000 45.000000 67.000000 0.515991
537273.150000 6582193.590000 56.840000 145.000000 112.000000 93.000000 105.000000 0.434982
537273.070000 6582193.940000 56.570000 71.000000 47.000000 35.000000 57.000000 0.475311
537272.840000 6582193.720000 56.550000 106.000000 83.000000 69.000000 89.000000 0.468323
537272.760000 6582194.080000 56.220000 87.000000 67.000000 58.000000 76.000000 0.482986
537272.520000 6582193.840000 56.290000 79.000000 59.000000 50.000000 70.000000 0.493652
537272.430000 6582194.210000 55.990000 78.000000 58.000000 49.000000 70.000000 0.460983
537272.260000 6582193.430000 56.330000 81.000000 61.000000 52.000000 75.000000 0.436325
537272.170000 6582193.810000 56.010000 93.000000 71.000000 58.000000 82.000000 0.450653
537272.090000 6582194.190000 55.700000 81.000000 59.000000 46.000000 69.000000 0.481979
537271.990000 6582193.070000 56.360000 86.000000 66.000000 57.000000 68.000000 0.469650
537271.910000 6582193.430000 56.060000 86.000000 59.000000 52.000000 76.000000 0.437317
537271.830000 6582193.780000 55.810000 82.000000 65.000000 55.000000 81.000000 0.472656
537271.740000 6582194.170000 55.490000 86.000000 66.000000 55.000000 82.000000 0.460648
537271.650000 6582193.280000 56.010000 48.000000 37.000000 35.000000 45.000000 0.455322
537271.570000 6582193.670000 55.720000 47.000000 34.000000 26.000000 41.000000 0.469986
537271.480000 6582194.020000 55.400000 84.000000 64.000000 53.000000 78.000000 0.460648
537271.440000 6582192.970000 56.050000 33.000000 27.000000 27.000000 39.000000 0.460312
537271.350000 6582193.370000 55.700000 33.000000 28.000000 24.000000 35.000000 0.440979
537271.260000 6582193.730000 55.420000 87.000000 69.000000 57.000000 79.000000 0.483978
537271.180000 6582194.110000 55.100000 77.000000 57.000000 46.000000 66.000000 0.468979
537271.140000 6582192.650000 56.040000 33.000000 28.000000 32.000000 36.000000 0.458984
537271.050000 6582193.030000 55.770000 62.000000 50.000000 50.000000 62.000000 0.476318
537270.880000 6582193.780000 55.130000 89.000000 69.000000 60.000000 79.000000 0.453659
537270.790000 6582194.160000 54.810000 85.000000 67.000000 55.000000 75.000000 0.466660
537270.780000 6582192.520000 55.900000 61.000000 52.000000 45.000000 58.000000 0.443314
537270.700000 6582192.880000 55.610000 78.000000 56.000000 43.000000 62.000000 0.471985
537270.600000 6582193.280000 55.230000 84.000000 64.000000 53.000000 70.000000 0.503647
537270.520000 6582193.640000 54.890000 78.000000 58.000000 49.000000 65.000000 0.459656
537270.450000 6582193.990000 54.660000 89.000000 69.000000 60.000000 80.000000 0.473984
537270.360000 6582194.360000 54.340000 84.000000 66.000000 54.000000 75.000000 0.476990
537270.470000 6582192.730000 55.530000 89.000000 69.000000 60.000000 79.000000 0.448990
537270.380000 6582193.090000 55.220000 76.000000 53.000000 47.000000 62.000000 0.465652
537270.310000 6582193.440000 54.890000 81.000000 63.000000 49.000000 75.000000 0.470657
537270.210000 6582193.840000 54.570000 75.000000 55.000000 46.000000 66.000000 0.455322
537270.310000 6582192.330000 55.680000 85.000000 68.000000 60.000000 74.000000 0.463989
537270.230000 6582192.690000 55.390000 84.000000 64.000000 55.000000 73.000000 0.484314
537270.140000 6582193.070000 55.080000 85.000000 68.000000 60.000000 72.000000 0.475311
537270.060000 6582193.460000 54.770000 86.000000 64.000000 51.000000 72.000000 0.455322
537273.720000 6582193.480000 56.740000 128.000000 100.000000 78.000000 105.000000 0.470657
537273.420000 6582193.730000 56.800000 142.000000 109.000000 92.000000 109.000000 0.490646
537273.130000 6582194.120000 56.500000 70.000000 53.000000 45.000000 64.000000 0.501648
537273.040000 6582193.800000 56.640000 149.000000 120.000000 104.000000 121.000000 0.487991
537272.950000 6582193.470000 56.840000 146.000000 113.000000 96.000000 103.000000 0.493988
537272.790000 6582194.050000 56.300000 87.000000 67.000000 58.000000 76.000000 0.512650
537272.700000 6582193.710000 56.480000 75.000000 55.000000 44.000000 66.000000 0.491653
537272.600000 6582193.350000 56.670000 137.000000 109.000000 97.000000 110.000000 0.493317
537272.420000 6582193.970000 56.160000 81.000000 61.000000 52.000000 73.000000 0.501312
537272.320000 6582193.620000 56.270000 82.000000 62.000000 53.000000 77.000000 0.468658
537272.230000 6582193.270000 56.480000 80.000000 56.000000 44.000000 67.000000 0.473648
537272.020000 6582194.060000 55.780000 82.000000 60.000000 47.000000 74.000000 0.457321
537271.930000 6582193.720000 55.950000 87.000000 69.000000 59.000000 82.000000 0.474991
537271.840000 6582193.400000 56.070000 87.000000 64.000000 56.000000 81.000000 0.496658
537271.750000 6582193.040000 56.270000 73.000000 59.000000 58.000000 74.000000 0.489990
537271.590000 6582194.120000 55.380000 89.000000 69.000000 58.000000 77.000000 0.450989
537271.500000 6582193.800000 55.590000 72.000000 54.000000 44.000000 59.000000 0.479980
537271.230000 6582194.000000 55.230000 79.000000 61.000000 49.000000 73.000000 0.491318
537271.140000 6582193.660000 55.400000 85.000000 67.000000 53.000000 74.000000 0.433655
537271.050000 6582193.320000 55.570000 76.000000 56.000000 45.000000 69.000000 0.487991
537270.960000 6582193.000000 55.750000 76.000000 61.000000 56.000000 68.000000 0.469650
537270.870000 6582192.660000 55.930000 44.000000 39.000000 36.000000 41.000000 0.498322
537270.990000 6582194.180000 54.930000 77.000000 59.000000 47.000000 66.000000 0.477982
537270.890000 6582193.810000 55.140000 87.000000 67.000000 56.000000 74.000000 0.479980
537270.800000 6582193.480000 55.300000 72.000000 55.000000 48.000000 64.000000 0.457657
537270.710000 6582193.150000 55.440000 83.000000 65.000000 53.000000 72.000000 0.482651
537270.610000 6582192.790000 55.640000 84.000000 65.000000 51.000000 69.000000 0.497314
537270.520000 6582192.440000 55.810000 78.000000 63.000000 58.000000 69.000000 0.467651
537270.630000 6582194.310000 54.590000 79.000000 61.000000 49.000000 69.000000 0.498322
537270.540000 6582194.000000 54.750000 89.000000 69.000000 60.000000 78.000000 0.502991
537270.450000 6582193.660000 54.910000 78.000000 58.000000 47.000000 67.000000 0.488647
537270.350000 6582193.280000 55.110000 88.000000 66.000000 55.000000 74.000000 0.471649
537270.260000 6582192.950000 55.290000 85.000000 66.000000 60.000000 72.000000 0.492981
537270.170000 6582192.600000 55.450000 81.000000 61.000000 52.000000 70.000000 0.482986
537270.070000 6582192.240000 55.600000 72.000000 57.000000 50.000000 63.000000 0.484650
537269.230000 6582192.060000 55.280000 80.000000 63.000000 53.000000 68.000000 0.526321
537269.150000 6582192.400000 55.150000 98.000000 71.000000 64.000000 76.000000 0.492325
537268.900000 6582191.990000 55.110000 88.000000 66.000000 53.000000 75.000000 0.552979
537268.830000 6582192.270000 55.260000 88.000000 64.000000 52.000000 68.000000 0.506989
537268.770000 6582192.580000 55.270000 109.000000 81.000000 70.000000 88.000000 0.495987
537268.690000 6582192.910000 55.100000 179.000000 149.000000 125.000000 134.000000 0.491989
537268.650000 6582191.700000 54.930000 79.000000 56.000000 48.000000 64.000000 0.485657
537268.580000 6582192.000000 54.910000 92.000000 73.000000 59.000000 79.000000 0.518982
537268.520000 6582192.280000 55.080000 91.000000 69.000000 58.000000 69.000000 0.562988
537268.450000 6582192.570000 55.250000 102.000000 74.000000 60.000000 78.000000 0.525650
537268.380000 6582192.850000 55.330000 187.000000 156.000000 135.000000 143.000000 0.528992
537268.310000 6582193.210000 55.160000 179.000000 144.000000 124.000000 134.000000 0.494980
537268.420000 6582191.660000 54.780000 86.000000 66.000000 55.000000 72.000000 0.508316
537268.340000 6582192.000000 54.740000 81.000000 61.000000 52.000000 66.000000 0.530655
537268.290000 6582192.250000 54.900000 97.000000 77.000000 66.000000 78.000000 0.518646
537268.220000 6582192.540000 55.080000 100.000000 73.000000 54.000000 80.000000 0.526657
537268.150000 6582192.840000 55.210000 184.000000 151.000000 132.000000 144.000000 0.532318
537268.090000 6582193.130000 55.330000 180.000000 145.000000 126.000000 135.000000 0.533981
537268.010000 6582193.480000 55.190000 179.000000 147.000000 124.000000 137.000000 0.458313
537268.220000 6582191.720000 54.680000 84.000000 64.000000 55.000000 74.000000 0.484985
537268.140000 6582192.040000 54.650000 75.000000 57.000000 47.000000 67.000000 0.515656
537268.080000 6582192.340000 54.820000 105.000000 82.000000 66.000000 83.000000 0.538986
537268.020000 6582192.620000 54.970000 167.000000 139.000000 117.000000 125.000000 0.514313
537267.960000 6582192.860000 55.140000 181.000000 148.000000 129.000000 139.000000 0.501312
537267.900000 6582193.150000 55.250000 181.000000 148.000000 129.000000 137.000000 0.516983
537267.820000 6582193.460000 55.300000 170.000000 140.000000 116.000000 130.000000 0.512985
537267.900000 6582191.530000 54.500000 87.000000 65.000000 54.000000 76.000000 0.479980
537267.830000 6582191.850000 54.330000 87.000000 65.000000 54.000000 74.000000 0.501984
537267.760000 6582192.140000 54.460000 96.000000 72.000000 62.000000 76.000000 0.492981
537267.690000 6582192.440000 54.670000 93.000000 66.000000 49.000000 71.000000 0.548981
537267.630000 6582192.720000 54.770000 181.000000 150.000000 130.000000 137.000000 0.517990
537267.570000 6582193.000000 54.940000 174.000000 142.000000 121.000000 131.000000 0.531311
537267.500000 6582193.310000 55.080000 161.000000 130.000000 110.000000 124.000000 0.515991
537267.430000 6582193.600000 55.280000 169.000000 136.000000 119.000000 132.000000 0.563644
537267.370000 6582193.870000 55.330000 149.000000 116.000000 99.000000 111.000000 0.503983
537267.290000 6582194.240000 55.140000 155.000000 122.000000 105.000000 116.000000 0.481979
537267.590000 6582191.380000 54.460000 69.000000 52.000000 44.000000 60.000000 0.459656
537267.500000 6582191.770000 54.140000 86.000000 66.000000 57.000000 76.000000 0.477982
537267.430000 6582192.080000 54.190000 86.000000 67.000000 53.000000 77.000000 0.531311
537267.360000 6582192.380000 54.330000 102.000000 80.000000 67.000000 105.000000 0.512985
537267.300000 6582192.660000 54.480000 133.000000 104.000000 88.000000 107.000000 0.482986
537267.240000 6582192.940000 54.640000 177.000000 146.000000 126.000000 139.000000 0.531647
537267.180000 6582193.200000 54.840000 170.000000 140.000000 116.000000 130.000000 0.503983
537267.050000 6582193.770000 55.140000 160.000000 123.000000 105.000000 121.000000 0.527985
537266.990000 6582194.040000 55.270000 125.000000 93.000000 80.000000 96.000000 0.524658
537267.210000 6582191.720000 53.950000 58.000000 41.000000 33.000000 49.000000 0.455658
537269.090000 6582192.110000 55.240000 80.000000 60.000000 49.000000 60.000000 0.545654
537268.800000 6582192.340000 55.320000 84.000000 60.000000 48.000000 65.000000 0.573990
537268.720000 6582192.080000 55.050000 95.000000 73.000000 62.000000 74.000000 0.538651
537268.650000 6582191.780000 54.960000 79.000000 56.000000 48.000000 64.000000 0.518311
537268.510000 6582192.780000 55.330000 171.000000 142.000000 124.000000 137.000000 0.518311
537268.430000 6582192.490000 55.140000 107.000000 84.000000 70.000000 82.000000 0.550644
537268.360000 6582192.230000 54.900000 87.000000 67.000000 56.000000 70.000000 0.527985
537268.280000 6582191.970000 54.660000 77.000000 57.000000 48.000000 60.000000 0.544312
537268.190000 6582191.620000 54.740000 88.000000 68.000000 57.000000 72.000000 0.502319
537268.290000 6582193.040000 55.310000 180.000000 145.000000 125.000000 136.000000 0.489655
537268.210000 6582192.740000 55.140000 187.000000 156.000000 136.000000 137.000000 0.529648
537268.140000 6582192.480000 54.920000 101.000000 79.000000 58.000000 86.000000 0.501312
537268.060000 6582192.220000 54.740000 97.000000 75.000000 62.000000 79.000000 0.557648
537267.990000 6582191.950000 54.470000 90.000000 68.000000 57.000000 75.000000 0.539322
537267.910000 6582191.680000 54.470000 92.000000 70.000000 57.000000 78.000000 0.501648
537268.060000 6582193.280000 55.300000 180.000000 145.000000 125.000000 140.000000 0.484985
537267.970000 6582192.970000 55.220000 159.000000 126.000000 107.000000 124.000000 0.528992
537267.900000 6582192.710000 54.980000 185.000000 154.000000 133.000000 142.000000 0.536652
537267.830000 6582192.460000 54.760000 103.000000 74.000000 56.000000 79.000000 0.544983
537267.750000 6582192.180000 54.490000 96.000000 72.000000 62.000000 76.000000 0.532654
537267.680000 6582191.900000 54.280000 89.000000 66.000000 60.000000 77.000000 0.523987
537267.730000 6582193.480000 55.340000 163.000000 135.000000 113.000000 125.000000 0.487656
537267.660000 6582193.210000 55.150000 176.000000 145.000000 125.000000 136.000000 0.533646
537267.590000 6582192.950000 54.920000 174.000000 142.000000 121.000000 131.000000 0.503983
537267.510000 6582192.670000 54.680000 172.000000 141.000000 123.000000 135.000000 0.537643
537267.440000 6582192.420000 54.430000 94.000000 68.000000 55.000000 87.000000 0.543991
537267.370000 6582192.180000 54.200000 101.000000 84.000000 68.000000 92.000000 0.507645
537267.300000 6582191.890000 53.970000 63.000000 46.000000 36.000000 52.000000 0.492645
537267.210000 6582191.570000 54.010000 45.000000 30.000000 25.000000 39.000000 0.462646
537267.360000 6582193.530000 55.190000 170.000000 137.000000 122.000000 130.000000 0.545990
537267.300000 6582193.290000 54.960000 165.000000 130.000000 111.000000 130.000000 0.541977
537267.230000 6582193.040000 54.700000 175.000000 143.000000 122.000000 138.000000 0.519989
537267.160000 6582192.780000 54.460000 114.000000 87.000000 78.000000 95.000000 0.539658
537267.090000 6582192.520000 54.230000 125.000000 108.000000 92.000000 127.000000 0.516983
537267.200000 6582193.870000 55.260000 165.000000 132.000000 115.000000 122.000000 0.516647
537267.130000 6582193.610000 55.030000 169.000000 132.000000 114.000000 126.000000 0.529312
537267.060000 6582193.360000 54.840000 162.000000 130.000000 109.000000 125.000000 0.519653
537266.980000 6582193.090000 54.620000 138.000000 111.000000 102.000000 127.000000 0.507324
537266.950000 6582193.940000 55.150000 159.000000 126.000000 111.000000 125.000000 0.545654
537267.130000 6582192.050000 53.910000 79.000000 65.000000 56.000000 80.000000 0.493652
537267.080000 6582192.300000 54.100000 80.000000 62.000000 50.000000 85.000000 0.532318
537267.020000 6582192.560000 54.240000 125.000000 108.000000 92.000000 127.000000 0.527313
537266.950000 6582192.870000 54.370000 88.000000 71.000000 61.000000 87.000000 0.498322
537266.890000 6582193.150000 54.560000 115.000000 88.000000 79.000000 106.000000 0.517990
537266.830000 6582193.410000 54.680000 164.000000 129.000000 110.000000 128.000000 0.498657
537266.760000 6582193.690000 54.830000 142.000000 110.000000 89.000000 116.000000 0.514313
537266.690000 6582194.000000 55.000000 143.000000 110.000000 95.000000 109.000000 0.520645
537266.910000 6582191.790000 53.570000 84.000000 65.000000 58.000000 76.000000 0.627319
537266.850000 6582192.040000 53.760000 85.000000 75.000000 66.000000 87.000000 0.507645
537266.790000 6582192.320000 53.920000 114.000000 108.000000 96.000000 147.000000 0.491318
537266.720000 6582192.610000 54.100000 152.000000 143.000000 126.000000 175.000000 0.492325
537266.660000 6582192.880000 54.230000 149.000000 144.000000 122.000000 173.000000 0.512650
537266.600000 6582193.170000 54.360000 75.000000 58.000000 51.000000 91.000000 0.498657
537266.530000 6582193.480000 54.530000 135.000000 109.000000 94.000000 117.000000 0.516983
537266.470000 6582193.740000 54.690000 153.000000 119.000000 107.000000 122.000000 0.500656
537266.330000 6582192.610000 53.780000 123.000000 123.000000 111.000000 135.000000 0.513977
537266.270000 6582192.880000 54.020000 192.000000 196.000000 181.000000 177.000000 0.422318
537266.210000 6582193.160000 54.150000 96.000000 93.000000 78.000000 110.000000 0.463654
537266.140000 6582193.480000 54.250000 76.000000 68.000000 55.000000 94.000000 0.517319
537265.910000 6582192.730000 54.040000 87.000000 85.000000 72.000000 128.000000 0.662979
537265.830000 6582193.070000 53.840000 88.000000 85.000000 66.000000 119.000000 0.544312
537265.560000 6582192.990000 53.860000 96.000000 94.000000 73.000000 146.000000 0.679321
537267.020000 6582192.280000 54.030000 80.000000 62.000000 50.000000 85.000000 0.498322
537266.940000 6582192.000000 53.790000 52.000000 35.000000 27.000000 46.000000 0.473984
537266.880000 6582191.740000 53.530000 74.000000 55.000000 49.000000 71.000000 0.741974
537266.910000 6582192.820000 54.340000 88.000000 71.000000 61.000000 87.000000 0.503311
537266.850000 6582192.590000 54.100000 146.000000 137.000000 120.000000 167.000000 0.466324
537266.770000 6582192.300000 53.890000 72.000000 66.000000 54.000000 87.000000 0.386993
537266.890000 6582193.690000 54.940000 144.000000 112.000000 89.000000 114.000000 0.546310
537266.820000 6582193.430000 54.700000 164.000000 129.000000 110.000000 128.000000 0.562653
537266.740000 6582193.150000 54.450000 104.000000 80.000000 68.000000 108.000000 0.491989
537266.670000 6582192.880000 54.200000 149.000000 144.000000 122.000000 173.000000 0.504990
537266.600000 6582192.660000 53.980000 128.000000 125.000000 108.000000 142.000000 0.500320
537266.530000 6582192.380000 53.750000 40.000000 37.000000 30.000000 73.000000 0.366318
537266.630000 6582194.080000 55.020000 119.000000 87.000000 74.000000 90.000000 0.552979
537266.560000 6582193.800000 54.820000 158.000000 122.000000 108.000000 128.000000 0.546646
537266.480000 6582193.520000 54.560000 121.000000 95.000000 80.000000 97.000000 0.505981
537266.410000 6582193.260000 54.330000 88.000000 73.000000 66.000000 90.000000 0.477982
537266.330000 6582192.990000 54.100000 127.000000 129.000000 115.000000 133.000000 0.467987
537266.260000 6582192.700000 53.870000 130.000000 132.000000 119.000000 154.000000 0.517990
537266.130000 6582193.610000 54.340000 127.000000 116.000000 98.000000 132.000000 0.498657
537266.060000 6582193.360000 54.130000 91.000000 88.000000 69.000000 112.000000 0.513977
537265.990000 6582193.100000 53.900000 126.000000 125.000000 105.000000 135.000000 0.611649
537265.890000 6582192.740000 54.020000 92.000000 89.000000 74.000000 135.000000 0.633652
537265.710000 6582193.130000 53.790000 134.000000 133.000000 105.000000 173.000000 0.546646
537269.320000 6582193.670000 54.200000 64.000000 51.000000 45.000000 68.000000 0.473648
537269.240000 6582194.030000 54.000000 36.000000 24.000000 24.000000 29.000000 0.484314
537269.160000 6582194.380000 53.780000 32.000000 24.000000 21.000000 30.000000 0.517654
537269.090000 6582194.690000 53.800000 27.000000 22.000000 19.000000 36.000000 0.348328
537269.350000 6582192.480000 54.990000 93.000000 68.000000 61.000000 73.000000 0.507980
537269.260000 6582192.870000 54.740000 129.000000 107.000000 93.000000 99.000000 0.454651
537269.180000 6582193.210000 54.560000 22.000000 13.000000 4.000000 22.000000 0.462982
537269.100000 6582193.570000 54.360000 35.000000 25.000000 24.000000 35.000000 0.509979
537269.020000 6582193.930000 54.140000 28.000000 19.000000 22.000000 36.000000 0.501312
537268.940000 6582194.280000 53.970000 29.000000 23.000000 25.000000 34.000000 0.487991
537268.870000 6582194.600000 53.800000 25.000000 21.000000 20.000000 38.000000 0.490646
537269.070000 6582192.740000 54.930000 116.000000 89.000000 72.000000 91.000000 0.490311
537268.990000 6582193.080000 54.790000 186.000000 161.000000 139.000000 146.000000 0.490982
537268.910000 6582193.460000 54.540000 17.000000 13.000000 10.000000 27.000000 0.460983
537268.830000 6582193.780000 54.410000 25.000000 19.000000 23.000000 36.000000 0.488983
537268.760000 6582194.110000 54.230000 28.000000 22.000000 26.000000 37.000000 0.523651
537268.680000 6582194.470000 54.040000 27.000000 23.000000 24.000000 37.000000 0.463989
537268.610000 6582193.270000 54.880000 189.000000 161.000000 139.000000 146.000000 0.461990
537268.530000 6582193.610000 54.770000 84.000000 68.000000 53.000000 67.000000 0.496658
537268.450000 6582193.960000 54.530000 14.000000 10.000000 7.000000 21.000000 0.525650
537268.380000 6582194.300000 54.380000 26.000000 22.000000 23.000000 38.000000 0.517319
537268.230000 6582193.570000 54.980000 184.000000 152.000000 127.000000 139.000000 0.520325
537268.150000 6582193.900000 54.810000 156.000000 134.000000 111.000000 129.000000 0.489319
537268.070000 6582194.240000 54.630000 36.000000 27.000000 20.000000 25.000000 0.491653
537267.920000 6582193.860000 55.000000 179.000000 147.000000 124.000000 134.000000 0.470657
537267.850000 6582194.180000 54.820000 178.000000 152.000000 129.000000 140.000000 0.467987
537267.750000 6582193.810000 55.160000 170.000000 137.000000 118.000000 125.000000 0.487320
537267.670000 6582194.140000 54.980000 161.000000 130.000000 110.000000 119.000000 0.475983
537266.920000 6582194.340000 55.360000 138.000000 106.000000 95.000000 100.000000 0.506989
537269.180000 6582192.420000 55.150000 98.000000 71.000000 64.000000 76.000000 0.467316
537269.290000 6582194.190000 53.750000 32.000000 21.000000 19.000000 27.000000 0.513321
537269.190000 6582193.780000 54.110000 33.000000 23.000000 22.000000 34.000000 0.465317
537269.090000 6582193.410000 54.480000 35.000000 25.000000 23.000000 34.000000 0.481659
537268.990000 6582193.070000 54.790000 186.000000 161.000000 139.000000 146.000000 0.496323
537268.890000 6582192.670000 55.180000 102.000000 76.000000 63.000000 78.000000 0.476990
537269.000000 6582194.610000 53.780000 27.000000 22.000000 19.000000 36.000000 0.499649
537268.900000 6582194.250000 54.080000 29.000000 23.000000 25.000000 34.000000 0.488312
537268.800000 6582193.870000 54.450000 25.000000 19.000000 23.000000 35.000000 0.508652
537268.700000 6582193.480000 54.730000 162.000000 134.000000 113.000000 129.000000 0.490311
537268.600000 6582193.110000 55.110000 179.000000 149.000000 125.000000 140.000000 0.442657
537268.700000 6582194.550000 53.990000 23.000000 19.000000 18.000000 34.000000 0.485992
537268.600000 6582194.190000 54.260000 30.000000 25.000000 29.000000 37.000000 0.472656
537268.490000 6582193.800000 54.580000 87.000000 71.000000 55.000000 68.000000 0.486984
537268.390000 6582193.430000 54.950000 182.000000 150.000000 129.000000 136.000000 0.483658
537268.350000 6582194.380000 54.290000 26.000000 20.000000 22.000000 34.000000 0.525986
537268.250000 6582193.990000 54.630000 93.000000 77.000000 62.000000 73.000000 0.487991
537268.150000 6582193.660000 54.940000 185.000000 155.000000 129.000000 138.000000 0.518982
537267.930000 6582194.230000 54.770000 90.000000 74.000000 59.000000 71.000000 0.461990
537267.840000 6582193.880000 55.010000 177.000000 144.000000 125.000000 132.000000 0.491653
537267.550000 6582194.210000 55.020000 152.000000 121.000000 103.000000 114.000000 0.473312
537267.290000 6582194.190000 55.220000 143.000000 110.000000 95.000000 110.000000 0.471985
537267.040000 6582194.230000 55.350000 157.000000 125.000000 112.000000 127.000000 0.500320
537268.600000 6582194.820000 53.840000 26.000000 20.000000 20.000000 30.000000 0.594650
537268.530000 6582195.120000 53.850000 26.000000 20.000000 24.000000 37.000000 0.347656
537268.290000 6582194.680000 54.140000 32.000000 23.000000 26.000000 37.000000 0.518982
537268.210000 6582195.030000 53.930000 23.000000 19.000000 16.000000 38.000000 0.524658
537268.140000 6582195.330000 53.860000 25.000000 23.000000 26.000000 38.000000 0.562653
537267.980000 6582194.630000 54.340000 29.000000 20.000000 23.000000 38.000000 0.487320
537267.910000 6582194.960000 54.230000 26.000000 17.000000 18.000000 36.000000 0.558319
537267.820000 6582195.330000 54.020000 26.000000 22.000000 23.000000 30.000000 0.488312
537267.770000 6582194.520000 54.590000 39.000000 26.000000 20.000000 27.000000 0.498657
537267.690000 6582194.870000 54.440000 28.000000 22.000000 24.000000 36.000000 0.544312
537267.610000 6582195.230000 54.250000 28.000000 19.000000 20.000000 35.000000 0.529648
537267.590000 6582194.520000 54.780000 149.000000 122.000000 105.000000 117.000000 0.499313
537267.510000 6582194.870000 54.590000 20.000000 12.000000 10.000000 19.000000 0.565643
537267.210000 6582194.570000 55.010000 176.000000 145.000000 125.000000 132.000000 0.489319
537268.780000 6582194.880000 53.810000 24.000000 18.000000 22.000000 33.000000 0.511658
537268.540000 6582195.080000 53.920000 23.000000 17.000000 19.000000 33.000000 0.373993
537268.450000 6582194.750000 54.000000 26.000000 20.000000 22.000000 32.000000 0.485321
537268.230000 6582195.340000 53.860000 20.000000 18.000000 21.000000 41.000000 0.518311
537268.140000 6582195.000000 54.050000 22.000000 18.000000 17.000000 34.000000 0.492325
537268.040000 6582194.610000 54.310000 30.000000 21.000000 22.000000 39.000000 0.531647
537267.850000 6582195.340000 54.020000 26.000000 22.000000 23.000000 30.000000 0.501984
537267.750000 6582194.960000 54.350000 28.000000 19.000000 22.000000 41.000000 0.551315
537267.640000 6582194.560000 54.670000 91.000000 71.000000 60.000000 70.000000 0.487991
537267.480000 6582194.910000 54.540000 14.000000 9.000000 6.000000 23.000000 0.478989
537267.380000 6582194.560000 54.860000 189.000000 158.000000 138.000000 144.000000 0.480316
537267.130000 6582194.590000 55.040000 156.000000 123.000000 104.000000 127.000000 0.457993
537269.990000 6582187.180000 55.990000 121.000000 86.000000 67.000000 94.000000 0.513657
537269.930000 6582187.420000 56.200000 126.000000 95.000000 77.000000 95.000000 0.523987
537269.880000 6582187.670000 56.440000 126.000000 93.000000 76.000000 94.000000 0.543655
537269.810000 6582187.950000 56.640000 136.000000 103.000000 86.000000 103.000000 0.536987
537269.990000 6582185.750000 55.080000 76.000000 57.000000 40.000000 80.000000 0.519653
537269.930000 6582186.040000 55.310000 114.000000 79.000000 57.000000 87.000000 0.502991
537269.860000 6582186.300000 55.520000 115.000000 78.000000 59.000000 88.000000 0.498978
537269.810000 6582186.550000 55.720000 113.000000 80.000000 63.000000 90.000000 0.488647
537269.750000 6582186.820000 55.920000 104.000000 72.000000 59.000000 77.000000 0.516647
537269.690000 6582187.100000 56.190000 126.000000 92.000000 80.000000 94.000000 0.525314
537269.630000 6582187.370000 56.410000 134.000000 103.000000 85.000000 103.000000 0.545654
537269.570000 6582187.630000 56.630000 132.000000 101.000000 83.000000 98.000000 0.539658
537269.900000 6582185.110000 54.670000 183.000000 185.000000 171.000000 174.000000 0.490646
537269.830000 6582185.390000 54.960000 177.000000 181.000000 167.000000 164.000000 0.489655
537269.770000 6582185.680000 55.190000 188.000000 192.000000 175.000000 176.000000 0.464325
537269.710000 6582185.940000 55.370000 103.000000 92.000000 74.000000 83.000000 0.477325
537269.650000 6582186.200000 55.600000 91.000000 68.000000 52.000000 78.000000 0.491318
537269.580000 6582186.500000 55.820000 106.000000 80.000000 65.000000 93.000000 0.517654
537269.530000 6582186.770000 56.100000 119.000000 83.000000 67.000000 90.000000 0.532318
537269.470000 6582187.010000 56.330000 125.000000 89.000000 75.000000 95.000000 0.517319
537269.400000 6582187.320000 56.530000 123.000000 91.000000 76.000000 94.000000 0.519318
537269.340000 6582187.580000 56.740000 137.000000 105.000000 90.000000 103.000000 0.564316
537269.580000 6582185.670000 55.290000 191.000000 199.000000 184.000000 182.000000 0.507645
537269.520000 6582185.950000 55.490000 185.000000 187.000000 173.000000 163.000000 0.539658
537269.460000 6582186.230000 55.700000 157.000000 150.000000 134.000000 127.000000 0.512314
537269.400000 6582186.480000 55.950000 95.000000 74.000000 57.000000 88.000000 0.517654
537269.340000 6582186.750000 56.180000 124.000000 89.000000 69.000000 101.000000 0.550323
537269.280000 6582187.020000 56.410000 119.000000 86.000000 67.000000 90.000000 0.528992
537269.230000 6582187.270000 56.610000 125.000000 93.000000 78.000000 98.000000 0.535324
537269.170000 6582187.530000 56.840000 122.000000 90.000000 75.000000 87.000000 0.548981
537269.220000 6582185.680000 55.580000 146.000000 147.000000 129.000000 164.000000 0.514984
537269.160000 6582185.960000 55.810000 179.000000 186.000000 170.000000 176.000000 0.505325
537269.100000 6582186.230000 56.010000 190.000000 188.000000 175.000000 169.000000 0.523315
537269.040000 6582186.480000 56.250000 137.000000 125.000000 113.000000 112.000000 0.477325
537268.980000 6582186.750000 56.480000 196.000000 178.000000 168.000000 166.000000 0.512314
537268.920000 6582187.030000 56.670000 114.000000 82.000000 67.000000 93.000000 0.548645
537268.860000 6582187.290000 56.900000 132.000000 103.000000 87.000000 105.000000 0.527649
537268.790000 6582186.060000 56.080000 54.000000 62.000000 51.000000 65.000000 0.461655
537268.740000 6582186.320000 56.340000 201.000000 202.000000 188.000000 180.000000 0.528992
537268.680000 6582186.580000 56.560000 194.000000 197.000000 186.000000 178.000000 0.539658
537268.600000 6582186.890000 56.720000 214.000000 221.000000 213.000000 195.000000 0.529648
537268.550000 6582187.150000 56.860000 202.000000 186.000000 173.000000 173.000000 0.520645
537268.480000 6582187.430000 56.990000 182.000000 150.000000 137.000000 150.000000 0.564316
537268.380000 6582186.550000 56.460000 160.000000 172.000000 150.000000 156.000000 0.532990
537268.320000 6582186.830000 56.570000 203.000000 209.000000 197.000000 187.000000 0.511978
537268.250000 6582187.130000 56.690000 142.000000 145.000000 136.000000 126.000000 0.525986
537268.180000 6582187.420000 56.800000 177.000000 167.000000 158.000000 151.000000 0.561310
537268.030000 6582186.860000 56.460000 149.000000 151.000000 130.000000 147.000000 0.529312
537269.990000 6582185.060000 54.520000 145.000000 148.000000 129.000000 147.000000 0.476318
537269.950000 6582186.450000 55.510000 111.000000 76.000000 56.000000 92.000000 0.512314
537269.860000 6582186.130000 55.400000 116.000000 81.000000 61.000000 85.000000 0.515320
537269.790000 6582185.860000 55.210000 161.000000 156.000000 137.000000 125.000000 0.513977
537269.720000 6582185.590000 55.100000 197.000000 200.000000 183.000000 180.000000 0.518311
537269.640000 6582185.300000 54.990000 110.000000 114.000000 99.000000 133.000000 0.477325
537269.860000 6582187.770000 56.520000 121.000000 88.000000 71.000000 87.000000 0.556976
537269.790000 6582187.510000 56.380000 131.000000 100.000000 82.000000 101.000000 0.538651
537269.710000 6582187.220000 56.230000 129.000000 98.000000 80.000000 95.000000 0.504654
537269.630000 6582186.930000 56.100000 110.000000 76.000000 64.000000 80.000000 0.506317
537269.560000 6582186.680000 55.950000 105.000000 72.000000 57.000000 84.000000 0.508987
537269.490000 6582186.420000 55.820000 95.000000 74.000000 57.000000 88.000000 0.490982
537269.400000 6582186.090000 55.710000 221.000000 223.000000 210.000000 189.000000 0.529312
537269.330000 6582185.810000 55.590000 218.000000 220.000000 207.000000 204.000000 0.516647
537269.570000 6582187.870000 56.740000 134.000000 103.000000 85.000000 101.000000 0.527985
537269.490000 6582187.590000 56.560000 140.000000 108.000000 93.000000 108.000000 0.526321
537269.410000 6582187.290000 56.480000 114.000000 81.000000 66.000000 82.000000 0.528656
537269.340000 6582187.010000 56.330000 118.000000 85.000000 66.000000 88.000000 0.543655
537269.260000 6582186.720000 56.230000 121.000000 86.000000 66.000000 95.000000 0.516983
537269.170000 6582186.430000 56.040000 176.000000 158.000000 144.000000 152.000000 0.525314
537269.100000 6582186.140000 55.930000 228.000000 230.000000 216.000000 203.000000 0.527985
537269.020000 6582185.870000 55.780000 154.000000 161.000000 145.000000 171.000000 0.446991
537269.200000 6582187.620000 56.810000 121.000000 89.000000 74.000000 84.000000 0.558990
537269.130000 6582187.330000 56.670000 139.000000 106.000000 91.000000 106.000000 0.547989
537269.050000 6582187.040000 56.560000 124.000000 91.000000 74.000000 98.000000 0.555649
537268.980000 6582186.800000 56.380000 196.000000 178.000000 168.000000 166.000000 0.520981
537268.890000 6582186.480000 56.290000 201.000000 203.000000 192.000000 175.000000 0.543991
537268.820000 6582186.200000 56.200000 214.000000 218.000000 204.000000 199.000000 0.515320
537268.750000 6582187.390000 57.010000 131.000000 106.000000 86.000000 108.000000 0.526978
537268.670000 6582187.110000 56.880000 152.000000 133.000000 116.000000 134.000000 0.532654
537268.600000 6582186.840000 56.690000 214.000000 221.000000 213.000000 195.000000 0.540649
537268.530000 6582186.570000 56.520000 208.000000 212.000000 195.000000 190.000000 0.532990
537268.380000 6582187.470000 56.920000 172.000000 144.000000 132.000000 151.000000 0.550644
537268.300000 6582187.190000 56.730000 182.000000 179.000000 172.000000 147.000000 0.521317
537268.220000 6582186.910000 56.540000 168.000000 174.000000 160.000000 146.000000 0.512314
537275.260000 6582189.610000 53.910000 17.000000 17.000000 19.000000 21.000000 0.538651
537275.210000 6582189.870000 54.120000 30.000000 28.000000 29.000000 35.000000 0.472656
537275.080000 6582189.330000 53.900000 21.000000 17.000000 18.000000 32.000000 0.544312
537275.000000 6582189.640000 54.090000 23.000000 21.000000 22.000000 27.000000 0.489319
537274.940000 6582189.900000 54.390000 19.000000 17.000000 20.000000 37.000000 0.511658
537275.440000 6582189.780000 53.900000 25.000000 23.000000 26.000000 36.000000 0.572647
537275.240000 6582189.970000 54.130000 32.000000 26.000000 26.000000 40.000000 0.470978
537275.160000 6582189.680000 53.990000 17.000000 17.000000 17.000000 26.000000 0.508987
537274.990000 6582189.900000 54.280000 19.000000 17.000000 20.000000 37.000000 0.501648
537274.920000 6582189.630000 54.160000 34.000000 32.000000 35.000000 46.000000 0.515320
537274.840000 6582189.380000 53.990000 22.000000 21.000000 26.000000 32.000000 0.512314
537275.860000 6582189.970000 53.720000 21.000000 19.000000 24.000000 41.000000 0.373657
537275.580000 6582189.740000 53.760000 23.000000 21.000000 26.000000 36.000000 0.407654
537274.870000 6582189.130000 53.880000 14.000000 15.000000 17.000000 34.000000 0.533981
537275.090000 6582189.430000 53.840000 14.000000 10.000000 7.000000 22.000000 0.523651
537274.530000 6582189.090000 54.090000 26.000000 25.000000 23.000000 35.000000 0.521652
537274.470000 6582189.370000 54.340000 25.000000 23.000000 24.000000 28.000000 0.527985
537274.410000 6582189.630000 54.510000 60.000000 46.000000 35.000000 51.000000 0.508316
537274.360000 6582189.890000 54.750000 101.000000 75.000000 62.000000 81.000000 0.514313
537274.290000 6582188.530000 53.880000 13.000000 15.000000 10.000000 35.000000 0.511322
537274.240000 6582188.780000 54.110000 18.000000 13.000000 17.000000 26.000000 0.530655
537274.180000 6582189.040000 54.320000 22.000000 21.000000 26.000000 47.000000 0.515656
537274.110000 6582189.330000 54.540000 39.000000 25.000000 22.000000 36.000000 0.534317
537274.060000 6582189.580000 54.730000 123.000000 94.000000 76.000000 102.000000 0.497314
537273.990000 6582189.860000 55.000000 107.000000 73.000000 61.000000 86.000000 0.541321
537274.070000 6582188.250000 53.830000 91.000000 92.000000 76.000000 112.000000 0.520645
537274.020000 6582188.520000 54.100000 40.000000 42.000000 31.000000 56.000000 0.535324
537273.940000 6582188.830000 54.320000 85.000000 81.000000 70.000000 96.000000 0.516983
537273.890000 6582189.060000 54.530000 54.000000 40.000000 31.000000 57.000000 0.527313
537273.840000 6582189.330000 54.750000 116.000000 87.000000 71.000000 99.000000 0.540314
537273.770000 6582189.620000 55.000000 123.000000 87.000000 65.000000 93.000000 0.514313
537273.830000 6582188.020000 53.810000 85.000000 83.000000 58.000000 115.000000 0.455658
537273.760000 6582188.310000 54.060000 100.000000 102.000000 81.000000 122.000000 0.513321
537273.700000 6582188.590000 54.310000 122.000000 117.000000 95.000000 142.000000 0.508987
537273.640000 6582188.860000 54.520000 97.000000 73.000000 63.000000 100.000000 0.503647
537273.580000 6582189.140000 54.810000 121.000000 93.000000 72.000000 100.000000 0.511658
537273.510000 6582189.420000 55.020000 115.000000 80.000000 60.000000 87.000000 0.511978
537273.460000 6582189.670000 55.220000 118.000000 81.000000 63.000000 91.000000 0.488983
537273.550000 6582187.710000 53.870000 6.000000 6.000000 8.000000 22.000000 0.464645
537273.430000 6582188.250000 54.260000 48.000000 39.000000 32.000000 61.000000 0.490311
537273.370000 6582188.510000 54.490000 113.000000 96.000000 76.000000 113.000000 0.505646
537273.320000 6582188.750000 54.760000 125.000000 99.000000 82.000000 117.000000 0.482315
537273.240000 6582189.060000 54.930000 121.000000 90.000000 72.000000 98.000000 0.475311
537273.190000 6582189.330000 55.140000 114.000000 81.000000 64.000000 90.000000 0.510315
537273.290000 6582187.320000 53.840000 22.000000 20.000000 21.000000 35.000000 0.360657
537273.220000 6582187.600000 54.020000 13.000000 12.000000 17.000000 34.000000 0.563644
537273.160000 6582187.860000 54.220000 32.000000 23.000000 26.000000 28.000000 0.493988
537273.100000 6582188.150000 54.450000 83.000000 67.000000 52.000000 72.000000 0.519653
537273.040000 6582188.420000 54.700000 114.000000 82.000000 69.000000 85.000000 0.468323
537272.920000 6582188.960000 55.150000 114.000000 83.000000 65.000000 94.000000 0.526657
537272.980000 6582187.410000 54.020000 27.000000 29.000000 28.000000 43.000000 0.546310
537272.670000 6582188.770000 55.150000 118.000000 90.000000 76.000000 95.000000 0.526978
537272.620000 6582189.010000 55.420000 125.000000 92.000000 75.000000 99.000000 0.526657
537272.810000 6582186.860000 53.820000 43.000000 29.000000 29.000000 50.000000 0.427322
537272.750000 6582187.130000 54.050000 40.000000 30.000000 28.000000 49.000000 0.525314
537272.690000 6582187.410000 54.230000 27.000000 20.000000 27.000000 34.000000 0.520325
537272.630000 6582187.660000 54.430000 20.000000 18.000000 23.000000 27.000000 0.450317
537272.570000 6582187.920000 54.660000 35.000000 25.000000 23.000000 33.000000 0.496979
537272.510000 6582188.210000 54.910000 103.000000 76.000000 65.000000 87.000000 0.515320
537272.450000 6582188.450000 55.130000 75.000000 52.000000 38.000000 53.000000 0.500656
537272.400000 6582188.700000 55.350000 113.000000 84.000000 68.000000 94.000000 0.511322
537272.330000 6582189.000000 55.560000 118.000000 86.000000 71.000000 89.000000 0.505646
537272.510000 6582186.560000 53.640000 36.000000 24.000000 28.000000 44.000000 0.719315
537272.460000 6582186.800000 53.980000 42.000000 26.000000 29.000000 51.000000 0.575317
537272.400000 6582187.050000 54.210000 94.000000 83.000000 77.000000 108.000000 0.477646
537272.340000 6582187.330000 54.410000 21.000000 14.000000 21.000000 29.000000 0.518982
537272.270000 6582187.610000 54.630000 47.000000 39.000000 37.000000 43.000000 0.532654
537272.220000 6582187.840000 54.890000 41.000000 30.000000 24.000000 41.000000 0.525986
537272.160000 6582188.140000 55.140000 56.000000 38.000000 38.000000 49.000000 0.517990
537272.090000 6582188.420000 55.330000 114.000000 82.000000 71.000000 89.000000 0.504990
537272.040000 6582188.660000 55.570000 125.000000 88.000000 70.000000 91.000000 0.541977
537271.980000 6582188.920000 55.790000 122.000000 89.000000 72.000000 95.000000 0.535980
537272.240000 6582186.030000 53.590000 59.000000 44.000000 47.000000 71.000000 0.774643
537272.180000 6582186.320000 53.790000 25.000000 19.000000 23.000000 32.000000 0.591980
537272.130000 6582186.550000 54.130000 32.000000 22.000000 30.000000 33.000000 0.503647
537272.060000 6582186.840000 54.310000 29.000000 19.000000 20.000000 35.000000 0.510986
537272.000000 6582187.120000 54.550000 37.000000 30.000000 24.000000 39.000000 0.497314
537271.940000 6582187.390000 54.740000 32.000000 28.000000 27.000000 34.000000 0.471313
537271.880000 6582187.640000 54.970000 34.000000 28.000000 30.000000 35.000000 0.492981
537271.820000 6582187.920000 55.200000 40.000000 29.000000 33.000000 36.000000 0.505981
537271.760000 6582188.200000 55.440000 74.000000 54.000000 43.000000 53.000000 0.533981
537271.690000 6582188.470000 55.680000 120.000000 91.000000 73.000000 92.000000 0.526321
537271.630000 6582188.750000 55.870000 112.000000 83.000000 67.000000 87.000000 0.496323
537272.010000 6582185.900000 53.600000 45.000000 33.000000 37.000000 54.000000 0.764984
537271.950000 6582186.150000 53.900000 31.000000 20.000000 28.000000 40.000000 0.578979
537271.890000 6582186.410000 54.140000 21.000000 16.000000 22.000000 27.000000 0.499985
537271.830000 6582186.700000 54.390000 32.000000 26.000000 26.000000 31.000000 0.522324
537271.760000 6582186.980000 54.620000 52.000000 39.000000 31.000000 51.000000 0.509659
537271.700000 6582187.250000 54.830000 42.000000 31.000000 29.000000 41.000000 0.491653
537271.640000 6582187.520000 55.090000 25.000000 19.000000 19.000000 25.000000 0.507980
537271.580000 6582187.790000 55.290000 53.000000 38.000000 31.000000 47.000000 0.533981
537271.530000 6582188.030000 55.490000 108.000000 82.000000 65.000000 88.000000 0.490311
537271.470000 6582188.310000 55.700000 130.000000 95.000000 75.000000 100.000000 0.537643
537271.400000 6582188.610000 55.940000 125.000000 89.000000 75.000000 94.000000 0.541321
537271.830000 6582185.570000 53.590000 33.000000 26.000000 33.000000 43.000000 0.815979
537271.770000 6582185.850000 53.740000 36.000000 27.000000 32.000000 42.000000 0.652313
537271.710000 6582186.120000 54.080000 26.000000 16.000000 24.000000 31.000000 0.515656
537271.650000 6582186.400000 54.270000 42.000000 36.000000 38.000000 45.000000 0.488312
537271.590000 6582186.650000 54.480000 58.000000 43.000000 40.000000 52.000000 0.512650
537271.540000 6582186.900000 54.690000 79.000000 57.000000 46.000000 62.000000 0.513977
537271.470000 6582187.190000 54.960000 89.000000 67.000000 56.000000 76.000000 0.524658
537271.410000 6582187.460000 55.200000 38.000000 20.000000 20.000000 24.000000 0.500992
537271.350000 6582187.720000 55.400000 126.000000 97.000000 83.000000 101.000000 0.531311
537271.290000 6582188.000000 55.630000 128.000000 91.000000 72.000000 93.000000 0.515991
537271.220000 6582188.280000 55.840000 124.000000 89.000000 70.000000 95.000000 0.523315
537271.560000 6582185.230000 53.560000 45.000000 24.000000 29.000000 48.000000 0.775986
537271.490000 6582185.530000 53.670000 33.000000 27.000000 31.000000 46.000000 0.688644
537271.440000 6582185.760000 54.020000 32.000000 31.000000 36.000000 47.000000 0.501312
537271.380000 6582186.030000 54.250000 28.000000 26.000000 27.000000 40.000000 0.529648
537271.320000 6582186.310000 54.470000 29.000000 20.000000 15.000000 27.000000 0.500992
537271.260000 6582186.580000 54.700000 81.000000 58.000000 50.000000 66.000000 0.509659
537271.190000 6582186.860000 54.910000 105.000000 72.000000 57.000000 83.000000 0.520325
537271.130000 6582187.150000 55.130000 109.000000 82.000000 65.000000 89.000000 0.494324
537271.070000 6582187.400000 55.410000 73.000000 52.000000 35.000000 55.000000 0.537323
537271.010000 6582187.670000 55.610000 124.000000 95.000000 77.000000 99.000000 0.550644
537270.950000 6582187.950000 55.840000 128.000000 92.000000 78.000000 93.000000 0.507324
537270.890000 6582188.230000 56.060000 134.000000 97.000000 81.000000 100.000000 0.546982
537270.830000 6582188.460000 56.300000 126.000000 93.000000 78.000000 94.000000 0.505325
537271.270000 6582185.030000 53.590000 46.000000 48.000000 43.000000 72.000000 0.732651
537271.210000 6582185.320000 53.800000 38.000000 39.000000 43.000000 54.000000 0.593979
537271.090000 6582185.840000 54.330000 22.000000 21.000000 17.000000 38.000000 0.523315
537270.790000 6582187.190000 55.430000 128.000000 91.000000 73.000000 99.000000 0.525314
537270.730000 6582187.450000 55.630000 129.000000 94.000000 75.000000 98.000000 0.506989
537270.670000 6582187.710000 55.850000 117.000000 84.000000 69.000000 86.000000 0.497650
537270.610000 6582187.990000 56.120000 121.000000 88.000000 73.000000 93.000000 0.507645
537270.550000 6582188.240000 56.320000 132.000000 103.000000 87.000000 106.000000 0.561310
537271.040000 6582184.960000 53.650000 86.000000 77.000000 70.000000 104.000000 0.655975
537270.870000 6582185.750000 54.410000 47.000000 36.000000 30.000000 60.000000 0.547318
537270.810000 6582185.990000 54.620000 74.000000 60.000000 51.000000 76.000000 0.538986
537270.750000 6582186.250000 54.860000 91.000000 62.000000 46.000000 75.000000 0.507645
537270.690000 6582186.540000 55.080000 118.000000 83.000000 63.000000 91.000000 0.486313
537270.630000 6582186.800000 55.290000 115.000000 78.000000 59.000000 88.000000 0.524323
537270.580000 6582187.040000 55.500000 123.000000 87.000000 71.000000 91.000000 0.532318
537270.510000 6582187.330000 55.760000 124.000000 86.000000 73.000000 89.000000 0.513657
537270.450000 6582187.600000 55.980000 125.000000 89.000000 73.000000 97.000000 0.520645
537270.390000 6582187.860000 56.190000 135.000000 102.000000 85.000000 101.000000 0.527649
537270.330000 6582188.150000 56.410000 120.000000 89.000000 71.000000 88.000000 0.535645
537270.850000 6582184.830000 53.700000 26.000000 12.000000 11.000000 29.000000 0.538315
537270.800000 6582185.080000 53.990000 102.000000 63.000000 56.000000 92.000000 0.492981
537270.730000 6582185.380000 54.180000 26.000000 22.000000 21.000000 37.000000 0.459656
537270.680000 6582185.610000 54.450000 76.000000 67.000000 58.000000 95.000000 0.507980
537270.620000 6582185.870000 54.670000 92.000000 76.000000 63.000000 96.000000 0.500656
537270.560000 6582186.150000 54.900000 116.000000 83.000000 66.000000 95.000000 0.514313
537270.500000 6582186.410000 55.130000 112.000000 76.000000 54.000000 89.000000 0.494324
537270.440000 6582186.680000 55.330000 117.000000 85.000000 64.000000 100.000000 0.490646
537270.370000 6582186.980000 55.570000 115.000000 84.000000 66.000000 89.000000 0.510315
537270.310000 6582187.240000 55.800000 113.000000 81.000000 66.000000 90.000000 0.539322
537270.260000 6582187.490000 55.960000 123.000000 92.000000 74.000000 94.000000 0.526321
537270.200000 6582187.760000 56.280000 140.000000 107.000000 90.000000 107.000000 0.540649
537270.130000 6582188.050000 56.450000 134.000000 101.000000 84.000000 102.000000 0.556320
537270.600000 6582184.460000 53.670000 82.000000 92.000000 83.000000 101.000000 0.602310
537270.540000 6582184.690000 53.950000 50.000000 49.000000 44.000000 71.000000 0.519318
537270.480000 6582184.960000 54.200000 27.000000 36.000000 31.000000 62.000000 0.436981
537270.420000 6582185.260000 54.390000 41.000000 46.000000 42.000000 75.000000 0.470657
537270.360000 6582185.520000 54.620000 88.000000 76.000000 62.000000 100.000000 0.481979
537270.300000 6582185.760000 54.820000 105.000000 77.000000 63.000000 98.000000 0.525986
537270.240000 6582186.050000 55.070000 104.000000 72.000000 59.000000 85.000000 0.482986
537270.170000 6582186.340000 55.300000 114.000000 81.000000 62.000000 91.000000 0.515656
537270.110000 6582186.610000 55.500000 110.000000 77.000000 58.000000 85.000000 0.526321
537270.050000 6582186.890000 55.730000 126.000000 89.000000 73.000000 97.000000 0.510315
537270.170000 6582184.920000 54.370000 190.000000 198.000000 177.000000 186.000000 0.467651
537270.110000 6582185.210000 54.620000 133.000000 135.000000 122.000000 131.000000 0.484650
537270.050000 6582185.490000 54.800000 152.000000 154.000000 140.000000 140.000000 0.479324
537274.770000 6582189.090000 53.850000 27.000000 29.000000 28.000000 38.000000 0.554321
537274.620000 6582189.740000 54.440000 34.000000 24.000000 22.000000 30.000000 0.510986
537274.550000 6582189.450000 54.270000 22.000000 16.000000 18.000000 28.000000 0.501648
537274.470000 6582189.170000 54.180000 28.000000 26.000000 27.000000 33.000000 0.556656
537274.400000 6582188.910000 54.050000 27.000000 18.000000 19.000000 28.000000 0.540314
537274.310000 6582188.590000 53.910000 14.000000 16.000000 13.000000 26.000000 0.527313
537274.230000 6582188.300000 53.820000 43.000000 42.000000 38.000000 61.000000 0.332657
537274.400000 6582189.930000 54.730000 96.000000 74.000000 60.000000 85.000000 0.466980
537274.320000 6582189.650000 54.550000 87.000000 68.000000 54.000000 77.000000 0.490982
537274.240000 6582189.360000 54.430000 28.000000 20.000000 17.000000 29.000000 0.508316
537274.170000 6582189.100000 54.280000 21.000000 19.000000 24.000000 37.000000 0.516647
537274.090000 6582188.820000 54.180000 82.000000 83.000000 75.000000 104.000000 0.543991
537274.010000 6582188.490000 54.030000 51.000000 55.000000 41.000000 79.000000 0.552658
537273.930000 6582188.210000 53.920000 86.000000 87.000000 71.000000 104.000000 0.493988
537274.210000 6582189.880000 54.860000 106.000000 77.000000 63.000000 86.000000 0.514313
537274.130000 6582189.590000 54.680000 118.000000 92.000000 77.000000 102.000000 0.483322
537274.050000 6582189.320000 54.570000 53.000000 34.000000 28.000000 48.000000 0.534653
537273.980000 6582189.040000 54.420000 35.000000 27.000000 24.000000 43.000000 0.513321
537273.900000 6582188.760000 54.280000 88.000000 82.000000 70.000000 93.000000 0.527649
537273.830000 6582188.490000 54.170000 86.000000 88.000000 74.000000 109.000000 0.484314
537273.750000 6582188.210000 54.000000 88.000000 87.000000 67.000000 111.000000 0.502991
537273.670000 6582187.890000 53.890000 45.000000 45.000000 45.000000 61.000000 0.515991
537273.590000 6582187.620000 53.810000 11.000000 9.000000 14.000000 25.000000 0.397324
537274.020000 6582189.930000 54.990000 115.000000 78.000000 69.000000 91.000000 0.479980
537273.940000 6582189.630000 54.900000 120.000000 85.000000 66.000000 91.000000 0.516983
537273.870000 6582189.360000 54.700000 116.000000 87.000000 71.000000 99.000000 0.502655
537273.790000 6582189.090000 54.570000 94.000000 73.000000 56.000000 89.000000 0.512985
537273.710000 6582188.790000 54.420000 75.000000 61.000000 50.000000 84.000000 0.486649
537273.630000 6582188.500000 54.280000 128.000000 128.000000 104.000000 148.000000 0.507980
537273.470000 6582187.930000 53.990000 32.000000 31.000000 29.000000 55.000000 0.535645
537273.400000 6582187.640000 53.940000 10.000000 5.000000 11.000000 22.000000 0.593979
537273.640000 6582189.760000 55.170000 120.000000 88.000000 65.000000 95.000000 0.514984
537273.570000 6582189.490000 55.040000 115.000000 80.000000 60.000000 87.000000 0.521988
537273.480000 6582189.180000 54.860000 123.000000 92.000000 74.000000 99.000000 0.525650
537273.420000 6582188.940000 54.740000 120.000000 91.000000 73.000000 104.000000 0.471313
537273.340000 6582188.650000 54.580000 124.000000 103.000000 86.000000 122.000000 0.496979
537273.250000 6582188.350000 54.460000 128.000000 111.000000 95.000000 115.000000 0.527649
537273.180000 6582188.090000 54.300000 90.000000 80.000000 71.000000 92.000000 0.508652
537273.110000 6582187.830000 54.210000 32.000000 23.000000 26.000000 28.000000 0.491989
537273.040000 6582187.530000 54.080000 15.000000 19.000000 20.000000 36.000000 0.500320
537272.950000 6582187.240000 53.970000 32.000000 28.000000 29.000000 38.000000 0.591644
537272.880000 6582186.980000 53.880000 65.000000 51.000000 51.000000 63.000000 0.439987
537272.810000 6582186.710000 53.680000 53.000000 38.000000 41.000000 60.000000 0.343323
537273.170000 6582189.480000 55.310000 122.000000 87.000000 68.000000 97.000000 0.512650
537273.090000 6582189.190000 55.160000 112.000000 81.000000 63.000000 91.000000 0.539322
537273.030000 6582188.940000 55.030000 106.000000 77.000000 59.000000 82.000000 0.510986
537272.950000 6582188.650000 54.900000 112.000000 84.000000 70.000000 97.000000 0.489319
537272.870000 6582188.370000 54.750000 111.000000 82.000000 66.000000 80.000000 0.496658
537272.800000 6582188.100000 54.630000 74.000000 51.000000 35.000000 56.000000 0.502319
537272.720000 6582187.820000 54.540000 22.000000 16.000000 20.000000 21.000000 0.529312
537272.640000 6582187.530000 54.360000 27.000000 22.000000 26.000000 28.000000 0.535980
537272.560000 6582187.230000 54.230000 32.000000 26.000000 30.000000 50.000000 0.509979
537272.490000 6582186.970000 54.030000 56.000000 41.000000 38.000000 74.000000 0.475647
537272.410000 6582186.690000 53.950000 40.000000 25.000000 30.000000 43.000000 0.554977
537272.340000 6582186.420000 53.660000 36.000000 27.000000 32.000000 41.000000 0.655655
537272.260000 6582186.140000 53.610000 42.000000 30.000000 34.000000 51.000000 0.785645
537272.880000 6582189.380000 55.420000 120.000000 87.000000 70.000000 91.000000 0.486649
537272.800000 6582189.090000 55.350000 117.000000 86.000000 68.000000 90.000000 0.502991
537272.720000 6582188.820000 55.190000 117.000000 88.000000 70.000000 95.000000 0.492981
537272.650000 6582188.530000 55.030000 104.000000 78.000000 65.000000 87.000000 0.498657
537272.570000 6582188.250000 54.890000 103.000000 76.000000 65.000000 87.000000 0.505981
537272.500000 6582187.970000 54.770000 35.000000 25.000000 23.000000 33.000000 0.514984
537272.420000 6582187.690000 54.630000 29.000000 23.000000 25.000000 26.000000 0.515656
537272.340000 6582187.410000 54.470000 28.000000 19.000000 24.000000 28.000000 0.495316
537272.260000 6582187.120000 54.340000 72.000000 65.000000 59.000000 80.000000 0.521652
537272.180000 6582186.820000 54.220000 35.000000 25.000000 26.000000 39.000000 0.513321
537272.100000 6582186.530000 54.110000 29.000000 22.000000 29.000000 29.000000 0.507324
537272.020000 6582186.250000 53.940000 39.000000 30.000000 35.000000 47.000000 0.579315
537271.950000 6582185.990000 53.660000 43.000000 32.000000 38.000000 45.000000 0.680649
537271.880000 6582185.710000 53.590000 38.000000 29.000000 32.000000 45.000000 0.769653
537272.540000 6582189.150000 55.470000 123.000000 92.000000 74.000000 97.000000 0.510315
537272.470000 6582188.870000 55.410000 119.000000 87.000000 72.000000 93.000000 0.513321
537272.380000 6582188.570000 55.250000 115.000000 88.000000 71.000000 95.000000 0.507645
537272.310000 6582188.290000 55.100000 58.000000 35.000000 29.000000 36.000000 0.516647
537272.230000 6582187.990000 55.000000 50.000000 37.000000 31.000000 43.000000 0.500320
537272.150000 6582187.700000 54.790000 72.000000 61.000000 55.000000 63.000000 0.509979
537272.070000 6582187.430000 54.680000 23.000000 18.000000 22.000000 29.000000 0.509323
537272.000000 6582187.150000 54.580000 37.000000 30.000000 24.000000 39.000000 0.511658
537271.920000 6582186.880000 54.400000 41.000000 31.000000 30.000000 39.000000 0.476654
537271.850000 6582186.600000 54.310000 31.000000 27.000000 28.000000 34.000000 0.480988
537271.770000 6582186.330000 54.140000 17.000000 10.000000 17.000000 25.000000 0.505325
537271.690000 6582186.010000 54.000000 23.000000 16.000000 23.000000 36.000000 0.552322
537271.620000 6582185.750000 53.880000 29.000000 23.000000 27.000000 39.000000 0.564987
537271.550000 6582185.480000 53.630000 43.000000 32.000000 36.000000 49.000000 0.712982
537271.460000 6582185.170000 53.570000 47.000000 33.000000 33.000000 58.000000 0.693314
537272.130000 6582188.990000 55.660000 115.000000 83.000000 68.000000 87.000000 0.504318
537272.060000 6582188.740000 55.590000 125.000000 88.000000 69.000000 94.000000 0.556656
537271.980000 6582188.460000 55.450000 100.000000 72.000000 61.000000 80.000000 0.536652
537271.900000 6582188.160000 55.300000 50.000000 35.000000 38.000000 44.000000 0.500992
537271.830000 6582187.890000 55.110000 38.000000 29.000000 32.000000 43.000000 0.508316
537271.750000 6582187.620000 55.020000 35.000000 31.000000 32.000000 32.000000 0.534988
537271.670000 6582187.300000 54.870000 42.000000 31.000000 29.000000 41.000000 0.507645
537271.590000 6582187.030000 54.720000 82.000000 60.000000 47.000000 64.000000 0.486984
537271.440000 6582186.460000 54.440000 44.000000 30.000000 29.000000 35.000000 0.523315
537271.290000 6582185.910000 54.170000 31.000000 29.000000 30.000000 45.000000 0.519989
537271.210000 6582185.610000 54.030000 32.000000 26.000000 30.000000 40.000000 0.505325
537271.070000 6582185.090000 53.660000 79.000000 70.000000 65.000000 83.000000 0.588654
537271.660000 6582188.710000 55.890000 112.000000 83.000000 67.000000 87.000000 0.537979
537271.580000 6582188.420000 55.730000 123.000000 90.000000 71.000000 97.000000 0.536987
537271.490000 6582188.110000 55.560000 124.000000 92.000000 71.000000 96.000000 0.501648
537271.420000 6582187.840000 55.470000 114.000000 88.000000 75.000000 96.000000 0.505325
537271.340000 6582187.570000 55.310000 78.000000 53.000000 48.000000 59.000000 0.535980
537271.260000 6582187.260000 55.140000 89.000000 70.000000 63.000000 82.000000 0.484985
537271.190000 6582186.990000 55.030000 106.000000 73.000000 56.000000 82.000000 0.505646
537271.110000 6582186.710000 54.910000 108.000000 75.000000 60.000000 83.000000 0.506317
537271.030000 6582186.420000 54.780000 100.000000 73.000000 62.000000 89.000000 0.517654
537270.960000 6582186.140000 54.620000 74.000000 57.000000 47.000000 64.000000 0.499985
537270.890000 6582185.900000 54.490000 74.000000 60.000000 51.000000 76.000000 0.497986
537270.810000 6582185.620000 54.370000 65.000000 56.000000 51.000000 79.000000 0.526321
537270.730000 6582185.310000 54.220000 26.000000 22.000000 21.000000 37.000000 0.462646
537270.660000 6582185.050000 54.090000 132.000000 88.000000 85.000000 148.000000 0.450989
537270.590000 6582184.790000 53.960000 32.000000 24.000000 21.000000 40.000000 0.572647
537270.510000 6582184.490000 53.740000 82.000000 92.000000 83.000000 101.000000 0.549316
537271.290000 6582188.520000 55.980000 131.000000 95.000000 79.000000 102.000000 0.549988
537271.210000 6582188.230000 55.850000 124.000000 89.000000 70.000000 95.000000 0.511322
537271.140000 6582187.980000 55.680000 127.000000 92.000000 72.000000 94.000000 0.517654
537271.070000 6582187.700000 55.570000 124.000000 93.000000 75.000000 93.000000 0.529984
537270.980000 6582187.410000 55.470000 105.000000 80.000000 60.000000 82.000000 0.507645
537270.920000 6582187.170000 55.280000 118.000000 90.000000 69.000000 103.000000 0.482315
537270.840000 6582186.860000 55.180000 110.000000 77.000000 58.000000 82.000000 0.519989
537270.760000 6582186.580000 55.020000 111.000000 76.000000 56.000000 82.000000 0.538986
537270.690000 6582186.320000 54.870000 119.000000 84.000000 65.000000 95.000000 0.525650
537270.610000 6582186.020000 54.780000 98.000000 72.000000 57.000000 87.000000 0.506989
537270.530000 6582185.740000 54.660000 87.000000 71.000000 56.000000 93.000000 0.499649
537270.450000 6582185.450000 54.500000 66.000000 55.000000 51.000000 82.000000 0.506317
537270.380000 6582185.180000 54.330000 72.000000 80.000000 65.000000 88.000000 0.487656
537270.300000 6582184.890000 54.230000 101.000000 105.000000 91.000000 104.000000 0.507980
537270.910000 6582188.430000 56.180000 116.000000 84.000000 69.000000 82.000000 0.515656
537270.840000 6582188.150000 56.030000 129.000000 91.000000 78.000000 95.000000 0.520981
537270.760000 6582187.880000 55.940000 121.000000 87.000000 75.000000 93.000000 0.517319
537270.690000 6582187.600000 55.770000 129.000000 93.000000 79.000000 98.000000 0.501648
537270.610000 6582187.310000 55.600000 127.000000 88.000000 73.000000 93.000000 0.512985
537270.540000 6582187.050000 55.510000 123.000000 87.000000 71.000000 91.000000 0.508652
537270.460000 6582186.760000 55.320000 122.000000 89.000000 70.000000 98.000000 0.509323
537270.370000 6582186.460000 55.180000 112.000000 77.000000 58.000000 89.000000 0.520981
537270.300000 6582186.190000 55.100000 96.000000 62.000000 50.000000 77.000000 0.481659
537270.220000 6582185.910000 54.990000 96.000000 67.000000 53.000000 82.000000 0.492981
537270.140000 6582185.620000 54.820000 81.000000 62.000000 45.000000 89.000000 0.489319
537270.070000 6582185.340000 54.670000 204.000000 204.000000 192.000000 188.000000 0.494980
537270.410000 6582188.140000 56.330000 117.000000 90.000000 73.000000 92.000000 0.517990
537270.330000 6582187.830000 56.180000 135.000000 102.000000 85.000000 101.000000 0.514984
537270.260000 6582187.590000 56.080000 129.000000 98.000000 80.000000 104.000000 0.504318
537270.190000 6582187.310000 55.920000 117.000000 86.000000 68.000000 89.000000 0.511658
537270.100000 6582187.000000 55.820000 127.000000 88.000000 71.000000 98.000000 0.529648
537270.030000 6582186.730000 55.630000 125.000000 89.000000 73.000000 94.000000 0.520325
537276.210000 6582190.710000 54.050000 23.000000 22.000000 20.000000 32.000000 0.500656
537276.020000 6582190.390000 53.920000 44.000000 44.000000 42.000000 63.000000 0.584656
537275.960000 6582190.680000 54.150000 45.000000 40.000000 37.000000 50.000000 0.497986
537275.800000 6582190.260000 53.930000 34.000000 33.000000 28.000000 45.000000 0.518311
537275.740000 6582190.520000 54.130000 60.000000 54.000000 40.000000 61.000000 0.489655
537275.510000 6582190.030000 53.930000 19.000000 14.000000 18.000000 33.000000 0.515991
537275.450000 6582190.300000 54.250000 38.000000 30.000000 28.000000 41.000000 0.513321
537275.140000 6582190.150000 54.380000 82.000000 64.000000 60.000000 74.000000 0.480988
537274.890000 6582190.160000 54.550000 32.000000 25.000000 19.000000 33.000000 0.520981
537276.470000 6582191.000000 54.020000 25.000000 27.000000 24.000000 35.000000 0.537979
537276.110000 6582190.890000 54.160000 42.000000 37.000000 33.000000 42.000000 0.500992
537276.020000 6582190.570000 54.050000 9.000000 4.000000 10.000000 25.000000 0.490982
537275.940000 6582190.280000 53.880000 57.000000 58.000000 53.000000 67.000000 0.548325
537275.660000 6582190.620000 54.290000 105.000000 88.000000 68.000000 101.000000 0.494644
537275.590000 6582190.340000 54.100000 68.000000 59.000000 54.000000 72.000000 0.511322
537275.510000 6582190.070000 53.990000 19.000000 14.000000 18.000000 33.000000 0.510315
537275.400000 6582190.550000 54.430000 106.000000 83.000000 67.000000 89.000000 0.484314
537275.320000 6582190.270000 54.300000 53.000000 45.000000 42.000000 62.000000 0.531311
537275.070000 6582190.210000 54.430000 75.000000 48.000000 39.000000 58.000000 0.519989
537276.270000 6582190.450000 53.850000 18.000000 10.000000 21.000000 32.000000 0.533646
537276.760000 6582190.980000 53.780000 37.000000 43.000000 31.000000 97.000000 0.494644
537276.390000 6582190.710000 53.870000 33.000000 33.000000 31.000000 42.000000 0.586990
537275.870000 6582190.010000 53.760000 15.000000 13.000000 16.000000 31.000000 0.464645
537276.870000 6582191.030000 53.770000 37.000000 45.000000 34.000000 93.000000 0.552658
537274.700000 6582190.030000 54.540000 36.000000 27.000000 20.000000 37.000000 0.510651
537269.950000 6582188.870000 57.200000 140.000000 108.000000 93.000000 105.000000 0.556976
537269.890000 6582189.130000 57.400000 150.000000 119.000000 99.000000 108.000000 0.539978
537269.750000 6582188.220000 56.870000 145.000000 114.000000 96.000000 106.000000 0.538986
537269.690000 6582188.490000 57.150000 145.000000 114.000000 96.000000 107.000000 0.556320
537269.500000 6582187.920000 56.840000 138.000000 107.000000 89.000000 103.000000 0.529648
537269.440000 6582188.180000 57.070000 134.000000 103.000000 85.000000 99.000000 0.532318
537269.290000 6582187.830000 56.960000 145.000000 114.000000 96.000000 107.000000 0.539322
537269.220000 6582188.100000 57.170000 144.000000 113.000000 95.000000 108.000000 0.537323
537269.160000 6582188.370000 57.410000 149.000000 118.000000 100.000000 112.000000 0.557312
537269.100000 6582187.810000 57.060000 127.000000 98.000000 80.000000 94.000000 0.542313
537268.980000 6582188.330000 57.500000 147.000000 116.000000 98.000000 107.000000 0.487991
537268.800000 6582187.550000 57.120000 137.000000 105.000000 90.000000 104.000000 0.536987
537269.940000 6582188.080000 56.660000 136.000000 103.000000 86.000000 97.000000 0.554657
537269.940000 6582189.240000 57.440000 144.000000 113.000000 92.000000 105.000000 0.552322
537269.860000 6582188.950000 57.310000 139.000000 107.000000 92.000000 98.000000 0.523315
537269.790000 6582188.700000 57.170000 150.000000 119.000000 101.000000 110.000000 0.561646
537269.720000 6582188.410000 57.060000 142.000000 111.000000 93.000000 103.000000 0.544983
537269.640000 6582188.150000 56.870000 135.000000 104.000000 86.000000 98.000000 0.543991
537269.360000 6582188.180000 57.090000 141.000000 110.000000 92.000000 108.000000 0.519989
537269.290000 6582187.910000 56.980000 139.000000 108.000000 90.000000 105.000000 0.526657
537268.820000 6582187.640000 57.140000 142.000000 109.000000 94.000000 105.000000 0.532654
537273.700000 6582189.900000 55.200000 115.000000 86.000000 68.000000 97.000000 0.484650
537273.400000 6582189.930000 55.450000 125.000000 89.000000 73.000000 96.000000 0.530319
537273.130000 6582189.580000 55.450000 123.000000 88.000000 69.000000 92.000000 0.518311
537273.070000 6582189.870000 55.630000 125.000000 89.000000 73.000000 98.000000 0.527313
537272.790000 6582189.500000 55.530000 114.000000 78.000000 62.000000 86.000000 0.522324
537272.730000 6582189.770000 55.830000 122.000000 86.000000 70.000000 95.000000 0.514984
537272.560000 6582189.280000 55.600000 127.000000 94.000000 77.000000 101.000000 0.517654
537272.490000 6582189.570000 55.820000 126.000000 93.000000 76.000000 96.000000 0.525314
537272.440000 6582189.810000 56.050000 128.000000 95.000000 78.000000 94.000000 0.496658
537272.270000 6582189.260000 55.800000 126.000000 95.000000 77.000000 96.000000 0.518982
537272.210000 6582189.520000 56.010000 133.000000 100.000000 83.000000 99.000000 0.534317
537272.150000 6582189.810000 56.260000 135.000000 104.000000 86.000000 104.000000 0.526978
537271.910000 6582189.220000 56.020000 122.000000 89.000000 74.000000 90.000000 0.531982
537271.850000 6582189.470000 56.200000 123.000000 91.000000 76.000000 92.000000 0.514984
537271.790000 6582189.750000 56.450000 130.000000 98.000000 83.000000 96.000000 0.500992
537271.570000 6582189.030000 56.160000 135.000000 102.000000 85.000000 105.000000 0.505325
537271.510000 6582189.290000 56.340000 139.000000 106.000000 89.000000 108.000000 0.555984
537271.450000 6582189.550000 56.540000 138.000000 106.000000 91.000000 103.000000 0.542984
537271.390000 6582189.800000 56.810000 144.000000 113.000000 95.000000 106.000000 0.541977
537271.340000 6582188.850000 56.170000 126.000000 90.000000 74.000000 91.000000 0.566986
537271.280000 6582189.120000 56.390000 121.000000 88.000000 71.000000 86.000000 0.532318
537271.220000 6582189.410000 56.660000 138.000000 106.000000 91.000000 107.000000 0.512650
537271.160000 6582189.680000 56.900000 141.000000 110.000000 92.000000 106.000000 0.543655
537271.100000 6582189.930000 57.110000 153.000000 122.000000 104.000000 117.000000 0.545319
537271.110000 6582188.800000 56.350000 138.000000 106.000000 91.000000 107.000000 0.547989
537271.040000 6582189.100000 56.560000 135.000000 102.000000 85.000000 100.000000 0.564316
537270.990000 6582189.340000 56.790000 142.000000 109.000000 92.000000 99.000000 0.524658
537270.930000 6582189.620000 56.990000 129.000000 98.000000 80.000000 94.000000 0.500992
537270.870000 6582189.890000 57.220000 158.000000 127.000000 109.000000 113.000000 0.548325
537270.770000 6582188.730000 56.500000 123.000000 91.000000 78.000000 95.000000 0.528992
537270.720000 6582189.000000 56.720000 146.000000 113.000000 98.000000 108.000000 0.547653
537270.660000 6582189.230000 57.050000 147.000000 114.000000 97.000000 107.000000 0.538651
537270.600000 6582189.510000 57.220000 152.000000 121.000000 103.000000 114.000000 0.539978
537270.530000 6582189.800000 57.410000 150.000000 119.000000 101.000000 110.000000 0.533310
537270.490000 6582188.490000 56.560000 129.000000 100.000000 82.000000 100.000000 0.553986
537270.430000 6582188.790000 56.760000 143.000000 110.000000 91.000000 102.000000 0.538986
537270.380000 6582189.030000 57.000000 135.000000 102.000000 85.000000 100.000000 0.517990
537270.310000 6582189.310000 57.260000 145.000000 111.000000 99.000000 103.000000 0.531311
537270.250000 6582189.580000 57.490000 149.000000 117.000000 102.000000 107.000000 0.553314
537270.270000 6582188.430000 56.620000 133.000000 102.000000 84.000000 98.000000 0.543655
537270.210000 6582188.660000 56.860000 143.000000 112.000000 94.000000 108.000000 0.541977
537270.150000 6582188.930000 57.110000 143.000000 110.000000 93.000000 102.000000 0.533981
537270.090000 6582189.220000 57.330000 150.000000 119.000000 99.000000 109.000000 0.548325
537270.070000 6582188.310000 56.710000 141.000000 108.000000 91.000000 104.000000 0.521988
537270.010000 6582188.600000 56.920000 128.000000 97.000000 79.000000 89.000000 0.550644
537273.250000 6582189.770000 55.440000 117.000000 80.000000 62.000000 91.000000 0.534988
537273.030000 6582189.940000 55.700000 119.000000 83.000000 67.000000 91.000000 0.519989
537272.950000 6582189.640000 55.590000 125.000000 89.000000 73.000000 97.000000 0.515320
537272.690000 6582189.690000 55.810000 122.000000 86.000000 70.000000 94.000000 0.523651
537272.610000 6582189.410000 55.630000 117.000000 81.000000 65.000000 88.000000 0.525314
537272.370000 6582189.860000 56.080000 120.000000 87.000000 70.000000 91.000000 0.540985
537272.290000 6582189.580000 55.950000 133.000000 100.000000 83.000000 99.000000 0.531982
537272.200000 6582189.260000 55.840000 123.000000 92.000000 74.000000 91.000000 0.492981
537271.960000 6582189.820000 56.380000 138.000000 107.000000 89.000000 103.000000 0.536987
537271.890000 6582189.570000 56.280000 125.000000 93.000000 78.000000 91.000000 0.510986
537271.810000 6582189.270000 56.110000 126.000000 93.000000 78.000000 92.000000 0.507324
537271.720000 6582188.960000 56.010000 121.000000 88.000000 69.000000 93.000000 0.545990
537271.680000 6582189.950000 56.680000 146.000000 115.000000 97.000000 108.000000 0.546982
537271.600000 6582189.660000 56.520000 131.000000 99.000000 84.000000 95.000000 0.497650
537271.520000 6582189.350000 56.390000 140.000000 107.000000 90.000000 106.000000 0.539978
537271.450000 6582189.090000 56.280000 128.000000 95.000000 78.000000 93.000000 0.525986
537271.370000 6582188.810000 56.110000 126.000000 90.000000 74.000000 91.000000 0.515320
537271.290000 6582189.830000 56.860000 144.000000 113.000000 95.000000 104.000000 0.516312
537271.070000 6582188.990000 56.440000 132.000000 99.000000 82.000000 98.000000 0.536987
537270.990000 6582188.710000 56.330000 135.000000 107.000000 93.000000 105.000000 0.504990
537270.870000 6582189.810000 57.140000 158.000000 127.000000 109.000000 113.000000 0.512314
537270.800000 6582189.540000 57.000000 129.000000 98.000000 80.000000 94.000000 0.503647
537270.720000 6582189.260000 56.990000 142.000000 109.000000 92.000000 102.000000 0.537323
537270.640000 6582188.980000 56.720000 132.000000 99.000000 84.000000 99.000000 0.521652
537270.560000 6582188.690000 56.580000 134.000000 101.000000 82.000000 100.000000 0.521988
537270.490000 6582188.440000 56.490000 129.000000 100.000000 82.000000 100.000000 0.529312
537270.330000 6582189.500000 57.350000 148.000000 116.000000 103.000000 106.000000 0.558990
537270.250000 6582189.210000 57.220000 139.000000 105.000000 93.000000 99.000000 0.524323
537270.180000 6582188.930000 57.080000 143.000000 110.000000 93.000000 102.000000 0.555649
537270.100000 6582188.650000 56.970000 128.000000 97.000000 79.000000 89.000000 0.519989
537270.030000 6582188.380000 56.810000 141.000000 108.000000 91.000000 104.000000 0.531982
537276.150000 6582190.980000 54.210000 74.000000 65.000000 56.000000 72.000000 0.511978
537276.090000 6582191.260000 54.500000 91.000000 68.000000 54.000000 82.000000 0.508652
537275.900000 6582190.950000 54.360000 111.000000 93.000000 79.000000 98.000000 0.500320
537275.840000 6582191.210000 54.570000 108.000000 81.000000 64.000000 94.000000 0.493652
537275.780000 6582191.480000 54.850000 101.000000 72.000000 58.000000 81.000000 0.536652
537275.680000 6582190.770000 54.400000 118.000000 95.000000 77.000000 106.000000 0.512650
537275.620000 6582191.040000 54.640000 103.000000 73.000000 62.000000 84.000000 0.517654
537275.550000 6582191.330000 54.880000 107.000000 78.000000 62.000000 92.000000 0.525314
537275.490000 6582191.600000 55.100000 109.000000 71.000000 58.000000 85.000000 0.451981
537275.390000 6582190.580000 54.460000 110.000000 80.000000 69.000000 88.000000 0.496979
537275.330000 6582190.810000 54.700000 110.000000 77.000000 60.000000 90.000000 0.513977
537275.270000 6582191.100000 54.920000 114.000000 83.000000 62.000000 94.000000 0.491989
537275.210000 6582191.370000 55.140000 117.000000 81.000000 65.000000 91.000000 0.535645
537275.150000 6582191.630000 55.330000 111.000000 78.000000 61.000000 90.000000 0.497986
537275.080000 6582190.430000 54.600000 114.000000 82.000000 67.000000 94.000000 0.507645
537275.020000 6582190.680000 54.830000 102.000000 70.000000 55.000000 80.000000 0.482986
537274.960000 6582190.970000 55.050000 118.000000 85.000000 68.000000 99.000000 0.513977
537274.890000 6582191.250000 55.280000 122.000000 87.000000 68.000000 99.000000 0.510651
537274.830000 6582191.520000 55.520000 126.000000 93.000000 76.000000 101.000000 0.536652
537274.830000 6582190.440000 54.780000 100.000000 73.000000 56.000000 84.000000 0.498657
537276.550000 6582191.290000 54.120000 34.000000 34.000000 26.000000 75.000000 0.503647
537276.170000 6582191.140000 54.320000 125.000000 107.000000 95.000000 122.000000 0.499313
537275.890000 6582191.460000 54.690000 99.000000 71.000000 57.000000 82.000000 0.508652
537275.810000 6582191.170000 54.560000 100.000000 73.000000 54.000000 83.000000 0.491318
537275.740000 6582190.890000 54.430000 103.000000 80.000000 66.000000 94.000000 0.492981
537275.700000 6582191.660000 55.000000 106.000000 74.000000 63.000000 87.000000 0.547989
537275.630000 6582191.410000 54.840000 102.000000 73.000000 59.000000 91.000000 0.507645
537275.550000 6582191.120000 54.720000 89.000000 60.000000 46.000000 67.000000 0.504990
537275.470000 6582190.820000 54.580000 115.000000 82.000000 65.000000 92.000000 0.500656
537275.450000 6582191.600000 55.130000 109.000000 71.000000 58.000000 85.000000 0.501648
537275.380000 6582191.330000 54.960000 113.000000 80.000000 65.000000 93.000000 0.507980
537275.220000 6582190.750000 54.730000 124.000000 90.000000 78.000000 97.000000 0.476990
537274.930000 6582190.860000 54.910000 115.000000 82.000000 65.000000 91.000000 0.484650
537274.850000 6582190.570000 54.820000 115.000000 82.000000 65.000000 91.000000 0.477646
537274.870000 6582191.640000 55.480000 127.000000 96.000000 78.000000 104.000000 0.511658
537276.830000 6582191.250000 53.930000 36.000000 47.000000 31.000000 108.000000 0.418320
537275.970000 6582191.780000 54.900000 105.000000 79.000000 64.000000 94.000000 0.468979
537275.910000 6582192.060000 55.140000 93.000000 69.000000 59.000000 83.000000 0.307327
537275.710000 6582191.770000 55.020000 104.000000 75.000000 61.000000 89.000000 0.420319
537275.090000 6582191.900000 55.640000 120.000000 87.000000 70.000000 97.000000 0.380325
537276.240000 6582191.400000 54.500000 84.000000 62.000000 51.000000 71.000000 0.406326
537275.980000 6582191.770000 54.850000 105.000000 79.000000 64.000000 94.000000 0.459991
537274.930000 6582191.880000 55.650000 116.000000 84.000000 69.000000 93.000000 0.403656
537274.830000 6582192.150000 56.000000 123.000000 92.000000 72.000000 100.000000 0.344650
537274.780000 6582191.780000 55.750000 134.000000 103.000000 85.000000 106.000000 0.503983
537274.710000 6582192.050000 56.050000 119.000000 86.000000 67.000000 95.000000 0.369324
537274.650000 6582191.250000 55.470000 122.000000 87.000000 68.000000 92.000000 0.540985
537274.580000 6582191.510000 55.710000 138.000000 105.000000 88.000000 107.000000 0.507980
537274.530000 6582191.750000 55.940000 139.000000 108.000000 90.000000 108.000000 0.477646
537274.470000 6582192.010000 56.140000 138.000000 107.000000 89.000000 107.000000 0.497314
537274.290000 6582192.800000 56.840000 119.000000 86.000000 69.000000 93.000000 0.409988
537274.210000 6582193.160000 56.710000 125.000000 98.000000 79.000000 124.000000 0.483658
537274.570000 6582190.450000 54.970000 119.000000 86.000000 69.000000 100.000000 0.472992
537274.510000 6582190.710000 55.190000 118.000000 81.000000 63.000000 90.000000 0.503311
537274.450000 6582190.980000 55.390000 127.000000 92.000000 73.000000 102.000000 0.527649
537274.390000 6582191.260000 55.640000 127.000000 94.000000 77.000000 98.000000 0.523315
537274.330000 6582191.510000 55.850000 118.000000 87.000000 69.000000 88.000000 0.512985
537274.270000 6582191.780000 56.080000 129.000000 98.000000 80.000000 100.000000 0.512650
537274.210000 6582192.050000 56.350000 128.000000 97.000000 79.000000 99.000000 0.531647
537274.160000 6582192.290000 56.580000 127.000000 98.000000 80.000000 98.000000 0.382980
537274.090000 6582192.570000 56.800000 142.000000 105.000000 87.000000 109.000000 0.432983
537274.020000 6582192.890000 56.860000 121.000000 89.000000 74.000000 94.000000 0.478317
537273.950000 6582193.200000 56.800000 141.000000 110.000000 92.000000 113.000000 0.475311
537274.300000 6582190.160000 54.990000 115.000000 82.000000 65.000000 94.000000 0.470322
537274.240000 6582190.430000 55.210000 123.000000 86.000000 67.000000 93.000000 0.497986
537274.180000 6582190.680000 55.450000 121.000000 84.000000 66.000000 92.000000 0.507645
537274.120000 6582190.950000 55.640000 127.000000 92.000000 73.000000 100.000000 0.539322
537274.050000 6582191.240000 55.910000 128.000000 95.000000 78.000000 96.000000 0.505981
537273.990000 6582191.500000 56.120000 131.000000 100.000000 82.000000 104.000000 0.536987
537273.940000 6582191.760000 56.360000 130.000000 99.000000 81.000000 103.000000 0.525650
537273.870000 6582192.040000 56.580000 112.000000 83.000000 67.000000 86.000000 0.537643
537273.820000 6582192.300000 56.780000 135.000000 104.000000 86.000000 105.000000 0.528656
537273.760000 6582192.560000 57.070000 138.000000 105.000000 86.000000 104.000000 0.512650
537273.930000 6582190.150000 55.220000 122.000000 89.000000 72.000000 101.000000 0.518311
537273.870000 6582190.400000 55.460000 128.000000 93.000000 74.000000 99.000000 0.508652
537273.820000 6582190.650000 55.660000 125.000000 89.000000 73.000000 99.000000 0.512985
537273.750000 6582190.930000 55.910000 127.000000 94.000000 79.000000 95.000000 0.524658
537273.690000 6582191.210000 56.150000 119.000000 87.000000 72.000000 90.000000 0.514313
537273.630000 6582191.480000 56.370000 120.000000 89.000000 71.000000 91.000000 0.512985
537273.560000 6582191.760000 56.600000 135.000000 104.000000 86.000000 107.000000 0.510986
537273.510000 6582192.030000 56.850000 139.000000 106.000000 89.000000 106.000000 0.522980
537273.450000 6582192.290000 57.040000 140.000000 107.000000 90.000000 107.000000 0.524323
537273.390000 6582192.550000 57.290000 134.000000 103.000000 85.000000 100.000000 0.522644
537273.650000 6582190.150000 55.470000 121.000000 88.000000 71.000000 95.000000 0.523987
537273.580000 6582190.450000 55.670000 119.000000 83.000000 67.000000 93.000000 0.506317
537273.520000 6582190.720000 55.940000 131.000000 95.000000 79.000000 102.000000 0.566650
537273.470000 6582190.960000 56.180000 135.000000 102.000000 85.000000 106.000000 0.549988
537273.410000 6582191.230000 56.400000 134.000000 103.000000 85.000000 100.000000 0.518646
537273.340000 6582191.510000 56.590000 134.000000 103.000000 85.000000 99.000000 0.524979
537273.280000 6582191.760000 56.840000 125.000000 94.000000 76.000000 93.000000 0.535645
537273.220000 6582192.040000 57.040000 134.000000 103.000000 85.000000 103.000000 0.533310
537273.160000 6582192.310000 57.320000 143.000000 112.000000 94.000000 109.000000 0.556976
537273.340000 6582190.200000 55.680000 129.000000 96.000000 79.000000 99.000000 0.521317
537273.280000 6582190.470000 55.930000 127.000000 91.000000 75.000000 97.000000 0.533981
537273.220000 6582190.740000 56.140000 123.000000 90.000000 73.000000 90.000000 0.531647
537273.150000 6582191.010000 56.360000 130.000000 99.000000 81.000000 99.000000 0.528992
537273.090000 6582191.280000 56.610000 142.000000 111.000000 93.000000 110.000000 0.553986
537273.040000 6582191.560000 56.800000 143.000000 110.000000 93.000000 106.000000 0.517654
537272.970000 6582191.830000 57.060000 142.000000 109.000000 92.000000 107.000000 0.544647
537272.910000 6582192.090000 57.300000 140.000000 111.000000 93.000000 108.000000 0.543991
537272.950000 6582190.400000 56.110000 136.000000 103.000000 86.000000 104.000000 0.514984
537272.890000 6582190.660000 56.340000 135.000000 102.000000 85.000000 106.000000 0.508316
537272.820000 6582190.940000 56.570000 135.000000 104.000000 86.000000 107.000000 0.506989
537272.760000 6582191.210000 56.820000 138.000000 107.000000 89.000000 102.000000 0.545654
537272.710000 6582191.460000 57.020000 131.000000 98.000000 81.000000 95.000000 0.545319
537272.620000 6582190.290000 56.240000 126.000000 93.000000 76.000000 96.000000 0.561981
537272.560000 6582190.540000 56.500000 128.000000 95.000000 78.000000 93.000000 0.522644
537272.500000 6582190.810000 56.680000 141.000000 108.000000 91.000000 107.000000 0.501984
537272.440000 6582191.080000 56.920000 147.000000 116.000000 98.000000 111.000000 0.515991
537272.380000 6582191.330000 57.180000 146.000000 115.000000 97.000000 106.000000 0.556656
537272.320000 6582191.610000 57.380000 144.000000 113.000000 95.000000 107.000000 0.531311
537272.380000 6582190.070000 56.220000 129.000000 96.000000 79.000000 98.000000 0.483322
537272.310000 6582190.360000 56.530000 131.000000 98.000000 83.000000 102.000000 0.508652
537272.260000 6582190.620000 56.720000 139.000000 106.000000 89.000000 105.000000 0.535980
537272.200000 6582190.870000 56.990000 141.000000 108.000000 91.000000 106.000000 0.518982
537272.130000 6582191.170000 57.210000 139.000000 106.000000 89.000000 101.000000 0.538986
537272.070000 6582191.430000 57.430000 145.000000 114.000000 96.000000 106.000000 0.544312
537272.090000 6582190.070000 56.480000 128.000000 95.000000 78.000000 94.000000 0.534988
537272.030000 6582190.330000 56.700000 131.000000 98.000000 81.000000 99.000000 0.499985
537271.970000 6582190.600000 56.940000 141.000000 108.000000 93.000000 109.000000 0.534653
537271.910000 6582190.880000 57.190000 141.000000 112.000000 96.000000 107.000000 0.540314
537271.850000 6582191.150000 57.400000 149.000000 116.000000 97.000000 111.000000 0.541977
537271.730000 6582190.050000 56.710000 142.000000 111.000000 91.000000 109.000000 0.530655
537271.670000 6582190.300000 56.930000 148.000000 117.000000 97.000000 111.000000 0.519653
537271.610000 6582190.550000 57.170000 140.000000 109.000000 89.000000 102.000000 0.530991
537271.550000 6582190.820000 57.420000 137.000000 101.000000 85.000000 97.000000 0.553314
537271.330000 6582190.080000 57.040000 137.000000 106.000000 88.000000 102.000000 0.532990
537271.270000 6582190.350000 57.320000 142.000000 109.000000 90.000000 104.000000 0.554977
537271.040000 6582190.200000 57.440000 149.000000 118.000000 98.000000 110.000000 0.600647
537270.820000 6582190.100000 57.630000 149.000000 118.000000 100.000000 115.000000 0.621323
537274.770000 6582190.280000 54.720000 37.000000 27.000000 17.000000 38.000000 0.526657
537274.770000 6582191.310000 55.390000 124.000000 89.000000 70.000000 100.000000 0.501648
537274.700000 6582191.050000 55.260000 121.000000 86.000000 67.000000 93.000000 0.510315
537274.640000 6582190.800000 55.100000 116.000000 81.000000 62.000000 92.000000 0.523987
537274.550000 6582190.500000 54.980000 119.000000 86.000000 69.000000 100.000000 0.508652
537274.470000 6582190.210000 54.810000 108.000000 76.000000 61.000000 92.000000 0.469650
537274.760000 6582191.880000 55.830000 130.000000 101.000000 85.000000 102.000000 0.524658
537274.680000 6582191.580000 55.680000 137.000000 104.000000 87.000000 109.000000 0.489319
537274.600000 6582191.300000 55.540000 115.000000 82.000000 63.000000 85.000000 0.536652
537274.530000 6582191.030000 55.400000 126.000000 91.000000 72.000000 97.000000 0.488312
537274.450000 6582190.760000 55.240000 123.000000 86.000000 68.000000 93.000000 0.480988
537274.370000 6582190.460000 55.140000 113.000000 76.000000 57.000000 88.000000 0.481979
537274.290000 6582190.180000 54.990000 121.000000 84.000000 66.000000 96.000000 0.505325
537274.640000 6582192.200000 56.070000 113.000000 84.000000 66.000000 90.000000 0.382324
537274.560000 6582191.910000 55.950000 138.000000 109.000000 91.000000 109.000000 0.493988
537274.480000 6582191.600000 55.830000 133.000000 102.000000 84.000000 103.000000 0.540649
537274.400000 6582191.330000 55.670000 114.000000 81.000000 62.000000 91.000000 0.507645
537274.330000 6582191.060000 55.500000 128.000000 93.000000 74.000000 98.000000 0.535324
537274.240000 6582190.740000 55.420000 122.000000 85.000000 67.000000 92.000000 0.516647
537274.170000 6582190.480000 55.220000 126.000000 89.000000 70.000000 99.000000 0.533310
537274.100000 6582190.210000 55.170000 125.000000 88.000000 69.000000 93.000000 0.510651
537274.480000 6582192.840000 56.750000 125.000000 92.000000 75.000000 101.000000 0.355652
537274.330000 6582192.280000 56.420000 138.000000 105.000000 88.000000 112.000000 0.396652
537274.250000 6582192.010000 56.260000 128.000000 97.000000 79.000000 99.000000 0.493652
537274.180000 6582191.750000 56.150000 121.000000 90.000000 72.000000 89.000000 0.510651
537274.110000 6582191.490000 55.980000 134.000000 103.000000 85.000000 107.000000 0.514984
537274.030000 6582191.170000 55.860000 125.000000 92.000000 75.000000 100.000000 0.507324
537273.950000 6582190.900000 55.700000 114.000000 81.000000 64.000000 89.000000 0.520325
537273.880000 6582190.640000 55.590000 125.000000 89.000000 73.000000 99.000000 0.499649
537273.800000 6582190.330000 55.440000 127.000000 91.000000 69.000000 102.000000 0.515656
537273.720000 6582190.040000 55.290000 114.000000 82.000000 67.000000 94.000000 0.523651
537274.190000 6582193.190000 56.770000 126.000000 99.000000 80.000000 109.000000 0.495316
537274.100000 6582192.880000 56.850000 121.000000 89.000000 74.000000 94.000000 0.480988
537274.020000 6582192.590000 56.790000 142.000000 105.000000 87.000000 109.000000 0.491989
537273.940000 6582192.290000 56.640000 131.000000 102.000000 84.000000 103.000000 0.524658
537273.860000 6582192.000000 56.550000 126.000000 95.000000 77.000000 93.000000 0.501984
537273.790000 6582191.730000 56.410000 126.000000 95.000000 77.000000 99.000000 0.529312
537273.710000 6582191.450000 56.260000 129.000000 98.000000 80.000000 100.000000 0.503647
537273.550000 6582190.880000 56.000000 133.000000 100.000000 83.000000 102.000000 0.478653
537273.880000 6582193.060000 56.940000 125.000000 93.000000 80.000000 90.000000 0.505646
537273.790000 6582192.720000 57.120000 131.000000 104.000000 85.000000 101.000000 0.457657
537273.630000 6582192.140000 56.830000 127.000000 94.000000 79.000000 93.000000 0.531311
537273.260000 6582190.770000 56.140000 123.000000 90.000000 73.000000 90.000000 0.500320
537273.180000 6582190.480000 56.010000 121.000000 88.000000 71.000000 94.000000 0.520645
537273.110000 6582190.210000 55.860000 125.000000 92.000000 75.000000 97.000000 0.511978
537273.450000 6582192.460000 57.210000 126.000000 97.000000 81.000000 95.000000 0.560989
537273.370000 6582192.180000 57.040000 137.000000 104.000000 87.000000 104.000000 0.560989
537273.310000 6582191.930000 56.910000 137.000000 106.000000 88.000000 106.000000 0.515656
537273.220000 6582191.650000 56.780000 134.000000 103.000000 85.000000 102.000000 0.539658
537273.150000 6582191.380000 56.640000 140.000000 109.000000 91.000000 107.000000 0.530319
537273.080000 6582191.110000 56.470000 135.000000 104.000000 86.000000 104.000000 0.536316
537273.000000 6582190.830000 56.380000 135.000000 102.000000 85.000000 106.000000 0.528656
537272.930000 6582190.550000 56.200000 136.000000 103.000000 86.000000 103.000000 0.538651
537272.850000 6582190.260000 56.060000 120.000000 87.000000 70.000000 92.000000 0.498322
537272.780000 6582190.010000 55.930000 133.000000 97.000000 81.000000 102.000000 0.534653
537272.980000 6582192.100000 57.290000 130.000000 101.000000 83.000000 99.000000 0.535645
537272.910000 6582191.840000 57.100000 142.000000 109.000000 92.000000 107.000000 0.577652
537272.830000 6582191.560000 56.960000 144.000000 111.000000 94.000000 109.000000 0.521988
537272.750000 6582191.270000 56.810000 138.000000 107.000000 89.000000 102.000000 0.513657
537272.670000 6582190.980000 56.670000 141.000000 110.000000 92.000000 105.000000 0.508987
537272.600000 6582190.730000 56.550000 133.000000 100.000000 83.000000 101.000000 0.527649
537272.530000 6582190.440000 56.400000 134.000000 101.000000 84.000000 103.000000 0.526657
537272.440000 6582190.140000 56.230000 131.000000 98.000000 81.000000 102.000000 0.515991
537272.420000 6582191.520000 57.270000 145.000000 112.000000 95.000000 107.000000 0.516647
537272.350000 6582191.240000 57.120000 146.000000 115.000000 97.000000 107.000000 0.513657
537272.260000 6582190.930000 56.990000 135.000000 102.000000 85.000000 99.000000 0.541977
537272.190000 6582190.660000 56.840000 142.000000 106.000000 90.000000 103.000000 0.528992
537272.110000 6582190.380000 56.660000 137.000000 104.000000 89.000000 101.000000 0.506653
537272.040000 6582190.100000 56.530000 124.000000 91.000000 74.000000 87.000000 0.534653
537271.990000 6582191.070000 57.260000 149.000000 118.000000 98.000000 111.000000 0.552322
537271.910000 6582190.800000 57.110000 141.000000 109.000000 94.000000 110.000000 0.549316
537271.830000 6582190.510000 56.940000 137.000000 102.000000 83.000000 103.000000 0.533310
537271.760000 6582190.230000 56.830000 148.000000 117.000000 97.000000 112.000000 0.531647
537271.590000 6582190.930000 57.450000 142.000000 106.000000 92.000000 105.000000 0.523987
537271.520000 6582190.640000 57.360000 148.000000 115.000000 96.000000 104.000000 0.544983
537271.440000 6582190.370000 57.130000 146.000000 115.000000 95.000000 111.000000 0.522980
537271.360000 6582190.070000 57.020000 137.000000 106.000000 88.000000 102.000000 0.535645
537270.950000 6582190.090000 57.330000 152.000000 121.000000 103.000000 116.000000 0.529312
