542393.370000 6589885.620000 21.770000 127.000000 146.000000 153.000000 100.000000 0.481323
542393.290000 6589885.270000 21.590000 126.000000 144.000000 154.000000 102.000000 0.492325
542393.220000 6589884.950000 21.360000 128.000000 147.000000 151.000000 103.000000 0.488647
542393.070000 6589886.150000 22.270000 31.000000 41.000000 50.000000 26.000000 0.476990
542392.930000 6589885.530000 21.890000 129.000000 149.000000 156.000000 103.000000 0.484650
542392.730000 6589885.860000 22.320000 31.000000 46.000000 51.000000 35.000000 0.470657
542393.320000 6589886.330000 22.290000 98.000000 115.000000 122.000000 88.000000 0.466660
542393.310000 6589884.930000 21.260000 118.000000 137.000000 143.000000 98.000000 0.516312
542393.230000 6589885.230000 21.530000 126.000000 144.000000 154.000000 102.000000 0.470978
542393.040000 6589885.930000 22.150000 75.000000 90.000000 95.000000 57.000000 0.451645
542392.720000 6589885.640000 22.170000 83.000000 102.000000 106.000000 79.000000 0.470657
542393.150000 6589884.650000 21.220000 120.000000 140.000000 147.000000 97.000000 0.458313
542392.850000 6589885.170000 21.730000 122.000000 143.000000 148.000000 98.000000 0.493317
542392.780000 6589884.870000 21.510000 123.000000 144.000000 149.000000 96.000000 0.496658
542392.650000 6589885.520000 22.130000 95.000000 112.000000 119.000000 83.000000 0.470322
542392.580000 6589885.210000 21.850000 133.000000 152.000000 159.000000 104.000000 0.460983
542392.500000 6589884.870000 21.630000 129.000000 150.000000 153.000000 100.000000 0.459991
542392.390000 6589885.730000 22.500000 43.000000 52.000000 59.000000 40.000000 0.541656
542392.320000 6589885.420000 22.270000 34.000000 44.000000 53.000000 27.000000 0.491318
542392.250000 6589885.100000 22.060000 117.000000 132.000000 139.000000 95.000000 0.457321
542392.180000 6589884.790000 21.930000 130.000000 151.000000 156.000000 100.000000 0.462982
542391.900000 6589885.190000 22.440000 34.000000 44.000000 53.000000 31.000000 0.485321
542391.830000 6589884.880000 22.240000 97.000000 110.000000 119.000000 83.000000 0.464645
542391.430000 6589884.990000 22.570000 43.000000 53.000000 62.000000 37.000000 0.492981
542391.290000 6589885.110000 22.400000 38.000000 47.000000 56.000000 38.000000 0.522324
542391.220000 6589884.810000 22.570000 42.000000 51.000000 60.000000 37.000000 0.540314
542393.390000 6589884.610000 21.060000 109.000000 129.000000 136.000000 90.000000 0.493988
542392.990000 6589884.650000 21.290000 121.000000 141.000000 150.000000 94.000000 0.472992
542392.910000 6589884.960000 21.610000 123.000000 144.000000 147.000000 100.000000 0.485657
542392.810000 6589885.300000 21.890000 126.000000 146.000000 153.000000 101.000000 0.482651
542392.690000 6589884.770000 21.560000 124.000000 144.000000 151.000000 100.000000 0.483658
542392.590000 6589885.120000 21.910000 126.000000 145.000000 151.000000 98.000000 0.499649
542392.510000 6589885.420000 22.220000 97.000000 114.000000 121.000000 82.000000 0.468979
542392.420000 6589885.740000 22.550000 39.000000 50.000000 56.000000 42.000000 0.631989
542392.380000 6589884.950000 21.870000 126.000000 147.000000 152.000000 103.000000 0.489319
542392.290000 6589885.260000 22.140000 71.000000 84.000000 93.000000 54.000000 0.496658
542392.200000 6589885.610000 22.540000 43.000000 50.000000 60.000000 35.000000 0.522324
542392.020000 6589884.760000 22.010000 130.000000 149.000000 155.000000 96.000000 0.477325
542391.940000 6589885.070000 22.310000 48.000000 61.000000 69.000000 38.000000 0.480988
542391.770000 6589885.720000 22.260000 41.000000 48.000000 56.000000 37.000000 0.516312
542391.640000 6589884.750000 22.190000 65.000000 78.000000 86.000000 58.000000 0.472656
542391.550000 6589885.050000 22.530000 39.000000 48.000000 57.000000 36.000000 0.538986
542391.320000 6589884.770000 22.500000 42.000000 50.000000 61.000000 37.000000 0.493317
542392.710000 6589884.550000 21.370000 125.000000 145.000000 152.000000 102.000000 0.467987
542392.620000 6589884.190000 21.080000 122.000000 142.000000 149.000000 99.000000 0.449646
542392.430000 6589884.560000 21.550000 126.000000 146.000000 153.000000 101.000000 0.430649
542392.350000 6589884.230000 21.390000 126.000000 147.000000 152.000000 98.000000 0.522980
542392.280000 6589883.920000 21.140000 124.000000 144.000000 151.000000 102.000000 0.478989
542392.210000 6589883.600000 21.010000 122.000000 142.000000 149.000000 97.000000 0.463318
542392.100000 6589884.470000 21.740000 126.000000 147.000000 152.000000 101.000000 0.502991
542392.030000 6589884.150000 21.550000 125.000000 146.000000 151.000000 102.000000 0.471985
542391.960000 6589883.830000 21.350000 124.000000 144.000000 151.000000 102.000000 0.465652
542391.360000 6589884.670000 22.250000 34.000000 44.000000 54.000000 28.000000 0.495651
542393.070000 6589884.340000 21.000000 122.000000 142.000000 149.000000 97.000000 0.517654
542392.780000 6589884.420000 21.270000 122.000000 142.000000 149.000000 97.000000 0.479980
542392.640000 6589883.960000 20.990000 123.000000 144.000000 149.000000 102.000000 0.474319
542392.560000 6589884.270000 21.290000 122.000000 142.000000 149.000000 99.000000 0.483322
542392.470000 6589884.610000 21.570000 125.000000 145.000000 152.000000 101.000000 0.482986
542392.290000 6589883.760000 21.070000 122.000000 142.000000 149.000000 97.000000 0.459991
542392.210000 6589884.070000 21.390000 123.000000 144.000000 149.000000 96.000000 0.509979
542392.110000 6589884.430000 21.700000 126.000000 147.000000 152.000000 101.000000 0.491653
542391.810000 6589884.080000 21.620000 122.000000 145.000000 151.000000 102.000000 0.460983
542391.720000 6589884.430000 21.940000 127.000000 148.000000 153.000000 100.000000 0.488983
542391.410000 6589884.450000 22.210000 114.000000 129.000000 136.000000 90.000000 0.500992
542398.750000 6589892.390000 21.130000 125.000000 144.000000 148.000000 101.000000 0.501312
542398.590000 6589893.390000 21.940000 129.000000 148.000000 154.000000 102.000000 0.485321
542398.510000 6589893.060000 21.640000 126.000000 145.000000 151.000000 105.000000 0.494980
542398.440000 6589892.760000 21.520000 127.000000 146.000000 153.000000 105.000000 0.483658
542398.360000 6589892.400000 21.430000 126.000000 145.000000 149.000000 100.000000 0.494980
542398.480000 6589893.910000 22.400000 127.000000 148.000000 153.000000 102.000000 0.420990
542398.400000 6589893.590000 22.200000 125.000000 146.000000 151.000000 103.000000 0.467316
542398.330000 6589893.290000 22.040000 129.000000 148.000000 155.000000 103.000000 0.509323
542398.260000 6589892.970000 21.820000 128.000000 149.000000 152.000000 100.000000 0.461319
542398.180000 6589892.650000 21.580000 125.000000 144.000000 150.000000 101.000000 0.447983
542398.360000 6589894.660000 22.970000 130.000000 151.000000 156.000000 108.000000 0.494644
542398.290000 6589894.350000 22.810000 131.000000 150.000000 156.000000 104.000000 0.438980
542398.210000 6589894.000000 22.580000 128.000000 147.000000 151.000000 104.000000 0.481659
542398.140000 6589893.700000 22.420000 128.000000 147.000000 151.000000 105.000000 0.485321
542398.070000 6589893.390000 22.230000 129.000000 148.000000 155.000000 100.000000 0.463654
542397.990000 6589893.060000 22.070000 123.000000 142.000000 146.000000 99.000000 0.434326
542398.210000 6589895.390000 23.620000 62.000000 76.000000 85.000000 48.000000 0.474655
542398.140000 6589895.100000 23.450000 116.000000 133.000000 141.000000 87.000000 0.507645
542398.060000 6589894.750000 23.220000 122.000000 143.000000 148.000000 96.000000 0.460983
542397.990000 6589894.430000 23.070000 125.000000 146.000000 151.000000 100.000000 0.510986
542397.920000 6589894.110000 22.810000 129.000000 150.000000 153.000000 107.000000 0.481979
542397.840000 6589893.780000 22.700000 129.000000 150.000000 153.000000 103.000000 0.465652
542397.770000 6589893.460000 22.490000 128.000000 149.000000 154.000000 100.000000 0.480316
542397.690000 6589893.150000 22.290000 127.000000 146.000000 150.000000 104.000000 0.446991
542397.620000 6589892.830000 22.080000 146.000000 165.000000 169.000000 120.000000 0.495651
542397.810000 6589895.190000 23.740000 32.000000 42.000000 52.000000 33.000000 0.503647
542397.750000 6589894.900000 23.590000 47.000000 60.000000 68.000000 35.000000 0.480988
542397.660000 6589894.530000 23.360000 135.000000 152.000000 159.000000 111.000000 0.440979
542397.590000 6589894.210000 23.210000 128.000000 149.000000 154.000000 98.000000 0.495987
542397.510000 6589893.900000 22.950000 128.000000 149.000000 152.000000 101.000000 0.449982
542397.430000 6589893.550000 22.790000 129.000000 150.000000 155.000000 108.000000 0.455322
542397.360000 6589893.200000 22.560000 129.000000 148.000000 154.000000 102.000000 0.457657
542397.290000 6589892.920000 22.400000 155.000000 173.000000 175.000000 127.000000 0.499985
542397.220000 6589892.600000 22.190000 125.000000 144.000000 151.000000 101.000000 0.491318
542397.520000 6589895.190000 23.920000 42.000000 49.000000 59.000000 39.000000 0.577652
542397.450000 6589894.880000 23.740000 38.000000 47.000000 56.000000 36.000000 0.498978
542397.380000 6589894.580000 23.520000 66.000000 79.000000 88.000000 54.000000 0.498978
542397.300000 6589894.260000 23.330000 129.000000 148.000000 155.000000 103.000000 0.491653
542397.230000 6589893.920000 23.150000 129.000000 148.000000 154.000000 100.000000 0.477646
542397.150000 6589893.600000 22.970000 126.000000 147.000000 152.000000 104.000000 0.497650
542397.080000 6589893.290000 22.780000 127.000000 147.000000 154.000000 101.000000 0.468658
542397.000000 6589892.940000 22.520000 148.000000 167.000000 171.000000 123.000000 0.470322
542396.920000 6589892.610000 22.350000 126.000000 145.000000 151.000000 101.000000 0.514313
542397.120000 6589894.600000 23.800000 38.000000 46.000000 57.000000 34.000000 0.458649
542397.040000 6589894.280000 23.590000 83.000000 97.000000 106.000000 66.000000 0.489319
542396.960000 6589893.930000 23.380000 137.000000 154.000000 161.000000 110.000000 0.457657
542396.890000 6589893.610000 23.210000 129.000000 148.000000 154.000000 103.000000 0.471649
542396.820000 6589893.300000 22.990000 129.000000 149.000000 156.000000 105.000000 0.514984
542396.740000 6589892.960000 22.770000 131.000000 150.000000 154.000000 107.000000 0.536987
542396.660000 6589892.640000 22.520000 126.000000 147.000000 152.000000 104.000000 0.472992
542396.640000 6589894.180000 23.780000 34.000000 41.000000 51.000000 32.000000 0.457993
542396.570000 6589893.880000 23.600000 66.000000 80.000000 89.000000 55.000000 0.490982
542396.500000 6589893.550000 23.400000 130.000000 149.000000 155.000000 104.000000 0.492645
542396.420000 6589893.240000 23.210000 129.000000 150.000000 155.000000 106.000000 0.455322
542396.360000 6589892.930000 22.990000 126.000000 150.000000 154.000000 107.000000 0.479645
542396.280000 6589892.590000 22.810000 128.000000 147.000000 153.000000 104.000000 0.473648
542396.330000 6589894.530000 23.640000 42.000000 49.000000 57.000000 40.000000 0.476318
542396.190000 6589893.940000 23.950000 41.000000 48.000000 58.000000 39.000000 0.668976
542396.120000 6589893.600000 23.680000 31.000000 41.000000 51.000000 28.000000 0.462646
542396.040000 6589893.270000 23.490000 123.000000 137.000000 146.000000 97.000000 0.469315
542395.970000 6589892.980000 23.260000 129.000000 150.000000 155.000000 103.000000 0.485992
542395.840000 6589893.610000 23.960000 44.000000 48.000000 59.000000 42.000000 0.560989
542395.770000 6589893.300000 23.700000 37.000000 47.000000 57.000000 27.000000 0.454987
542395.680000 6589892.940000 23.490000 109.000000 123.000000 132.000000 88.000000 0.480988
542395.610000 6589892.630000 23.330000 125.000000 144.000000 150.000000 99.000000 0.493652
542395.460000 6589893.210000 23.770000 41.000000 50.000000 59.000000 40.000000 0.496323
542395.390000 6589892.890000 23.590000 49.000000 62.000000 70.000000 36.000000 0.476318
542395.190000 6589893.540000 23.630000 41.000000 45.000000 54.000000 37.000000 0.480652
542395.060000 6589892.950000 23.950000 42.000000 46.000000 55.000000 42.000000 0.605988
542398.440000 6589894.340000 22.700000 128.000000 147.000000 153.000000 100.000000 0.488312
542398.360000 6589894.660000 22.990000 130.000000 151.000000 156.000000 108.000000 0.483322
542398.270000 6589894.990000 23.340000 124.000000 145.000000 150.000000 98.000000 0.501984
542398.180000 6589895.320000 23.590000 32.000000 46.000000 55.000000 31.000000 0.472992
542398.090000 6589895.640000 23.960000 41.000000 48.000000 58.000000 38.000000 0.695984
542398.620000 6589892.570000 21.310000 123.000000 142.000000 148.000000 99.000000 0.506989
542398.540000 6589892.880000 21.620000 122.000000 141.000000 147.000000 101.000000 0.449646
542398.450000 6589893.210000 21.900000 129.000000 148.000000 154.000000 102.000000 0.500320
542398.360000 6589893.540000 22.220000 126.000000 145.000000 152.000000 101.000000 0.489319
542398.270000 6589893.860000 22.530000 129.000000 148.000000 152.000000 103.000000 0.458313
542398.180000 6589894.210000 22.830000 128.000000 149.000000 154.000000 102.000000 0.471649
542398.090000 6589894.560000 23.180000 129.000000 150.000000 155.000000 108.000000 0.480316
542398.000000 6589894.870000 23.450000 129.000000 150.000000 155.000000 101.000000 0.470978
542397.920000 6589895.190000 23.740000 39.000000 52.000000 61.000000 30.000000 0.491318
542397.760000 6589895.780000 23.600000 40.000000 47.000000 57.000000 38.000000 0.508316
542398.340000 6589892.590000 21.430000 126.000000 145.000000 151.000000 103.000000 0.497986
542398.250000 6589892.920000 21.770000 128.000000 149.000000 152.000000 100.000000 0.460312
542398.160000 6589893.260000 22.070000 126.000000 145.000000 152.000000 101.000000 0.491989
542398.060000 6589893.600000 22.410000 130.000000 149.000000 153.000000 104.000000 0.468323
542397.980000 6589893.910000 22.650000 126.000000 147.000000 150.000000 101.000000 0.493317
542397.900000 6589894.230000 22.980000 128.000000 149.000000 154.000000 105.000000 0.479980
542397.720000 6589894.880000 23.580000 89.000000 104.000000 111.000000 70.000000 0.484650
542397.630000 6589895.210000 23.940000 43.000000 50.000000 60.000000 40.000000 0.585648
542397.870000 6589892.830000 21.970000 134.000000 153.000000 157.000000 111.000000 0.463989
542397.780000 6589893.170000 22.280000 126.000000 145.000000 149.000000 105.000000 0.484985
542397.710000 6589893.460000 22.600000 128.000000 149.000000 154.000000 100.000000 0.477646
542397.610000 6589893.810000 22.940000 126.000000 147.000000 150.000000 99.000000 0.484650
542397.520000 6589894.160000 23.150000 129.000000 150.000000 155.000000 103.000000 0.482986
542397.430000 6589894.470000 23.550000 137.000000 154.000000 162.000000 113.000000 0.476318
542397.350000 6589894.800000 23.820000 35.000000 45.000000 55.000000 36.000000 0.516312
542397.520000 6589892.620000 22.030000 121.000000 141.000000 148.000000 97.000000 0.518982
542397.440000 6589892.930000 22.300000 157.000000 175.000000 177.000000 129.000000 0.435989
542397.350000 6589893.250000 22.660000 129.000000 148.000000 154.000000 102.000000 0.500320
542397.270000 6589893.560000 22.920000 129.000000 149.000000 156.000000 105.000000 0.444656
542397.180000 6589893.910000 23.250000 124.000000 143.000000 149.000000 100.000000 0.468658
542397.090000 6589894.230000 23.550000 83.000000 97.000000 106.000000 66.000000 0.466660
542397.010000 6589894.520000 23.870000 40.000000 48.000000 61.000000 39.000000 0.530319
542397.270000 6589892.600000 22.140000 125.000000 144.000000 151.000000 101.000000 0.490646
542397.190000 6589892.900000 22.400000 153.000000 173.000000 174.000000 127.000000 0.471313
542397.100000 6589893.230000 22.740000 127.000000 147.000000 154.000000 101.000000 0.476990
542397.010000 6589893.560000 23.010000 132.000000 152.000000 159.000000 103.000000 0.463989
542396.930000 6589893.850000 23.350000 127.000000 146.000000 152.000000 98.000000 0.508316
542396.840000 6589894.190000 23.630000 51.000000 64.000000 73.000000 39.000000 0.477646
542396.680000 6589894.810000 23.660000 44.000000 51.000000 59.000000 40.000000 0.478653
542396.900000 6589892.770000 22.520000 123.000000 142.000000 148.000000 99.000000 0.481659
542396.820000 6589893.070000 22.780000 125.000000 144.000000 150.000000 100.000000 0.472321
542396.730000 6589893.410000 23.160000 124.000000 148.000000 152.000000 102.000000 0.476318
542396.650000 6589893.730000 23.510000 130.000000 147.000000 154.000000 111.000000 0.480316
542396.550000 6589894.060000 23.800000 33.000000 43.000000 52.000000 30.000000 0.506989
542396.540000 6589892.850000 22.810000 127.000000 148.000000 151.000000 102.000000 0.471649
542396.450000 6589893.180000 23.120000 126.000000 147.000000 152.000000 104.000000 0.477325
542396.370000 6589893.470000 23.410000 128.000000 145.000000 153.000000 104.000000 0.497314
542396.280000 6589893.800000 23.730000 38.000000 48.000000 58.000000 40.000000 0.498657
542396.160000 6589892.760000 23.030000 127.000000 148.000000 153.000000 100.000000 0.491989
542396.070000 6589893.090000 23.290000 126.000000 145.000000 151.000000 95.000000 0.438660
542395.980000 6589893.430000 23.620000 34.000000 44.000000 54.000000 31.000000 0.470657
542395.820000 6589894.040000 23.660000 40.000000 47.000000 57.000000 35.000000 0.482315
542395.850000 6589892.870000 23.280000 125.000000 144.000000 150.000000 97.000000 0.461990
542395.760000 6589893.200000 23.650000 37.000000 47.000000 57.000000 27.000000 0.474655
542395.590000 6589893.840000 23.660000 46.000000 50.000000 59.000000 40.000000 0.506317
542395.530000 6589892.950000 23.540000 78.000000 91.000000 99.000000 63.000000 0.447311
542395.440000 6589893.260000 23.950000 41.000000 50.000000 59.000000 40.000000 0.553650
542395.140000 6589892.930000 23.850000 43.000000 50.000000 58.000000 45.000000 0.543655
542395.050000 6589893.230000 23.760000 42.000000 46.000000 55.000000 41.000000 0.519653
542394.830000 6589892.730000 23.870000 44.000000 48.000000 59.000000 43.000000 0.516312
542399.930000 6589893.550000 21.160000 123.000000 144.000000 149.000000 99.000000 0.484985
542399.720000 6589893.730000 21.440000 127.000000 148.000000 153.000000 102.000000 0.471985
542399.650000 6589893.430000 21.330000 124.000000 145.000000 150.000000 101.000000 0.496658
542399.580000 6589893.120000 21.090000 126.000000 145.000000 151.000000 101.000000 0.480652
542399.470000 6589893.890000 21.750000 125.000000 146.000000 151.000000 102.000000 0.475647
542399.400000 6589893.570000 21.530000 123.000000 144.000000 149.000000 102.000000 0.459320
542399.320000 6589893.240000 21.360000 125.000000 144.000000 150.000000 101.000000 0.493988
542399.250000 6589892.920000 21.150000 122.000000 141.000000 147.000000 98.000000 0.461319
542399.140000 6589894.060000 22.110000 125.000000 146.000000 151.000000 102.000000 0.459320
542399.050000 6589893.710000 21.830000 128.000000 149.000000 154.000000 106.000000 0.466980
542398.980000 6589893.390000 21.670000 126.000000 145.000000 151.000000 102.000000 0.446991
542398.910000 6589893.080000 21.460000 126.000000 145.000000 151.000000 102.000000 0.503311
542398.830000 6589892.730000 21.280000 124.000000 144.000000 151.000000 101.000000 0.477325
542398.890000 6589894.690000 22.700000 123.000000 144.000000 149.000000 98.000000 0.455978
542398.810000 6589894.370000 22.480000 125.000000 146.000000 151.000000 105.000000 0.467987
542398.740000 6589894.060000 22.300000 127.000000 148.000000 153.000000 103.000000 0.455658
542398.660000 6589893.700000 22.050000 128.000000 149.000000 154.000000 105.000000 0.464981
542398.700000 6589894.880000 22.980000 125.000000 146.000000 151.000000 99.000000 0.476654
542398.630000 6589894.560000 22.780000 128.000000 147.000000 153.000000 101.000000 0.462982
542398.550000 6589894.260000 22.580000 128.000000 149.000000 154.000000 102.000000 0.505646
542398.510000 6589895.290000 23.370000 133.000000 154.000000 159.000000 108.000000 0.498978
542398.430000 6589894.960000 23.160000 126.000000 147.000000 152.000000 103.000000 0.495987
542399.950000 6589893.420000 21.080000 123.000000 144.000000 149.000000 101.000000 0.487991
542399.870000 6589893.740000 21.380000 125.000000 146.000000 151.000000 100.000000 0.494980
542399.720000 6589893.240000 21.110000 126.000000 145.000000 151.000000 102.000000 0.522324
542399.630000 6589893.560000 21.400000 127.000000 148.000000 153.000000 104.000000 0.493317
542399.540000 6589893.880000 21.720000 123.000000 144.000000 149.000000 101.000000 0.453659
542399.450000 6589894.230000 22.020000 129.000000 150.000000 155.000000 103.000000 0.505646
542399.440000 6589893.330000 21.320000 129.000000 148.000000 154.000000 104.000000 0.470322
542399.360000 6589893.640000 21.620000 126.000000 147.000000 152.000000 101.000000 0.505325
542399.260000 6589893.990000 21.950000 129.000000 150.000000 155.000000 105.000000 0.481659
542399.180000 6589894.290000 22.230000 129.000000 150.000000 155.000000 103.000000 0.435318
542399.100000 6589894.600000 22.520000 126.000000 150.000000 154.000000 106.000000 0.448318
542399.170000 6589893.060000 21.260000 122.000000 141.000000 147.000000 99.000000 0.482651
542399.090000 6589893.360000 21.600000 128.000000 147.000000 153.000000 102.000000 0.498322
542399.010000 6589893.670000 21.860000 125.000000 146.000000 151.000000 98.000000 0.509323
542398.910000 6589894.020000 22.170000 127.000000 148.000000 153.000000 104.000000 0.514984
542398.830000 6589894.330000 22.430000 125.000000 146.000000 151.000000 105.000000 0.464981
542398.750000 6589894.630000 22.770000 131.000000 152.000000 157.000000 102.000000 0.503311
542398.660000 6589894.980000 23.090000 121.000000 145.000000 149.000000 98.000000 0.459991
542398.570000 6589895.300000 23.360000 133.000000 154.000000 159.000000 108.000000 0.463318
542398.880000 6589892.710000 21.210000 124.000000 144.000000 151.000000 101.000000 0.501312
542398.790000 6589893.060000 21.510000 124.000000 143.000000 149.000000 100.000000 0.468323
542398.710000 6589893.360000 21.820000 127.000000 146.000000 152.000000 102.000000 0.466980
542388.630000 6589890.350000 21.290000 104.000000 123.000000 130.000000 85.000000 0.498322
542388.560000 6589890.040000 21.000000 121.000000 140.000000 147.000000 100.000000 0.487991
542388.710000 6589891.850000 22.290000 103.000000 122.000000 126.000000 86.000000 0.439987
542388.630000 6589891.540000 22.100000 131.000000 148.000000 156.000000 106.000000 0.434982
542388.560000 6589891.220000 21.860000 132.000000 151.000000 158.000000 100.000000 0.468658
542388.480000 6589890.890000 21.680000 123.000000 143.000000 150.000000 100.000000 0.473648
542388.410000 6589890.570000 21.510000 125.000000 145.000000 152.000000 103.000000 0.461655
542388.340000 6589890.270000 21.330000 121.000000 141.000000 148.000000 97.000000 0.486984
542388.250000 6589891.650000 22.370000 33.000000 43.000000 53.000000 32.000000 0.448990
542388.170000 6589891.320000 22.170000 55.000000 65.000000 75.000000 39.000000 0.492325
542388.030000 6589890.680000 21.800000 122.000000 143.000000 148.000000 93.000000 0.480316
542387.950000 6589890.350000 21.600000 123.000000 144.000000 149.000000 100.000000 0.454315
542387.940000 6589891.990000 22.260000 111.000000 124.000000 130.000000 89.000000 0.468979
542387.790000 6589891.350000 22.520000 42.000000 49.000000 59.000000 38.000000 0.475311
542387.720000 6589891.030000 22.250000 41.000000 54.000000 62.000000 34.000000 0.494980
542387.640000 6589890.710000 22.080000 129.000000 144.000000 151.000000 105.000000 0.471313
542387.560000 6589890.350000 21.880000 123.000000 144.000000 149.000000 99.000000 0.492325
542387.570000 6589891.530000 22.380000 43.000000 50.000000 58.000000 40.000000 0.487656
542387.510000 6589891.240000 22.580000 45.000000 52.000000 62.000000 38.000000 0.534653
542387.430000 6589890.920000 22.390000 37.000000 43.000000 55.000000 34.000000 0.485321
542387.280000 6589890.290000 21.980000 128.000000 147.000000 153.000000 96.000000 0.495651
542387.100000 6589890.820000 22.560000 46.000000 53.000000 63.000000 46.000000 0.576324
542387.020000 6589890.500000 22.330000 38.000000 48.000000 57.000000 27.000000 0.460648
542386.730000 6589890.770000 22.420000 43.000000 50.000000 58.000000 37.000000 0.489990
542386.660000 6589890.470000 22.600000 44.000000 51.000000 61.000000 44.000000 0.626648
542388.660000 6589892.180000 22.580000 98.000000 117.000000 124.000000 83.000000 0.634323
542388.570000 6589891.040000 21.750000 125.000000 145.000000 152.000000 99.000000 0.506653
542388.490000 6589891.350000 22.040000 136.000000 150.000000 159.000000 114.000000 0.472321
542388.400000 6589891.670000 22.310000 21.000000 35.000000 46.000000 12.000000 0.457993
542388.510000 6589890.050000 21.070000 121.000000 140.000000 147.000000 100.000000 0.498657
542388.430000 6589890.370000 21.360000 121.000000 141.000000 148.000000 95.000000 0.497314
542388.340000 6589890.700000 21.650000 124.000000 145.000000 150.000000 100.000000 0.462982
542388.240000 6589891.070000 22.000000 128.000000 149.000000 154.000000 100.000000 0.462646
542388.160000 6589891.360000 22.290000 55.000000 65.000000 75.000000 39.000000 0.471313
542388.090000 6589891.660000 22.580000 31.000000 39.000000 50.000000 29.000000 0.563980
542388.200000 6589890.160000 21.250000 120.000000 140.000000 147.000000 97.000000 0.479980
542388.120000 6589890.480000 21.570000 124.000000 145.000000 150.000000 98.000000 0.484985
542387.950000 6589891.130000 22.190000 69.000000 82.000000 88.000000 58.000000 0.505981
542387.850000 6589891.470000 22.570000 45.000000 52.000000 60.000000 41.000000 0.511322
542387.780000 6589891.760000 22.370000 35.000000 44.000000 53.000000 30.000000 0.521988
542387.840000 6589890.090000 21.560000 121.000000 142.000000 147.000000 99.000000 0.464325
542387.740000 6589890.420000 21.820000 125.000000 144.000000 150.000000 101.000000 0.490982
542387.650000 6589890.770000 22.170000 129.000000 144.000000 151.000000 105.000000 0.479324
542387.570000 6589891.100000 22.480000 42.000000 49.000000 59.000000 41.000000 0.534653
542387.480000 6589891.390000 22.430000 41.000000 48.000000 56.000000 39.000000 0.499313
542387.390000 6589890.290000 21.970000 126.000000 147.000000 152.000000 93.000000 0.480652
542387.300000 6589890.640000 22.210000 64.000000 77.000000 86.000000 52.000000 0.492645
542387.220000 6589890.950000 22.600000 46.000000 52.000000 64.000000 43.000000 0.561310
542387.140000 6589891.230000 22.320000 43.000000 50.000000 60.000000 39.000000 0.518311
542387.160000 6589890.160000 21.950000 127.000000 144.000000 152.000000 103.000000 0.492645
542387.070000 6589890.480000 22.290000 38.000000 48.000000 57.000000 27.000000 0.500992
542388.260000 6589889.930000 21.110000 120.000000 140.000000 147.000000 96.000000 0.482986
542387.800000 6589889.710000 21.180000 121.000000 141.000000 148.000000 95.000000 0.428650
542387.720000 6589889.370000 20.970000 118.000000 141.000000 147.000000 98.000000 0.483658
542387.410000 6589889.720000 21.470000 123.000000 144.000000 149.000000 99.000000 0.455658
542387.340000 6589889.390000 21.310000 123.000000 142.000000 149.000000 97.000000 0.460648
542387.200000 6589889.940000 21.780000 125.000000 144.000000 151.000000 98.000000 0.505646
542387.130000 6589889.620000 21.590000 121.000000 141.000000 148.000000 95.000000 0.445984
542386.870000 6589889.840000 21.900000 125.000000 144.000000 151.000000 94.000000 0.481659
542388.290000 6589889.850000 21.020000 120.000000 140.000000 147.000000 95.000000 0.485321
542387.920000 6589889.790000 21.240000 121.000000 141.000000 148.000000 97.000000 0.470322
542387.650000 6589889.330000 21.080000 118.000000 142.000000 146.000000 96.000000 0.514313
542387.560000 6589889.660000 21.360000 121.000000 142.000000 147.000000 98.000000 0.495651
542387.480000 6589889.970000 21.660000 121.000000 142.000000 147.000000 96.000000 0.467651
542387.410000 6589889.210000 21.080000 126.000000 147.000000 150.000000 102.000000 0.431320
542387.330000 6589889.520000 21.400000 123.000000 142.000000 149.000000 100.000000 0.458313
542387.250000 6589889.830000 21.660000 123.000000 144.000000 149.000000 98.000000 0.467316
542387.010000 6589889.590000 21.650000 123.000000 142.000000 149.000000 101.000000 0.479980
542386.920000 6589889.930000 21.960000 126.000000 145.000000 152.000000 101.000000 0.481659
542387.880000 6589890.040000 21.370000 121.000000 142.000000 147.000000 99.000000 0.485992
542387.480000 6589890.020000 21.690000 123.000000 144.000000 149.000000 97.000000 0.486313
542386.950000 6589890.160000 22.120000 127.000000 142.000000 149.000000 106.000000 0.509979
542386.590000 6589890.140000 22.410000 33.000000 43.000000 52.000000 33.000000 0.456314
542386.510000 6589890.020000 22.280000 37.000000 50.000000 58.000000 33.000000 0.486984
542388.330000 6589891.990000 22.580000 108.000000 123.000000 128.000000 85.000000 0.582321
542387.870000 6589891.680000 22.520000 36.000000 45.000000 54.000000 33.000000 0.495651
542387.640000 6589891.840000 22.230000 73.000000 84.000000 88.000000 59.000000 0.483322
542387.310000 6589891.750000 22.110000 30.000000 41.000000 47.000000 28.000000 0.492981
542387.240000 6589891.440000 22.290000 42.000000 49.000000 55.000000 34.000000 0.476654
542387.170000 6589891.150000 22.480000 43.000000 50.000000 60.000000 37.000000 0.488312
542386.950000 6589891.710000 21.860000 38.000000 45.000000 53.000000 35.000000 0.452652
542386.870000 6589891.360000 22.020000 40.000000 47.000000 57.000000 33.000000 0.478317
542386.800000 6589891.070000 22.180000 40.000000 47.000000 55.000000 39.000000 0.463318
542386.580000 6589891.790000 21.620000 42.000000 49.000000 57.000000 36.000000 0.495316
542386.510000 6589891.480000 21.800000 43.000000 50.000000 56.000000 37.000000 0.486984
542386.440000 6589891.170000 21.950000 38.000000 47.000000 54.000000 33.000000 0.507324
542386.370000 6589890.860000 22.120000 38.000000 47.000000 54.000000 33.000000 0.475311
542386.310000 6589890.580000 22.310000 46.000000 50.000000 59.000000 40.000000 0.464981
542386.320000 6589891.750000 21.460000 40.000000 47.000000 55.000000 38.000000 0.500992
542386.250000 6589891.430000 21.620000 44.000000 51.000000 57.000000 38.000000 0.478989
542386.090000 6589891.730000 21.310000 43.000000 48.000000 54.000000 43.000000 0.475647
542386.020000 6589891.430000 21.510000 39.000000 46.000000 52.000000 37.000000 0.488647
542385.950000 6589891.130000 21.690000 41.000000 48.000000 54.000000 37.000000 0.506317
542385.870000 6589890.810000 21.880000 39.000000 46.000000 52.000000 35.000000 0.469986
542385.610000 6589891.400000 21.180000 37.000000 44.000000 52.000000 36.000000 0.457321
542388.310000 6589892.010000 22.570000 98.000000 115.000000 123.000000 79.000000 0.618317
542387.690000 6589892.070000 22.070000 101.000000 116.000000 123.000000 83.000000 0.515656
542387.390000 6589891.720000 22.120000 30.000000 41.000000 47.000000 28.000000 0.532990
542387.060000 6589891.530000 22.050000 42.000000 49.000000 55.000000 37.000000 0.489655
542386.980000 6589891.830000 21.790000 31.000000 39.000000 50.000000 24.000000 0.523651
542386.900000 6589891.100000 22.310000 40.000000 47.000000 55.000000 36.000000 0.486313
542386.820000 6589891.410000 22.020000 41.000000 48.000000 56.000000 34.000000 0.523987
542386.750000 6589891.680000 21.750000 44.000000 49.000000 55.000000 32.000000 0.501648
542386.660000 6589890.890000 22.300000 41.000000 48.000000 56.000000 38.000000 0.496323
542386.580000 6589891.180000 22.010000 39.000000 48.000000 55.000000 35.000000 0.487656
542386.500000 6589891.470000 21.680000 43.000000 50.000000 56.000000 37.000000 0.506989
542386.420000 6589891.790000 21.440000 44.000000 48.000000 57.000000 38.000000 0.500992
542386.430000 6589890.330000 22.590000 45.000000 52.000000 62.000000 39.000000 0.614655
542386.340000 6589890.670000 22.300000 44.000000 48.000000 57.000000 39.000000 0.488983
542386.250000 6589890.980000 22.020000 40.000000 49.000000 56.000000 37.000000 0.497650
542386.170000 6589891.280000 21.730000 40.000000 47.000000 55.000000 35.000000 0.487656
542386.100000 6589891.570000 21.430000 40.000000 47.000000 53.000000 37.000000 0.478653
542385.820000 6589891.000000 21.640000 38.000000 45.000000 51.000000 37.000000 0.487991
542385.740000 6589891.310000 21.340000 41.000000 48.000000 56.000000 36.000000 0.497986
542385.650000 6589891.610000 21.080000 33.000000 38.000000 44.000000 32.000000 0.512650
542385.450000 6589891.290000 21.230000 41.000000 46.000000 52.000000 38.000000 0.508316
542396.110000 6589879.280000 19.630000 102.000000 120.000000 124.000000 87.000000 0.487991
542395.850000 6589879.750000 19.690000 118.000000 137.000000 144.000000 98.000000 0.467987
542395.780000 6589879.460000 19.380000 105.000000 124.000000 130.000000 94.000000 0.487320
542396.150000 6589879.100000 19.490000 94.000000 112.000000 116.000000 78.000000 0.490982
542395.630000 6589879.690000 19.500000 9.000000 28.000000 34.000000 0.000000 0.506989
542395.290000 6589879.980000 19.450000 142.000000 160.000000 162.000000 106.000000 0.522980
542395.520000 6589880.070000 19.500000 128.000000 147.000000 153.000000 97.000000 0.534653
542395.050000 6589880.280000 19.430000 143.000000 163.000000 164.000000 104.000000 0.537979
542394.910000 6589881.010000 19.470000 35.000000 44.000000 49.000000 41.000000 0.564987
542394.660000 6589881.470000 19.810000 60.000000 71.000000 75.000000 58.000000 0.370316
542394.580000 6589881.120000 19.640000 72.000000 86.000000 89.000000 60.000000 0.486984
542394.510000 6589882.130000 20.240000 97.000000 110.000000 118.000000 81.000000 0.476990
542394.430000 6589881.790000 19.930000 27.000000 40.000000 48.000000 16.000000 0.421982
542394.360000 6589881.460000 19.680000 106.000000 119.000000 127.000000 87.000000 0.467316
542394.320000 6589882.430000 20.300000 98.000000 113.000000 120.000000 79.000000 0.483322
542394.240000 6589882.110000 20.080000 99.000000 114.000000 121.000000 81.000000 0.453979
542394.170000 6589881.810000 19.710000 91.000000 106.000000 113.000000 72.000000 0.464645
542394.100000 6589881.490000 19.570000 96.000000 110.000000 119.000000 78.000000 0.421326
542394.080000 6589883.030000 20.520000 101.000000 116.000000 123.000000 83.000000 0.450989
542394.000000 6589882.710000 20.160000 101.000000 118.000000 125.000000 83.000000 0.436646
542393.930000 6589882.390000 19.970000 98.000000 115.000000 122.000000 79.000000 0.477982
542393.850000 6589882.060000 19.720000 96.000000 113.000000 120.000000 79.000000 0.465652
542393.780000 6589881.730000 19.420000 97.000000 114.000000 121.000000 85.000000 0.448318
542393.770000 6589883.400000 20.510000 96.000000 113.000000 121.000000 77.000000 0.459991
542393.690000 6589883.050000 20.250000 98.000000 113.000000 120.000000 77.000000 0.469986
542393.610000 6589882.730000 19.980000 101.000000 118.000000 125.000000 81.000000 0.460312
542393.540000 6589882.410000 19.680000 103.000000 118.000000 125.000000 84.000000 0.470657
542393.460000 6589882.070000 19.420000 98.000000 115.000000 123.000000 82.000000 0.464645
542393.630000 6589884.010000 20.800000 99.000000 116.000000 124.000000 81.000000 0.456314
542393.550000 6589883.680000 20.520000 96.000000 113.000000 120.000000 77.000000 0.477325
542393.480000 6589883.350000 20.270000 103.000000 118.000000 125.000000 83.000000 0.473984
542393.410000 6589883.030000 20.010000 100.000000 115.000000 122.000000 82.000000 0.443314
542393.330000 6589882.700000 19.780000 97.000000 112.000000 117.000000 74.000000 0.472656
542393.240000 6589882.330000 19.450000 102.000000 117.000000 124.000000 84.000000 0.501984
542393.410000 6589884.280000 20.870000 99.000000 119.000000 126.000000 83.000000 0.471985
542393.330000 6589883.960000 20.600000 105.000000 124.000000 130.000000 82.000000 0.453659
542393.250000 6589883.610000 20.310000 94.000000 111.000000 118.000000 77.000000 0.465652
542393.170000 6589883.270000 19.980000 99.000000 114.000000 121.000000 82.000000 0.510986
542393.100000 6589882.960000 19.740000 96.000000 111.000000 118.000000 79.000000 0.456650
542393.020000 6589882.640000 19.430000 104.000000 119.000000 124.000000 91.000000 0.461319
542392.990000 6589883.960000 20.390000 121.000000 140.000000 146.000000 95.000000 0.414658
542392.910000 6589883.640000 20.060000 116.000000 135.000000 141.000000 98.000000 0.464325
542392.840000 6589883.320000 19.750000 99.000000 117.000000 121.000000 80.000000 0.476318
542392.750000 6589882.950000 19.520000 97.000000 112.000000 117.000000 76.000000 0.452652
542392.460000 6589883.500000 19.610000 121.000000 140.000000 146.000000 94.000000 0.454987
542395.540000 6589880.000000 19.510000 132.000000 151.000000 155.000000 104.000000 0.540314
542395.020000 6589880.960000 19.500000 36.000000 45.000000 54.000000 34.000000 0.533310
542394.870000 6589880.570000 19.470000 153.000000 168.000000 173.000000 119.000000 0.585983
542394.780000 6589880.870000 19.490000 79.000000 93.000000 96.000000 71.000000 0.572311
542394.690000 6589881.220000 19.800000 24.000000 35.000000 39.000000 20.000000 0.467651
542394.600000 6589881.540000 19.930000 50.000000 63.000000 69.000000 40.000000 0.356659
542394.520000 6589881.850000 20.100000 64.000000 77.000000 85.000000 59.000000 0.429321
542394.430000 6589882.190000 20.240000 98.000000 111.000000 119.000000 79.000000 0.442993
542394.340000 6589882.510000 20.400000 102.000000 117.000000 124.000000 81.000000 0.472321
542394.260000 6589882.840000 20.530000 103.000000 118.000000 125.000000 82.000000 0.465988
542394.330000 6589881.110000 19.480000 104.000000 119.000000 126.000000 82.000000 0.479324
542394.240000 6589881.450000 19.630000 104.000000 117.000000 125.000000 83.000000 0.463989
542394.160000 6589881.770000 19.730000 103.000000 118.000000 125.000000 87.000000 0.449326
542394.080000 6589882.060000 19.890000 100.000000 115.000000 122.000000 82.000000 0.475311
542393.990000 6589882.410000 20.060000 94.000000 111.000000 118.000000 76.000000 0.470322
542393.900000 6589882.730000 20.210000 103.000000 120.000000 127.000000 82.000000 0.473312
542393.820000 6589883.020000 20.350000 101.000000 116.000000 123.000000 78.000000 0.456314
542393.730000 6589883.340000 20.480000 95.000000 114.000000 120.000000 80.000000 0.493652
542393.650000 6589883.660000 20.600000 101.000000 115.000000 124.000000 82.000000 0.455978
542393.570000 6589883.970000 20.760000 99.000000 118.000000 125.000000 80.000000 0.476990
542393.480000 6589884.280000 20.910000 99.000000 119.000000 126.000000 83.000000 0.449326
542393.770000 6589881.730000 19.400000 97.000000 114.000000 121.000000 85.000000 0.483322
542393.680000 6589882.050000 19.600000 105.000000 122.000000 129.000000 88.000000 0.463989
542393.590000 6589882.390000 19.710000 100.000000 115.000000 122.000000 83.000000 0.470978
542393.510000 6589882.690000 19.880000 99.000000 114.000000 119.000000 78.000000 0.465317
542393.430000 6589882.990000 19.970000 99.000000 114.000000 121.000000 85.000000 0.445984
542393.340000 6589883.340000 20.160000 102.000000 117.000000 124.000000 84.000000 0.456314
542393.260000 6589883.640000 20.300000 94.000000 111.000000 118.000000 77.000000 0.494644
542393.170000 6589883.970000 20.470000 124.000000 143.000000 149.000000 102.000000 0.476654
542393.310000 6589882.440000 19.600000 97.000000 112.000000 117.000000 77.000000 0.484985
542393.210000 6589882.790000 19.760000 104.000000 119.000000 124.000000 85.000000 0.482651
542393.130000 6589883.090000 19.870000 99.000000 113.000000 122.000000 84.000000 0.513657
542393.050000 6589883.380000 20.030000 97.000000 112.000000 119.000000 79.000000 0.489319
542392.960000 6589883.730000 20.210000 123.000000 142.000000 148.000000 103.000000 0.467316
542393.000000 6589882.620000 19.470000 104.000000 119.000000 124.000000 91.000000 0.492325
542392.910000 6589882.960000 19.600000 98.000000 113.000000 120.000000 77.000000 0.471313
542392.820000 6589883.290000 19.730000 98.000000 115.000000 122.000000 77.000000 0.497650
542392.740000 6589883.600000 19.920000 120.000000 139.000000 145.000000 99.000000 0.477646
542392.400000 6589883.370000 19.520000 121.000000 140.000000 146.000000 99.000000 0.406647
542395.600000 6589880.410000 19.540000 28.000000 41.000000 50.000000 28.000000 0.391327
542395.410000 6589880.570000 19.430000 43.000000 51.000000 62.000000 42.000000 0.410324
542395.340000 6589880.250000 19.520000 61.000000 78.000000 85.000000 41.000000 0.553650
542395.130000 6589880.630000 19.480000 28.000000 38.000000 47.000000 26.000000 0.555984
542395.460000 6589880.330000 19.490000 24.000000 39.000000 46.000000 19.000000 0.553986
542395.380000 6589880.630000 19.510000 38.000000 46.000000 57.000000 42.000000 0.437317
542395.200000 6589880.290000 19.480000 146.000000 166.000000 167.000000 115.000000 0.527985
542395.110000 6589880.620000 19.490000 28.000000 38.000000 47.000000 26.000000 0.526978
542400.930000 6589882.300000 25.240000 79.000000 92.000000 100.000000 65.000000 0.473984
542400.690000 6589882.490000 25.130000 93.000000 106.000000 112.000000 76.000000 0.451324
542400.620000 6589882.170000 24.850000 106.000000 123.000000 130.000000 89.000000 0.477325
542400.360000 6589882.600000 24.960000 110.000000 128.000000 132.000000 85.000000 0.453659
542400.280000 6589882.250000 24.670000 113.000000 128.000000 135.000000 90.000000 0.462982
542400.210000 6589881.950000 24.390000 102.000000 119.000000 126.000000 83.000000 0.441315
542400.130000 6589881.600000 24.150000 99.000000 116.000000 123.000000 82.000000 0.437317
542400.000000 6589882.720000 24.750000 116.000000 135.000000 139.000000 95.000000 0.467316
542401.080000 6589882.440000 25.340000 73.000000 84.000000 90.000000 62.000000 0.456650
542400.710000 6589882.340000 25.100000 94.000000 109.000000 116.000000 78.000000 0.475647
542400.620000 6589882.660000 25.230000 87.000000 100.000000 106.000000 72.000000 0.476654
542400.370000 6589882.070000 24.630000 104.000000 121.000000 128.000000 86.000000 0.498657
542400.280000 6589882.400000 24.760000 116.000000 134.000000 138.000000 94.000000 0.475647
542400.190000 6589882.730000 24.920000 122.000000 141.000000 145.000000 104.000000 0.440659
542400.200000 6589881.730000 24.200000 105.000000 122.000000 129.000000 88.000000 0.455322
542400.110000 6589882.060000 24.370000 99.000000 116.000000 123.000000 80.000000 0.482986
542400.030000 6589882.400000 24.550000 111.000000 129.000000 133.000000 89.000000 0.476318
542398.010000 6589879.790000 21.260000 102.000000 119.000000 126.000000 91.000000 0.442322
542397.750000 6589879.830000 21.180000 99.000000 116.000000 124.000000 84.000000 0.461655
542397.680000 6589879.490000 20.920000 100.000000 117.000000 124.000000 82.000000 0.486984
542397.420000 6589879.470000 20.670000 94.000000 112.000000 116.000000 80.000000 0.485657
542397.340000 6589879.140000 20.410000 99.000000 117.000000 121.000000 85.000000 0.438980
542397.160000 6589879.950000 20.830000 91.000000 110.000000 114.000000 78.000000 0.463989
542397.080000 6589879.630000 20.510000 102.000000 121.000000 127.000000 80.000000 0.441650
542397.000000 6589879.290000 20.290000 99.000000 116.000000 123.000000 86.000000 0.448990
542396.920000 6589878.910000 19.950000 96.000000 111.000000 118.000000 77.000000 0.485992
542396.810000 6589879.950000 20.570000 132.000000 153.000000 158.000000 106.000000 0.462646
542396.740000 6589879.640000 20.270000 131.000000 152.000000 157.000000 107.000000 0.458984
542396.660000 6589879.310000 19.980000 111.000000 128.000000 136.000000 92.000000 0.436646
542396.580000 6589878.940000 19.710000 97.000000 114.000000 121.000000 85.000000 0.456650
542396.510000 6589878.640000 19.470000 93.000000 111.000000 115.000000 76.000000 0.473648
542396.530000 6589879.830000 20.820000 118.000000 141.000000 147.000000 99.000000 0.442993
542396.430000 6589879.440000 19.950000 125.000000 144.000000 151.000000 99.000000 0.466660
542396.360000 6589879.110000 19.680000 106.000000 123.000000 130.000000 88.000000 0.453323
542396.190000 6589879.610000 19.880000 122.000000 141.000000 148.000000 97.000000 0.469986
542398.040000 6589879.740000 21.330000 102.000000 119.000000 126.000000 91.000000 0.466660
542397.740000 6589879.800000 21.220000 95.000000 112.000000 120.000000 82.000000 0.459320
542397.420000 6589879.500000 20.710000 94.000000 112.000000 116.000000 80.000000 0.456650
542397.340000 6589879.790000 20.900000 97.000000 115.000000 119.000000 84.000000 0.500992
542397.170000 6589879.070000 20.210000 100.000000 117.000000 124.000000 86.000000 0.484650
542397.080000 6589879.420000 20.400000 93.000000 110.000000 117.000000 80.000000 0.495316
542396.990000 6589879.750000 20.510000 110.000000 129.000000 136.000000 86.000000 0.457993
542396.890000 6589878.880000 19.950000 94.000000 109.000000 116.000000 80.000000 0.488312
542396.820000 6589879.160000 20.080000 102.000000 116.000000 125.000000 81.000000 0.462326
542396.730000 6589879.510000 20.280000 127.000000 146.000000 153.000000 105.000000 0.473312
542396.630000 6589879.870000 20.800000 120.000000 144.000000 148.000000 98.000000 0.437988
542396.650000 6589878.830000 19.730000 94.000000 111.000000 118.000000 82.000000 0.504990
542396.570000 6589879.170000 19.900000 95.000000 112.000000 119.000000 77.000000 0.469315
542396.480000 6589879.500000 20.010000 125.000000 144.000000 151.000000 99.000000 0.452652
542396.070000 6589879.420000 19.700000 110.000000 129.000000 135.000000 90.000000 0.469986
542395.990000 6589879.720000 19.850000 124.000000 143.000000 150.000000 104.000000 0.493317
542399.920000 6589882.380000 24.500000 109.000000 124.000000 131.000000 85.000000 0.504318
542399.840000 6589882.060000 24.260000 100.000000 117.000000 124.000000 83.000000 0.460312
542399.770000 6589881.770000 24.000000 100.000000 119.000000 126.000000 84.000000 0.505981
542399.690000 6589881.400000 23.700000 101.000000 118.000000 128.000000 85.000000 0.478989
542399.620000 6589881.080000 23.450000 100.000000 117.000000 124.000000 85.000000 0.489990
542399.690000 6589882.850000 24.580000 105.000000 124.000000 130.000000 89.000000 0.465988
542399.620000 6589882.540000 24.340000 106.000000 121.000000 128.000000 86.000000 0.485321
542399.550000 6589882.210000 24.030000 99.000000 116.000000 124.000000 79.000000 0.449982
542399.470000 6589881.870000 23.760000 99.000000 117.000000 121.000000 82.000000 0.455978
542399.320000 6589881.220000 23.220000 101.000000 118.000000 126.000000 82.000000 0.462982
542399.240000 6589880.880000 22.980000 97.000000 116.000000 120.000000 78.000000 0.488983
542399.500000 6589882.900000 24.520000 112.000000 129.000000 136.000000 97.000000 0.495651
542399.410000 6589882.550000 24.230000 99.000000 116.000000 124.000000 80.000000 0.466980
542399.350000 6589882.260000 23.960000 101.000000 120.000000 127.000000 82.000000 0.469315
542399.270000 6589881.930000 23.700000 96.000000 114.000000 118.000000 79.000000 0.483978
542399.190000 6589881.580000 23.420000 102.000000 120.000000 122.000000 89.000000 0.483322
542399.110000 6589881.250000 23.160000 102.000000 117.000000 124.000000 81.000000 0.469650
542399.040000 6589880.910000 22.830000 104.000000 119.000000 126.000000 87.000000 0.432983
542398.960000 6589880.570000 22.560000 98.000000 117.000000 123.000000 80.000000 0.489990
542399.050000 6589882.840000 24.120000 99.000000 116.000000 123.000000 82.000000 0.453979
542398.970000 6589882.490000 23.820000 100.000000 117.000000 124.000000 84.000000 0.525986
542398.890000 6589882.150000 23.670000 101.000000 119.000000 121.000000 80.000000 0.496979
542398.820000 6589881.860000 23.280000 105.000000 124.000000 122.000000 89.000000 0.508316
542398.740000 6589881.520000 23.010000 176.000000 196.000000 194.000000 124.000000 0.480316
542398.590000 6589880.880000 22.430000 105.000000 122.000000 129.000000 89.000000 0.473312
542398.510000 6589880.530000 22.170000 99.000000 119.000000 120.000000 82.000000 0.474319
542398.440000 6589880.190000 21.930000 98.000000 115.000000 125.000000 80.000000 0.481323
542398.770000 6589883.090000 24.070000 98.000000 117.000000 124.000000 80.000000 0.491318
542398.620000 6589882.440000 23.500000 104.000000 119.000000 122.000000 84.000000 0.364655
542398.540000 6589882.090000 23.220000 108.000000 127.000000 125.000000 73.000000 0.350983
542398.470000 6589881.800000 23.020000 198.000000 221.000000 215.000000 119.000000 0.527313
542398.390000 6589881.440000 22.670000 197.000000 220.000000 214.000000 115.000000 0.506989
542398.310000 6589881.090000 22.380000 105.000000 121.000000 120.000000 83.000000 0.470978
542398.240000 6589880.770000 22.120000 113.000000 132.000000 130.000000 89.000000 0.474319
542398.160000 6589880.460000 21.870000 99.000000 117.000000 117.000000 82.000000 0.446991
542398.080000 6589880.090000 21.540000 100.000000 114.000000 123.000000 82.000000 0.438980
542398.510000 6589883.090000 23.850000 101.000000 121.000000 130.000000 84.000000 0.490646
542398.430000 6589882.750000 23.780000 102.000000 119.000000 126.000000 78.000000 0.417313
542398.350000 6589882.420000 23.380000 107.000000 125.000000 127.000000 92.000000 0.410324
542398.280000 6589882.090000 23.020000 204.000000 224.000000 225.000000 128.000000 0.370651
542398.200000 6589881.760000 22.900000 194.000000 217.000000 211.000000 116.000000 0.731644
542398.120000 6589881.430000 22.490000 200.000000 221.000000 216.000000 128.000000 0.481323
542398.050000 6589881.120000 22.220000 126.000000 141.000000 136.000000 124.000000 0.455322
542397.980000 6589880.790000 21.970000 102.000000 117.000000 120.000000 79.000000 0.450317
542397.900000 6589880.460000 21.680000 96.000000 115.000000 122.000000 80.000000 0.460312
542397.830000 6589880.160000 21.460000 99.000000 114.000000 121.000000 82.000000 0.423325
542398.250000 6589883.080000 23.720000 100.000000 117.000000 125.000000 82.000000 0.544647
542398.170000 6589882.720000 23.460000 102.000000 120.000000 124.000000 85.000000 0.394653
542398.100000 6589882.410000 23.110000 89.000000 106.000000 113.000000 78.000000 0.390991
542398.030000 6589882.100000 22.890000 147.000000 167.000000 168.000000 88.000000 0.704987
542397.950000 6589881.770000 22.580000 205.000000 224.000000 220.000000 125.000000 0.479645
542397.880000 6589881.450000 22.290000 124.000000 144.000000 142.000000 109.000000 0.483658
542397.800000 6589881.120000 22.030000 102.000000 117.000000 122.000000 79.000000 0.479645
542397.720000 6589880.800000 21.790000 96.000000 114.000000 118.000000 80.000000 0.452988
542397.650000 6589880.470000 21.480000 102.000000 116.000000 127.000000 79.000000 0.435654
542397.570000 6589880.140000 21.250000 97.000000 114.000000 121.000000 77.000000 0.441986
542397.910000 6589883.220000 23.540000 101.000000 118.000000 126.000000 81.000000 0.463318
542397.840000 6589882.910000 23.220000 104.000000 122.000000 126.000000 82.000000 0.473312
542397.770000 6589882.590000 23.050000 100.000000 117.000000 125.000000 80.000000 0.547653
542397.690000 6589882.270000 22.870000 101.000000 118.000000 126.000000 92.000000 0.676987
542397.610000 6589881.920000 22.440000 47.000000 62.000000 65.000000 21.000000 0.461319
542397.550000 6589881.630000 22.210000 122.000000 138.000000 135.000000 110.000000 0.498978
542397.460000 6589881.270000 21.980000 96.000000 114.000000 116.000000 76.000000 0.455322
542397.390000 6589880.930000 21.640000 97.000000 116.000000 123.000000 83.000000 0.477982
542397.310000 6589880.630000 21.390000 101.000000 118.000000 126.000000 83.000000 0.496658
542397.240000 6589880.300000 21.060000 101.000000 118.000000 125.000000 85.000000 0.477325
542397.500000 6589882.930000 22.980000 99.000000 116.000000 124.000000 81.000000 0.469986
542397.430000 6589882.620000 22.760000 101.000000 118.000000 126.000000 80.000000 0.504318
542397.350000 6589882.290000 22.420000 101.000000 118.000000 126.000000 78.000000 0.478989
542397.270000 6589881.940000 22.170000 106.000000 121.000000 124.000000 83.000000 0.461990
542397.200000 6589881.630000 21.960000 99.000000 114.000000 117.000000 77.000000 0.462326
542397.120000 6589881.270000 21.600000 100.000000 120.000000 131.000000 83.000000 0.490982
542397.040000 6589880.920000 21.400000 115.000000 136.000000 139.000000 97.000000 0.456314
542396.960000 6589880.610000 21.160000 124.000000 142.000000 146.000000 105.000000 0.476654
542396.890000 6589880.280000 20.960000 123.000000 142.000000 148.000000 96.000000 0.487991
542397.360000 6589883.440000 23.220000 98.000000 115.000000 123.000000 82.000000 0.489655
542397.280000 6589883.120000 22.960000 103.000000 120.000000 128.000000 83.000000 0.451981
542397.200000 6589882.760000 22.680000 103.000000 121.000000 125.000000 84.000000 0.447647
542397.120000 6589882.420000 22.430000 99.000000 116.000000 124.000000 81.000000 0.475983
542397.050000 6589882.110000 22.260000 101.000000 118.000000 125.000000 82.000000 0.493652
542396.970000 6589881.760000 22.110000 109.000000 127.000000 131.000000 95.000000 0.495987
542396.900000 6589881.440000 21.820000 105.000000 119.000000 130.000000 89.000000 0.464981
542396.830000 6589881.140000 21.630000 126.000000 147.000000 152.000000 101.000000 0.490646
542396.670000 6589880.470000 21.200000 121.000000 145.000000 149.000000 102.000000 0.444321
542396.600000 6589880.140000 21.090000 123.000000 143.000000 150.000000 99.000000 0.471649
542397.100000 6589883.560000 23.160000 97.000000 114.000000 122.000000 79.000000 0.456650
542397.030000 6589883.240000 22.910000 99.000000 116.000000 124.000000 82.000000 0.492981
542396.960000 6589882.920000 22.630000 101.000000 118.000000 125.000000 84.000000 0.459320
542396.800000 6589882.270000 22.060000 97.000000 116.000000 122.000000 83.000000 0.468323
542396.730000 6589881.960000 22.260000 104.000000 119.000000 124.000000 85.000000 0.519318
542396.660000 6589881.640000 22.180000 66.000000 76.000000 85.000000 56.000000 0.487991
542396.580000 6589881.300000 21.890000 44.000000 57.000000 66.000000 36.000000 0.515656
542396.770000 6589883.720000 22.920000 99.000000 117.000000 127.000000 84.000000 0.444992
542396.680000 6589883.360000 22.710000 102.000000 120.000000 124.000000 81.000000 0.482315
542396.610000 6589883.020000 22.390000 100.000000 119.000000 125.000000 82.000000 0.475647
542396.530000 6589882.710000 22.100000 97.000000 114.000000 121.000000 76.000000 0.468658
542396.450000 6589882.370000 21.870000 96.000000 115.000000 121.000000 77.000000 0.485992
542396.380000 6589882.050000 21.920000 101.000000 118.000000 125.000000 81.000000 0.508987
542396.360000 6589883.670000 22.560000 100.000000 116.000000 131.000000 81.000000 0.444992
542396.280000 6589883.320000 22.340000 102.000000 119.000000 126.000000 83.000000 0.488983
542396.200000 6589883.000000 22.080000 100.000000 117.000000 124.000000 81.000000 0.481979
542396.130000 6589882.680000 21.800000 101.000000 118.000000 126.000000 84.000000 0.464325
542396.050000 6589882.350000 21.560000 93.000000 112.000000 118.000000 78.000000 0.508316
542395.980000 6589882.050000 21.720000 97.000000 114.000000 121.000000 78.000000 0.502655
542396.170000 6589883.870000 22.630000 101.000000 119.000000 129.000000 83.000000 0.494324
542396.100000 6589883.530000 22.360000 99.000000 118.000000 122.000000 81.000000 0.424652
542396.030000 6589883.230000 22.140000 99.000000 120.000000 121.000000 83.000000 0.480988
542395.950000 6589882.920000 21.920000 100.000000 117.000000 124.000000 81.000000 0.491318
542395.870000 6589882.550000 21.600000 98.000000 115.000000 123.000000 79.000000 0.457657
542395.800000 6589882.240000 21.390000 94.000000 111.000000 119.000000 78.000000 0.485992
542395.730000 6589881.960000 21.570000 101.000000 116.000000 123.000000 84.000000 0.500656
542395.830000 6589883.620000 22.160000 96.000000 113.000000 120.000000 74.000000 0.495987
542395.750000 6589883.290000 21.910000 99.000000 117.000000 121.000000 80.000000 0.439651
542395.520000 6589882.300000 21.200000 94.000000 111.000000 119.000000 79.000000 0.501312
542395.450000 6589882.000000 21.370000 102.000000 115.000000 123.000000 86.000000 0.489655
542395.590000 6589883.990000 22.270000 131.000000 142.000000 134.000000 118.000000 0.479980
542395.520000 6589883.690000 21.980000 105.000000 115.000000 124.000000 78.000000 0.443314
542395.450000 6589883.370000 21.770000 100.000000 119.000000 125.000000 82.000000 0.473648
542395.370000 6589883.010000 21.480000 101.000000 118.000000 126.000000 82.000000 0.482986
542395.290000 6589882.700000 21.230000 97.000000 111.000000 120.000000 79.000000 0.477982
542395.210000 6589882.350000 20.980000 94.000000 111.000000 119.000000 79.000000 0.488983
542395.140000 6589882.020000 21.120000 94.000000 107.000000 115.000000 72.000000 0.460983
542395.260000 6589884.070000 22.080000 103.000000 122.000000 128.000000 80.000000 0.485321
542395.180000 6589883.750000 21.780000 101.000000 118.000000 125.000000 86.000000 0.486313
542395.110000 6589883.420000 21.480000 96.000000 115.000000 121.000000 78.000000 0.473648
542395.030000 6589883.080000 21.270000 94.000000 113.000000 119.000000 79.000000 0.437317
542394.960000 6589882.760000 21.000000 99.000000 116.000000 123.000000 82.000000 0.465652
542394.890000 6589882.470000 20.740000 96.000000 113.000000 120.000000 78.000000 0.471313
542394.810000 6589882.120000 20.710000 98.000000 111.000000 119.000000 80.000000 0.493652
542394.970000 6589884.120000 21.890000 100.000000 119.000000 126.000000 86.000000 0.479645
542394.900000 6589883.780000 21.630000 98.000000 116.000000 120.000000 81.000000 0.431656
542394.820000 6589883.450000 21.350000 99.000000 116.000000 123.000000 82.000000 0.488312
542394.740000 6589883.120000 21.040000 95.000000 112.000000 119.000000 75.000000 0.443314
542394.670000 6589882.790000 20.810000 96.000000 113.000000 120.000000 77.000000 0.469315
542394.580000 6589882.430000 20.510000 100.000000 115.000000 122.000000 82.000000 0.460983
542394.700000 6589884.110000 21.690000 95.000000 113.000000 125.000000 78.000000 0.458984
542394.630000 6589883.770000 21.440000 96.000000 114.000000 118.000000 78.000000 0.440979
542394.550000 6589883.440000 21.160000 99.000000 116.000000 123.000000 81.000000 0.441986
542394.470000 6589883.100000 20.900000 100.000000 115.000000 122.000000 82.000000 0.461990
542394.400000 6589882.780000 20.550000 101.000000 116.000000 123.000000 82.000000 0.462646
542394.370000 6589884.310000 21.560000 96.000000 116.000000 123.000000 80.000000 0.469986
542394.300000 6589883.990000 21.310000 97.000000 115.000000 119.000000 76.000000 0.480652
542394.230000 6589883.690000 21.080000 102.000000 117.000000 124.000000 86.000000 0.460648
542394.150000 6589883.370000 20.740000 93.000000 111.000000 121.000000 78.000000 0.484985
542393.990000 6589884.360000 21.290000 97.000000 116.000000 120.000000 78.000000 0.443985
542393.910000 6589884.040000 21.100000 98.000000 115.000000 122.000000 81.000000 0.448990
542393.850000 6589883.730000 20.830000 102.000000 116.000000 125.000000 81.000000 0.474991
542399.950000 6589882.690000 24.690000 112.000000 129.000000 136.000000 88.000000 0.484314
542399.920000 6589881.600000 24.050000 105.000000 124.000000 131.000000 85.000000 0.485657
542399.830000 6589881.910000 24.150000 102.000000 121.000000 128.000000 85.000000 0.470322
542399.750000 6589882.230000 24.370000 106.000000 121.000000 128.000000 88.000000 0.491653
542399.670000 6589882.540000 24.430000 106.000000 121.000000 128.000000 86.000000 0.469650
542399.580000 6589882.870000 24.610000 105.000000 122.000000 129.000000 86.000000 0.497314
542399.650000 6589881.310000 23.590000 101.000000 118.000000 126.000000 85.000000 0.486649
542399.560000 6589881.640000 23.760000 103.000000 120.000000 127.000000 84.000000 0.468323
542399.480000 6589881.960000 23.880000 103.000000 120.000000 127.000000 84.000000 0.475647
542399.390000 6589882.270000 23.990000 101.000000 120.000000 127.000000 82.000000 0.487320
542399.310000 6589882.570000 24.140000 99.000000 117.000000 127.000000 83.000000 0.468323
542399.220000 6589882.930000 24.330000 108.000000 125.000000 132.000000 89.000000 0.464325
542399.370000 6589880.860000 23.040000 100.000000 119.000000 123.000000 83.000000 0.468323
542399.290000 6589881.160000 23.210000 99.000000 116.000000 123.000000 83.000000 0.472321
542399.190000 6589881.510000 23.350000 102.000000 120.000000 122.000000 89.000000 0.475311
542399.110000 6589881.820000 23.480000 98.000000 116.000000 116.000000 74.000000 0.456985
542399.030000 6589882.120000 23.700000 97.000000 116.000000 120.000000 80.000000 0.543991
542398.940000 6589882.460000 23.850000 100.000000 117.000000 124.000000 84.000000 0.536987
542398.850000 6589882.800000 23.920000 100.000000 117.000000 125.000000 81.000000 0.494324
542398.760000 6589883.110000 24.120000 100.000000 119.000000 126.000000 82.000000 0.462326
542399.060000 6589880.980000 22.930000 104.000000 119.000000 126.000000 87.000000 0.446655
542398.970000 6589881.310000 23.130000 89.000000 105.000000 105.000000 77.000000 0.472321
542398.890000 6589881.620000 23.210000 125.000000 144.000000 142.000000 88.000000 0.496979
542398.800000 6589881.940000 23.400000 113.000000 132.000000 130.000000 97.000000 0.551987
542398.710000 6589882.260000 23.530000 106.000000 122.000000 122.000000 90.000000 0.373993
542398.630000 6589882.570000 23.830000 98.000000 113.000000 118.000000 79.000000 0.497986
542398.550000 6589882.890000 23.870000 98.000000 117.000000 124.000000 72.000000 0.535645
542398.450000 6589883.230000 23.930000 97.000000 114.000000 122.000000 80.000000 0.494324
542398.840000 6589880.680000 22.550000 97.000000 114.000000 121.000000 73.000000 0.475983
542398.750000 6589880.990000 22.670000 106.000000 120.000000 129.000000 89.000000 0.468979
542398.580000 6589881.630000 22.950000 199.000000 221.000000 218.000000 125.000000 0.494324
542398.490000 6589881.960000 23.170000 191.000000 211.000000 209.000000 130.000000 0.405991
542398.410000 6589882.270000 23.310000 98.000000 114.000000 114.000000 74.000000 0.403992
542398.320000 6589882.600000 23.400000 100.000000 118.000000 122.000000 79.000000 0.395325
542398.230000 6589882.930000 23.620000 101.000000 118.000000 125.000000 82.000000 0.513321
542398.140000 6589883.260000 23.660000 101.000000 118.000000 126.000000 82.000000 0.484985
542398.540000 6589880.310000 22.130000 94.000000 113.000000 117.000000 77.000000 0.484314
542398.450000 6589880.650000 22.250000 95.000000 113.000000 115.000000 81.000000 0.464645
542398.360000 6589880.970000 22.390000 114.000000 130.000000 127.000000 95.000000 0.482651
542398.280000 6589881.290000 22.580000 187.000000 204.000000 198.000000 113.000000 0.453659
542398.180000 6589881.640000 22.810000 195.000000 218.000000 212.000000 116.000000 0.611649
542398.100000 6589881.950000 22.910000 209.000000 229.000000 230.000000 129.000000 0.664322
542398.010000 6589882.260000 23.020000 51.000000 69.000000 73.000000 32.000000 0.378647
542397.930000 6589882.580000 23.240000 105.000000 122.000000 129.000000 84.000000 0.495316
542397.840000 6589882.920000 23.280000 104.000000 122.000000 126.000000 82.000000 0.464325
542397.760000 6589883.210000 23.420000 102.000000 119.000000 127.000000 87.000000 0.496658
542398.220000 6589880.140000 21.710000 100.000000 114.000000 123.000000 82.000000 0.489319
542398.120000 6589880.490000 21.880000 99.000000 117.000000 117.000000 82.000000 0.428314
542398.040000 6589880.800000 22.050000 96.000000 114.000000 118.000000 77.000000 0.484985
542397.960000 6589881.110000 22.170000 122.000000 138.000000 138.000000 110.000000 0.467987
542397.870000 6589881.440000 22.300000 124.000000 144.000000 142.000000 109.000000 0.479645
542397.780000 6589881.760000 22.440000 177.000000 194.000000 188.000000 110.000000 0.488312
542397.700000 6589882.050000 22.620000 60.000000 75.000000 80.000000 55.000000 0.514313
542397.620000 6589882.360000 22.800000 104.000000 121.000000 131.000000 85.000000 0.580322
542397.530000 6589882.700000 22.880000 101.000000 118.000000 125.000000 79.000000 0.483978
542397.450000 6589883.010000 23.050000 98.000000 115.000000 122.000000 80.000000 0.464981
542397.360000 6589883.310000 23.150000 100.000000 117.000000 125.000000 82.000000 0.478989
542397.950000 6589880.060000 21.440000 98.000000 115.000000 123.000000 81.000000 0.471649
542397.870000 6589880.370000 21.640000 101.000000 115.000000 124.000000 81.000000 0.464981
542397.790000 6589880.670000 21.730000 100.000000 117.000000 124.000000 82.000000 0.475311
542397.690000 6589881.020000 21.900000 101.000000 116.000000 123.000000 81.000000 0.454987
542397.610000 6589881.320000 22.040000 98.000000 116.000000 120.000000 77.000000 0.486313
542397.530000 6589881.600000 22.160000 122.000000 138.000000 135.000000 110.000000 0.482315
542397.440000 6589881.960000 22.330000 116.000000 131.000000 134.000000 114.000000 0.451645
542397.180000 6589882.930000 22.780000 98.000000 115.000000 123.000000 81.000000 0.491653
542397.090000 6589883.250000 22.920000 99.000000 116.000000 124.000000 82.000000 0.468979
542397.020000 6589883.530000 23.010000 97.000000 114.000000 122.000000 79.000000 0.458984
542397.660000 6589880.110000 21.360000 97.000000 114.000000 121.000000 77.000000 0.462326
542397.580000 6589880.420000 21.480000 102.000000 119.000000 126.000000 82.000000 0.492645
542397.490000 6589880.740000 21.620000 102.000000 118.000000 131.000000 81.000000 0.463989
542397.230000 6589881.720000 22.030000 95.000000 111.000000 111.000000 75.000000 0.489990
542397.150000 6589882.020000 22.200000 99.000000 117.000000 121.000000 83.000000 0.500320
542397.060000 6589882.340000 22.330000 96.000000 113.000000 121.000000 78.000000 0.458984
542396.970000 6589882.660000 22.400000 99.000000 117.000000 121.000000 78.000000 0.469315
542396.880000 6589883.000000 22.610000 95.000000 112.000000 119.000000 77.000000 0.500320
542396.790000 6589883.330000 22.730000 99.000000 117.000000 121.000000 77.000000 0.471649
542396.700000 6589883.670000 22.910000 99.000000 117.000000 127.000000 84.000000 0.462326
542397.260000 6589880.080000 21.010000 97.000000 116.000000 122.000000 83.000000 0.456650
542397.170000 6589880.440000 21.140000 101.000000 115.000000 124.000000 82.000000 0.471649
542397.080000 6589880.770000 21.260000 108.000000 127.000000 131.000000 93.000000 0.451981
542397.000000 6589881.070000 21.500000 115.000000 134.000000 140.000000 94.000000 0.477646
542396.900000 6589881.430000 21.830000 105.000000 119.000000 130.000000 89.000000 0.495987
542396.810000 6589881.780000 22.150000 112.000000 127.000000 134.000000 96.000000 0.514313
542396.730000 6589882.060000 22.110000 98.000000 115.000000 122.000000 79.000000 0.484650
542396.650000 6589882.360000 22.010000 100.000000 119.000000 125.000000 87.000000 0.482315
542396.480000 6589883.010000 22.310000 97.000000 116.000000 122.000000 81.000000 0.490646
542396.390000 6589883.330000 22.450000 103.000000 117.000000 128.000000 82.000000 0.459320
542396.300000 6589883.660000 22.590000 100.000000 116.000000 131.000000 81.000000 0.456314
542396.910000 6589880.060000 20.710000 121.000000 140.000000 147.000000 100.000000 0.449982
542396.810000 6589880.420000 21.080000 125.000000 144.000000 148.000000 102.000000 0.519653
542396.720000 6589880.740000 21.370000 119.000000 140.000000 145.000000 99.000000 0.453979
542396.640000 6589881.050000 21.630000 134.000000 151.000000 159.000000 111.000000 0.497314
542396.380000 6589882.010000 21.930000 101.000000 118.000000 125.000000 81.000000 0.485321
542396.300000 6589882.310000 21.720000 98.000000 117.000000 123.000000 85.000000 0.494980
542396.210000 6589882.650000 21.870000 101.000000 118.000000 125.000000 81.000000 0.463654
542396.120000 6589882.970000 21.980000 100.000000 117.000000 124.000000 81.000000 0.469315
542396.040000 6589883.290000 22.160000 99.000000 120.000000 121.000000 83.000000 0.483322
542395.950000 6589883.620000 22.310000 96.000000 115.000000 121.000000 80.000000 0.500992
542395.860000 6589883.940000 22.390000 98.000000 118.000000 116.000000 82.000000 0.461319
542396.550000 6589880.180000 21.150000 123.000000 143.000000 150.000000 99.000000 0.474655
542396.100000 6589881.820000 21.860000 108.000000 121.000000 129.000000 88.000000 0.484314
542396.020000 6589882.120000 21.590000 100.000000 117.000000 124.000000 81.000000 0.518311
542395.940000 6589882.410000 21.600000 99.000000 116.000000 124.000000 81.000000 0.454315
542395.860000 6589882.740000 21.690000 102.000000 116.000000 125.000000 83.000000 0.431320
542395.770000 6589883.050000 21.850000 103.000000 120.000000 127.000000 84.000000 0.475311
542395.690000 6589883.350000 22.010000 105.000000 120.000000 125.000000 84.000000 0.480988
542395.610000 6589883.660000 22.130000 104.000000 115.000000 119.000000 74.000000 0.462982
542395.510000 6589884.010000 22.310000 138.000000 150.000000 140.000000 127.000000 0.483322
542395.790000 6589882.060000 21.580000 92.000000 109.000000 116.000000 73.000000 0.478317
542395.710000 6589882.350000 21.320000 99.000000 116.000000 124.000000 81.000000 0.488983
542395.620000 6589882.680000 21.430000 99.000000 113.000000 122.000000 80.000000 0.446655
542395.530000 6589882.990000 21.560000 98.000000 115.000000 123.000000 82.000000 0.484985
542395.450000 6589883.310000 21.690000 100.000000 119.000000 125.000000 82.000000 0.453979
542395.360000 6589883.640000 21.870000 98.000000 115.000000 123.000000 76.000000 0.474655
542395.900000 6589880.030000 19.970000 124.000000 145.000000 150.000000 102.000000 0.427658
542395.300000 6589882.260000 21.050000 94.000000 111.000000 119.000000 76.000000 0.495987
542395.210000 6589882.610000 21.140000 100.000000 114.000000 123.000000 85.000000 0.469315
542395.130000 6589882.900000 21.220000 98.000000 115.000000 122.000000 86.000000 0.471313
542395.050000 6589883.210000 21.340000 97.000000 116.000000 123.000000 82.000000 0.470322
542394.950000 6589883.560000 21.530000 100.000000 117.000000 124.000000 80.000000 0.474319
542394.870000 6589883.870000 21.720000 101.000000 118.000000 125.000000 79.000000 0.476318
542394.780000 6589884.200000 21.840000 97.000000 115.000000 127.000000 79.000000 0.490646
542395.020000 6589881.950000 21.060000 103.000000 116.000000 124.000000 82.000000 0.467651
542394.940000 6589882.270000 20.740000 97.000000 112.000000 119.000000 80.000000 0.486984
542394.850000 6589882.600000 20.790000 99.000000 116.000000 123.000000 78.000000 0.439987
542394.760000 6589882.920000 20.950000 99.000000 116.000000 123.000000 80.000000 0.438660
542394.670000 6589883.260000 21.120000 99.000000 116.000000 124.000000 80.000000 0.488647
542394.580000 6589883.590000 21.270000 100.000000 117.000000 124.000000 82.000000 0.472656
542394.500000 6589883.890000 21.390000 98.000000 115.000000 122.000000 82.000000 0.487991
542394.420000 6589884.210000 21.550000 99.000000 117.000000 127.000000 82.000000 0.494644
542394.760000 6589881.960000 20.920000 107.000000 120.000000 128.000000 89.000000 0.516312
542394.600000 6589882.540000 20.560000 97.000000 112.000000 119.000000 79.000000 0.435654
542394.500000 6589882.900000 20.730000 98.000000 113.000000 120.000000 74.000000 0.472656
542394.420000 6589883.200000 20.860000 96.000000 113.000000 121.000000 76.000000 0.475647
542394.340000 6589883.510000 21.000000 91.000000 108.000000 115.000000 76.000000 0.495316
542394.240000 6589883.860000 21.180000 97.000000 114.000000 121.000000 78.000000 0.485992
542394.150000 6589884.200000 21.340000 97.000000 116.000000 120.000000 79.000000 0.485657
542394.170000 6589883.150000 20.630000 102.000000 117.000000 124.000000 83.000000 0.455322
542394.080000 6589883.490000 20.830000 98.000000 115.000000 123.000000 80.000000 0.486984
542394.000000 6589883.790000 20.970000 99.000000 113.000000 122.000000 80.000000 0.482315
542393.910000 6589884.120000 21.110000 101.000000 118.000000 125.000000 84.000000 0.476318
542393.830000 6589884.430000 21.260000 101.000000 120.000000 126.000000 84.000000 0.484650
542388.390000 6589892.270000 22.410000 98.000000 117.000000 121.000000 79.000000 0.480652
542388.000000 6589892.260000 22.140000 98.000000 116.000000 120.000000 81.000000 0.478317
542387.790000 6589892.490000 22.070000 102.000000 119.000000 126.000000 75.000000 0.505646
542387.720000 6589892.170000 22.070000 101.000000 118.000000 125.000000 86.000000 0.489319
542387.520000 6589892.670000 21.940000 97.000000 114.000000 121.000000 82.000000 0.488983
542387.460000 6589892.380000 21.780000 101.000000 120.000000 124.000000 83.000000 0.512314
542387.240000 6589892.970000 21.970000 101.000000 118.000000 125.000000 82.000000 0.457657
542387.160000 6589892.650000 21.710000 96.000000 113.000000 120.000000 80.000000 0.467987
542387.080000 6589892.290000 21.450000 96.000000 111.000000 118.000000 76.000000 0.481979
542387.010000 6589891.980000 21.650000 94.000000 102.000000 113.000000 86.000000 0.494644
542386.870000 6589893.010000 21.660000 97.000000 114.000000 121.000000 79.000000 0.473648
542386.800000 6589892.710000 21.430000 92.000000 109.000000 116.000000 78.000000 0.468979
542386.720000 6589892.360000 21.250000 95.000000 112.000000 120.000000 76.000000 0.468658
542386.650000 6589892.060000 21.410000 113.000000 124.000000 128.000000 95.000000 0.487320
542386.680000 6589893.310000 21.730000 99.000000 116.000000 124.000000 77.000000 0.469986
542386.610000 6589893.000000 21.460000 95.000000 114.000000 118.000000 81.000000 0.517990
542386.530000 6589892.670000 21.160000 96.000000 113.000000 120.000000 81.000000 0.411652
542386.460000 6589892.350000 21.110000 95.000000 112.000000 120.000000 81.000000 0.491989
542386.400000 6589892.070000 21.250000 108.000000 119.000000 123.000000 93.000000 0.520981
542386.450000 6589893.330000 21.590000 100.000000 119.000000 126.000000 80.000000 0.461655
542386.380000 6589893.000000 21.350000 102.000000 121.000000 125.000000 82.000000 0.433319
542386.160000 6589892.040000 21.130000 97.000000 111.000000 112.000000 84.000000 0.462982
542386.120000 6589893.660000 21.490000 97.000000 114.000000 122.000000 80.000000 0.483978
542386.050000 6589893.330000 21.260000 98.000000 115.000000 122.000000 83.000000 0.478317
542385.980000 6589893.020000 20.950000 98.000000 115.000000 122.000000 81.000000 0.494644
542385.900000 6589892.690000 20.750000 98.000000 116.000000 120.000000 80.000000 0.464645
542385.820000 6589892.340000 20.370000 96.000000 113.000000 120.000000 80.000000 0.481659
542385.740000 6589893.550000 21.130000 101.000000 119.000000 123.000000 87.000000 0.450989
542385.650000 6589893.190000 20.840000 101.000000 116.000000 123.000000 84.000000 0.453323
542385.580000 6589892.860000 20.570000 96.000000 111.000000 118.000000 78.000000 0.456985
542385.510000 6589892.570000 20.300000 99.000000 114.000000 121.000000 82.000000 0.504318
542385.430000 6589892.230000 20.020000 99.000000 117.000000 119.000000 81.000000 0.449646
542385.360000 6589891.900000 19.780000 26.000000 35.000000 42.000000 24.000000 0.480652
542385.280000 6589891.580000 19.500000 38.000000 41.000000 46.000000 38.000000 0.353317
542385.440000 6589893.420000 20.880000 95.000000 114.000000 121.000000 79.000000 0.432983
542385.370000 6589893.100000 20.600000 100.000000 115.000000 122.000000 82.000000 0.470978
542385.290000 6589892.770000 20.280000 103.000000 118.000000 125.000000 88.000000 0.425659
542385.210000 6589892.420000 20.010000 97.000000 114.000000 121.000000 83.000000 0.461990
542385.140000 6589892.110000 19.780000 96.000000 109.000000 117.000000 87.000000 0.485657
542385.060000 6589891.770000 19.510000 41.000000 44.000000 49.000000 37.000000 0.476990
542385.300000 6589893.850000 21.100000 99.000000 116.000000 123.000000 81.000000 0.464325
542385.220000 6589893.500000 20.760000 100.000000 117.000000 125.000000 85.000000 0.490311
542385.140000 6589893.190000 20.500000 101.000000 116.000000 123.000000 83.000000 0.453659
542385.060000 6589892.850000 20.200000 98.000000 113.000000 118.000000 82.000000 0.471985
542384.990000 6589892.530000 20.000000 98.000000 116.000000 120.000000 83.000000 0.422653
542384.910000 6589892.200000 19.700000 107.000000 120.000000 129.000000 93.000000 0.489990
542384.970000 6589893.960000 20.870000 99.000000 116.000000 123.000000 83.000000 0.492645
542384.900000 6589893.660000 20.620000 101.000000 118.000000 125.000000 84.000000 0.470978
542384.820000 6589893.330000 20.390000 96.000000 111.000000 118.000000 80.000000 0.472656
542384.750000 6589893.000000 20.080000 96.000000 111.000000 116.000000 81.000000 0.470978
542384.680000 6589892.700000 19.820000 97.000000 116.000000 122.000000 80.000000 0.466660
542384.600000 6589892.350000 19.550000 100.000000 114.000000 117.000000 81.000000 0.458984
542384.650000 6589894.200000 20.800000 95.000000 114.000000 120.000000 77.000000 0.460648
542384.580000 6589893.900000 20.560000 96.000000 113.000000 120.000000 81.000000 0.486984
542384.500000 6589893.580000 20.260000 102.000000 117.000000 122.000000 83.000000 0.503983
542384.430000 6589893.250000 19.990000 102.000000 117.000000 122.000000 86.000000 0.478653
542384.350000 6589892.920000 19.720000 98.000000 116.000000 120.000000 80.000000 0.480988
542384.280000 6589892.610000 19.410000 99.000000 116.000000 123.000000 85.000000 0.469315
542384.450000 6589894.380000 20.770000 118.000000 137.000000 144.000000 97.000000 0.460312
542384.380000 6589894.080000 20.500000 125.000000 146.000000 151.000000 102.000000 0.457321
542384.300000 6589893.740000 20.140000 92.000000 110.000000 114.000000 73.000000 0.478317
542384.220000 6589893.400000 19.930000 101.000000 119.000000 123.000000 83.000000 0.475983
542384.150000 6589893.090000 19.660000 100.000000 118.000000 122.000000 84.000000 0.494324
542384.200000 6589894.440000 20.930000 120.000000 140.000000 149.000000 96.000000 0.478653
542384.120000 6589894.110000 20.480000 122.000000 143.000000 148.000000 102.000000 0.414993
542384.040000 6589893.760000 20.050000 118.000000 136.000000 140.000000 100.000000 0.471985
542383.960000 6589893.410000 19.780000 91.000000 108.000000 115.000000 74.000000 0.459991
542383.880000 6589893.080000 19.490000 101.000000 118.000000 125.000000 84.000000 0.462982
542383.640000 6589893.550000 19.590000 101.000000 119.000000 123.000000 78.000000 0.443649
542383.410000 6589894.160000 19.820000 126.000000 144.000000 154.000000 103.000000 0.482315
542383.330000 6589893.840000 19.560000 105.000000 124.000000 130.000000 87.000000 0.492645
542383.190000 6589894.330000 19.490000 125.000000 139.000000 148.000000 105.000000 0.651978
542383.130000 6589894.040000 19.590000 9.000000 24.000000 31.000000 7.000000 0.495316
542382.860000 6589894.410000 19.470000 111.000000 126.000000 131.000000 88.000000 0.691315
542382.590000 6589894.800000 19.490000 113.000000 126.000000 132.000000 94.000000 0.652313
542382.290000 6589895.200000 19.490000 91.000000 101.000000 111.000000 78.000000 0.705643
542382.100000 6589895.550000 19.780000 88.000000 101.000000 109.000000 78.000000 0.464645
542382.020000 6589895.220000 19.520000 105.000000 119.000000 119.000000 88.000000 0.560989
542381.820000 6589895.570000 19.580000 102.000000 120.000000 122.000000 92.000000 0.465988
542381.520000 6589896.080000 19.620000 102.000000 117.000000 122.000000 79.000000 0.452652
542388.230000 6589892.310000 22.290000 97.000000 116.000000 120.000000 81.000000 0.493652
542387.920000 6589892.290000 22.040000 99.000000 118.000000 122.000000 84.000000 0.512650
542387.830000 6589892.600000 22.160000 105.000000 122.000000 129.000000 88.000000 0.491653
542387.610000 6589892.380000 21.840000 98.000000 117.000000 121.000000 77.000000 0.490646
542387.520000 6589892.720000 22.010000 101.000000 120.000000 126.000000 87.000000 0.471985
542387.320000 6589892.000000 21.850000 102.000000 117.000000 120.000000 85.000000 0.495651
542387.240000 6589892.300000 21.590000 97.000000 115.000000 119.000000 80.000000 0.461990
542387.150000 6589892.620000 21.680000 96.000000 113.000000 120.000000 80.000000 0.443314
542387.070000 6589892.940000 21.810000 98.000000 113.000000 120.000000 79.000000 0.475647
542386.990000 6589893.230000 21.890000 100.000000 117.000000 125.000000 82.000000 0.480652
542386.900000 6589892.130000 21.490000 96.000000 112.000000 112.000000 76.000000 0.526978
542386.820000 6589892.430000 21.290000 94.000000 111.000000 119.000000 77.000000 0.489655
542386.730000 6589892.740000 21.400000 94.000000 111.000000 118.000000 79.000000 0.482986
542386.650000 6589893.050000 21.510000 98.000000 115.000000 122.000000 83.000000 0.469986
542386.570000 6589893.370000 21.700000 96.000000 115.000000 122.000000 77.000000 0.470322
542386.660000 6589892.010000 21.460000 113.000000 124.000000 128.000000 95.000000 0.491989
542386.570000 6589892.320000 21.190000 97.000000 114.000000 122.000000 80.000000 0.496979
542386.500000 6589892.610000 21.160000 96.000000 113.000000 120.000000 81.000000 0.495987
542386.410000 6589892.930000 21.300000 101.000000 120.000000 124.000000 85.000000 0.501984
542386.320000 6589893.270000 21.450000 99.000000 118.000000 124.000000 85.000000 0.472992
542386.230000 6589893.590000 21.600000 100.000000 117.000000 125.000000 83.000000 0.502655
542386.340000 6589892.090000 21.170000 103.000000 117.000000 118.000000 89.000000 0.519318
542386.250000 6589892.410000 20.880000 98.000000 115.000000 123.000000 82.000000 0.511658
542386.160000 6589892.730000 20.990000 100.000000 118.000000 122.000000 85.000000 0.477646
542386.070000 6589893.060000 21.180000 99.000000 116.000000 123.000000 85.000000 0.455978
542385.990000 6589893.360000 21.280000 99.000000 116.000000 123.000000 82.000000 0.486984
542385.900000 6589893.680000 21.460000 100.000000 117.000000 124.000000 83.000000 0.460648
542385.850000 6589892.460000 20.550000 99.000000 116.000000 123.000000 85.000000 0.440659
542385.760000 6589892.810000 20.740000 102.000000 117.000000 124.000000 81.000000 0.468658
542385.680000 6589893.100000 20.860000 101.000000 116.000000 123.000000 84.000000 0.490982
542385.590000 6589893.410000 20.980000 100.000000 119.000000 125.000000 84.000000 0.466324
542385.500000 6589893.770000 21.160000 101.000000 120.000000 126.000000 83.000000 0.491653
542385.580000 6589891.880000 20.030000 31.000000 38.000000 48.000000 32.000000 0.464981
542385.490000 6589892.210000 20.130000 99.000000 117.000000 119.000000 81.000000 0.465652
542385.400000 6589892.540000 20.300000 104.000000 119.000000 126.000000 86.000000 0.492981
542385.320000 6589892.850000 20.430000 103.000000 118.000000 125.000000 82.000000 0.445648
542385.230000 6589893.170000 20.610000 104.000000 119.000000 126.000000 87.000000 0.453659
542385.150000 6589893.500000 20.730000 102.000000 119.000000 126.000000 84.000000 0.462326
542385.060000 6589893.820000 20.850000 100.000000 117.000000 124.000000 79.000000 0.504654
542384.980000 6589894.120000 21.030000 97.000000 114.000000 121.000000 80.000000 0.491653
542385.300000 6589891.850000 19.750000 31.000000 38.000000 46.000000 33.000000 0.461990
542385.210000 6589892.180000 19.920000 100.000000 113.000000 121.000000 89.000000 0.475983
542385.130000 6589892.470000 20.030000 96.000000 113.000000 120.000000 79.000000 0.478989
542385.050000 6589892.780000 20.190000 93.000000 111.000000 113.000000 77.000000 0.448990
542384.960000 6589893.100000 20.280000 96.000000 111.000000 118.000000 78.000000 0.488312
542384.880000 6589893.410000 20.450000 99.000000 116.000000 123.000000 84.000000 0.463318
542384.790000 6589893.730000 20.610000 98.000000 115.000000 122.000000 85.000000 0.474319
542384.700000 6589894.060000 20.760000 100.000000 117.000000 124.000000 82.000000 0.474991
542384.620000 6589894.360000 20.890000 95.000000 114.000000 120.000000 78.000000 0.470322
542385.060000 6589891.680000 19.480000 39.000000 42.000000 47.000000 41.000000 0.475311
542384.970000 6589892.010000 19.580000 42.000000 51.000000 60.000000 34.000000 0.479324
542384.880000 6589892.330000 19.750000 99.000000 112.000000 120.000000 78.000000 0.478317
542384.800000 6589892.640000 19.860000 93.000000 112.000000 116.000000 79.000000 0.487656
542384.720000 6589892.960000 20.040000 96.000000 111.000000 116.000000 81.000000 0.468658
542384.630000 6589893.270000 20.160000 99.000000 114.000000 119.000000 80.000000 0.435989
542384.540000 6589893.610000 20.360000 101.000000 119.000000 123.000000 80.000000 0.481659
542384.450000 6589893.920000 20.440000 105.000000 122.000000 129.000000 86.000000 0.460312
542384.370000 6589894.230000 20.590000 119.000000 139.000000 146.000000 96.000000 0.458984
542384.440000 6589892.440000 19.500000 103.000000 116.000000 122.000000 85.000000 0.481659
542384.350000 6589892.760000 19.660000 98.000000 117.000000 123.000000 85.000000 0.459991
542384.280000 6589893.040000 19.780000 99.000000 117.000000 121.000000 85.000000 0.467651
542384.190000 6589893.380000 19.950000 99.000000 117.000000 121.000000 84.000000 0.482986
542384.090000 6589893.730000 20.120000 118.000000 136.000000 140.000000 100.000000 0.470657
542384.010000 6589894.050000 20.640000 127.000000 148.000000 153.000000 102.000000 0.437988
542383.920000 6589893.020000 19.430000 99.000000 116.000000 123.000000 81.000000 0.452316
542383.840000 6589893.320000 19.580000 97.000000 115.000000 119.000000 79.000000 0.477982
542383.760000 6589893.650000 19.730000 120.000000 139.000000 146.000000 96.000000 0.442322
542383.670000 6589893.950000 19.880000 122.000000 141.000000 148.000000 98.000000 0.489990
542383.420000 6589893.690000 19.570000 98.000000 117.000000 121.000000 84.000000 0.478317
542383.340000 6589894.020000 19.680000 104.000000 123.000000 127.000000 78.000000 0.450989
542383.250000 6589894.320000 19.560000 131.000000 149.000000 153.000000 107.000000 0.601990
542383.100000 6589893.980000 19.490000 29.000000 44.000000 51.000000 28.000000 0.490646
542383.010000 6589894.300000 19.490000 79.000000 92.000000 101.000000 65.000000 0.682983
542382.930000 6589894.600000 19.490000 80.000000 97.000000 104.000000 69.000000 0.719986
542382.550000 6589894.560000 19.470000 105.000000 118.000000 124.000000 86.000000 0.696976
542382.460000 6589894.870000 19.470000 111.000000 126.000000 131.000000 95.000000 0.740311
542382.380000 6589895.170000 19.480000 97.000000 110.000000 119.000000 83.000000 0.700653
542382.040000 6589895.120000 19.460000 93.000000 107.000000 108.000000 78.000000 0.630646
542381.950000 6589895.450000 19.600000 104.000000 122.000000 122.000000 86.000000 0.476318
542381.860000 6589895.790000 19.700000 102.000000 115.000000 121.000000 77.000000 0.506317
542381.560000 6589895.750000 19.560000 101.000000 116.000000 119.000000 83.000000 0.493988
542381.470000 6589896.090000 19.650000 104.000000 119.000000 122.000000 84.000000 0.462646
542382.930000 6589894.710000 19.510000 32.000000 47.000000 54.000000 28.000000 0.657318
542382.660000 6589895.080000 19.490000 44.000000 53.000000 60.000000 37.000000 0.688309
542382.380000 6589895.560000 19.580000 39.000000 44.000000 50.000000 35.000000 0.504990
542383.170000 6589894.610000 19.490000 126.000000 145.000000 151.000000 108.000000 0.622650
542382.850000 6589894.900000 19.490000 39.000000 49.000000 58.000000 40.000000 0.685989
542382.760000 6589895.220000 19.510000 42.000000 49.000000 57.000000 41.000000 0.381653
542382.290000 6589895.510000 19.660000 38.000000 45.000000 53.000000 29.000000 0.531647
542381.170000 6589896.230000 19.520000 102.000000 115.000000 121.000000 83.000000 0.472321
542385.530000 6589900.230000 25.410000 68.000000 79.000000 85.000000 56.000000 0.459991
542385.140000 6589900.040000 24.960000 108.000000 121.000000 127.000000 87.000000 0.474655
542385.550000 6589900.020000 25.250000 80.000000 90.000000 99.000000 67.000000 0.491653
542385.470000 6589900.320000 25.430000 78.000000 87.000000 92.000000 64.000000 0.463654
542388.460000 6589892.580000 22.590000 94.000000 113.000000 120.000000 80.000000 0.493988
542388.230000 6589893.250000 22.790000 101.000000 118.000000 126.000000 84.000000 0.445984
542388.090000 6589893.780000 23.170000 86.000000 104.000000 106.000000 70.000000 0.446655
542388.020000 6589893.490000 22.850000 102.000000 119.000000 126.000000 82.000000 0.456650
542387.950000 6589893.160000 22.630000 98.000000 115.000000 122.000000 82.000000 0.471313
542387.870000 6589892.820000 22.370000 98.000000 118.000000 125.000000 82.000000 0.477325
542387.910000 6589894.350000 23.370000 102.000000 121.000000 115.000000 84.000000 0.499649
542387.830000 6589894.000000 23.090000 191.000000 214.000000 208.000000 126.000000 0.457321
542387.750000 6589893.660000 22.770000 99.000000 119.000000 117.000000 73.000000 0.501984
542387.680000 6589893.340000 22.490000 106.000000 122.000000 122.000000 86.000000 0.472656
542387.600000 6589892.990000 22.210000 93.000000 114.000000 119.000000 81.000000 0.464981
542387.610000 6589894.590000 23.370000 134.000000 150.000000 147.000000 92.000000 0.417313
542387.540000 6589894.270000 23.140000 194.000000 215.000000 208.000000 116.000000 0.422318
542387.470000 6589893.970000 22.870000 192.000000 215.000000 205.000000 117.000000 0.656647
542387.390000 6589893.620000 22.500000 179.000000 196.000000 186.000000 116.000000 0.486649
542387.300000 6589893.280000 22.230000 116.000000 126.000000 127.000000 94.000000 0.493652
542387.400000 6589895.310000 23.680000 103.000000 120.000000 127.000000 82.000000 0.507980
542387.330000 6589894.990000 23.360000 80.000000 98.000000 100.000000 71.000000 0.367981
542387.250000 6589894.670000 23.080000 103.000000 122.000000 120.000000 59.000000 0.345322
542387.170000 6589894.330000 22.900000 203.000000 220.000000 210.000000 124.000000 0.764984
542387.100000 6589894.000000 22.500000 159.000000 176.000000 168.000000 113.000000 0.469315
542387.020000 6589893.670000 22.240000 108.000000 123.000000 126.000000 93.000000 0.489990
542386.940000 6589893.330000 21.950000 103.000000 120.000000 128.000000 85.000000 0.486313
542387.280000 6589895.910000 23.880000 102.000000 119.000000 127.000000 82.000000 0.484985
542387.210000 6589895.570000 23.580000 103.000000 120.000000 127.000000 86.000000 0.477325
542387.130000 6589895.260000 23.340000 98.000000 115.000000 122.000000 81.000000 0.491318
542387.060000 6589894.920000 23.160000 103.000000 120.000000 127.000000 86.000000 0.459656
542386.980000 6589894.590000 22.880000 51.000000 68.000000 75.000000 38.000000 0.656311
542386.910000 6589894.280000 22.570000 200.000000 218.000000 204.000000 132.000000 0.491989
542386.830000 6589893.940000 22.200000 115.000000 131.000000 128.000000 98.000000 0.466660
542386.750000 6589893.620000 22.030000 105.000000 122.000000 129.000000 90.000000 0.470322
542387.120000 6589896.210000 24.010000 102.000000 119.000000 127.000000 85.000000 0.436981
542387.040000 6589895.880000 23.720000 100.000000 117.000000 124.000000 78.000000 0.487320
542386.970000 6589895.550000 23.440000 99.000000 116.000000 123.000000 81.000000 0.457657
542386.900000 6589895.250000 23.160000 102.000000 119.000000 126.000000 85.000000 0.468323
542386.820000 6589894.920000 22.920000 102.000000 119.000000 126.000000 84.000000 0.508652
542386.750000 6589894.610000 22.800000 104.000000 121.000000 128.000000 86.000000 0.613312
542386.670000 6589894.290000 22.350000 147.000000 163.000000 160.000000 133.000000 0.468658
542386.600000 6589893.970000 22.180000 103.000000 118.000000 123.000000 81.000000 0.470322
542386.520000 6589893.640000 21.880000 99.000000 116.000000 124.000000 78.000000 0.438980
542386.870000 6589896.880000 24.180000 98.000000 115.000000 122.000000 80.000000 0.449982
542386.800000 6589896.570000 23.960000 100.000000 117.000000 124.000000 82.000000 0.468658
542386.730000 6589896.250000 23.680000 103.000000 120.000000 127.000000 87.000000 0.474991
542386.660000 6589895.960000 23.400000 97.000000 114.000000 121.000000 79.000000 0.448654
542386.580000 6589895.600000 23.110000 100.000000 117.000000 124.000000 83.000000 0.462646
542386.500000 6589895.280000 22.880000 99.000000 118.000000 124.000000 85.000000 0.500656
542386.430000 6589894.990000 22.610000 100.000000 119.000000 125.000000 83.000000 0.439316
542386.350000 6589894.650000 22.370000 100.000000 117.000000 124.000000 80.000000 0.461990
542386.640000 6589897.450000 24.340000 98.000000 115.000000 122.000000 77.000000 0.480652
542386.560000 6589897.120000 24.090000 101.000000 120.000000 126.000000 83.000000 0.497314
542386.500000 6589896.820000 23.820000 102.000000 121.000000 127.000000 84.000000 0.441315
542386.420000 6589896.490000 23.610000 101.000000 120.000000 126.000000 84.000000 0.441315
542386.340000 6589896.150000 23.310000 98.000000 117.000000 121.000000 81.000000 0.460312
542386.110000 6589895.160000 22.500000 96.000000 115.000000 121.000000 80.000000 0.440323
542386.040000 6589894.870000 22.200000 100.000000 119.000000 125.000000 83.000000 0.453323
542385.970000 6589894.550000 21.950000 103.000000 120.000000 127.000000 86.000000 0.472321
542385.890000 6589894.200000 21.690000 98.000000 115.000000 122.000000 80.000000 0.432648
542385.810000 6589893.880000 21.420000 96.000000 113.000000 120.000000 79.000000 0.471649
542386.490000 6589897.990000 24.640000 102.000000 119.000000 126.000000 79.000000 0.480652
542386.420000 6589897.680000 24.430000 99.000000 116.000000 123.000000 77.000000 0.467651
542386.350000 6589897.360000 24.110000 100.000000 119.000000 126.000000 83.000000 0.448318
542386.260000 6589897.000000 23.830000 102.000000 121.000000 127.000000 86.000000 0.446655
542386.190000 6589896.690000 23.580000 99.000000 116.000000 123.000000 79.000000 0.445648
542386.130000 6589896.390000 23.360000 100.000000 117.000000 124.000000 81.000000 0.514984
542386.050000 6589896.060000 23.060000 102.000000 119.000000 126.000000 83.000000 0.502319
542385.970000 6589895.700000 22.740000 98.000000 115.000000 122.000000 80.000000 0.506317
542385.890000 6589895.380000 22.430000 99.000000 116.000000 123.000000 82.000000 0.453979
542385.810000 6589895.050000 22.210000 102.000000 119.000000 126.000000 84.000000 0.474991
542385.740000 6589894.700000 21.950000 102.000000 119.000000 126.000000 83.000000 0.467316
542385.660000 6589894.390000 21.690000 98.000000 115.000000 122.000000 81.000000 0.478653
542385.590000 6589894.080000 21.390000 102.000000 119.000000 126.000000 83.000000 0.469986
542386.360000 6589898.440000 24.820000 108.000000 127.000000 133.000000 84.000000 0.490982
542386.280000 6589898.110000 24.560000 109.000000 124.000000 131.000000 90.000000 0.475647
542386.200000 6589897.770000 24.320000 101.000000 118.000000 125.000000 85.000000 0.465988
542386.130000 6589897.450000 24.010000 97.000000 114.000000 121.000000 79.000000 0.464325
542386.050000 6589897.120000 23.730000 105.000000 122.000000 129.000000 88.000000 0.424988
542385.970000 6589896.780000 23.510000 102.000000 119.000000 126.000000 86.000000 0.453323
542385.890000 6589896.440000 23.180000 97.000000 114.000000 121.000000 81.000000 0.496658
542385.820000 6589896.140000 22.940000 100.000000 117.000000 124.000000 83.000000 0.439987
542385.750000 6589895.810000 22.700000 102.000000 119.000000 126.000000 85.000000 0.473648
542385.680000 6589895.500000 22.350000 100.000000 117.000000 124.000000 81.000000 0.463989
542385.600000 6589895.180000 22.180000 100.000000 117.000000 124.000000 81.000000 0.466980
542385.520000 6589894.830000 21.880000 105.000000 122.000000 129.000000 88.000000 0.431656
542385.450000 6589894.510000 21.600000 99.000000 116.000000 123.000000 81.000000 0.473984
542385.370000 6589894.180000 21.360000 98.000000 115.000000 122.000000 79.000000 0.435989
542386.100000 6589898.870000 24.960000 98.000000 111.000000 119.000000 78.000000 0.452316
542386.020000 6589898.520000 24.680000 109.000000 126.000000 133.000000 94.000000 0.491653
542385.950000 6589898.200000 24.440000 106.000000 121.000000 128.000000 84.000000 0.448654
542385.880000 6589897.900000 24.130000 99.000000 116.000000 123.000000 80.000000 0.478653
542385.800000 6589897.560000 23.890000 99.000000 117.000000 121.000000 78.000000 0.484314
542385.730000 6589897.240000 23.600000 100.000000 118.000000 122.000000 83.000000 0.477982
542385.650000 6589896.930000 23.370000 101.000000 119.000000 121.000000 85.000000 0.441315
542385.580000 6589896.590000 23.040000 101.000000 115.000000 126.000000 81.000000 0.459320
542385.500000 6589896.260000 22.810000 97.000000 117.000000 118.000000 79.000000 0.475983
542385.430000 6589895.950000 22.510000 99.000000 118.000000 125.000000 84.000000 0.517990
542385.350000 6589895.600000 22.260000 98.000000 115.000000 122.000000 79.000000 0.456314
542385.270000 6589895.250000 21.960000 103.000000 120.000000 127.000000 83.000000 0.458649
542385.200000 6589894.950000 21.690000 101.000000 118.000000 125.000000 84.000000 0.448318
542385.120000 6589894.630000 21.400000 99.000000 116.000000 123.000000 80.000000 0.482651
542385.050000 6589894.290000 21.180000 98.000000 115.000000 122.000000 80.000000 0.476990
542385.850000 6589899.390000 25.160000 36.000000 45.000000 52.000000 34.000000 0.310989
542385.780000 6589899.100000 24.800000 57.000000 64.000000 72.000000 48.000000 0.512650
542385.710000 6589898.780000 24.600000 104.000000 117.000000 123.000000 93.000000 0.471313
542385.630000 6589898.440000 24.330000 103.000000 118.000000 125.000000 79.000000 0.478653
542385.550000 6589898.130000 24.050000 104.000000 121.000000 129.000000 83.000000 0.495651
542385.480000 6589897.800000 23.850000 103.000000 118.000000 123.000000 87.000000 0.535645
542385.400000 6589897.470000 23.640000 120.000000 132.000000 132.000000 98.000000 0.489655
542385.320000 6589897.130000 23.250000 129.000000 149.000000 138.000000 97.000000 0.502991
542385.250000 6589896.820000 22.960000 134.000000 151.000000 145.000000 110.000000 0.486984
542385.170000 6589896.460000 22.630000 104.000000 119.000000 122.000000 80.000000 0.436646
542385.090000 6589896.140000 22.420000 104.000000 122.000000 124.000000 86.000000 0.461319
542385.020000 6589895.830000 22.070000 100.000000 119.000000 125.000000 81.000000 0.504654
542384.940000 6589895.500000 21.820000 100.000000 119.000000 125.000000 81.000000 0.468979
542384.860000 6589895.150000 21.550000 99.000000 116.000000 123.000000 81.000000 0.480988
542384.800000 6589894.860000 21.270000 99.000000 116.000000 123.000000 82.000000 0.464645
542384.720000 6589894.540000 21.090000 103.000000 120.000000 128.000000 84.000000 0.507645
542385.720000 6589899.890000 25.260000 63.000000 70.000000 80.000000 62.000000 0.482651
542385.650000 6589899.580000 25.090000 39.000000 48.000000 57.000000 30.000000 0.470322
542385.580000 6589899.270000 24.810000 98.000000 111.000000 117.000000 82.000000 0.463318
542385.490000 6589898.910000 24.530000 104.000000 122.000000 122.000000 83.000000 0.460312
542385.420000 6589898.590000 24.270000 103.000000 120.000000 127.000000 84.000000 0.459991
542385.340000 6589898.260000 23.930000 102.000000 119.000000 126.000000 82.000000 0.466660
542385.270000 6589897.930000 23.870000 105.000000 120.000000 123.000000 84.000000 0.516647
542385.190000 6589897.590000 23.490000 106.000000 119.000000 110.000000 77.000000 0.456650
542385.120000 6589897.290000 23.230000 176.000000 192.000000 182.000000 131.000000 0.508652
542385.040000 6589896.950000 22.880000 190.000000 209.000000 189.000000 144.000000 0.487320
542384.960000 6589896.620000 22.610000 149.000000 165.000000 154.000000 119.000000 0.508652
542384.890000 6589896.330000 22.290000 127.000000 143.000000 142.000000 112.000000 0.468323
542384.820000 6589896.010000 22.100000 98.000000 113.000000 120.000000 77.000000 0.476990
542384.750000 6589895.680000 21.790000 103.000000 120.000000 127.000000 82.000000 0.461319
542384.670000 6589895.360000 21.580000 101.000000 120.000000 126.000000 82.000000 0.474319
542384.600000 6589895.050000 21.260000 108.000000 127.000000 133.000000 87.000000 0.466980
542384.520000 6589894.720000 21.020000 102.000000 121.000000 128.000000 84.000000 0.486649
542385.460000 6589899.890000 25.140000 101.000000 115.000000 124.000000 90.000000 0.484650
542385.380000 6589899.580000 24.870000 108.000000 123.000000 130.000000 88.000000 0.466324
542385.300000 6589899.230000 24.630000 106.000000 121.000000 128.000000 81.000000 0.468979
542385.230000 6589898.930000 24.340000 104.000000 119.000000 126.000000 83.000000 0.478653
542385.160000 6589898.600000 24.110000 103.000000 117.000000 126.000000 83.000000 0.456985
542385.080000 6589898.290000 23.810000 104.000000 119.000000 124.000000 82.000000 0.500656
542385.010000 6589897.970000 23.640000 115.000000 129.000000 129.000000 94.000000 0.456314
542384.940000 6589897.660000 23.350000 126.000000 138.000000 136.000000 100.000000 0.458984
542384.870000 6589897.350000 23.060000 191.000000 208.000000 192.000000 133.000000 0.422653
542384.790000 6589897.020000 22.880000 191.000000 207.000000 194.000000 139.000000 0.759979
542384.720000 6589896.690000 22.470000 153.000000 172.000000 152.000000 115.000000 0.500992
542384.640000 6589896.380000 22.180000 104.000000 118.000000 121.000000 86.000000 0.487320
542384.570000 6589896.060000 21.970000 100.000000 114.000000 115.000000 83.000000 0.480988
542384.410000 6589895.400000 21.590000 128.000000 145.000000 152.000000 100.000000 0.498657
542384.340000 6589895.070000 21.380000 123.000000 144.000000 149.000000 99.000000 0.493988
542384.270000 6589894.760000 21.190000 118.000000 137.000000 144.000000 95.000000 0.474655
542385.060000 6589899.710000 24.670000 101.000000 116.000000 123.000000 79.000000 0.439316
542384.990000 6589899.390000 24.500000 102.000000 121.000000 128.000000 90.000000 0.441986
542384.920000 6589899.080000 24.190000 106.000000 120.000000 129.000000 88.000000 0.490646
542384.840000 6589898.760000 23.900000 105.000000 119.000000 128.000000 88.000000 0.457321
542384.760000 6589898.430000 23.680000 103.000000 118.000000 125.000000 83.000000 0.540649
542384.690000 6589898.120000 23.490000 106.000000 119.000000 125.000000 84.000000 0.519653
542384.620000 6589897.810000 23.220000 60.000000 71.000000 75.000000 46.000000 0.412979
542384.540000 6589897.450000 22.910000 201.000000 219.000000 205.000000 156.000000 0.733978
542384.460000 6589897.130000 22.600000 192.000000 207.000000 188.000000 143.000000 0.524323
542384.390000 6589896.820000 22.310000 127.000000 143.000000 133.000000 111.000000 0.464981
542384.320000 6589896.500000 22.120000 97.000000 113.000000 128.000000 81.000000 0.488312
542384.240000 6589896.170000 22.200000 108.000000 122.000000 123.000000 92.000000 0.511322
542384.170000 6589895.850000 22.040000 18.000000 30.000000 42.000000 24.000000 0.468979
542384.090000 6589895.520000 21.800000 84.000000 101.000000 108.000000 66.000000 0.475647
542384.700000 6589899.730000 24.500000 106.000000 117.000000 121.000000 88.000000 0.476990
542384.620000 6589899.400000 24.180000 100.000000 117.000000 124.000000 83.000000 0.481979
542384.550000 6589899.090000 23.890000 103.000000 118.000000 121.000000 82.000000 0.470657
542384.470000 6589898.750000 23.660000 101.000000 116.000000 121.000000 82.000000 0.465317
542384.390000 6589898.420000 23.400000 103.000000 120.000000 127.000000 86.000000 0.481979
542384.320000 6589898.120000 23.130000 101.000000 116.000000 123.000000 85.000000 0.507980
542384.250000 6589897.800000 22.920000 102.000000 117.000000 124.000000 83.000000 0.729980
542384.170000 6589897.450000 22.570000 58.000000 74.000000 74.000000 43.000000 0.496658
542384.090000 6589897.110000 22.280000 119.000000 133.000000 120.000000 99.000000 0.434647
542384.020000 6589896.790000 22.000000 102.000000 117.000000 122.000000 87.000000 0.489655
542383.930000 6589896.440000 21.850000 97.000000 115.000000 119.000000 79.000000 0.494324
542383.870000 6589896.140000 22.010000 106.000000 119.000000 127.000000 103.000000 0.494980
542384.410000 6589899.610000 24.210000 90.000000 101.000000 103.000000 83.000000 0.484314
542384.340000 6589899.290000 23.940000 102.000000 115.000000 121.000000 86.000000 0.467651
542384.260000 6589898.940000 23.700000 101.000000 116.000000 121.000000 80.000000 0.477646
542384.180000 6589898.610000 23.330000 102.000000 119.000000 126.000000 84.000000 0.428650
542384.110000 6589898.290000 23.000000 100.000000 117.000000 124.000000 82.000000 0.473312
542384.030000 6589897.940000 22.800000 98.000000 115.000000 122.000000 81.000000 0.458649
542383.950000 6589897.610000 22.560000 103.000000 120.000000 127.000000 89.000000 0.473648
542383.880000 6589897.310000 22.240000 117.000000 132.000000 137.000000 97.000000 0.484314
542383.730000 6589896.660000 21.730000 97.000000 115.000000 119.000000 82.000000 0.473312
542383.660000 6589896.340000 21.710000 99.000000 114.000000 121.000000 80.000000 0.512650
542383.910000 6589898.950000 23.380000 104.000000 119.000000 126.000000 82.000000 0.480316
542383.840000 6589898.650000 23.030000 103.000000 118.000000 125.000000 81.000000 0.448990
542383.760000 6589898.330000 22.830000 102.000000 119.000000 126.000000 85.000000 0.495651
542383.680000 6589897.980000 22.550000 98.000000 115.000000 122.000000 78.000000 0.499985
542383.610000 6589897.670000 22.230000 102.000000 117.000000 124.000000 77.000000 0.486984
542383.530000 6589897.340000 21.930000 104.000000 119.000000 124.000000 83.000000 0.439987
542383.450000 6589897.000000 21.650000 101.000000 116.000000 123.000000 82.000000 0.457657
542383.380000 6589896.660000 21.410000 96.000000 113.000000 120.000000 79.000000 0.469986
542383.310000 6589896.370000 21.560000 100.000000 115.000000 122.000000 75.000000 0.499649
542383.480000 6589898.660000 22.850000 109.000000 122.000000 128.000000 87.000000 0.476654
542383.400000 6589898.310000 22.600000 101.000000 118.000000 126.000000 82.000000 0.469986
542383.330000 6589898.020000 22.330000 102.000000 119.000000 126.000000 84.000000 0.485321
542383.260000 6589897.680000 22.030000 99.000000 114.000000 119.000000 76.000000 0.428986
542383.180000 6589897.350000 21.770000 104.000000 119.000000 126.000000 85.000000 0.450317
542383.100000 6589897.020000 21.510000 100.000000 115.000000 122.000000 80.000000 0.489990
542383.030000 6589896.720000 21.250000 94.000000 111.000000 118.000000 79.000000 0.489655
542382.960000 6589896.410000 21.240000 98.000000 116.000000 120.000000 81.000000 0.517990
542383.040000 6589898.420000 22.340000 96.000000 107.000000 111.000000 83.000000 0.465988
542382.970000 6589898.120000 22.070000 103.000000 116.000000 122.000000 84.000000 0.487991
542382.900000 6589897.830000 21.820000 99.000000 114.000000 121.000000 79.000000 0.442657
542382.820000 6589897.480000 21.570000 102.000000 117.000000 124.000000 82.000000 0.495987
542382.750000 6589897.160000 21.270000 102.000000 117.000000 124.000000 86.000000 0.478317
542382.680000 6589896.860000 21.080000 96.000000 114.000000 118.000000 80.000000 0.469986
542382.610000 6589896.540000 20.940000 99.000000 114.000000 119.000000 83.000000 0.505646
542382.530000 6589896.220000 21.110000 101.000000 112.000000 118.000000 83.000000 0.502991
542382.630000 6589897.840000 21.650000 98.000000 113.000000 120.000000 81.000000 0.463318
542382.550000 6589897.520000 21.390000 97.000000 112.000000 119.000000 80.000000 0.480316
542382.480000 6589897.200000 21.080000 102.000000 117.000000 124.000000 86.000000 0.442993
542382.400000 6589896.850000 20.860000 99.000000 117.000000 121.000000 81.000000 0.465317
542382.320000 6589896.540000 20.630000 93.000000 106.000000 112.000000 79.000000 0.438660
542382.260000 6589896.270000 20.920000 84.000000 93.000000 100.000000 70.000000 0.489655
542382.280000 6589897.540000 21.260000 103.000000 118.000000 125.000000 81.000000 0.486649
542382.200000 6589897.220000 20.970000 101.000000 116.000000 121.000000 83.000000 0.430313
542382.120000 6589896.870000 20.640000 98.000000 113.000000 118.000000 79.000000 0.441315
542382.040000 6589896.520000 20.360000 102.000000 115.000000 121.000000 88.000000 0.471985
542381.970000 6589896.190000 20.060000 37.000000 48.000000 54.000000 24.000000 0.471313
542381.900000 6589895.890000 19.850000 110.000000 119.000000 126.000000 92.000000 0.507324
542381.750000 6589897.070000 20.410000 101.000000 115.000000 118.000000 83.000000 0.478989
542381.670000 6589896.740000 20.160000 97.000000 112.000000 117.000000 79.000000 0.493652
542381.590000 6589896.390000 19.860000 98.000000 113.000000 118.000000 79.000000 0.458649
542388.580000 6589892.500000 22.660000 98.000000 117.000000 123.000000 82.000000 0.486984
542388.490000 6589892.820000 22.710000 100.000000 117.000000 124.000000 80.000000 0.461319
542388.400000 6589893.130000 22.910000 101.000000 118.000000 125.000000 81.000000 0.466324
542388.140000 6589892.640000 22.390000 101.000000 118.000000 125.000000 80.000000 0.510986
542388.050000 6589892.970000 22.540000 99.000000 118.000000 125.000000 79.000000 0.473312
542387.970000 6589893.280000 22.630000 99.000000 114.000000 121.000000 79.000000 0.478653
542387.880000 6589893.610000 22.860000 81.000000 101.000000 100.000000 74.000000 0.458649
542387.800000 6589893.910000 22.920000 191.000000 214.000000 208.000000 126.000000 0.473984
542387.630000 6589894.540000 23.320000 134.000000 150.000000 147.000000 92.000000 0.386322
542387.540000 6589894.890000 23.500000 96.000000 111.000000 114.000000 83.000000 0.392990
542387.460000 6589895.180000 23.690000 97.000000 114.000000 121.000000 78.000000 0.414322
542387.370000 6589895.500000 23.710000 99.000000 116.000000 123.000000 79.000000 0.488983
542387.280000 6589895.850000 23.830000 101.000000 118.000000 126.000000 83.000000 0.448318
542387.190000 6589896.160000 23.960000 103.000000 120.000000 128.000000 85.000000 0.501312
542387.110000 6589896.460000 24.130000 102.000000 119.000000 127.000000 84.000000 0.496979
542387.750000 6589892.910000 22.250000 98.000000 119.000000 124.000000 82.000000 0.474319
542387.650000 6589893.260000 22.460000 123.000000 138.000000 141.000000 107.000000 0.482986
542387.570000 6589893.560000 22.570000 123.000000 140.000000 134.000000 86.000000 0.456985
542387.480000 6589893.900000 22.780000 192.000000 215.000000 205.000000 117.000000 0.590317
542387.390000 6589894.220000 22.920000 194.000000 213.000000 209.000000 118.000000 0.533646
542387.310000 6589894.530000 23.120000 202.000000 221.000000 215.000000 137.000000 0.399323
542387.230000 6589894.830000 23.180000 70.000000 88.000000 90.000000 60.000000 0.367981
542387.140000 6589895.180000 23.350000 101.000000 118.000000 125.000000 83.000000 0.516983
542387.050000 6589895.490000 23.450000 101.000000 118.000000 125.000000 81.000000 0.492645
542386.980000 6589895.770000 23.610000 102.000000 119.000000 126.000000 82.000000 0.489655
542386.890000 6589896.100000 23.770000 100.000000 117.000000 125.000000 80.000000 0.468658
542386.810000 6589896.420000 23.860000 99.000000 116.000000 123.000000 81.000000 0.481659
542386.720000 6589896.720000 24.050000 100.000000 117.000000 124.000000 80.000000 0.495316
542386.640000 6589897.040000 24.180000 99.000000 116.000000 123.000000 81.000000 0.464981
542386.550000 6589897.370000 24.330000 98.000000 117.000000 124.000000 80.000000 0.479645
542386.470000 6589897.670000 24.470000 99.000000 116.000000 123.000000 77.000000 0.451981
542386.380000 6589897.980000 24.640000 100.000000 117.000000 124.000000 82.000000 0.468979
542386.290000 6589898.320000 24.750000 113.000000 130.000000 137.000000 93.000000 0.468658
542386.210000 6589898.640000 24.930000 107.000000 126.000000 133.000000 84.000000 0.511978
542386.130000 6589898.930000 24.970000 106.000000 119.000000 127.000000 91.000000 0.398651
542387.440000 6589893.020000 22.150000 102.000000 117.000000 122.000000 80.000000 0.466980
542387.350000 6589893.350000 22.290000 124.000000 134.000000 133.000000 108.000000 0.509659
542387.260000 6589893.660000 22.390000 147.000000 164.000000 156.000000 112.000000 0.489319
542387.170000 6589893.990000 22.530000 182.000000 202.000000 193.000000 122.000000 0.488647
542387.090000 6589894.290000 22.750000 207.000000 225.000000 209.000000 133.000000 0.603317
542387.010000 6589894.600000 22.900000 58.000000 75.000000 82.000000 43.000000 0.591644
542386.920000 6589894.930000 23.050000 104.000000 121.000000 128.000000 87.000000 0.528656
542386.850000 6589895.220000 23.090000 102.000000 119.000000 126.000000 85.000000 0.508987
542386.760000 6589895.540000 23.260000 100.000000 119.000000 125.000000 83.000000 0.476990
542386.670000 6589895.870000 23.400000 103.000000 120.000000 127.000000 82.000000 0.464981
542386.590000 6589896.170000 23.530000 102.000000 121.000000 125.000000 89.000000 0.447311
542386.500000 6589896.490000 23.700000 101.000000 120.000000 126.000000 84.000000 0.498322
542386.420000 6589896.810000 23.870000 99.000000 118.000000 124.000000 83.000000 0.473648
542386.330000 6589897.130000 23.980000 100.000000 119.000000 125.000000 85.000000 0.505646
542386.240000 6589897.450000 24.150000 99.000000 118.000000 125.000000 82.000000 0.447647
542386.160000 6589897.760000 24.270000 101.000000 118.000000 125.000000 85.000000 0.513657
542386.080000 6589898.070000 24.370000 103.000000 118.000000 125.000000 77.000000 0.481979
542385.990000 6589898.400000 24.570000 113.000000 130.000000 137.000000 89.000000 0.483322
542385.900000 6589898.730000 24.740000 124.000000 139.000000 144.000000 112.000000 0.460648
542385.810000 6589899.060000 24.850000 33.000000 40.000000 48.000000 25.000000 0.470322
542385.730000 6589899.380000 25.020000 40.000000 49.000000 56.000000 35.000000 0.463318
542385.630000 6589899.710000 25.180000 60.000000 69.000000 78.000000 58.000000 0.498657
542386.900000 6589893.540000 22.110000 98.000000 113.000000 118.000000 79.000000 0.479980
542386.810000 6589893.890000 22.230000 108.000000 124.000000 123.000000 90.000000 0.473312
542386.730000 6589894.180000 22.390000 130.000000 147.000000 141.000000 116.000000 0.467651
542386.660000 6589894.480000 22.480000 101.000000 119.000000 123.000000 82.000000 0.506317
542386.560000 6589894.830000 22.680000 99.000000 118.000000 124.000000 81.000000 0.530655
542386.480000 6589895.130000 22.800000 99.000000 118.000000 124.000000 80.000000 0.499649
542386.390000 6589895.440000 22.900000 100.000000 119.000000 125.000000 85.000000 0.435654
542386.300000 6589895.780000 23.100000 98.000000 115.000000 122.000000 78.000000 0.493317
542386.220000 6589896.090000 23.240000 99.000000 118.000000 122.000000 81.000000 0.467651
542386.140000 6589896.390000 23.400000 100.000000 117.000000 124.000000 81.000000 0.491989
542386.050000 6589896.720000 23.540000 102.000000 119.000000 126.000000 84.000000 0.463989
542385.960000 6589897.070000 23.630000 105.000000 122.000000 129.000000 87.000000 0.450317
542385.880000 6589897.380000 23.840000 101.000000 119.000000 123.000000 80.000000 0.471313
542385.780000 6589897.710000 23.970000 101.000000 118.000000 126.000000 83.000000 0.495987
542385.690000 6589898.050000 24.100000 105.000000 120.000000 127.000000 84.000000 0.510315
542385.620000 6589898.350000 24.250000 107.000000 122.000000 129.000000 83.000000 0.496658
542385.530000 6589898.650000 24.400000 107.000000 125.000000 129.000000 88.000000 0.483322
542385.450000 6589898.970000 24.570000 104.000000 122.000000 122.000000 83.000000 0.502319
542385.360000 6589899.290000 24.750000 106.000000 121.000000 128.000000 81.000000 0.446320
542385.280000 6589899.600000 24.830000 101.000000 115.000000 124.000000 83.000000 0.471985
542385.190000 6589899.930000 24.970000 101.000000 114.000000 122.000000 81.000000 0.494980
542386.470000 6589893.710000 21.840000 106.000000 123.000000 131.000000 86.000000 0.480316
542386.390000 6589894.030000 21.980000 107.000000 122.000000 129.000000 86.000000 0.461655
542386.310000 6589894.320000 22.110000 99.000000 114.000000 119.000000 79.000000 0.488312
542386.220000 6589894.660000 22.250000 101.000000 118.000000 125.000000 84.000000 0.481659
542386.130000 6589894.980000 22.430000 100.000000 119.000000 125.000000 82.000000 0.460648
542386.050000 6589895.300000 22.580000 100.000000 119.000000 125.000000 83.000000 0.491653
542385.960000 6589895.630000 22.700000 99.000000 116.000000 123.000000 84.000000 0.507645
542385.870000 6589895.960000 22.840000 102.000000 119.000000 126.000000 85.000000 0.499313
542385.780000 6589896.290000 23.030000 100.000000 117.000000 124.000000 81.000000 0.498978
542385.700000 6589896.600000 23.110000 96.000000 113.000000 121.000000 80.000000 0.476654
542385.610000 6589896.910000 23.270000 101.000000 119.000000 121.000000 85.000000 0.497314
542385.440000 6589897.540000 23.730000 107.000000 117.000000 118.000000 83.000000 0.493652
542385.350000 6589897.880000 23.840000 102.000000 117.000000 120.000000 79.000000 0.536316
542385.270000 6589898.170000 23.820000 105.000000 120.000000 125.000000 80.000000 0.508987
542385.190000 6589898.490000 23.980000 102.000000 117.000000 124.000000 80.000000 0.493652
542385.100000 6589898.830000 24.150000 99.000000 113.000000 122.000000 80.000000 0.479324
542385.010000 6589899.160000 24.300000 102.000000 116.000000 125.000000 82.000000 0.477982
542384.930000 6589899.460000 24.480000 97.000000 114.000000 121.000000 76.000000 0.491318
542384.840000 6589899.800000 24.580000 104.000000 117.000000 123.000000 83.000000 0.487991
542386.150000 6589893.910000 21.780000 103.000000 120.000000 128.000000 85.000000 0.507324
542386.060000 6589894.250000 21.930000 102.000000 119.000000 127.000000 87.000000 0.464981
542385.970000 6589894.580000 22.040000 103.000000 120.000000 127.000000 86.000000 0.485992
542385.890000 6589894.870000 22.210000 100.000000 117.000000 124.000000 81.000000 0.464981
542385.800000 6589895.200000 22.320000 99.000000 116.000000 123.000000 82.000000 0.480988
542385.640000 6589895.810000 22.640000 98.000000 115.000000 122.000000 82.000000 0.469650
542385.550000 6589896.160000 22.720000 94.000000 114.000000 121.000000 81.000000 0.425980
542385.460000 6589896.480000 22.940000 97.000000 112.000000 119.000000 76.000000 0.501312
542385.380000 6589896.790000 23.040000 97.000000 112.000000 117.000000 85.000000 0.462982
542385.280000 6589897.120000 23.220000 167.000000 185.000000 173.000000 123.000000 0.490646
542385.200000 6589897.460000 23.450000 114.000000 127.000000 118.000000 79.000000 0.426651
542385.120000 6589897.760000 23.630000 112.000000 126.000000 126.000000 91.000000 0.451324
542385.030000 6589898.070000 23.800000 103.000000 117.000000 118.000000 79.000000 0.480988
542384.940000 6589898.400000 23.830000 104.000000 119.000000 126.000000 83.000000 0.551651
542384.860000 6589898.710000 23.940000 105.000000 119.000000 128.000000 88.000000 0.435654
542384.780000 6589899.020000 24.100000 104.000000 119.000000 126.000000 83.000000 0.507324
542384.690000 6589899.340000 24.230000 105.000000 122.000000 129.000000 87.000000 0.477646
542384.610000 6589899.650000 24.330000 109.000000 123.000000 126.000000 87.000000 0.461319
542385.740000 6589894.310000 21.750000 104.000000 123.000000 129.000000 87.000000 0.469986
542385.650000 6589894.650000 21.830000 102.000000 119.000000 126.000000 86.000000 0.461319
542385.560000 6589894.950000 22.000000 102.000000 119.000000 126.000000 81.000000 0.450317
542385.480000 6589895.280000 22.190000 101.000000 118.000000 125.000000 83.000000 0.464981
542385.390000 6589895.620000 22.340000 98.000000 115.000000 122.000000 79.000000 0.485992
542385.300000 6589895.940000 22.490000 100.000000 119.000000 125.000000 81.000000 0.486984
542385.220000 6589896.240000 22.580000 100.000000 117.000000 124.000000 78.000000 0.470657
542385.130000 6589896.580000 22.740000 98.000000 112.000000 113.000000 78.000000 0.499649
542385.050000 6589896.880000 22.960000 190.000000 209.000000 190.000000 146.000000 0.499985
542384.960000 6589897.210000 23.100000 188.000000 204.000000 191.000000 135.000000 0.444656
542384.880000 6589897.510000 23.170000 192.000000 209.000000 190.000000 138.000000 0.387985
542384.790000 6589897.840000 23.400000 49.000000 60.000000 62.000000 28.000000 0.401321
542384.710000 6589898.140000 23.520000 101.000000 114.000000 120.000000 81.000000 0.497650
542384.630000 6589898.440000 23.580000 101.000000 116.000000 123.000000 82.000000 0.453659
542384.540000 6589898.770000 23.750000 100.000000 115.000000 120.000000 80.000000 0.466660
542384.460000 6589899.080000 23.890000 100.000000 115.000000 118.000000 79.000000 0.466324
542384.380000 6589899.380000 24.030000 100.000000 113.000000 119.000000 81.000000 0.450653
542385.420000 6589894.090000 21.270000 101.000000 118.000000 125.000000 83.000000 0.435989
542385.330000 6589894.380000 21.490000 102.000000 120.000000 124.000000 86.000000 0.458984
542385.240000 6589894.730000 21.620000 99.000000 116.000000 123.000000 80.000000 0.472321
542385.160000 6589895.040000 21.710000 100.000000 117.000000 124.000000 83.000000 0.451324
542385.080000 6589895.350000 21.850000 102.000000 119.000000 126.000000 83.000000 0.466324
542384.990000 6589895.660000 22.090000 100.000000 119.000000 125.000000 80.000000 0.469315
542384.900000 6589895.990000 22.170000 102.000000 121.000000 127.000000 85.000000 0.500320
542384.820000 6589896.280000 22.300000 136.000000 151.000000 154.000000 123.000000 0.471313
542384.740000 6589896.590000 22.480000 133.000000 151.000000 135.000000 107.000000 0.492981
542384.650000 6589896.930000 22.660000 191.000000 208.000000 192.000000 140.000000 0.533310
542384.570000 6589897.240000 22.880000 196.000000 213.000000 197.000000 148.000000 0.718643
542384.490000 6589897.530000 22.890000 88.000000 104.000000 103.000000 53.000000 0.601318
542384.400000 6589897.870000 23.150000 108.000000 121.000000 129.000000 90.000000 0.438980
542384.320000 6589898.190000 23.180000 101.000000 116.000000 123.000000 85.000000 0.512314
542384.230000 6589898.490000 23.380000 101.000000 118.000000 125.000000 83.000000 0.472321
542384.140000 6589898.830000 23.450000 98.000000 115.000000 122.000000 81.000000 0.460983
542384.050000 6589899.170000 23.610000 105.000000 118.000000 126.000000 86.000000 0.466324
542384.890000 6589894.440000 21.160000 100.000000 115.000000 122.000000 78.000000 0.506989
542384.810000 6589894.750000 21.220000 100.000000 117.000000 124.000000 85.000000 0.482651
542384.730000 6589895.040000 21.380000 98.000000 117.000000 123.000000 82.000000 0.451645
542384.640000 6589895.380000 21.580000 101.000000 120.000000 126.000000 82.000000 0.469650
542384.560000 6589895.700000 21.730000 126.000000 143.000000 151.000000 109.000000 0.503647
542384.470000 6589896.000000 21.970000 50.000000 65.000000 70.000000 25.000000 0.486649
542384.390000 6589896.330000 22.180000 97.000000 111.000000 120.000000 81.000000 0.520325
542384.210000 6589896.970000 22.270000 120.000000 136.000000 126.000000 105.000000 0.477646
542384.130000 6589897.290000 22.460000 131.000000 147.000000 134.000000 107.000000 0.483658
542384.040000 6589897.610000 22.580000 100.000000 115.000000 122.000000 81.000000 0.487320
542383.960000 6589897.920000 22.740000 100.000000 117.000000 124.000000 81.000000 0.512650
542383.870000 6589898.230000 22.850000 99.000000 116.000000 123.000000 82.000000 0.482315
542383.790000 6589898.570000 22.980000 98.000000 115.000000 122.000000 79.000000 0.438660
542383.690000 6589898.900000 23.180000 89.000000 100.000000 104.000000 74.000000 0.495651
542384.540000 6589894.670000 21.050000 102.000000 121.000000 128.000000 85.000000 0.469986
542384.280000 6589895.650000 21.850000 121.000000 135.000000 144.000000 103.000000 0.479324
542384.190000 6589895.990000 22.200000 24.000000 37.000000 46.000000 20.000000 0.477646
542384.110000 6589896.290000 22.060000 101.000000 115.000000 124.000000 81.000000 0.498322
542384.020000 6589896.590000 21.910000 100.000000 120.000000 121.000000 80.000000 0.510315
542383.940000 6589896.910000 22.040000 104.000000 119.000000 124.000000 82.000000 0.489990
542383.850000 6589897.260000 22.210000 107.000000 122.000000 127.000000 89.000000 0.489990
542383.760000 6589897.580000 22.360000 100.000000 118.000000 122.000000 80.000000 0.485992
542383.670000 6589897.900000 22.530000 98.000000 115.000000 122.000000 78.000000 0.479980
542383.590000 6589898.220000 22.630000 100.000000 117.000000 125.000000 83.000000 0.468323
542383.500000 6589898.520000 22.800000 101.000000 118.000000 125.000000 77.000000 0.488647
542384.290000 6589894.550000 20.960000 125.000000 144.000000 151.000000 102.000000 0.481323
542384.200000 6589894.890000 21.290000 120.000000 141.000000 146.000000 98.000000 0.456985
542384.110000 6589895.220000 21.600000 125.000000 144.000000 150.000000 101.000000 0.519653
542383.840000 6589896.210000 22.000000 101.000000 116.000000 123.000000 80.000000 0.468979
542383.760000 6589896.500000 21.710000 99.000000 116.000000 123.000000 82.000000 0.505981
542383.680000 6589896.800000 21.800000 100.000000 118.000000 122.000000 84.000000 0.500656
542383.600000 6589897.110000 21.900000 102.000000 117.000000 122.000000 82.000000 0.526657
542383.510000 6589897.440000 22.030000 97.000000 115.000000 119.000000 80.000000 0.479645
542383.420000 6589897.770000 22.230000 102.000000 117.000000 122.000000 81.000000 0.462646
542383.340000 6589898.070000 22.390000 102.000000 119.000000 126.000000 84.000000 0.522324
542383.250000 6589898.400000 22.500000 104.000000 119.000000 124.000000 83.000000 0.508316
542383.410000 6589896.280000 21.590000 107.000000 122.000000 129.000000 91.000000 0.503647
542383.320000 6589896.590000 21.420000 97.000000 114.000000 121.000000 83.000000 0.483322
542383.230000 6589896.930000 21.510000 99.000000 114.000000 121.000000 80.000000 0.450989
542383.150000 6589897.230000 21.710000 97.000000 112.000000 119.000000 78.000000 0.461319
542383.060000 6589897.570000 21.870000 98.000000 115.000000 122.000000 83.000000 0.466980
542382.970000 6589897.900000 21.960000 100.000000 115.000000 122.000000 82.000000 0.467651
542382.890000 6589898.200000 22.150000 104.000000 115.000000 119.000000 90.000000 0.473984
542383.070000 6589896.220000 21.460000 105.000000 118.000000 126.000000 94.000000 0.500320
542382.980000 6589896.550000 21.200000 100.000000 118.000000 122.000000 83.000000 0.492981
542382.890000 6589896.850000 21.210000 99.000000 116.000000 123.000000 80.000000 0.498978
542382.810000 6589897.180000 21.340000 103.000000 118.000000 125.000000 87.000000 0.485992
542382.730000 6589897.480000 21.480000 104.000000 119.000000 126.000000 85.000000 0.466980
542382.640000 6589897.800000 21.590000 101.000000 118.000000 126.000000 83.000000 0.513657
542382.740000 6589896.240000 21.220000 109.000000 120.000000 126.000000 92.000000 0.494324
542382.660000 6589896.530000 20.970000 99.000000 114.000000 119.000000 83.000000 0.492981
542382.580000 6589896.840000 20.980000 98.000000 116.000000 120.000000 79.000000 0.468323
542382.490000 6589897.160000 21.140000 104.000000 119.000000 124.000000 83.000000 0.483978
542382.400000 6589897.480000 21.280000 99.000000 114.000000 121.000000 76.000000 0.465317
542382.500000 6589896.210000 21.070000 101.000000 112.000000 118.000000 83.000000 0.497986
542382.240000 6589897.160000 20.930000 99.000000 117.000000 121.000000 83.000000 0.433990
542382.160000 6589897.460000 21.070000 101.000000 116.000000 123.000000 85.000000 0.466980
542382.120000 6589896.160000 20.780000 27.000000 36.000000 43.000000 29.000000 0.442322
542382.030000 6589896.460000 20.310000 110.000000 123.000000 129.000000 90.000000 0.491989
542381.940000 6589896.810000 20.480000 104.000000 119.000000 124.000000 85.000000 0.475647
542381.860000 6589897.120000 20.590000 100.000000 113.000000 119.000000 81.000000 0.456985
542381.770000 6589896.110000 19.870000 95.000000 110.000000 115.000000 85.000000 0.490982
542381.690000 6589896.430000 20.030000 99.000000 114.000000 119.000000 88.000000 0.473648
542381.600000 6589896.760000 20.170000 101.000000 116.000000 121.000000 80.000000 0.440979
542381.520000 6589897.060000 20.300000 107.000000 121.000000 122.000000 85.000000 0.441986
542381.300000 6589896.700000 19.950000 104.000000 117.000000 123.000000 85.000000 0.469315
542381.230000 6589896.380000 19.650000 100.000000 115.000000 120.000000 81.000000 0.476654
542380.980000 6589896.600000 19.590000 108.000000 119.000000 123.000000 97.000000 0.422653
542381.380000 6589896.420000 19.800000 99.000000 114.000000 119.000000 82.000000 0.478317
542381.300000 6589896.720000 19.970000 104.000000 117.000000 123.000000 85.000000 0.458313
542381.080000 6589896.560000 19.680000 102.000000 115.000000 121.000000 82.000000 0.500656
542386.070000 6589900.360000 25.360000 44.000000 51.000000 61.000000 42.000000 0.480316
542386.010000 6589900.070000 25.610000 42.000000 49.000000 59.000000 36.000000 0.535324
542385.800000 6589900.240000 25.620000 42.000000 49.000000 59.000000 32.000000 0.539658
542386.020000 6589900.530000 25.260000 45.000000 52.000000 62.000000 40.000000 0.505646
542385.780000 6589900.240000 25.640000 59.000000 66.000000 76.000000 50.000000 0.547989
542401.340000 6589882.970000 25.290000 76.000000 89.000000 97.000000 67.000000 0.464981
542401.080000 6589882.940000 25.540000 75.000000 88.000000 96.000000 62.000000 0.423325
542400.510000 6589883.260000 25.640000 107.000000 122.000000 129.000000 90.000000 0.483322
542401.280000 6589882.740000 25.520000 74.000000 85.000000 91.000000 63.000000 0.486313
542399.860000 6589884.500000 25.430000 43.000000 52.000000 59.000000 38.000000 0.495651
542399.420000 6589884.470000 25.470000 39.000000 46.000000 56.000000 30.000000 0.471985
542399.360000 6589884.180000 25.200000 52.000000 61.000000 70.000000 48.000000 0.459320
542399.300000 6589885.370000 25.290000 60.000000 70.000000 80.000000 52.000000 0.499313
542399.160000 6589884.750000 25.410000 74.000000 84.000000 93.000000 61.000000 0.452316
542399.080000 6589884.400000 25.210000 79.000000 92.000000 100.000000 63.000000 0.472992
542398.970000 6589885.070000 25.600000 78.000000 89.000000 95.000000 67.000000 0.495651
542398.890000 6589884.740000 25.300000 70.000000 85.000000 92.000000 55.000000 0.472656
542398.780000 6589885.380000 25.620000 78.000000 91.000000 99.000000 68.000000 0.537323
542398.710000 6589885.050000 25.250000 71.000000 84.000000 92.000000 58.000000 0.464981
542398.630000 6589884.710000 25.030000 98.000000 115.000000 123.000000 80.000000 0.486649
542398.580000 6589886.130000 25.320000 73.000000 83.000000 93.000000 60.000000 0.504318
542398.440000 6589885.490000 25.460000 76.000000 89.000000 98.000000 64.000000 0.489655
542398.360000 6589885.170000 25.150000 93.000000 107.000000 116.000000 77.000000 0.445312
542398.180000 6589885.890000 25.470000 75.000000 88.000000 96.000000 64.000000 0.482651
542398.100000 6589885.540000 25.180000 81.000000 95.000000 104.000000 70.000000 0.476318
542398.030000 6589885.220000 24.910000 103.000000 117.000000 126.000000 86.000000 0.464325
542398.100000 6589886.670000 25.340000 78.000000 91.000000 99.000000 64.000000 0.482986
542397.960000 6589886.050000 25.440000 72.000000 85.000000 93.000000 67.000000 0.461655
542397.890000 6589885.730000 25.190000 90.000000 104.000000 113.000000 73.000000 0.478317
542397.820000 6589885.420000 24.900000 104.000000 121.000000 129.000000 87.000000 0.491989
542397.800000 6589886.550000 25.640000 73.000000 86.000000 94.000000 63.000000 0.717987
542397.720000 6589886.230000 25.350000 67.000000 80.000000 88.000000 60.000000 0.485992
542397.640000 6589885.890000 25.050000 101.000000 116.000000 123.000000 84.000000 0.490646
542397.570000 6589885.570000 24.840000 101.000000 120.000000 127.000000 83.000000 0.497650
542397.440000 6589886.650000 25.420000 69.000000 82.000000 90.000000 60.000000 0.479324
542397.370000 6589886.320000 25.170000 81.000000 98.000000 105.000000 65.000000 0.472992
542397.300000 6589886.010000 24.850000 102.000000 119.000000 126.000000 81.000000 0.493317
542397.260000 6589887.580000 25.370000 76.000000 86.000000 95.000000 64.000000 0.470657
542397.190000 6589887.270000 25.630000 68.000000 81.000000 89.000000 58.000000 0.636978
542397.120000 6589886.950000 25.300000 73.000000 86.000000 94.000000 64.000000 0.499313
542397.040000 6589886.620000 25.040000 87.000000 102.000000 109.000000 73.000000 0.473648
542396.960000 6589886.290000 24.800000 101.000000 120.000000 126.000000 85.000000 0.445984
542397.070000 6589887.760000 25.370000 76.000000 89.000000 97.000000 63.000000 0.456650
542396.930000 6589887.160000 25.470000 71.000000 84.000000 92.000000 66.000000 0.477982
542396.850000 6589886.810000 25.090000 94.000000 109.000000 116.000000 79.000000 0.462646
542396.780000 6589886.500000 24.880000 101.000000 118.000000 126.000000 80.000000 0.454651
542396.710000 6589886.180000 24.580000 103.000000 120.000000 130.000000 87.000000 0.470322
542396.730000 6589887.520000 25.470000 73.000000 83.000000 92.000000 61.000000 0.463989
542396.650000 6589887.180000 25.180000 85.000000 100.000000 107.000000 72.000000 0.450989
542396.570000 6589886.860000 24.900000 97.000000 114.000000 122.000000 79.000000 0.423645
542396.500000 6589886.520000 24.620000 98.000000 115.000000 123.000000 82.000000 0.466660
542396.500000 6589887.920000 25.640000 77.000000 87.000000 96.000000 65.000000 0.626984
542396.420000 6589887.570000 25.260000 72.000000 85.000000 93.000000 59.000000 0.437317
542396.350000 6589887.240000 24.990000 107.000000 122.000000 129.000000 87.000000 0.453979
542396.280000 6589886.950000 24.720000 102.000000 119.000000 127.000000 82.000000 0.461990
542396.200000 6589886.630000 24.390000 101.000000 120.000000 127.000000 84.000000 0.462326
542396.320000 6589888.650000 25.350000 75.000000 88.000000 96.000000 66.000000 0.479980
542396.240000 6589888.340000 25.630000 91.000000 106.000000 113.000000 75.000000 0.611313
542396.180000 6589888.040000 25.390000 87.000000 102.000000 109.000000 74.000000 0.471313
542396.100000 6589887.710000 25.070000 98.000000 113.000000 120.000000 81.000000 0.457993
542396.020000 6589887.370000 24.870000 104.000000 121.000000 128.000000 86.000000 0.461990
542395.950000 6589887.060000 24.540000 98.000000 117.000000 123.000000 82.000000 0.469315
542395.960000 6589888.410000 25.460000 111.000000 128.000000 135.000000 94.000000 0.448318
542395.880000 6589888.060000 25.140000 116.000000 133.000000 140.000000 96.000000 0.448654
542395.810000 6589887.720000 24.880000 112.000000 127.000000 134.000000 90.000000 0.469650
542395.730000 6589887.420000 24.640000 99.000000 116.000000 123.000000 82.000000 0.480316
542395.660000 6589887.090000 24.380000 101.000000 120.000000 126.000000 87.000000 0.470978
542395.620000 6589888.080000 24.970000 109.000000 128.000000 134.000000 90.000000 0.460983
542395.540000 6589887.730000 24.690000 115.000000 132.000000 139.000000 95.000000 0.500656
542395.460000 6589887.390000 24.430000 100.000000 119.000000 125.000000 81.000000 0.486649
542395.290000 6589888.270000 24.850000 134.000000 153.000000 159.000000 105.000000 0.438980
542395.220000 6589887.970000 24.540000 107.000000 124.000000 132.000000 88.000000 0.460648
542395.140000 6589887.640000 24.320000 100.000000 117.000000 125.000000 82.000000 0.448990
542394.970000 6589888.600000 24.790000 42.000000 57.000000 62.000000 44.000000 0.459320
542394.900000 6589888.290000 24.590000 125.000000 142.000000 150.000000 100.000000 0.465317
542394.820000 6589887.960000 24.290000 101.000000 120.000000 126.000000 87.000000 0.487320
542394.990000 6589889.880000 25.560000 45.000000 54.000000 61.000000 39.000000 0.542648
542394.910000 6589889.570000 25.440000 44.000000 55.000000 61.000000 40.000000 0.436325
542394.750000 6589888.870000 24.850000 38.000000 48.000000 60.000000 32.000000 0.502655
542394.680000 6589888.570000 24.560000 99.000000 117.000000 121.000000 94.000000 0.467651
542394.610000 6589888.250000 24.300000 104.000000 123.000000 127.000000 82.000000 0.462326
542394.530000 6589887.910000 24.050000 98.000000 117.000000 121.000000 83.000000 0.476990
542394.690000 6589889.820000 25.490000 68.000000 80.000000 92.000000 68.000000 0.450317
542394.610000 6589889.510000 25.130000 67.000000 81.000000 94.000000 66.000000 0.486649
542394.530000 6589889.170000 24.820000 52.000000 64.000000 76.000000 42.000000 0.416656
542394.460000 6589888.850000 24.620000 102.000000 117.000000 124.000000 76.000000 0.460648
542394.390000 6589888.540000 24.320000 96.000000 115.000000 122.000000 80.000000 0.434982
542394.310000 6589888.220000 24.020000 101.000000 120.000000 126.000000 87.000000 0.430649
542394.360000 6589889.890000 25.230000 64.000000 81.000000 89.000000 57.000000 0.477325
542394.280000 6589889.540000 24.960000 192.000000 213.000000 214.000000 145.000000 0.429657
542394.200000 6589889.220000 24.670000 157.000000 177.000000 176.000000 128.000000 0.457321
542394.130000 6589888.920000 24.440000 102.000000 119.000000 126.000000 88.000000 0.485321
542394.050000 6589888.570000 24.110000 112.000000 131.000000 137.000000 100.000000 0.488647
542393.980000 6589888.250000 23.910000 102.000000 121.000000 127.000000 85.000000 0.482651
542393.910000 6589889.780000 24.810000 99.000000 119.000000 130.000000 63.000000 0.485657
542393.830000 6589889.410000 24.470000 160.000000 181.000000 184.000000 129.000000 0.479645
542393.750000 6589889.100000 24.190000 103.000000 120.000000 128.000000 85.000000 0.456314
542393.680000 6589888.790000 23.950000 102.000000 119.000000 129.000000 84.000000 0.465652
542393.630000 6589889.760000 24.600000 109.000000 130.000000 135.000000 76.000000 0.484650
542393.550000 6589889.440000 24.350000 103.000000 123.000000 130.000000 87.000000 0.469986
542393.480000 6589889.100000 24.060000 99.000000 118.000000 124.000000 84.000000 0.448318
542393.400000 6589888.760000 23.840000 103.000000 120.000000 128.000000 85.000000 0.592987
542393.350000 6589889.910000 24.430000 96.000000 113.000000 120.000000 81.000000 0.473648
542393.280000 6589889.600000 24.240000 104.000000 121.000000 129.000000 83.000000 0.466660
542393.210000 6589889.290000 23.970000 110.000000 127.000000 135.000000 87.000000 0.480316
542393.000000 6589889.980000 24.260000 99.000000 116.000000 124.000000 84.000000 0.463318
542392.930000 6589889.660000 23.980000 102.000000 116.000000 127.000000 84.000000 0.439987
542392.850000 6589889.310000 23.750000 106.000000 120.000000 129.000000 82.000000 0.469315
542392.520000 6589889.730000 23.740000 101.000000 118.000000 126.000000 84.000000 0.455322
542392.400000 6589889.920000 23.790000 100.000000 117.000000 125.000000 82.000000 0.473312
542392.320000 6589889.600000 23.550000 100.000000 119.000000 125.000000 81.000000 0.474319
542392.060000 6589889.760000 23.430000 103.000000 124.000000 129.000000 84.000000 0.467651
542399.680000 6589884.640000 25.490000 43.000000 50.000000 58.000000 39.000000 0.504318
542399.600000 6589884.930000 25.360000 41.000000 50.000000 59.000000 39.000000 0.479980
542399.520000 6589884.280000 25.440000 42.000000 49.000000 59.000000 37.000000 0.470978
542399.430000 6589884.600000 25.610000 42.000000 49.000000 59.000000 34.000000 0.578644
542399.240000 6589884.120000 25.190000 83.000000 92.000000 101.000000 84.000000 0.478653
542399.150000 6589884.460000 25.340000 73.000000 86.000000 94.000000 57.000000 0.470657
542399.060000 6589884.780000 25.460000 73.000000 86.000000 94.000000 61.000000 0.455322
542398.980000 6589885.090000 25.630000 78.000000 89.000000 95.000000 67.000000 0.546310
542398.820000 6589885.700000 25.350000 77.000000 90.000000 96.000000 65.000000 0.478317
542398.790000 6589884.510000 25.050000 99.000000 116.000000 124.000000 82.000000 0.462646
542398.700000 6589884.850000 25.240000 84.000000 98.000000 107.000000 70.000000 0.461655
542398.610000 6589885.180000 25.310000 68.000000 81.000000 89.000000 57.000000 0.461319
542398.530000 6589885.490000 25.540000 73.000000 86.000000 95.000000 62.000000 0.509659
542398.440000 6589885.810000 25.640000 79.000000 92.000000 100.000000 64.000000 0.625320
542398.280000 6589886.400000 25.350000 80.000000 95.000000 102.000000 68.000000 0.477646
542398.250000 6589885.030000 24.930000 103.000000 117.000000 126.000000 85.000000 0.478653
542398.160000 6589885.360000 25.100000 96.000000 110.000000 119.000000 79.000000 0.454987
542398.070000 6589885.670000 25.270000 71.000000 85.000000 94.000000 56.000000 0.452652
542397.980000 6589886.000000 25.390000 68.000000 83.000000 90.000000 63.000000 0.473984
542397.900000 6589886.320000 25.590000 72.000000 85.000000 93.000000 64.000000 0.535980
542397.930000 6589885.160000 24.840000 102.000000 119.000000 127.000000 83.000000 0.498978
542397.850000 6589885.480000 24.950000 104.000000 121.000000 129.000000 87.000000 0.481979
542397.760000 6589885.790000 25.150000 101.000000 118.000000 126.000000 88.000000 0.483978
542397.680000 6589886.100000 25.280000 64.000000 79.000000 86.000000 54.000000 0.450653
542397.590000 6589886.420000 25.430000 68.000000 81.000000 89.000000 60.000000 0.472656
542397.510000 6589886.720000 25.600000 70.000000 83.000000 91.000000 60.000000 0.554657
542397.430000 6589887.020000 25.590000 72.000000 82.000000 91.000000 60.000000 0.533646
542397.460000 6589885.780000 24.860000 99.000000 116.000000 124.000000 78.000000 0.479324
542397.380000 6589886.110000 25.010000 103.000000 120.000000 127.000000 87.000000 0.473984
542397.290000 6589886.420000 25.190000 80.000000 95.000000 102.000000 68.000000 0.463989
542397.210000 6589886.730000 25.290000 73.000000 88.000000 95.000000 64.000000 0.470978
542397.120000 6589887.050000 25.480000 79.000000 92.000000 100.000000 67.000000 0.472992
542397.040000 6589887.360000 25.640000 76.000000 89.000000 97.000000 66.000000 0.634979
542396.870000 6589888.000000 25.370000 80.000000 90.000000 99.000000 63.000000 0.471649
542396.990000 6589886.070000 24.710000 98.000000 117.000000 123.000000 79.000000 0.504654
542396.900000 6589886.380000 24.860000 101.000000 120.000000 126.000000 83.000000 0.497650
542396.820000 6589886.690000 24.980000 107.000000 122.000000 129.000000 84.000000 0.476654
542396.730000 6589887.010000 25.130000 77.000000 92.000000 99.000000 62.000000 0.480652
542396.650000 6589887.330000 25.320000 71.000000 84.000000 92.000000 62.000000 0.471313
542396.560000 6589887.660000 25.480000 79.000000 89.000000 98.000000 66.000000 0.493652
542396.470000 6589888.010000 25.620000 80.000000 90.000000 99.000000 66.000000 0.631653
542396.500000 6589886.540000 24.630000 98.000000 115.000000 123.000000 82.000000 0.478653
542396.400000 6589886.880000 24.800000 99.000000 116.000000 124.000000 79.000000 0.468658
542396.320000 6589887.180000 24.920000 98.000000 115.000000 122.000000 79.000000 0.490646
542396.240000 6589887.480000 25.040000 103.000000 118.000000 125.000000 84.000000 0.492981
542396.160000 6589887.810000 25.230000 71.000000 84.000000 92.000000 60.000000 0.455978
542396.070000 6589888.140000 25.410000 112.000000 127.000000 134.000000 89.000000 0.509659
542395.980000 6589888.450000 25.570000 111.000000 128.000000 135.000000 94.000000 0.522324
542396.140000 6589886.770000 24.530000 103.000000 122.000000 129.000000 86.000000 0.470978
542396.060000 6589887.090000 24.680000 101.000000 118.000000 125.000000 82.000000 0.479980
542395.970000 6589887.430000 24.800000 101.000000 118.000000 125.000000 83.000000 0.506317
542395.880000 6589887.740000 24.980000 112.000000 127.000000 134.000000 90.000000 0.487320
542395.790000 6589888.070000 25.100000 112.000000 131.000000 137.000000 95.000000 0.478653
542395.300000 6589889.920000 25.270000 44.000000 52.000000 63.000000 42.000000 0.484985
542395.840000 6589886.880000 24.380000 102.000000 121.000000 127.000000 86.000000 0.436646
542395.750000 6589887.190000 24.510000 102.000000 121.000000 127.000000 86.000000 0.480652
542395.670000 6589887.510000 24.670000 104.000000 121.000000 128.000000 84.000000 0.512314
542395.580000 6589887.840000 24.830000 111.000000 128.000000 135.000000 88.000000 0.468979
542395.500000 6589888.150000 24.990000 114.000000 133.000000 139.000000 94.000000 0.488983
542395.080000 6589889.720000 25.600000 41.000000 50.000000 59.000000 37.000000 0.486313
542395.280000 6589887.470000 24.380000 100.000000 117.000000 124.000000 82.000000 0.467651
542395.190000 6589887.800000 24.450000 102.000000 119.000000 129.000000 86.000000 0.470978
542395.100000 6589888.110000 24.600000 129.000000 146.000000 154.000000 114.000000 0.466324
542395.030000 6589888.420000 24.810000 110.000000 127.000000 134.000000 86.000000 0.464645
542394.940000 6589888.740000 24.930000 25.000000 36.000000 40.000000 31.000000 0.466660
542394.850000 6589889.070000 25.080000 36.000000 44.000000 55.000000 40.000000 0.397980
542394.760000 6589889.380000 25.190000 34.000000 46.000000 58.000000 38.000000 0.444321
542394.680000 6589889.700000 25.330000 62.000000 76.000000 87.000000 61.000000 0.450317
542394.840000 6589887.740000 24.140000 99.000000 116.000000 123.000000 82.000000 0.535645
542394.750000 6589888.060000 24.300000 93.000000 110.000000 117.000000 80.000000 0.460983
542394.670000 6589888.360000 24.420000 106.000000 125.000000 129.000000 85.000000 0.500320
542394.590000 6589888.680000 24.600000 96.000000 113.000000 120.000000 82.000000 0.498657
542394.500000 6589889.010000 24.720000 68.000000 81.000000 90.000000 53.000000 0.487320
542394.410000 6589889.330000 24.860000 60.000000 77.000000 85.000000 53.000000 0.469650
542394.320000 6589889.660000 25.040000 142.000000 161.000000 167.000000 113.000000 0.464645
542394.390000 6589888.190000 24.150000 103.000000 121.000000 125.000000 82.000000 0.481659
542394.310000 6589888.490000 24.290000 92.000000 111.000000 118.000000 74.000000 0.462982
542394.230000 6589888.770000 24.430000 97.000000 114.000000 121.000000 75.000000 0.473984
542394.140000 6589889.110000 24.580000 102.000000 120.000000 120.000000 82.000000 0.486984
542394.050000 6589889.440000 24.780000 187.000000 208.000000 209.000000 142.000000 0.446320
542393.970000 6589889.750000 24.870000 99.000000 119.000000 130.000000 63.000000 0.472656
542394.150000 6589888.130000 23.940000 103.000000 120.000000 128.000000 84.000000 0.486649
542394.070000 6589888.450000 24.030000 108.000000 127.000000 133.000000 90.000000 0.474655
542393.980000 6589888.780000 24.180000 105.000000 122.000000 129.000000 88.000000 0.489990
542393.890000 6589889.100000 24.330000 96.000000 113.000000 123.000000 76.000000 0.463989
542393.810000 6589889.420000 24.490000 160.000000 181.000000 184.000000 129.000000 0.460312
542393.720000 6589889.750000 24.620000 144.000000 164.000000 171.000000 114.000000 0.479324
542393.570000 6589888.700000 23.900000 104.000000 121.000000 129.000000 86.000000 0.522324
542393.480000 6589889.030000 24.010000 103.000000 122.000000 128.000000 88.000000 0.487991
542393.400000 6589889.330000 24.170000 105.000000 124.000000 130.000000 89.000000 0.461655
542393.320000 6589889.650000 24.330000 101.000000 118.000000 126.000000 81.000000 0.458649
542393.230000 6589889.960000 24.420000 103.000000 120.000000 127.000000 85.000000 0.470322
542393.130000 6589889.000000 23.820000 98.000000 115.000000 122.000000 77.000000 0.632309
542393.050000 6589889.300000 23.870000 104.000000 118.000000 127.000000 82.000000 0.528320
542392.960000 6589889.620000 23.980000 102.000000 116.000000 127.000000 84.000000 0.485321
542392.870000 6589889.940000 24.100000 102.000000 119.000000 127.000000 85.000000 0.450653
542392.790000 6589889.280000 23.640000 103.000000 120.000000 127.000000 84.000000 0.488312
542392.700000 6589889.580000 23.780000 102.000000 119.000000 126.000000 86.000000 0.499985
542392.620000 6589889.890000 23.970000 100.000000 117.000000 125.000000 84.000000 0.479324
542392.450000 6589889.550000 23.610000 98.000000 115.000000 122.000000 80.000000 0.484314
542392.360000 6589889.880000 23.780000 99.000000 118.000000 124.000000 83.000000 0.471649
542392.010000 6589889.760000 23.410000 103.000000 124.000000 129.000000 84.000000 0.468323
542389.980000 6589891.410000 22.910000 168.000000 197.000000 195.000000 99.000000 0.492325
542389.940000 6589892.910000 23.920000 103.000000 120.000000 128.000000 88.000000 0.484985
542389.860000 6589892.570000 23.620000 100.000000 116.000000 129.000000 84.000000 0.466324
542389.790000 6589892.230000 23.390000 103.000000 121.000000 125.000000 78.000000 0.489990
542389.710000 6589891.900000 23.020000 99.000000 116.000000 126.000000 84.000000 0.343994
542389.630000 6589891.570000 22.870000 154.000000 176.000000 173.000000 97.000000 0.719650
542389.940000 6589894.550000 24.950000 100.000000 118.000000 122.000000 81.000000 0.487991
542389.860000 6589894.210000 24.660000 104.000000 118.000000 127.000000 82.000000 0.463989
542389.780000 6589893.900000 24.370000 98.000000 115.000000 122.000000 78.000000 0.475647
542389.700000 6589893.550000 24.070000 96.000000 113.000000 120.000000 77.000000 0.466980
542389.620000 6589893.200000 23.810000 99.000000 116.000000 123.000000 83.000000 0.447647
542389.550000 6589892.890000 23.540000 100.000000 117.000000 125.000000 82.000000 0.473984
542389.480000 6589892.570000 23.270000 103.000000 122.000000 120.000000 82.000000 0.492981
542389.400000 6589892.230000 23.000000 98.000000 116.000000 120.000000 83.000000 0.428986
542389.330000 6589891.930000 22.780000 104.000000 121.000000 131.000000 83.000000 0.543320
542389.840000 6589895.590000 25.630000 73.000000 88.000000 95.000000 64.000000 0.647644
542389.770000 6589895.240000 25.290000 72.000000 89.000000 97.000000 60.000000 0.457993
542389.690000 6589894.900000 24.980000 104.000000 118.000000 127.000000 78.000000 0.468323
542389.610000 6589894.590000 24.770000 98.000000 117.000000 123.000000 83.000000 0.491653
542389.540000 6589894.290000 24.480000 97.000000 116.000000 123.000000 74.000000 0.479324
542389.470000 6589893.970000 24.260000 102.000000 121.000000 128.000000 87.000000 0.431992
542389.390000 6589893.620000 23.850000 97.000000 116.000000 122.000000 83.000000 0.474655
542389.320000 6589893.300000 23.690000 98.000000 115.000000 122.000000 79.000000 0.461319
542389.240000 6589892.980000 23.400000 99.000000 116.000000 123.000000 79.000000 0.469650
542389.160000 6589892.630000 23.110000 101.000000 119.000000 129.000000 82.000000 0.426651
542389.090000 6589892.310000 22.830000 96.000000 113.000000 121.000000 77.000000 0.472992
542389.680000 6589896.070000 25.480000 70.000000 83.000000 91.000000 56.000000 0.491318
542389.610000 6589895.780000 25.670000 66.000000 79.000000 87.000000 52.000000 0.693985
542389.540000 6589895.450000 25.280000 69.000000 86.000000 94.000000 55.000000 0.484314
542389.460000 6589895.100000 25.000000 101.000000 118.000000 126.000000 86.000000 0.473312
542389.380000 6589894.790000 24.740000 99.000000 118.000000 125.000000 82.000000 0.468323
542389.310000 6589894.460000 24.460000 99.000000 118.000000 125.000000 82.000000 0.493317
542389.230000 6589894.130000 24.190000 101.000000 120.000000 126.000000 86.000000 0.472992
542389.150000 6589893.790000 23.920000 102.000000 121.000000 127.000000 85.000000 0.476318
542389.080000 6589893.480000 23.620000 98.000000 115.000000 122.000000 80.000000 0.452988
542389.000000 6589893.140000 23.330000 99.000000 116.000000 123.000000 82.000000 0.458649
542388.930000 6589892.810000 23.060000 100.000000 117.000000 124.000000 80.000000 0.462326
542388.850000 6589892.490000 22.820000 98.000000 112.000000 121.000000 80.000000 0.489319
542389.210000 6589895.820000 25.230000 40.000000 53.000000 62.000000 38.000000 0.450989
542389.140000 6589895.480000 25.000000 110.000000 129.000000 135.000000 79.000000 0.463989
542389.060000 6589895.180000 24.750000 101.000000 120.000000 126.000000 87.000000 0.464325
542388.990000 6589894.840000 24.450000 99.000000 116.000000 123.000000 77.000000 0.429657
542388.910000 6589894.510000 24.160000 98.000000 115.000000 123.000000 80.000000 0.489319
542388.840000 6589894.190000 23.900000 100.000000 119.000000 125.000000 85.000000 0.460983
542388.760000 6589893.870000 23.580000 101.000000 118.000000 126.000000 85.000000 0.482986
542388.690000 6589893.540000 23.380000 99.000000 118.000000 124.000000 79.000000 0.462646
542388.610000 6589893.230000 23.100000 101.000000 120.000000 126.000000 83.000000 0.473312
542388.540000 6589892.930000 22.890000 102.000000 119.000000 126.000000 85.000000 0.461319
542388.970000 6589896.480000 25.540000 46.000000 56.000000 66.000000 38.000000 0.526978
542388.900000 6589896.170000 25.210000 59.000000 69.000000 79.000000 51.000000 0.446320
542388.820000 6589895.810000 24.930000 99.000000 113.000000 122.000000 83.000000 0.455978
542388.750000 6589895.500000 24.700000 96.000000 115.000000 119.000000 79.000000 0.481979
542388.680000 6589895.190000 24.400000 101.000000 118.000000 126.000000 80.000000 0.458984
542388.600000 6589894.880000 24.160000 101.000000 118.000000 126.000000 84.000000 0.474319
542388.530000 6589894.550000 23.900000 98.000000 117.000000 123.000000 82.000000 0.464325
542388.450000 6589894.230000 23.640000 103.000000 121.000000 125.000000 87.000000 0.458649
542388.380000 6589893.920000 23.400000 102.000000 117.000000 122.000000 82.000000 0.499313
542388.300000 6589893.580000 23.100000 101.000000 118.000000 126.000000 82.000000 0.460648
542388.830000 6589896.990000 25.520000 73.000000 86.000000 95.000000 60.000000 0.476654
542388.770000 6589896.710000 25.620000 73.000000 86.000000 94.000000 62.000000 0.635651
542388.690000 6589896.400000 25.310000 80.000000 95.000000 102.000000 61.000000 0.466660
542388.620000 6589896.070000 25.060000 99.000000 118.000000 124.000000 80.000000 0.460983
542388.540000 6589895.740000 24.760000 100.000000 117.000000 124.000000 79.000000 0.464325
542388.470000 6589895.430000 24.490000 102.000000 120.000000 124.000000 82.000000 0.483658
542388.400000 6589895.110000 24.210000 101.000000 118.000000 126.000000 84.000000 0.459320
542388.320000 6589894.780000 24.020000 99.000000 116.000000 123.000000 79.000000 0.504654
542388.250000 6589894.470000 23.680000 102.000000 120.000000 122.000000 88.000000 0.494324
542388.170000 6589894.130000 23.410000 105.000000 124.000000 120.000000 94.000000 0.482986
542388.510000 6589896.940000 25.430000 75.000000 88.000000 96.000000 65.000000 0.467651
542388.440000 6589896.640000 25.190000 83.000000 98.000000 105.000000 68.000000 0.469650
542388.360000 6589896.300000 24.950000 96.000000 113.000000 120.000000 79.000000 0.440979
542388.290000 6589895.970000 24.680000 103.000000 122.000000 129.000000 85.000000 0.485657
542388.210000 6589895.640000 24.370000 105.000000 122.000000 129.000000 83.000000 0.490646
542388.130000 6589895.310000 24.120000 100.000000 117.000000 124.000000 82.000000 0.496979
542388.060000 6589894.990000 23.860000 100.000000 117.000000 124.000000 82.000000 0.555313
542387.990000 6589894.680000 23.740000 107.000000 122.000000 125.000000 86.000000 0.426651
542388.360000 6589897.850000 25.300000 81.000000 94.000000 102.000000 70.000000 0.487656
542388.220000 6589897.210000 25.460000 76.000000 89.000000 97.000000 65.000000 0.468658
542388.140000 6589896.900000 25.200000 93.000000 108.000000 115.000000 77.000000 0.476318
542388.070000 6589896.570000 24.910000 104.000000 121.000000 128.000000 82.000000 0.474991
542387.990000 6589896.250000 24.660000 100.000000 117.000000 124.000000 81.000000 0.433319
542387.920000 6589895.920000 24.390000 98.000000 117.000000 124.000000 78.000000 0.467987
542387.840000 6589895.570000 24.130000 98.000000 117.000000 123.000000 77.000000 0.459991
542387.760000 6589895.240000 23.860000 102.000000 119.000000 126.000000 82.000000 0.530655
542387.680000 6589894.920000 23.640000 106.000000 121.000000 126.000000 92.000000 0.437988
542387.930000 6589897.590000 25.510000 73.000000 88.000000 95.000000 66.000000 0.471985
542387.850000 6589897.270000 25.200000 95.000000 110.000000 117.000000 80.000000 0.465317
542387.780000 6589896.940000 24.890000 99.000000 116.000000 123.000000 82.000000 0.506317
542387.690000 6589896.590000 24.660000 102.000000 119.000000 126.000000 82.000000 0.495987
542387.620000 6589896.280000 24.360000 102.000000 119.000000 126.000000 86.000000 0.484314
542387.550000 6589895.970000 24.070000 96.000000 113.000000 121.000000 80.000000 0.458649
542387.480000 6589895.660000 23.880000 102.000000 119.000000 126.000000 88.000000 0.477646
542387.730000 6589897.840000 25.510000 73.000000 86.000000 94.000000 58.000000 0.500992
542387.660000 6589897.560000 25.210000 86.000000 101.000000 108.000000 73.000000 0.472992
542387.590000 6589897.230000 24.960000 101.000000 118.000000 125.000000 84.000000 0.460312
542387.510000 6589896.890000 24.620000 99.000000 118.000000 124.000000 85.000000 0.452316
542387.430000 6589896.560000 24.400000 101.000000 118.000000 125.000000 84.000000 0.483658
542387.360000 6589896.250000 24.120000 100.000000 117.000000 124.000000 81.000000 0.457657
542387.570000 6589898.170000 25.640000 72.000000 85.000000 93.000000 60.000000 0.623642
542387.500000 6589897.850000 25.360000 72.000000 85.000000 93.000000 58.000000 0.468323
542387.420000 6589897.530000 25.130000 108.000000 123.000000 130.000000 86.000000 0.479980
542387.350000 6589897.190000 24.830000 102.000000 119.000000 126.000000 84.000000 0.460983
542387.270000 6589896.850000 24.580000 97.000000 116.000000 122.000000 83.000000 0.493988
542387.190000 6589896.540000 24.260000 102.000000 119.000000 127.000000 86.000000 0.453323
542387.240000 6589898.500000 25.650000 88.000000 98.000000 107.000000 73.000000 0.632980
542387.170000 6589898.190000 25.290000 89.000000 102.000000 110.000000 71.000000 0.458984
542387.090000 6589897.850000 24.990000 104.000000 119.000000 126.000000 77.000000 0.490311
542387.020000 6589897.530000 24.740000 101.000000 118.000000 125.000000 81.000000 0.488647
542386.940000 6589897.200000 24.430000 102.000000 119.000000 126.000000 83.000000 0.498322
542386.930000 6589898.710000 25.450000 101.000000 118.000000 125.000000 82.000000 0.456650
542386.860000 6589898.390000 25.210000 110.000000 125.000000 132.000000 88.000000 0.502655
542386.790000 6589898.090000 24.900000 109.000000 124.000000 131.000000 94.000000 0.500656
542386.720000 6589897.780000 24.600000 105.000000 122.000000 129.000000 83.000000 0.459656
542386.580000 6589898.340000 24.970000 108.000000 125.000000 132.000000 83.000000 0.419983
542385.930000 6589899.740000 25.390000 41.000000 48.000000 56.000000 38.000000 0.451645
542389.980000 6589895.800000 25.430000 80.000000 93.000000 101.000000 71.000000 0.472656
542389.900000 6589896.120000 25.270000 80.000000 93.000000 101.000000 68.000000 0.461655
542389.950000 6589894.930000 25.210000 76.000000 89.000000 97.000000 59.000000 0.476990
542389.860000 6589895.260000 25.450000 72.000000 86.000000 95.000000 60.000000 0.475983
542389.780000 6589895.570000 25.630000 75.000000 89.000000 98.000000 68.000000 0.622650
542389.610000 6589896.170000 25.430000 72.000000 85.000000 93.000000 62.000000 0.500656
542389.530000 6589896.510000 25.290000 77.000000 90.000000 98.000000 64.000000 0.452316
542389.990000 6589893.830000 24.560000 99.000000 116.000000 123.000000 82.000000 0.477982
542389.910000 6589894.120000 24.630000 104.000000 121.000000 129.000000 85.000000 0.470978
542389.820000 6589894.450000 24.810000 98.000000 115.000000 122.000000 79.000000 0.459991
542389.730000 6589894.790000 24.950000 97.000000 114.000000 121.000000 79.000000 0.473984
542389.640000 6589895.100000 25.100000 100.000000 114.000000 123.000000 77.000000 0.474319
542389.560000 6589895.420000 25.240000 69.000000 86.000000 94.000000 55.000000 0.446655
542389.470000 6589895.750000 25.450000 78.000000 92.000000 101.000000 57.000000 0.476990
542389.380000 6589896.090000 25.630000 65.000000 75.000000 84.000000 57.000000 0.606644
542389.130000 6589896.990000 25.260000 77.000000 90.000000 98.000000 67.000000 0.460648
542389.910000 6589892.620000 23.720000 100.000000 115.000000 122.000000 82.000000 0.473648
542389.820000 6589892.970000 23.870000 101.000000 118.000000 126.000000 83.000000 0.489319
542389.740000 6589893.260000 24.020000 99.000000 116.000000 123.000000 86.000000 0.495651
542389.650000 6589893.580000 24.150000 96.000000 113.000000 120.000000 77.000000 0.478317
542389.560000 6589893.940000 24.330000 99.000000 118.000000 125.000000 78.000000 0.478989
542389.470000 6589894.250000 24.480000 97.000000 116.000000 123.000000 78.000000 0.477982
542389.390000 6589894.550000 24.590000 98.000000 117.000000 124.000000 80.000000 0.468323
542389.300000 6589894.880000 24.770000 97.000000 114.000000 122.000000 78.000000 0.471649
542389.210000 6589895.200000 24.870000 97.000000 116.000000 123.000000 85.000000 0.453659
542389.130000 6589895.510000 25.050000 147.000000 166.000000 172.000000 113.000000 0.463989
542389.050000 6589895.830000 25.220000 37.000000 51.000000 60.000000 28.000000 0.485321
542388.960000 6589896.160000 25.350000 59.000000 69.000000 79.000000 51.000000 0.423645
542388.880000 6589896.430000 25.500000 67.000000 80.000000 89.000000 59.000000 0.489319
542388.800000 6589896.740000 25.650000 79.000000 92.000000 101.000000 70.000000 0.664642
542388.710000 6589897.080000 25.520000 77.000000 90.000000 98.000000 66.000000 0.492981
542388.630000 6589897.370000 25.360000 76.000000 89.000000 97.000000 62.000000 0.489655
542389.780000 6589891.650000 22.900000 126.000000 147.000000 148.000000 89.000000 0.465988
542389.690000 6589891.970000 23.130000 104.000000 121.000000 129.000000 92.000000 0.340652
542389.600000 6589892.280000 23.200000 101.000000 119.000000 123.000000 83.000000 0.506317
542389.520000 6589892.610000 23.360000 101.000000 120.000000 126.000000 85.000000 0.480988
542389.430000 6589892.950000 23.540000 100.000000 117.000000 125.000000 84.000000 0.513321
542389.350000 6589893.250000 23.650000 98.000000 115.000000 122.000000 79.000000 0.470322
542389.260000 6589893.580000 23.800000 98.000000 115.000000 122.000000 83.000000 0.442657
542389.170000 6589893.900000 23.940000 98.000000 117.000000 123.000000 80.000000 0.476990
542389.090000 6589894.220000 24.120000 99.000000 118.000000 124.000000 85.000000 0.480988
542389.000000 6589894.520000 24.270000 96.000000 115.000000 122.000000 78.000000 0.488312
542388.920000 6589894.840000 24.370000 99.000000 116.000000 123.000000 77.000000 0.502319
542388.830000 6589895.150000 24.540000 97.000000 116.000000 122.000000 77.000000 0.481979
542388.760000 6589895.440000 24.660000 96.000000 115.000000 119.000000 79.000000 0.466980
542388.670000 6589895.780000 24.780000 96.000000 113.000000 120.000000 79.000000 0.488983
542388.580000 6589896.090000 24.930000 95.000000 114.000000 120.000000 76.000000 0.459991
542388.500000 6589896.390000 25.070000 103.000000 120.000000 127.000000 84.000000 0.491653
542388.410000 6589896.720000 25.280000 73.000000 88.000000 95.000000 59.000000 0.461990
542388.330000 6589897.030000 25.400000 73.000000 86.000000 94.000000 58.000000 0.494644
542388.240000 6589897.360000 25.540000 79.000000 92.000000 100.000000 67.000000 0.541656
542389.370000 6589892.030000 22.890000 102.000000 119.000000 129.000000 85.000000 0.482315
542389.280000 6589892.370000 23.090000 102.000000 120.000000 124.000000 85.000000 0.480988
542389.200000 6589892.660000 23.180000 101.000000 119.000000 129.000000 82.000000 0.481659
542389.110000 6589892.980000 23.330000 100.000000 117.000000 124.000000 86.000000 0.431656
542389.030000 6589893.300000 23.450000 103.000000 120.000000 127.000000 84.000000 0.507324
542388.950000 6589893.600000 23.650000 100.000000 117.000000 124.000000 81.000000 0.488312
542388.860000 6589893.910000 23.800000 100.000000 119.000000 125.000000 81.000000 0.465988
542388.780000 6589894.240000 23.910000 99.000000 116.000000 124.000000 82.000000 0.484314
542388.690000 6589894.550000 24.050000 99.000000 118.000000 124.000000 77.000000 0.481323
542388.610000 6589894.850000 24.210000 103.000000 121.000000 131.000000 86.000000 0.476654
542388.520000 6589895.170000 24.360000 101.000000 118.000000 126.000000 86.000000 0.458984
542388.430000 6589895.520000 24.500000 99.000000 117.000000 121.000000 79.000000 0.475983
542388.350000 6589895.820000 24.630000 99.000000 118.000000 125.000000 80.000000 0.454987
542388.260000 6589896.140000 24.830000 99.000000 116.000000 123.000000 75.000000 0.484985
542388.180000 6589896.450000 24.930000 97.000000 114.000000 121.000000 82.000000 0.465317
542388.090000 6589896.770000 25.050000 100.000000 115.000000 122.000000 80.000000 0.484985
542388.010000 6589897.090000 25.170000 93.000000 108.000000 115.000000 76.000000 0.444992
542387.910000 6589897.440000 25.380000 74.000000 89.000000 96.000000 62.000000 0.474655
542387.830000 6589897.760000 25.570000 73.000000 86.000000 94.000000 62.000000 0.527985
542387.580000 6589898.680000 25.350000 81.000000 92.000000 98.000000 66.000000 0.510986
542389.030000 6589892.270000 22.890000 97.000000 114.000000 122.000000 78.000000 0.445648
542388.940000 6589892.580000 22.980000 99.000000 116.000000 124.000000 82.000000 0.490982
542388.850000 6589892.900000 23.090000 97.000000 114.000000 121.000000 84.000000 0.494644
542388.770000 6589893.220000 23.260000 97.000000 116.000000 122.000000 80.000000 0.510986
542388.510000 6589894.180000 23.660000 104.000000 119.000000 126.000000 82.000000 0.492645
542388.430000 6589894.490000 23.840000 100.000000 118.000000 122.000000 80.000000 0.454987
542388.340000 6589894.820000 23.980000 99.000000 116.000000 124.000000 80.000000 0.504654
542388.260000 6589895.120000 24.130000 103.000000 120.000000 128.000000 84.000000 0.486313
542388.170000 6589895.450000 24.270000 100.000000 119.000000 125.000000 84.000000 0.485657
542388.080000 6589895.790000 24.440000 101.000000 120.000000 126.000000 85.000000 0.473312
542387.990000 6589896.120000 24.580000 103.000000 120.000000 127.000000 86.000000 0.486984
542387.900000 6589896.440000 24.750000 102.000000 119.000000 126.000000 85.000000 0.468323
542387.820000 6589896.750000 24.880000 103.000000 120.000000 127.000000 85.000000 0.469315
542387.740000 6589897.060000 25.000000 102.000000 119.000000 126.000000 87.000000 0.483978
542387.660000 6589897.360000 25.140000 105.000000 120.000000 127.000000 84.000000 0.471313
542387.570000 6589897.690000 25.300000 90.000000 105.000000 112.000000 76.000000 0.473312
542387.480000 6589898.020000 25.450000 67.000000 80.000000 88.000000 50.000000 0.486984
542387.400000 6589898.330000 25.660000 73.000000 83.000000 92.000000 60.000000 0.682648
542387.310000 6589898.640000 25.580000 93.000000 104.000000 110.000000 79.000000 0.547318
542387.230000 6589898.960000 25.390000 66.000000 77.000000 83.000000 53.000000 0.476990
542388.320000 6589893.440000 23.060000 102.000000 119.000000 127.000000 84.000000 0.467987
542388.230000 6589893.780000 23.190000 107.000000 122.000000 127.000000 89.000000 0.424652
542388.140000 6589894.110000 23.360000 105.000000 124.000000 120.000000 94.000000 0.435989
542388.050000 6589894.430000 23.570000 112.000000 128.000000 127.000000 97.000000 0.498978
542387.970000 6589894.760000 23.820000 99.000000 114.000000 117.000000 78.000000 0.482651
542387.880000 6589895.080000 23.810000 101.000000 118.000000 125.000000 84.000000 0.555984
542387.800000 6589895.370000 23.960000 102.000000 119.000000 126.000000 82.000000 0.508987
542387.720000 6589895.680000 24.060000 100.000000 119.000000 125.000000 83.000000 0.456985
542387.630000 6589896.030000 24.260000 99.000000 116.000000 123.000000 78.000000 0.451981
542387.540000 6589896.340000 24.370000 98.000000 115.000000 122.000000 79.000000 0.456985
542387.460000 6589896.630000 24.490000 97.000000 116.000000 122.000000 78.000000 0.469650
542387.370000 6589896.990000 24.660000 99.000000 118.000000 124.000000 80.000000 0.498978
542387.280000 6589897.300000 24.820000 99.000000 116.000000 123.000000 79.000000 0.463989
542387.200000 6589897.630000 24.970000 102.000000 119.000000 126.000000 84.000000 0.470978
542387.110000 6589897.930000 25.080000 102.000000 117.000000 124.000000 82.000000 0.447647
542387.020000 6589898.270000 25.260000 91.000000 104.000000 112.000000 73.000000 0.434982
542386.940000 6589898.570000 25.410000 108.000000 125.000000 132.000000 85.000000 0.460312
542387.020000 6589896.800000 24.280000 99.000000 116.000000 123.000000 81.000000 0.461655
542386.940000 6589897.110000 24.430000 104.000000 121.000000 128.000000 84.000000 0.472656
542386.850000 6589897.430000 24.560000 104.000000 121.000000 128.000000 85.000000 0.460983
542386.770000 6589897.740000 24.720000 105.000000 122.000000 129.000000 83.000000 0.467316
542386.690000 6589898.050000 24.900000 112.000000 127.000000 134.000000 97.000000 0.489990
542386.600000 6589898.350000 25.030000 108.000000 125.000000 132.000000 83.000000 0.465988
542386.180000 6589899.930000 25.560000 42.000000 49.000000 59.000000 37.000000 0.527985
542385.950000 6589899.590000 25.380000 39.000000 46.000000 54.000000 39.000000 0.503311
542385.870000 6589899.890000 25.490000 44.000000 51.000000 61.000000 38.000000 0.461990
542394.830000 6589890.450000 25.300000 42.000000 52.000000 62.000000 38.000000 0.480652
542394.570000 6589890.800000 25.280000 74.000000 87.000000 93.000000 57.000000 0.480988
542394.420000 6589890.200000 25.530000 75.000000 85.000000 94.000000 63.000000 0.630646
542394.200000 6589891.040000 25.360000 73.000000 86.000000 95.000000 62.000000 0.421326
542394.130000 6589890.740000 25.620000 75.000000 88.000000 97.000000 61.000000 0.660980
542393.990000 6589890.100000 25.050000 45.000000 57.000000 69.000000 40.000000 0.456314
542393.930000 6589891.060000 25.570000 76.000000 87.000000 93.000000 62.000000 0.534653
542393.850000 6589890.740000 25.400000 69.000000 82.000000 90.000000 57.000000 0.463654
542393.780000 6589890.430000 25.160000 26.000000 35.000000 50.000000 23.000000 0.577316
542393.710000 6589890.100000 24.850000 46.000000 58.000000 70.000000 39.000000 0.460648
542393.590000 6589890.920000 25.380000 37.000000 49.000000 61.000000 27.000000 0.472656
542393.510000 6589890.590000 25.060000 130.000000 147.000000 155.000000 107.000000 0.462646
542393.440000 6589890.260000 24.750000 102.000000 121.000000 125.000000 83.000000 0.450989
542393.450000 6589891.920000 25.360000 80.000000 93.000000 101.000000 67.000000 0.493652
542393.370000 6589891.580000 25.650000 55.000000 67.000000 79.000000 43.000000 0.839645
542393.300000 6589891.270000 25.360000 39.000000 51.000000 63.000000 31.000000 0.472656
542393.230000 6589890.980000 25.070000 48.000000 62.000000 71.000000 40.000000 0.475983
542393.160000 6589890.640000 24.810000 106.000000 123.000000 130.000000 81.000000 0.467316
542393.080000 6589890.300000 24.590000 100.000000 119.000000 125.000000 79.000000 0.472656
542393.050000 6589892.030000 25.600000 67.000000 80.000000 88.000000 59.000000 0.539322
542392.980000 6589891.690000 25.360000 73.000000 87.000000 96.000000 59.000000 0.469986
542392.900000 6589891.350000 25.130000 91.000000 108.000000 116.000000 78.000000 0.491653
542392.830000 6589891.040000 24.770000 103.000000 120.000000 127.000000 78.000000 0.431320
542392.750000 6589890.700000 24.570000 101.000000 120.000000 126.000000 85.000000 0.456985
542392.670000 6589890.360000 24.260000 100.000000 117.000000 124.000000 84.000000 0.458984
542392.600000 6589890.050000 23.950000 101.000000 118.000000 126.000000 81.000000 0.454651
542392.990000 6589892.480000 25.350000 73.000000 83.000000 92.000000 57.000000 0.470978
542392.920000 6589892.170000 25.600000 77.000000 90.000000 98.000000 67.000000 0.554657
542392.840000 6589891.850000 25.410000 64.000000 79.000000 86.000000 52.000000 0.455658
542392.760000 6589891.510000 25.120000 100.000000 119.000000 126.000000 83.000000 0.463318
542392.690000 6589891.220000 24.900000 100.000000 119.000000 126.000000 78.000000 0.458649
542392.610000 6589890.860000 24.570000 100.000000 119.000000 125.000000 79.000000 0.433990
542392.540000 6589890.550000 24.330000 102.000000 119.000000 126.000000 86.000000 0.466324
542392.470000 6589890.240000 24.040000 99.000000 116.000000 124.000000 80.000000 0.480652
542392.730000 6589892.650000 25.410000 75.000000 85.000000 94.000000 60.000000 0.474991
542392.650000 6589892.330000 25.570000 79.000000 92.000000 100.000000 67.000000 0.509323
542392.590000 6589892.020000 25.330000 68.000000 82.000000 91.000000 52.000000 0.455322
542392.510000 6589891.700000 25.070000 103.000000 120.000000 128.000000 87.000000 0.473984
542392.440000 6589891.390000 24.750000 96.000000 115.000000 122.000000 73.000000 0.464981
542392.370000 6589891.080000 24.490000 100.000000 119.000000 125.000000 84.000000 0.473648
542392.290000 6589890.730000 24.250000 100.000000 117.000000 125.000000 83.000000 0.454315
542392.210000 6589890.420000 23.970000 101.000000 118.000000 126.000000 82.000000 0.489990
542392.140000 6589890.110000 23.710000 100.000000 119.000000 126.000000 83.000000 0.481323
542392.510000 6589893.090000 25.300000 78.000000 91.000000 100.000000 67.000000 0.503311
542392.370000 6589892.460000 25.380000 76.000000 89.000000 97.000000 64.000000 0.457321
542392.290000 6589892.150000 25.200000 99.000000 113.000000 122.000000 84.000000 0.475311
542392.220000 6589891.850000 24.920000 100.000000 117.000000 125.000000 84.000000 0.474655
542392.140000 6589891.500000 24.630000 98.000000 117.000000 123.000000 78.000000 0.474655
542392.070000 6589891.190000 24.390000 115.000000 132.000000 139.000000 111.000000 0.470322
542391.920000 6589890.520000 23.850000 99.000000 116.000000 123.000000 82.000000 0.489990
542391.840000 6589890.190000 23.590000 99.000000 116.000000 124.000000 80.000000 0.483658
542392.120000 6589893.130000 25.590000 76.000000 91.000000 96.000000 64.000000 0.536987
542392.060000 6589892.840000 25.440000 76.000000 91.000000 96.000000 67.000000 0.454315
542391.980000 6589892.490000 25.130000 103.000000 118.000000 125.000000 89.000000 0.456314
542391.890000 6589892.140000 24.860000 103.000000 120.000000 127.000000 84.000000 0.487320
542391.830000 6589891.850000 24.610000 101.000000 118.000000 125.000000 83.000000 0.488312
542391.750000 6589891.530000 24.280000 100.000000 117.000000 125.000000 80.000000 0.498657
542391.670000 6589891.180000 24.030000 101.000000 118.000000 126.000000 82.000000 0.512314
542391.600000 6589890.860000 23.790000 104.000000 121.000000 129.000000 85.000000 0.479980
542391.520000 6589890.520000 23.520000 99.000000 116.000000 124.000000 82.000000 0.466324
542391.950000 6589893.530000 25.450000 65.000000 76.000000 82.000000 54.000000 0.461990
542391.880000 6589893.240000 25.600000 118.000000 129.000000 135.000000 99.000000 0.497650
542391.810000 6589892.920000 25.310000 70.000000 84.000000 87.000000 62.000000 0.437317
542391.730000 6589892.580000 25.000000 109.000000 124.000000 129.000000 91.000000 0.468979
542391.650000 6589892.250000 24.730000 98.000000 115.000000 122.000000 82.000000 0.502319
542391.580000 6589891.910000 24.430000 102.000000 121.000000 127.000000 82.000000 0.447311
542391.500000 6589891.570000 24.210000 102.000000 121.000000 128.000000 85.000000 0.448990
542391.420000 6589891.240000 23.840000 99.000000 117.000000 127.000000 84.000000 0.484314
542391.350000 6589890.930000 23.620000 101.000000 118.000000 126.000000 81.000000 0.495987
542391.280000 6589890.600000 23.370000 102.000000 119.000000 127.000000 84.000000 0.472321
542391.670000 6589893.400000 25.570000 113.000000 126.000000 134.000000 87.000000 0.496323
542391.590000 6589893.060000 25.210000 110.000000 125.000000 132.000000 88.000000 0.450317
542391.520000 6589892.740000 24.970000 112.000000 127.000000 132.000000 96.000000 0.447647
542391.450000 6589892.430000 24.740000 100.000000 115.000000 120.000000 81.000000 0.469650
542391.380000 6589892.120000 24.500000 100.000000 117.000000 124.000000 79.000000 0.460648
542391.300000 6589891.780000 24.200000 100.000000 119.000000 126.000000 85.000000 0.493988
542391.220000 6589891.430000 23.890000 100.000000 119.000000 126.000000 82.000000 0.489990
542391.150000 6589891.130000 23.670000 102.000000 119.000000 126.000000 83.000000 0.458984
542391.070000 6589890.790000 23.350000 101.000000 118.000000 126.000000 84.000000 0.460648
542391.270000 6589893.320000 25.110000 110.000000 129.000000 136.000000 86.000000 0.391983
542391.190000 6589892.990000 24.840000 112.000000 129.000000 137.000000 90.000000 0.481659
542391.110000 6589892.660000 24.590000 106.000000 124.000000 128.000000 86.000000 0.453323
542391.030000 6589892.300000 24.320000 102.000000 119.000000 126.000000 79.000000 0.479324
542390.960000 6589892.000000 24.020000 101.000000 118.000000 126.000000 84.000000 0.462646
542390.880000 6589891.670000 23.760000 103.000000 120.000000 127.000000 84.000000 0.499649
542390.810000 6589891.350000 23.510000 104.000000 122.000000 126.000000 84.000000 0.468658
542390.730000 6589891.000000 23.180000 95.000000 113.000000 115.000000 78.000000 0.484650
542390.910000 6589893.240000 24.840000 110.000000 129.000000 136.000000 92.000000 0.506989
542390.840000 6589892.920000 24.520000 108.000000 127.000000 134.000000 86.000000 0.452988
542390.770000 6589892.610000 24.320000 100.000000 119.000000 125.000000 80.000000 0.437653
542390.680000 6589892.240000 23.960000 100.000000 119.000000 126.000000 86.000000 0.481979
542390.620000 6589891.940000 23.830000 105.000000 122.000000 129.000000 89.000000 0.519989
542390.550000 6589891.650000 23.550000 106.000000 121.000000 126.000000 85.000000 0.376328
542390.470000 6589891.300000 23.200000 125.000000 143.000000 143.000000 94.000000 0.524323
542390.720000 6589893.570000 24.890000 111.000000 125.000000 134.000000 93.000000 0.477646
542390.650000 6589893.270000 24.640000 108.000000 125.000000 133.000000 84.000000 0.476318
542390.570000 6589892.950000 24.390000 104.000000 123.000000 129.000000 86.000000 0.474655
542390.500000 6589892.620000 24.090000 100.000000 119.000000 125.000000 81.000000 0.475983
542390.420000 6589892.300000 23.850000 101.000000 118.000000 126.000000 85.000000 0.538986
542390.350000 6589891.990000 23.770000 103.000000 114.000000 116.000000 75.000000 0.415314
542390.200000 6589891.320000 23.060000 154.000000 181.000000 188.000000 96.000000 0.442993
542390.790000 6589894.940000 25.390000 43.000000 51.000000 62.000000 38.000000 0.488647
542390.720000 6589894.630000 25.620000 39.000000 48.000000 57.000000 36.000000 0.533981
542390.500000 6589893.690000 24.840000 29.000000 39.000000 48.000000 24.000000 0.446991
542390.430000 6589893.390000 24.590000 111.000000 126.000000 133.000000 92.000000 0.469315
542390.350000 6589893.050000 24.300000 101.000000 116.000000 123.000000 77.000000 0.445648
542390.280000 6589892.730000 24.120000 101.000000 118.000000 126.000000 83.000000 0.516983
542390.200000 6589892.390000 23.850000 104.000000 121.000000 129.000000 86.000000 0.554321
542390.050000 6589891.730000 23.140000 125.000000 140.000000 143.000000 89.000000 0.364990
542390.390000 6589894.870000 25.610000 66.000000 76.000000 85.000000 57.000000 0.563980
542390.320000 6589894.530000 25.200000 60.000000 73.000000 79.000000 53.000000 0.447311
542390.240000 6589894.200000 25.010000 37.000000 51.000000 60.000000 32.000000 0.432312
542390.160000 6589893.880000 24.690000 108.000000 123.000000 130.000000 92.000000 0.470322
542390.090000 6589893.560000 24.470000 104.000000 119.000000 124.000000 85.000000 0.446320
542390.020000 6589893.230000 24.150000 103.000000 118.000000 125.000000 84.000000 0.457993
542390.080000 6589895.190000 25.520000 75.000000 85.000000 95.000000 57.000000 0.517990
542390.010000 6589894.880000 25.170000 78.000000 88.000000 97.000000 60.000000 0.480988
542395.000000 6589890.000000 25.400000 42.000000 48.000000 60.000000 39.000000 0.479645
542394.920000 6589890.290000 25.240000 44.000000 52.000000 63.000000 39.000000 0.476318
542394.590000 6589890.020000 25.520000 82.000000 92.000000 102.000000 70.000000 0.512985
542394.510000 6589890.340000 25.610000 75.000000 85.000000 94.000000 65.000000 0.680649
542394.430000 6589890.640000 25.450000 71.000000 84.000000 90.000000 56.000000 0.496323
542394.230000 6589890.000000 25.170000 78.000000 93.000000 100.000000 68.000000 0.496658
542394.060000 6589890.630000 25.470000 73.000000 86.000000 95.000000 59.000000 0.611649
542393.980000 6589890.950000 25.620000 73.000000 86.000000 92.000000 56.000000 0.650314
542393.820000 6589891.540000 25.320000 75.000000 92.000000 99.000000 65.000000 0.461319
542393.880000 6589890.060000 25.050000 29.000000 41.000000 55.000000 29.000000 0.505981
542393.790000 6589890.410000 25.180000 26.000000 35.000000 50.000000 23.000000 0.548981
542393.710000 6589890.720000 25.340000 76.000000 86.000000 96.000000 65.000000 0.439316
542393.620000 6589891.060000 25.520000 53.000000 63.000000 73.000000 41.000000 0.501984
542393.450000 6589891.680000 25.530000 73.000000 83.000000 93.000000 62.000000 0.514648
542393.370000 6589891.970000 25.380000 83.000000 96.000000 104.000000 68.000000 0.490311
542393.630000 6589890.060000 24.800000 98.000000 112.000000 121.000000 87.000000 0.465988
542393.540000 6589890.390000 24.960000 89.000000 106.000000 113.000000 77.000000 0.488647
542393.460000 6589890.700000 25.130000 150.000000 164.000000 173.000000 113.000000 0.456314
542393.380000 6589891.030000 25.230000 34.000000 46.000000 58.000000 27.000000 0.449326
542393.290000 6589891.330000 25.410000 40.000000 52.000000 64.000000 31.000000 0.451981
542393.210000 6589891.640000 25.620000 53.000000 66.000000 75.000000 38.000000 0.670319
542393.120000 6589891.960000 25.600000 69.000000 82.000000 90.000000 60.000000 0.554977
542392.960000 6589892.560000 25.300000 78.000000 88.000000 97.000000 66.000000 0.497314
542393.150000 6589890.260000 24.600000 102.000000 121.000000 127.000000 83.000000 0.464645
542393.060000 6589890.590000 24.740000 102.000000 121.000000 127.000000 87.000000 0.467987
542392.980000 6589890.910000 24.910000 99.000000 116.000000 123.000000 84.000000 0.505325
542392.890000 6589891.210000 25.070000 102.000000 119.000000 127.000000 82.000000 0.466980
542392.810000 6589891.520000 25.210000 84.000000 101.000000 109.000000 72.000000 0.453979
542392.730000 6589891.850000 25.340000 66.000000 81.000000 88.000000 52.000000 0.464981
542392.630000 6589892.180000 25.470000 70.000000 85.000000 92.000000 59.000000 0.458649
542392.550000 6589892.490000 25.570000 73.000000 86.000000 94.000000 60.000000 0.537979
542392.470000 6589892.790000 25.480000 76.000000 89.000000 97.000000 63.000000 0.471649
542392.390000 6589893.100000 25.340000 77.000000 92.000000 99.000000 67.000000 0.490646
542392.790000 6589890.250000 24.340000 103.000000 120.000000 127.000000 84.000000 0.495987
542392.710000 6589890.570000 24.430000 98.000000 117.000000 123.000000 83.000000 0.464325
542392.610000 6589890.910000 24.620000 101.000000 120.000000 126.000000 79.000000 0.474655
542392.530000 6589891.210000 24.740000 100.000000 119.000000 126.000000 81.000000 0.457657
542392.450000 6589891.530000 24.870000 101.000000 120.000000 127.000000 85.000000 0.482986
542392.360000 6589891.840000 24.970000 105.000000 122.000000 130.000000 89.000000 0.470657
542392.280000 6589892.170000 25.140000 99.000000 113.000000 122.000000 84.000000 0.466324
542392.190000 6589892.480000 25.310000 74.000000 89.000000 96.000000 59.000000 0.450653
542392.100000 6589892.830000 25.460000 76.000000 91.000000 96.000000 67.000000 0.476318
542392.010000 6589893.150000 25.580000 74.000000 87.000000 93.000000 68.000000 0.528320
542391.930000 6589893.460000 25.510000 64.000000 75.000000 81.000000 53.000000 0.502319
542392.530000 6589890.230000 24.070000 102.000000 119.000000 127.000000 83.000000 0.480316
542392.440000 6589890.560000 24.190000 100.000000 117.000000 124.000000 80.000000 0.463318
542392.360000 6589890.870000 24.380000 101.000000 118.000000 125.000000 79.000000 0.466660
542392.270000 6589891.220000 24.540000 100.000000 119.000000 125.000000 81.000000 0.478653
542392.180000 6589891.540000 24.650000 99.000000 118.000000 124.000000 76.000000 0.495987
542392.100000 6589891.820000 24.760000 99.000000 116.000000 124.000000 77.000000 0.485992
542392.020000 6589892.120000 24.930000 100.000000 117.000000 125.000000 81.000000 0.492645
542391.920000 6589892.480000 25.070000 103.000000 118.000000 125.000000 89.000000 0.481323
542391.840000 6589892.800000 25.250000 79.000000 94.000000 99.000000 65.000000 0.502655
542391.760000 6589893.090000 25.390000 92.000000 105.000000 111.000000 75.000000 0.481659
542391.670000 6589893.430000 25.530000 113.000000 126.000000 134.000000 87.000000 0.487656
542392.280000 6589890.190000 23.880000 97.000000 116.000000 123.000000 81.000000 0.498322
542392.200000 6589890.500000 24.040000 100.000000 117.000000 125.000000 78.000000 0.473984
542392.110000 6589890.810000 24.140000 100.000000 117.000000 125.000000 82.000000 0.470978
542392.020000 6589891.140000 24.290000 115.000000 132.000000 139.000000 111.000000 0.453979
542391.940000 6589891.470000 24.480000 102.000000 119.000000 127.000000 86.000000 0.501984
542391.850000 6589891.780000 24.570000 102.000000 119.000000 126.000000 85.000000 0.481979
542391.760000 6589892.100000 24.750000 102.000000 119.000000 126.000000 83.000000 0.467316
542391.680000 6589892.420000 24.910000 104.000000 119.000000 124.000000 85.000000 0.482651
542391.590000 6589892.760000 25.020000 112.000000 127.000000 132.000000 96.000000 0.453659
542391.510000 6589893.060000 25.230000 110.000000 125.000000 132.000000 88.000000 0.475311
542391.930000 6589890.060000 23.490000 103.000000 120.000000 128.000000 83.000000 0.457657
542391.850000 6589890.370000 23.690000 101.000000 118.000000 125.000000 81.000000 0.482315
542391.750000 6589890.710000 23.840000 101.000000 118.000000 126.000000 83.000000 0.463989
542391.660000 6589891.050000 23.960000 100.000000 117.000000 125.000000 79.000000 0.477325
542391.580000 6589891.350000 24.100000 99.000000 117.000000 127.000000 81.000000 0.466660
542391.500000 6589891.670000 24.280000 100.000000 119.000000 126.000000 83.000000 0.479980
542391.410000 6589891.990000 24.370000 98.000000 117.000000 123.000000 81.000000 0.490311
542391.320000 6589892.310000 24.560000 99.000000 116.000000 123.000000 79.000000 0.488647
542391.240000 6589892.610000 24.690000 112.000000 127.000000 132.000000 93.000000 0.489319
542391.160000 6589892.940000 24.840000 112.000000 129.000000 137.000000 90.000000 0.494324
542391.070000 6589893.240000 24.970000 110.000000 129.000000 136.000000 90.000000 0.426651
542390.740000 6589894.490000 25.610000 41.000000 50.000000 59.000000 38.000000 0.547989
542390.650000 6589894.800000 25.590000 41.000000 50.000000 59.000000 37.000000 0.491318
542390.570000 6589895.110000 25.420000 45.000000 53.000000 64.000000 40.000000 0.487991
542390.480000 6589895.420000 25.260000 53.000000 61.000000 74.000000 46.000000 0.458984
542391.440000 6589890.400000 23.340000 99.000000 116.000000 124.000000 81.000000 0.428314
542391.350000 6589890.740000 23.480000 103.000000 120.000000 128.000000 86.000000 0.472992
542391.260000 6589891.050000 23.680000 100.000000 117.000000 125.000000 79.000000 0.459656
542391.180000 6589891.350000 23.810000 99.000000 118.000000 124.000000 80.000000 0.484314
542391.100000 6589891.660000 23.920000 97.000000 116.000000 123.000000 80.000000 0.480988
542391.020000 6589891.980000 24.050000 103.000000 122.000000 129.000000 88.000000 0.482315
542390.930000 6589892.290000 24.210000 102.000000 119.000000 127.000000 82.000000 0.440323
542390.850000 6589892.610000 24.320000 99.000000 116.000000 123.000000 80.000000 0.465988
542390.760000 6589892.930000 24.490000 107.000000 126.000000 132.000000 86.000000 0.458649
542390.670000 6589893.250000 24.640000 108.000000 125.000000 133.000000 84.000000 0.481323
542390.590000 6589893.550000 24.780000 65.000000 78.000000 86.000000 55.000000 0.469315
542390.500000 6589893.890000 24.960000 31.000000 40.000000 49.000000 34.000000 0.446320
542390.410000 6589894.210000 25.150000 35.000000 44.000000 51.000000 35.000000 0.454987
542390.330000 6589894.510000 25.240000 60.000000 73.000000 79.000000 53.000000 0.476990
542390.240000 6589894.840000 25.380000 81.000000 91.000000 100.000000 66.000000 0.490982
542390.160000 6589895.170000 25.610000 81.000000 91.000000 101.000000 67.000000 0.558990
542391.160000 6589890.450000 23.210000 104.000000 121.000000 129.000000 89.000000 0.486984
542391.070000 6589890.770000 23.360000 101.000000 118.000000 126.000000 84.000000 0.485992
542390.980000 6589891.090000 23.520000 104.000000 122.000000 126.000000 84.000000 0.451645
542390.900000 6589891.410000 23.660000 101.000000 119.000000 123.000000 85.000000 0.491318
542390.820000 6589891.710000 23.820000 103.000000 120.000000 127.000000 85.000000 0.509659
542390.730000 6589892.020000 23.920000 104.000000 121.000000 129.000000 84.000000 0.454315
542390.640000 6589892.380000 24.100000 104.000000 123.000000 130.000000 86.000000 0.460648
542390.560000 6589892.680000 24.220000 100.000000 119.000000 125.000000 81.000000 0.523987
542390.470000 6589892.990000 24.410000 105.000000 122.000000 129.000000 84.000000 0.464325
542390.380000 6589893.320000 24.530000 107.000000 122.000000 129.000000 91.000000 0.479645
542390.300000 6589893.640000 24.700000 65.000000 78.000000 84.000000 53.000000 0.473648
542390.210000 6589893.950000 24.840000 71.000000 86.000000 93.000000 61.000000 0.462646
542390.120000 6589894.300000 25.000000 56.000000 70.000000 79.000000 55.000000 0.459991
542390.030000 6589894.620000 25.110000 103.000000 116.000000 122.000000 85.000000 0.481659
542390.760000 6589890.940000 23.230000 95.000000 113.000000 115.000000 78.000000 0.479324
542390.680000 6589891.250000 23.380000 98.000000 112.000000 113.000000 80.000000 0.475647
542390.600000 6589891.570000 23.600000 119.000000 133.000000 136.000000 96.000000 0.511322
542390.510000 6589891.890000 23.810000 100.000000 117.000000 124.000000 81.000000 0.495987
542390.420000 6589892.220000 23.860000 101.000000 118.000000 126.000000 85.000000 0.554977
542390.330000 6589892.540000 23.970000 98.000000 116.000000 126.000000 85.000000 0.512985
542390.240000 6589892.870000 24.100000 100.000000 117.000000 125.000000 82.000000 0.466660
542390.160000 6589893.200000 24.270000 102.000000 117.000000 124.000000 79.000000 0.510651
542390.070000 6589893.500000 24.420000 108.000000 123.000000 128.000000 88.000000 0.466324
542390.330000 6589891.060000 23.020000 139.000000 168.000000 164.000000 98.000000 0.469986
542390.240000 6589891.360000 23.140000 143.000000 168.000000 173.000000 97.000000 0.390656
542390.000000 6589892.300000 23.730000 101.000000 118.000000 126.000000 81.000000 0.447983
542389.760000 6589886.790000 19.480000 35.000000 45.000000 46.000000 18.000000 0.520981
542389.560000 6589887.380000 19.430000 145.000000 161.000000 150.000000 125.000000 0.339661
542389.480000 6589887.030000 19.470000 49.000000 61.000000 73.000000 39.000000 0.340317
542389.430000 6589888.000000 19.960000 147.000000 167.000000 165.000000 132.000000 0.555313
542389.280000 6589887.360000 19.510000 63.000000 78.000000 85.000000 49.000000 0.495651
542389.210000 6589888.100000 19.940000 150.000000 167.000000 157.000000 135.000000 0.510986
542389.140000 6589887.790000 19.530000 147.000000 163.000000 152.000000 130.000000 0.495651
542389.020000 6589888.930000 20.430000 154.000000 167.000000 157.000000 141.000000 0.538315
542388.940000 6589888.600000 19.910000 128.000000 145.000000 139.000000 100.000000 0.438980
542388.790000 6589887.930000 19.490000 47.000000 67.000000 65.000000 28.000000 0.545319
542388.720000 6589889.270000 20.410000 95.000000 112.000000 119.000000 83.000000 0.532654
542388.640000 6589888.940000 19.880000 169.000000 186.000000 170.000000 131.000000 0.479324
542388.490000 6589888.310000 19.460000 102.000000 122.000000 110.000000 70.000000 0.515320
542388.490000 6589889.720000 20.740000 124.000000 143.000000 150.000000 100.000000 0.482986
542388.410000 6589889.390000 20.410000 125.000000 143.000000 147.000000 102.000000 0.465317
542388.330000 6589889.050000 19.880000 91.000000 109.000000 113.000000 82.000000 0.534653
542388.260000 6589888.720000 19.440000 109.000000 129.000000 128.000000 82.000000 0.513657
542388.100000 6589889.260000 20.140000 123.000000 142.000000 146.000000 99.000000 0.460648
542388.030000 6589888.920000 19.700000 114.000000 131.000000 138.000000 90.000000 0.526657
542387.630000 6589888.970000 19.600000 119.000000 139.000000 148.000000 96.000000 0.396317
542389.850000 6589886.270000 19.490000 62.000000 66.000000 69.000000 56.000000 0.450317
542389.680000 6589886.890000 19.480000 32.000000 43.000000 45.000000 30.000000 0.558655
542389.600000 6589887.200000 19.450000 158.000000 171.000000 161.000000 141.000000 0.441315
542389.430000 6589887.840000 19.890000 127.000000 148.000000 143.000000 108.000000 0.489990
542389.350000 6589888.140000 19.970000 146.000000 163.000000 153.000000 119.000000 0.482651
542389.300000 6589887.140000 19.480000 63.000000 81.000000 81.000000 36.000000 0.308990
542389.220000 6589887.430000 19.470000 138.000000 149.000000 143.000000 118.000000 0.509659
542389.130000 6589887.780000 19.620000 147.000000 163.000000 152.000000 130.000000 0.531982
542388.960000 6589888.410000 19.900000 130.000000 146.000000 145.000000 112.000000 0.510315
542388.780000 6589889.070000 20.370000 143.000000 159.000000 158.000000 120.000000 0.469315
542388.700000 6589889.360000 20.440000 98.000000 115.000000 122.000000 79.000000 0.588654
542388.610000 6589889.700000 20.870000 97.000000 116.000000 122.000000 75.000000 0.479980
542388.820000 6589887.860000 19.470000 55.000000 67.000000 65.000000 33.000000 0.486649
542388.740000 6589888.160000 19.440000 146.000000 166.000000 157.000000 127.000000 0.437988
542388.560000 6589888.830000 19.940000 179.000000 196.000000 188.000000 150.000000 0.507980
542388.470000 6589889.150000 20.010000 96.000000 111.000000 118.000000 80.000000 0.512985
542388.380000 6589889.500000 20.540000 123.000000 142.000000 146.000000 101.000000 0.476654
542388.270000 6589888.450000 19.500000 118.000000 141.000000 125.000000 90.000000 0.567322
542388.190000 6589888.750000 19.500000 87.000000 104.000000 112.000000 73.000000 0.480988
542387.750000 6589888.940000 19.700000 125.000000 143.000000 153.000000 95.000000 0.456985
542389.830000 6589889.710000 21.690000 99.000000 118.000000 125.000000 85.000000 0.465652
542389.740000 6589889.340000 21.350000 102.000000 119.000000 129.000000 83.000000 0.467316
542389.590000 6589889.740000 21.590000 96.000000 114.000000 116.000000 79.000000 0.474319
542389.510000 6589889.420000 21.300000 100.000000 118.000000 120.000000 79.000000 0.410324
542389.250000 6589889.940000 21.460000 102.000000 117.000000 122.000000 82.000000 0.422989
542388.870000 6589889.930000 21.110000 98.000000 115.000000 122.000000 78.000000 0.476654
542389.970000 6589888.770000 20.930000 104.000000 118.000000 129.000000 83.000000 0.392990
542389.880000 6589889.100000 21.380000 99.000000 113.000000 122.000000 81.000000 0.449646
542389.790000 6589889.430000 21.520000 98.000000 115.000000 123.000000 77.000000 0.460312
542389.710000 6589889.740000 21.700000 100.000000 118.000000 122.000000 84.000000 0.481979
542389.340000 6589889.650000 21.370000 94.000000 112.000000 122.000000 77.000000 0.393326
542389.260000 6589889.960000 21.480000 102.000000 117.000000 122.000000 82.000000 0.465317
542388.920000 6589889.730000 20.920000 103.000000 121.000000 125.000000 83.000000 0.545319
542390.210000 6589888.780000 21.360000 96.000000 116.000000 117.000000 78.000000 0.464645
542390.320000 6589888.510000 21.340000 94.000000 110.000000 123.000000 78.000000 0.397324
542390.230000 6589888.810000 21.480000 96.000000 115.000000 119.000000 76.000000 0.454651
542390.060000 6589889.460000 21.760000 98.000000 116.000000 120.000000 76.000000 0.427979
542389.670000 6589890.080000 21.850000 99.000000 116.000000 124.000000 80.000000 0.491653
542389.330000 6589890.270000 21.720000 98.000000 116.000000 126.000000 80.000000 0.491653
542389.170000 6589891.250000 22.240000 122.000000 133.000000 135.000000 99.000000 0.496979
542389.100000 6589890.940000 21.970000 105.000000 120.000000 127.000000 86.000000 0.482651
542389.030000 6589890.630000 21.700000 103.000000 122.000000 128.000000 87.000000 0.429657
542388.940000 6589890.270000 21.430000 99.000000 118.000000 124.000000 80.000000 0.454315
542388.930000 6589891.640000 22.280000 99.000000 120.000000 123.000000 82.000000 0.499313
542388.860000 6589891.320000 21.980000 99.000000 114.000000 121.000000 75.000000 0.482651
542388.790000 6589891.010000 21.740000 97.000000 115.000000 125.000000 76.000000 0.455658
542388.710000 6589890.660000 21.500000 97.000000 117.000000 124.000000 83.000000 0.491318
542388.780000 6589892.180000 22.570000 97.000000 116.000000 123.000000 82.000000 0.480988
542389.620000 6589890.070000 21.840000 99.000000 116.000000 124.000000 80.000000 0.473648
542389.530000 6589890.380000 21.980000 102.000000 116.000000 127.000000 84.000000 0.472992
542389.440000 6589890.710000 22.100000 89.000000 106.000000 113.000000 76.000000 0.480652
542389.180000 6589890.250000 21.590000 101.000000 119.000000 123.000000 80.000000 0.475647
542389.090000 6589890.590000 21.730000 101.000000 121.000000 128.000000 82.000000 0.444992
542389.000000 6589890.900000 21.910000 105.000000 120.000000 127.000000 86.000000 0.490311
542388.920000 6589891.200000 22.030000 105.000000 118.000000 126.000000 77.000000 0.503311
542388.830000 6589891.540000 22.180000 104.000000 123.000000 129.000000 84.000000 0.479980
542388.830000 6589890.060000 21.210000 102.000000 121.000000 128.000000 85.000000 0.454651
542389.980000 6589887.770000 20.470000 48.000000 63.000000 66.000000 40.000000 0.498978
542389.900000 6589887.440000 19.890000 145.000000 167.000000 155.000000 124.000000 0.522324
542389.860000 6589888.690000 20.770000 105.000000 119.000000 122.000000 89.000000 0.659988
542389.790000 6589888.380000 20.560000 96.000000 111.000000 108.000000 102.000000 0.602646
542389.720000 6589888.050000 20.420000 165.000000 181.000000 170.000000 140.000000 0.412979
542389.640000 6589887.710000 19.930000 176.000000 197.000000 178.000000 151.000000 0.460312
542389.670000 6589889.020000 20.790000 100.000000 115.000000 122.000000 82.000000 0.593979
542389.510000 6589888.340000 20.450000 135.000000 148.000000 141.000000 132.000000 0.498322
542389.440000 6589889.100000 20.810000 108.000000 124.000000 124.000000 84.000000 0.644318
542389.370000 6589888.780000 20.280000 146.000000 160.000000 143.000000 124.000000 0.413986
542389.290000 6589888.450000 20.450000 94.000000 111.000000 101.000000 55.000000 0.313324
542389.180000 6589889.610000 20.780000 98.000000 112.000000 121.000000 80.000000 0.538651
542389.100000 6589889.280000 20.720000 170.000000 190.000000 179.000000 151.000000 0.443985
542388.800000 6589889.620000 20.790000 98.000000 116.000000 120.000000 79.000000 0.519318
542389.940000 6589887.400000 19.920000 145.000000 167.000000 155.000000 124.000000 0.467651
542389.770000 6589888.040000 20.420000 165.000000 181.000000 170.000000 140.000000 0.471649
542389.680000 6589888.370000 20.550000 140.000000 153.000000 146.000000 143.000000 0.626312
542389.590000 6589888.710000 20.780000 71.000000 88.000000 80.000000 59.000000 0.464645
542389.510000 6589889.010000 20.800000 99.000000 114.000000 117.000000 82.000000 0.653320
542389.430000 6589889.320000 20.760000 95.000000 114.000000 112.000000 78.000000 0.455978
542389.260000 6589888.480000 20.440000 94.000000 111.000000 101.000000 55.000000 0.315994
542389.180000 6589888.780000 20.430000 101.000000 118.000000 112.000000 93.000000 0.525314
542389.090000 6589889.100000 20.420000 137.000000 154.000000 146.000000 130.000000 0.324326
542389.000000 6589889.430000 20.800000 97.000000 115.000000 119.000000 79.000000 0.561310
542391.080000 6589886.910000 21.000000 92.000000 109.000000 116.000000 85.000000 0.515656
542390.830000 6589887.550000 20.780000 99.000000 117.000000 119.000000 89.000000 0.638657
542390.760000 6589887.230000 20.650000 106.000000 117.000000 119.000000 88.000000 0.526657
542390.680000 6589886.870000 20.490000 45.000000 62.000000 69.000000 43.000000 0.473312
542390.610000 6589886.600000 20.890000 101.000000 114.000000 120.000000 81.000000 0.436981
542390.660000 6589887.970000 20.780000 97.000000 110.000000 119.000000 79.000000 0.489319
542390.590000 6589887.630000 20.820000 65.000000 83.000000 83.000000 50.000000 0.489990
542390.510000 6589887.300000 20.410000 163.000000 174.000000 166.000000 146.000000 0.551987
542390.440000 6589886.980000 20.210000 103.000000 120.000000 110.000000 83.000000 0.555984
542390.370000 6589886.670000 20.100000 40.000000 47.000000 55.000000 32.000000 0.479980
542390.460000 6589888.150000 20.740000 96.000000 114.000000 118.000000 80.000000 0.425659
542390.390000 6589887.860000 20.780000 59.000000 72.000000 80.000000 45.000000 0.539978
542390.320000 6589887.530000 20.420000 155.000000 166.000000 149.000000 142.000000 0.467316
542390.170000 6589886.870000 19.870000 32.000000 47.000000 54.000000 25.000000 0.545654
542390.100000 6589886.580000 19.880000 61.000000 71.000000 73.000000 45.000000 0.487320
542390.020000 6589886.220000 19.610000 40.000000 48.000000 51.000000 32.000000 0.458649
542390.130000 6589888.430000 20.770000 97.000000 115.000000 119.000000 80.000000 0.613312
542390.900000 6589887.470000 20.830000 105.000000 120.000000 123.000000 77.000000 0.619644
542390.810000 6589887.790000 20.790000 96.000000 113.000000 120.000000 83.000000 0.461655
542390.750000 6589886.880000 20.560000 67.000000 84.000000 92.000000 62.000000 0.458649
542390.660000 6589887.200000 20.550000 161.000000 173.000000 173.000000 157.000000 0.607651
542390.580000 6589887.520000 20.790000 70.000000 87.000000 81.000000 54.000000 0.313660
542390.490000 6589887.860000 20.790000 80.000000 93.000000 99.000000 68.000000 0.627655
542390.400000 6589888.190000 20.780000 96.000000 114.000000 118.000000 80.000000 0.465988
542390.550000 6589886.580000 20.800000 69.000000 78.000000 85.000000 64.000000 0.462326
542390.480000 6589886.860000 20.340000 148.000000 163.000000 156.000000 131.000000 0.496323
542390.400000 6589887.150000 20.270000 34.000000 49.000000 44.000000 21.000000 0.500320
542390.320000 6589887.470000 20.400000 136.000000 149.000000 132.000000 119.000000 0.510315
542390.230000 6589887.780000 20.300000 129.000000 140.000000 132.000000 115.000000 0.407654
542390.140000 6589888.130000 20.810000 117.000000 132.000000 137.000000 104.000000 0.554321
542390.060000 6589888.440000 20.800000 106.000000 122.000000 121.000000 88.000000 0.598312
542390.200000 6589886.460000 19.860000 65.000000 73.000000 76.000000 54.000000 0.461319
542390.120000 6589886.750000 19.680000 29.000000 42.000000 48.000000 22.000000 0.583313
542390.030000 6589887.060000 19.910000 42.000000 51.000000 46.000000 28.000000 0.424316
542401.010000 6589882.610000 25.500000 81.000000 92.000000 98.000000 68.000000 0.456985
542400.430000 6589882.930000 25.260000 125.000000 142.000000 149.000000 103.000000 0.444321
542400.070000 6589883.030000 25.050000 106.000000 127.000000 132.000000 82.000000 0.338989
542399.770000 6589883.180000 24.860000 106.000000 123.000000 130.000000 87.000000 0.487656
542399.570000 6589883.250000 24.740000 54.000000 67.000000 75.000000 48.000000 0.434326
542399.210000 6589883.510000 24.680000 70.000000 80.000000 89.000000 61.000000 0.443314
542399.120000 6589883.170000 24.340000 110.000000 125.000000 132.000000 88.000000 0.472656
542398.850000 6589883.400000 24.270000 101.000000 120.000000 126.000000 83.000000 0.468658
542398.660000 6589883.750000 24.370000 97.000000 116.000000 123.000000 77.000000 0.455322
542398.590000 6589883.430000 24.160000 106.000000 123.000000 131.000000 88.000000 0.510651
542398.400000 6589883.720000 24.210000 102.000000 121.000000 128.000000 85.000000 0.490311
542398.320000 6589883.390000 23.940000 105.000000 122.000000 130.000000 87.000000 0.496323
542398.070000 6589883.890000 24.060000 104.000000 121.000000 129.000000 88.000000 0.472656
542397.990000 6589883.560000 23.810000 99.000000 116.000000 124.000000 81.000000 0.502655
542397.800000 6589884.250000 24.070000 98.000000 115.000000 123.000000 78.000000 0.491318
542397.730000 6589883.930000 23.810000 106.000000 123.000000 131.000000 87.000000 0.465317
542397.510000 6589884.090000 23.770000 98.000000 115.000000 123.000000 82.000000 0.467316
542397.430000 6589883.750000 23.510000 102.000000 119.000000 127.000000 85.000000 0.478989
542397.260000 6589884.250000 23.710000 102.000000 119.000000 127.000000 83.000000 0.459656
542397.180000 6589883.900000 23.420000 100.000000 117.000000 125.000000 80.000000 0.474319
542396.910000 6589884.360000 23.520000 102.000000 119.000000 127.000000 87.000000 0.461319
542396.840000 6589884.020000 23.260000 101.000000 118.000000 126.000000 80.000000 0.497314
542396.590000 6589884.670000 23.450000 99.000000 120.000000 121.000000 83.000000 0.486984
542396.500000 6589884.300000 23.140000 98.000000 115.000000 122.000000 79.000000 0.455658
542396.430000 6589883.980000 22.890000 100.000000 120.000000 118.000000 81.000000 0.461655
542396.390000 6589884.830000 23.480000 123.000000 133.000000 134.000000 98.000000 0.509323
542396.320000 6589884.510000 23.210000 93.000000 107.000000 107.000000 76.000000 0.473984
542396.240000 6589884.180000 22.960000 106.000000 121.000000 128.000000 84.000000 0.485992
542396.130000 6589884.920000 23.280000 124.000000 135.000000 129.000000 105.000000 0.517319
542396.050000 6589884.590000 23.010000 60.000000 66.000000 64.000000 59.000000 0.462982
542395.970000 6589884.260000 22.710000 94.000000 113.000000 111.000000 89.000000 0.451981
542395.900000 6589883.950000 22.510000 103.000000 124.000000 125.000000 89.000000 0.484650
542395.820000 6589884.970000 22.810000 70.000000 79.000000 78.000000 74.000000 0.506317
542395.760000 6589884.680000 22.870000 65.000000 58.000000 52.000000 45.000000 0.524979
542395.670000 6589884.330000 22.540000 57.000000 57.000000 57.000000 44.000000 0.482986
542395.570000 6589885.400000 22.730000 46.000000 62.000000 62.000000 39.000000 0.478653
542395.490000 6589885.090000 22.820000 77.000000 70.000000 60.000000 67.000000 0.524979
542395.430000 6589884.780000 22.810000 189.000000 172.000000 118.000000 145.000000 0.646652
542395.340000 6589884.430000 22.440000 122.000000 122.000000 98.000000 91.000000 0.472992
542395.270000 6589885.390000 22.820000 75.000000 87.000000 99.000000 69.000000 0.544312
542395.200000 6589885.100000 22.860000 58.000000 65.000000 71.000000 33.000000 0.659988
542395.120000 6589884.760000 22.450000 116.000000 120.000000 97.000000 99.000000 0.464325
542395.010000 6589885.430000 22.890000 101.000000 122.000000 127.000000 84.000000 0.648651
542394.940000 6589885.100000 22.540000 87.000000 100.000000 108.000000 70.000000 0.455322
542394.860000 6589884.780000 22.200000 126.000000 137.000000 129.000000 115.000000 0.489655
542394.780000 6589884.430000 21.950000 107.000000 122.000000 129.000000 87.000000 0.487991
542394.680000 6589885.640000 22.660000 98.000000 113.000000 120.000000 75.000000 0.484985
542394.610000 6589885.310000 22.420000 97.000000 116.000000 122.000000 81.000000 0.494980
542394.530000 6589884.970000 22.120000 103.000000 118.000000 121.000000 80.000000 0.464981
542394.460000 6589884.670000 21.870000 102.000000 116.000000 125.000000 83.000000 0.484314
542394.290000 6589885.670000 22.430000 101.000000 116.000000 123.000000 80.000000 0.467651
542394.220000 6589885.330000 22.110000 96.000000 115.000000 122.000000 79.000000 0.452316
542394.140000 6589885.010000 21.870000 102.000000 121.000000 125.000000 84.000000 0.474991
542394.070000 6589884.720000 21.580000 99.000000 116.000000 123.000000 79.000000 0.486984
542394.080000 6589885.980000 22.430000 98.000000 115.000000 122.000000 81.000000 0.452988
542394.010000 6589885.640000 22.130000 99.000000 116.000000 123.000000 79.000000 0.460983
542393.930000 6589885.330000 21.910000 102.000000 119.000000 127.000000 84.000000 0.452316
542393.860000 6589885.010000 21.620000 99.000000 117.000000 117.000000 81.000000 0.445984
542393.710000 6589885.590000 21.940000 104.000000 122.000000 132.000000 85.000000 0.467651
542393.640000 6589885.290000 21.640000 99.000000 117.000000 121.000000 80.000000 0.468658
542393.560000 6589884.970000 21.370000 104.000000 121.000000 128.000000 83.000000 0.482651
542393.480000 6589884.620000 21.120000 95.000000 115.000000 122.000000 82.000000 0.460983
542393.520000 6589886.260000 22.230000 95.000000 112.000000 119.000000 76.000000 0.480316
542393.440000 6589885.940000 22.010000 109.000000 128.000000 134.000000 88.000000 0.466980
542399.850000 6589883.030000 24.860000 108.000000 128.000000 135.000000 86.000000 0.466660
542399.490000 6589883.180000 24.770000 72.000000 87.000000 94.000000 52.000000 0.488312
542399.130000 6589883.240000 24.500000 101.000000 116.000000 123.000000 84.000000 0.474991
542399.050000 6589883.550000 24.590000 109.000000 124.000000 131.000000 91.000000 0.448318
542398.670000 6589883.450000 24.220000 99.000000 118.000000 125.000000 82.000000 0.525314
542398.580000 6589883.780000 24.340000 100.000000 119.000000 126.000000 81.000000 0.469315
542398.370000 6589883.530000 24.110000 102.000000 119.000000 127.000000 86.000000 0.449982
542398.290000 6589883.850000 24.260000 101.000000 118.000000 126.000000 82.000000 0.491318
542398.060000 6589883.570000 23.840000 100.000000 117.000000 125.000000 83.000000 0.459320
542397.970000 6589883.900000 23.960000 99.000000 116.000000 124.000000 80.000000 0.463989
542397.890000 6589884.210000 24.150000 98.000000 115.000000 123.000000 78.000000 0.450989
542397.670000 6589883.530000 23.550000 104.000000 121.000000 129.000000 84.000000 0.462982
542397.590000 6589883.850000 23.700000 102.000000 119.000000 127.000000 83.000000 0.475983
542397.510000 6589884.140000 23.860000 102.000000 119.000000 127.000000 84.000000 0.484314
542397.270000 6589883.650000 23.310000 98.000000 115.000000 123.000000 80.000000 0.448318
542397.190000 6589883.960000 23.440000 100.000000 117.000000 125.000000 80.000000 0.497986
542397.100000 6589884.270000 23.540000 100.000000 117.000000 125.000000 82.000000 0.467651
542397.010000 6589884.620000 23.750000 98.000000 115.000000 123.000000 78.000000 0.466980
542396.920000 6589883.870000 23.190000 99.000000 116.000000 124.000000 82.000000 0.461319
542396.830000 6589884.220000 23.330000 101.000000 118.000000 126.000000 80.000000 0.465652
542396.740000 6589884.540000 23.510000 105.000000 119.000000 130.000000 79.000000 0.478989
542396.620000 6589883.990000 23.050000 99.000000 116.000000 124.000000 82.000000 0.467316
542396.530000 6589884.300000 23.210000 98.000000 115.000000 122.000000 79.000000 0.492981
542396.450000 6589884.620000 23.310000 108.000000 129.000000 124.000000 96.000000 0.458313
542396.370000 6589884.910000 23.460000 116.000000 126.000000 128.000000 92.000000 0.428986
542396.220000 6589883.980000 22.760000 97.000000 114.000000 121.000000 79.000000 0.507324
542396.130000 6589884.300000 22.900000 98.000000 111.000000 117.000000 82.000000 0.498657
542396.040000 6589884.640000 23.060000 47.000000 51.000000 50.000000 55.000000 0.460648
542395.960000 6589884.960000 23.200000 91.000000 102.000000 98.000000 88.000000 0.479980
542395.780000 6589884.240000 22.580000 81.000000 91.000000 93.000000 73.000000 0.476654
542395.690000 6589884.580000 22.730000 104.000000 94.000000 82.000000 85.000000 0.518311
542395.610000 6589884.900000 22.900000 36.000000 36.000000 34.000000 42.000000 0.655975
542395.530000 6589885.190000 22.780000 50.000000 52.000000 51.000000 41.000000 0.474991
542395.440000 6589885.490000 22.720000 61.000000 76.000000 79.000000 55.000000 0.484314
542395.440000 6589884.300000 22.400000 130.000000 133.000000 122.000000 112.000000 0.506317
542395.350000 6589884.600000 22.600000 150.000000 141.000000 100.000000 127.000000 0.502655
542395.260000 6589884.960000 22.810000 185.000000 173.000000 135.000000 156.000000 0.607651
542395.100000 6589884.620000 22.310000 132.000000 144.000000 130.000000 120.000000 0.462646
542395.020000 6589884.910000 22.500000 107.000000 113.000000 101.000000 84.000000 0.482651
542394.930000 6589885.230000 22.650000 101.000000 118.000000 125.000000 85.000000 0.512650
542394.840000 6589885.560000 22.760000 96.000000 115.000000 121.000000 78.000000 0.510986
542394.690000 6589884.540000 22.000000 100.000000 114.000000 123.000000 81.000000 0.519653
542394.600000 6589884.870000 22.130000 101.000000 115.000000 118.000000 73.000000 0.478989
542394.520000 6589885.170000 22.310000 99.000000 116.000000 124.000000 76.000000 0.467651
542394.430000 6589885.500000 22.450000 99.000000 116.000000 123.000000 79.000000 0.442322
542394.350000 6589885.810000 22.550000 100.000000 115.000000 120.000000 79.000000 0.472656
542394.330000 6589884.520000 21.650000 99.000000 118.000000 125.000000 81.000000 0.473312
542394.240000 6589884.840000 21.830000 101.000000 119.000000 129.000000 82.000000 0.441315
542394.160000 6589885.170000 21.980000 100.000000 119.000000 123.000000 83.000000 0.455978
542394.070000 6589885.490000 22.120000 99.000000 116.000000 126.000000 82.000000 0.489319
542393.980000 6589885.810000 22.320000 100.000000 119.000000 125.000000 82.000000 0.459320
542393.900000 6589886.140000 22.390000 100.000000 118.000000 122.000000 80.000000 0.468658
542394.070000 6589884.500000 21.470000 96.000000 115.000000 119.000000 79.000000 0.488983
542393.980000 6589884.820000 21.630000 99.000000 117.000000 129.000000 82.000000 0.477325
542393.890000 6589885.150000 21.740000 105.000000 124.000000 122.000000 88.000000 0.474991
542393.810000 6589885.470000 21.970000 99.000000 117.000000 127.000000 83.000000 0.472656
542393.730000 6589885.770000 22.050000 97.000000 118.000000 123.000000 80.000000 0.498657
542393.640000 6589886.100000 22.200000 103.000000 121.000000 125.000000 85.000000 0.471985
542393.740000 6589884.750000 21.430000 101.000000 118.000000 128.000000 83.000000 0.457993
542393.660000 6589885.060000 21.550000 102.000000 120.000000 120.000000 85.000000 0.462982
542393.570000 6589885.370000 21.720000 102.000000 120.000000 130.000000 84.000000 0.486984
542393.480000 6589885.700000 21.870000 107.000000 126.000000 133.000000 88.000000 0.457993
542393.400000 6589886.010000 22.050000 113.000000 132.000000 138.000000 97.000000 0.496323
542389.970000 6589889.790000 21.920000 95.000000 113.000000 123.000000 82.000000 0.453979
542392.880000 6589886.520000 22.490000 96.000000 114.000000 118.000000 80.000000 0.493652
542392.680000 6589886.970000 22.080000 97.000000 115.000000 119.000000 80.000000 0.504654
542392.610000 6589886.660000 22.130000 95.000000 114.000000 118.000000 78.000000 0.466660
542392.390000 6589887.340000 22.080000 98.000000 115.000000 122.000000 79.000000 0.455658
542392.320000 6589887.020000 21.830000 101.000000 118.000000 125.000000 81.000000 0.464325
542392.250000 6589886.730000 21.860000 98.000000 113.000000 120.000000 82.000000 0.495316
542392.080000 6589887.800000 22.100000 99.000000 117.000000 119.000000 77.000000 0.466980
542392.000000 6589887.460000 21.870000 100.000000 123.000000 131.000000 88.000000 0.473984
542391.920000 6589887.120000 21.620000 96.000000 109.000000 118.000000 80.000000 0.459991
542391.860000 6589886.840000 21.540000 95.000000 114.000000 120.000000 79.000000 0.470978
542391.950000 6589887.990000 22.200000 106.000000 121.000000 128.000000 85.000000 0.488647
542391.790000 6589887.300000 21.670000 103.000000 116.000000 125.000000 86.000000 0.475647
542391.720000 6589886.990000 21.360000 96.000000 113.000000 120.000000 76.000000 0.440323
542391.760000 6589888.450000 22.330000 100.000000 117.000000 125.000000 81.000000 0.459991
542391.690000 6589888.150000 22.100000 99.000000 116.000000 124.000000 81.000000 0.463989
542391.610000 6589887.800000 21.830000 97.000000 115.000000 125.000000 83.000000 0.451981
542391.530000 6589887.460000 21.530000 99.000000 116.000000 123.000000 84.000000 0.492325
542391.460000 6589887.140000 21.240000 97.000000 111.000000 120.000000 75.000000 0.450989
542391.460000 6589888.550000 22.170000 98.000000 115.000000 123.000000 80.000000 0.479324
542391.380000 6589888.200000 21.870000 97.000000 114.000000 122.000000 79.000000 0.465317
542391.300000 6589887.880000 21.620000 96.000000 113.000000 121.000000 74.000000 0.465317
542391.240000 6589887.570000 21.380000 98.000000 116.000000 120.000000 81.000000 0.457993
542391.070000 6589888.570000 21.870000 101.000000 118.000000 125.000000 83.000000 0.472321
542390.990000 6589888.230000 21.610000 97.000000 114.000000 121.000000 80.000000 0.490646
542390.910000 6589887.890000 21.370000 96.000000 111.000000 118.000000 81.000000 0.381989
542390.970000 6589889.300000 22.300000 102.000000 119.000000 126.000000 85.000000 0.491653
542390.900000 6589888.980000 22.000000 99.000000 116.000000 123.000000 80.000000 0.463989
542390.820000 6589888.630000 21.740000 100.000000 117.000000 124.000000 84.000000 0.470322
542390.740000 6589888.280000 21.490000 99.000000 116.000000 123.000000 81.000000 0.481659
542390.760000 6589889.460000 22.280000 100.000000 117.000000 124.000000 83.000000 0.471649
542390.690000 6589889.140000 21.970000 99.000000 116.000000 123.000000 83.000000 0.478989
542390.610000 6589888.820000 21.790000 99.000000 116.000000 123.000000 83.000000 0.469315
542390.540000 6589888.490000 21.480000 102.000000 119.000000 126.000000 85.000000 0.452988
542390.440000 6589889.750000 22.170000 96.000000 115.000000 122.000000 79.000000 0.473984
542390.360000 6589889.420000 21.930000 102.000000 120.000000 132.000000 87.000000 0.477646
542390.290000 6589889.080000 21.670000 101.000000 121.000000 122.000000 79.000000 0.480652
542390.090000 6589889.690000 21.850000 102.000000 119.000000 129.000000 83.000000 0.456985
542392.960000 6589886.230000 22.490000 41.000000 50.000000 59.000000 38.000000 0.480988
542392.880000 6589886.540000 22.430000 96.000000 114.000000 118.000000 80.000000 0.488647
542392.790000 6589886.860000 22.120000 97.000000 116.000000 120.000000 79.000000 0.512650
542392.700000 6589887.170000 22.210000 119.000000 129.000000 131.000000 90.000000 0.459320
542392.460000 6589886.610000 22.080000 100.000000 116.000000 116.000000 85.000000 0.492645
542392.380000 6589886.890000 21.830000 99.000000 114.000000 117.000000 81.000000 0.510315
542392.300000 6589887.190000 21.890000 98.000000 115.000000 123.000000 78.000000 0.483978
542392.130000 6589887.840000 22.210000 137.000000 147.000000 138.000000 119.000000 0.475647
542392.180000 6589886.640000 21.830000 98.000000 113.000000 116.000000 75.000000 0.528992
542392.090000 6589886.960000 21.640000 94.000000 110.000000 123.000000 78.000000 0.487320
542392.010000 6589887.280000 21.750000 100.000000 114.000000 123.000000 78.000000 0.474655
542391.920000 6589887.600000 21.960000 100.000000 119.000000 125.000000 82.000000 0.471649
542391.830000 6589887.940000 22.070000 101.000000 118.000000 128.000000 84.000000 0.470978
542391.740000 6589888.260000 22.220000 98.000000 115.000000 123.000000 82.000000 0.466660
542391.870000 6589886.830000 21.570000 95.000000 114.000000 120.000000 79.000000 0.480988
542391.790000 6589887.130000 21.470000 101.000000 115.000000 124.000000 84.000000 0.508652
542391.700000 6589887.460000 21.680000 100.000000 115.000000 120.000000 76.000000 0.484985
542391.610000 6589887.780000 21.780000 97.000000 115.000000 125.000000 83.000000 0.440323
542391.530000 6589888.080000 21.950000 98.000000 115.000000 123.000000 79.000000 0.468323
542391.450000 6589888.390000 22.090000 98.000000 115.000000 123.000000 81.000000 0.489655
542391.360000 6589888.700000 22.260000 99.000000 116.000000 124.000000 81.000000 0.441315
542391.280000 6589889.030000 22.380000 101.000000 118.000000 126.000000 84.000000 0.496979
542391.370000 6589887.190000 21.300000 98.000000 113.000000 118.000000 75.000000 0.469315
542391.280000 6589887.510000 21.380000 98.000000 116.000000 120.000000 81.000000 0.423325
542391.200000 6589887.820000 21.530000 101.000000 118.000000 126.000000 81.000000 0.445648
542391.110000 6589888.140000 21.690000 96.000000 113.000000 120.000000 80.000000 0.450317
542390.850000 6589889.110000 22.130000 100.000000 117.000000 124.000000 82.000000 0.447311
542390.770000 6589889.410000 22.270000 100.000000 117.000000 124.000000 83.000000 0.488312
542390.680000 6589889.740000 22.400000 100.000000 119.000000 125.000000 82.000000 0.459656
542390.730000 6589888.100000 21.330000 95.000000 112.000000 119.000000 76.000000 0.433319
542390.640000 6589888.420000 21.450000 99.000000 116.000000 123.000000 82.000000 0.460312
542390.550000 6589888.760000 21.590000 99.000000 116.000000 123.000000 80.000000 0.462646
542390.470000 6589889.070000 21.780000 98.000000 116.000000 120.000000 78.000000 0.485992
542390.380000 6589889.400000 21.960000 102.000000 120.000000 132.000000 87.000000 0.494644
542390.290000 6589889.740000 22.090000 100.000000 119.000000 126.000000 85.000000 0.472321
542389.970000 6589890.330000 22.150000 125.000000 142.000000 136.000000 110.000000 0.470322
542389.900000 6589890.030000 21.920000 96.000000 111.000000 116.000000 74.000000 0.459991
542389.820000 6589890.760000 22.390000 149.000000 170.000000 163.000000 100.000000 0.472656
542389.750000 6589890.420000 22.190000 102.000000 118.000000 117.000000 86.000000 0.473984
542389.560000 6589891.240000 22.500000 208.000000 229.000000 222.000000 134.000000 0.470978
542389.480000 6589890.930000 22.250000 119.000000 138.000000 136.000000 103.000000 0.456314
542389.260000 6589891.610000 22.480000 103.000000 118.000000 123.000000 80.000000 0.485321
542389.890000 6589890.100000 22.050000 102.000000 117.000000 122.000000 83.000000 0.455978
542389.800000 6589890.430000 22.160000 120.000000 135.000000 128.000000 104.000000 0.503983
542389.710000 6589890.750000 22.340000 136.000000 155.000000 151.000000 109.000000 0.479324
542389.620000 6589891.100000 22.500000 192.000000 217.000000 211.000000 122.000000 0.484650
542389.360000 6589891.020000 22.290000 118.000000 137.000000 133.000000 103.000000 0.482651
542389.280000 6589891.330000 22.430000 122.000000 132.000000 131.000000 119.000000 0.452316
542389.200000 6589891.640000 22.550000 99.000000 116.000000 123.000000 80.000000 0.512985
542390.250000 6589890.360000 22.450000 105.000000 119.000000 122.000000 82.000000 0.488983
542390.170000 6589890.020000 22.160000 101.000000 116.000000 119.000000 80.000000 0.457321
542390.200000 6589890.060000 22.210000 101.000000 116.000000 119.000000 80.000000 0.472321
542390.120000 6589890.370000 22.360000 131.000000 143.000000 141.000000 119.000000 0.441315
542400.760000 6589882.820000 25.410000 110.000000 125.000000 132.000000 94.000000 0.446991
542400.990000 6589882.770000 25.560000 73.000000 86.000000 92.000000 69.000000 0.481323
542400.530000 6589882.990000 25.400000 118.000000 135.000000 142.000000 95.000000 0.466324
542399.280000 6589883.860000 24.940000 37.000000 47.000000 56.000000 33.000000 0.464981
542399.000000 6589884.070000 24.880000 74.000000 89.000000 96.000000 55.000000 0.465317
542398.920000 6589883.750000 24.620000 104.000000 121.000000 128.000000 86.000000 0.459991
542398.810000 6589884.430000 24.960000 102.000000 119.000000 126.000000 82.000000 0.487320
542398.740000 6589884.080000 24.680000 99.000000 118.000000 125.000000 78.000000 0.473648
542398.550000 6589884.380000 24.730000 100.000000 117.000000 125.000000 78.000000 0.462326
542398.470000 6589884.040000 24.440000 99.000000 118.000000 125.000000 87.000000 0.497314
542398.290000 6589884.860000 24.890000 102.000000 116.000000 125.000000 80.000000 0.442657
542398.210000 6589884.490000 24.560000 98.000000 115.000000 123.000000 79.000000 0.452988
542398.140000 6589884.180000 24.350000 101.000000 118.000000 126.000000 81.000000 0.457993
542397.960000 6589884.910000 24.680000 98.000000 117.000000 124.000000 78.000000 0.430313
542397.880000 6589884.580000 24.390000 102.000000 119.000000 127.000000 80.000000 0.452988
542397.740000 6589885.080000 24.610000 102.000000 121.000000 128.000000 84.000000 0.459991
542397.660000 6589884.750000 24.300000 102.000000 119.000000 127.000000 77.000000 0.473984
542397.590000 6589884.430000 24.000000 102.000000 119.000000 127.000000 83.000000 0.476318
542397.500000 6589885.260000 24.570000 103.000000 122.000000 129.000000 85.000000 0.474655
542397.420000 6589884.910000 24.190000 98.000000 118.000000 125.000000 82.000000 0.441650
542397.340000 6589884.580000 24.030000 99.000000 116.000000 124.000000 80.000000 0.470978
542397.210000 6589885.660000 24.550000 98.000000 115.000000 123.000000 76.000000 0.481323
542397.140000 6589885.320000 24.220000 101.000000 120.000000 127.000000 85.000000 0.442322
542397.060000 6589885.020000 24.040000 97.000000 116.000000 123.000000 80.000000 0.478653
542397.000000 6589884.710000 23.810000 99.000000 116.000000 124.000000 78.000000 0.466660
542396.820000 6589885.660000 24.220000 101.000000 118.000000 126.000000 81.000000 0.475311
542396.730000 6589885.310000 23.980000 102.000000 119.000000 127.000000 83.000000 0.466324
542396.670000 6589885.000000 23.740000 99.000000 119.000000 128.000000 81.000000 0.485321
542396.630000 6589885.820000 24.330000 100.000000 118.000000 120.000000 83.000000 0.476990
542396.550000 6589885.480000 24.050000 102.000000 119.000000 129.000000 83.000000 0.503647
542396.480000 6589885.190000 23.760000 106.000000 121.000000 124.000000 85.000000 0.474655
542396.420000 6589886.210000 24.360000 103.000000 121.000000 121.000000 86.000000 0.465652
542396.340000 6589885.860000 24.040000 98.000000 122.000000 126.000000 82.000000 0.442322
542396.270000 6589885.550000 23.850000 99.000000 119.000000 126.000000 85.000000 0.541321
542396.200000 6589885.240000 23.690000 107.000000 123.000000 122.000000 83.000000 0.454315
542396.130000 6589886.290000 24.240000 99.000000 118.000000 125.000000 83.000000 0.487656
542396.050000 6589885.960000 23.910000 99.000000 118.000000 124.000000 81.000000 0.438980
542395.980000 6589885.660000 23.840000 96.000000 110.000000 121.000000 73.000000 0.485992
542395.880000 6589886.750000 24.290000 101.000000 120.000000 126.000000 82.000000 0.452316
542395.800000 6589886.400000 24.020000 102.000000 121.000000 128.000000 82.000000 0.474991
542395.720000 6589886.070000 23.820000 100.000000 118.000000 122.000000 84.000000 0.534988
542395.580000 6589886.740000 24.120000 99.000000 118.000000 124.000000 79.000000 0.479980
542395.510000 6589886.420000 23.820000 97.000000 116.000000 122.000000 78.000000 0.475311
542395.430000 6589886.090000 23.550000 102.000000 119.000000 127.000000 82.000000 0.540985
542395.350000 6589885.740000 23.300000 98.000000 119.000000 124.000000 86.000000 0.363647
542395.390000 6589887.060000 24.140000 98.000000 117.000000 123.000000 81.000000 0.496658
542395.300000 6589886.710000 23.850000 101.000000 118.000000 125.000000 84.000000 0.460648
542395.230000 6589886.400000 23.610000 103.000000 120.000000 128.000000 88.000000 0.516647
542395.170000 6589886.110000 23.390000 96.000000 113.000000 123.000000 78.000000 0.457321
542395.090000 6589885.780000 23.090000 101.000000 118.000000 128.000000 83.000000 0.519989
542395.060000 6589887.300000 24.050000 103.000000 117.000000 126.000000 86.000000 0.471649
542394.990000 6589886.980000 23.790000 101.000000 118.000000 125.000000 84.000000 0.499313
542394.910000 6589886.650000 23.490000 101.000000 120.000000 127.000000 82.000000 0.479645
542394.840000 6589886.310000 23.280000 100.000000 121.000000 126.000000 82.000000 0.457993
542394.760000 6589885.980000 22.960000 105.000000 120.000000 127.000000 87.000000 0.468979
542394.740000 6589887.610000 23.980000 98.000000 117.000000 121.000000 79.000000 0.498978
542394.660000 6589887.260000 23.740000 99.000000 117.000000 121.000000 84.000000 0.464981
542394.590000 6589886.960000 23.480000 101.000000 118.000000 125.000000 81.000000 0.447647
542394.520000 6589886.640000 23.190000 102.000000 119.000000 126.000000 84.000000 0.448990
542394.440000 6589886.300000 22.940000 98.000000 117.000000 124.000000 82.000000 0.465652
542394.360000 6589885.960000 22.640000 104.000000 119.000000 124.000000 86.000000 0.487320
542394.450000 6589887.570000 23.750000 102.000000 121.000000 127.000000 82.000000 0.483978
542394.380000 6589887.270000 23.510000 98.000000 115.000000 123.000000 80.000000 0.440659
542394.310000 6589886.940000 23.220000 96.000000 113.000000 120.000000 78.000000 0.477982
542394.230000 6589886.620000 23.000000 101.000000 118.000000 125.000000 83.000000 0.479645
542394.160000 6589886.320000 22.770000 96.000000 113.000000 120.000000 79.000000 0.487991
542394.240000 6589887.910000 23.850000 100.000000 117.000000 125.000000 79.000000 0.470657
542394.170000 6589887.570000 23.580000 98.000000 115.000000 125.000000 79.000000 0.468979
542394.100000 6589887.260000 23.290000 103.000000 120.000000 128.000000 83.000000 0.494644
542394.020000 6589886.930000 23.020000 98.000000 115.000000 122.000000 82.000000 0.487656
542393.940000 6589886.580000 22.750000 99.000000 116.000000 123.000000 83.000000 0.494324
542393.820000 6589887.590000 23.300000 102.000000 117.000000 120.000000 81.000000 0.493317
542393.750000 6589887.260000 23.080000 103.000000 121.000000 125.000000 86.000000 0.460983
542393.680000 6589886.960000 22.810000 100.000000 117.000000 125.000000 82.000000 0.420990
542393.600000 6589886.620000 22.470000 96.000000 114.000000 124.000000 75.000000 0.477982
542393.610000 6589888.460000 23.810000 101.000000 120.000000 126.000000 84.000000 0.525314
542393.530000 6589888.120000 23.460000 91.000000 108.000000 115.000000 75.000000 0.517319
542393.450000 6589887.800000 23.130000 88.000000 95.000000 88.000000 78.000000 0.487991
542393.370000 6589887.450000 22.850000 96.000000 101.000000 97.000000 88.000000 0.489990
542393.290000 6589887.110000 22.630000 95.000000 111.000000 110.000000 79.000000 0.425323
542393.220000 6589886.800000 22.500000 97.000000 111.000000 114.000000 74.000000 0.527649
542393.150000 6589886.480000 22.480000 102.000000 121.000000 128.000000 87.000000 0.509659
542393.330000 6589888.450000 23.700000 98.000000 113.000000 118.000000 79.000000 0.458313
542393.180000 6589887.800000 23.060000 49.000000 40.000000 41.000000 52.000000 0.523315
542393.100000 6589887.470000 22.700000 47.000000 42.000000 48.000000 55.000000 0.549316
542393.030000 6589887.160000 22.410000 112.000000 123.000000 117.000000 96.000000 0.444656
542393.060000 6589888.650000 23.760000 115.000000 128.000000 134.000000 97.000000 0.382660
542392.970000 6589888.270000 22.490000 118.000000 124.000000 120.000000 114.000000 0.438980
542392.910000 6589887.990000 22.900000 58.000000 51.000000 45.000000 57.000000 0.581650
542392.830000 6589887.640000 22.690000 61.000000 55.000000 57.000000 68.000000 0.545654
542392.750000 6589887.310000 22.300000 139.000000 143.000000 129.000000 123.000000 0.497650
542392.770000 6589888.990000 23.470000 101.000000 121.000000 128.000000 86.000000 0.514984
542392.700000 6589888.670000 23.350000 100.000000 117.000000 127.000000 84.000000 0.359985
542392.620000 6589888.330000 22.880000 62.000000 71.000000 76.000000 52.000000 0.474655
542392.540000 6589888.000000 22.710000 79.000000 77.000000 82.000000 63.000000 0.566986
542392.470000 6589887.690000 22.340000 140.000000 148.000000 133.000000 126.000000 0.468979
542392.440000 6589889.390000 23.480000 102.000000 121.000000 127.000000 83.000000 0.457993
542392.370000 6589889.060000 23.180000 99.000000 118.000000 122.000000 78.000000 0.500656
542392.300000 6589888.760000 22.920000 98.000000 117.000000 124.000000 79.000000 0.490982
542392.220000 6589888.420000 22.720000 103.000000 120.000000 128.000000 83.000000 0.520981
542392.140000 6589888.090000 22.390000 105.000000 119.000000 120.000000 95.000000 0.452316
542392.250000 6589889.270000 23.230000 97.000000 116.000000 122.000000 83.000000 0.456985
542392.170000 6589888.960000 22.980000 98.000000 116.000000 120.000000 82.000000 0.443649
542392.100000 6589888.620000 22.730000 101.000000 118.000000 125.000000 83.000000 0.492981
542392.020000 6589888.290000 22.460000 102.000000 119.000000 126.000000 87.000000 0.437317
542391.990000 6589889.450000 23.150000 98.000000 115.000000 123.000000 77.000000 0.471649
542391.910000 6589889.110000 22.870000 99.000000 116.000000 124.000000 80.000000 0.463318
542391.840000 6589888.770000 22.620000 101.000000 118.000000 126.000000 83.000000 0.504318
542391.770000 6589889.880000 23.280000 102.000000 121.000000 128.000000 86.000000 0.455978
542391.690000 6589889.560000 23.040000 97.000000 114.000000 122.000000 78.000000 0.477646
542391.610000 6589889.210000 22.750000 99.000000 116.000000 124.000000 80.000000 0.518311
542391.530000 6589888.870000 22.450000 101.000000 118.000000 126.000000 79.000000 0.483322
542391.360000 6589889.850000 22.980000 100.000000 119.000000 125.000000 81.000000 0.476654
542391.290000 6589889.540000 22.670000 100.000000 117.000000 125.000000 79.000000 0.475311
542391.210000 6589889.210000 22.430000 99.000000 116.000000 124.000000 77.000000 0.490311
542391.130000 6589889.970000 22.770000 98.000000 117.000000 123.000000 78.000000 0.492981
542391.050000 6589889.620000 22.510000 100.000000 119.000000 125.000000 83.000000 0.464325
542390.840000 6589889.800000 22.540000 99.000000 118.000000 124.000000 82.000000 0.458984
542399.770000 6589883.350000 25.000000 95.000000 108.000000 114.000000 82.000000 0.384323
542399.410000 6589883.490000 24.930000 30.000000 40.000000 49.000000 26.000000 0.469650
542399.320000 6589883.820000 25.060000 35.000000 44.000000 53.000000 37.000000 0.474319
542398.960000 6589883.870000 24.760000 107.000000 124.000000 131.000000 90.000000 0.458649
542398.870000 6589884.200000 24.900000 102.000000 119.000000 126.000000 81.000000 0.444992
542398.500000 6589884.090000 24.530000 97.000000 116.000000 123.000000 78.000000 0.488647
542398.420000 6589884.380000 24.690000 100.000000 117.000000 125.000000 80.000000 0.467316
542398.330000 6589884.710000 24.830000 101.000000 118.000000 126.000000 80.000000 0.460312
542398.190000 6589884.200000 24.410000 102.000000 119.000000 127.000000 84.000000 0.470657
542398.110000 6589884.520000 24.600000 99.000000 116.000000 124.000000 79.000000 0.473984
542398.030000 6589884.820000 24.670000 100.000000 117.000000 125.000000 79.000000 0.473984
542397.800000 6589884.540000 24.270000 102.000000 119.000000 127.000000 80.000000 0.478317
542397.720000 6589884.850000 24.430000 100.000000 119.000000 126.000000 79.000000 0.487320
542397.630000 6589885.160000 24.610000 98.000000 117.000000 124.000000 77.000000 0.466324
542397.550000 6589885.470000 24.720000 97.000000 116.000000 123.000000 79.000000 0.475983
542397.420000 6589884.460000 24.010000 104.000000 121.000000 129.000000 83.000000 0.450989
542397.330000 6589884.790000 24.140000 102.000000 119.000000 127.000000 87.000000 0.465317
542397.250000 6589885.100000 24.270000 100.000000 119.000000 126.000000 84.000000 0.485321
542397.160000 6589885.410000 24.440000 101.000000 118.000000 126.000000 84.000000 0.458313
542397.080000 6589885.740000 24.590000 101.000000 118.000000 126.000000 79.000000 0.484314
542396.930000 6589884.920000 23.890000 99.000000 116.000000 124.000000 79.000000 0.467651
542396.850000 6589885.230000 24.060000 94.000000 111.000000 119.000000 75.000000 0.470657
542396.760000 6589885.560000 24.190000 98.000000 115.000000 125.000000 78.000000 0.481659
542396.670000 6589885.900000 24.360000 102.000000 120.000000 124.000000 86.000000 0.470978
542396.580000 6589886.210000 24.500000 105.000000 120.000000 123.000000 83.000000 0.497986
542396.660000 6589884.860000 23.670000 101.000000 119.000000 131.000000 82.000000 0.466324
542396.560000 6589885.210000 23.790000 102.000000 120.000000 124.000000 89.000000 0.483322
542396.480000 6589885.510000 23.930000 101.000000 119.000000 129.000000 85.000000 0.488647
542396.400000 6589885.800000 24.070000 99.000000 120.000000 125.000000 85.000000 0.443314
542396.320000 6589886.130000 24.240000 101.000000 120.000000 124.000000 85.000000 0.474991
542396.230000 6589886.460000 24.410000 103.000000 122.000000 128.000000 89.000000 0.475983
542396.280000 6589885.260000 23.760000 102.000000 117.000000 120.000000 77.000000 0.521317
542396.190000 6589885.580000 23.850000 101.000000 120.000000 127.000000 85.000000 0.561310
542396.100000 6589885.890000 23.920000 101.000000 118.000000 125.000000 82.000000 0.483978
542396.010000 6589886.220000 24.040000 101.000000 121.000000 132.000000 86.000000 0.475647
542395.930000 6589886.560000 24.250000 103.000000 122.000000 128.000000 84.000000 0.452316
542395.690000 6589885.940000 23.870000 106.000000 120.000000 129.000000 85.000000 0.473648
542395.610000 6589886.220000 23.750000 101.000000 121.000000 122.000000 81.000000 0.526978
542395.530000 6589886.530000 23.900000 104.000000 121.000000 128.000000 85.000000 0.455658
542395.450000 6589886.850000 24.030000 103.000000 122.000000 128.000000 84.000000 0.458649
542395.360000 6589887.160000 24.210000 102.000000 121.000000 127.000000 83.000000 0.443985
542395.350000 6589885.830000 23.360000 97.000000 116.000000 123.000000 82.000000 0.509659
542395.270000 6589886.140000 23.410000 100.000000 117.000000 127.000000 79.000000 0.472656
542395.190000 6589886.450000 23.560000 98.000000 117.000000 123.000000 80.000000 0.464645
542395.100000 6589886.780000 23.690000 101.000000 120.000000 126.000000 82.000000 0.453323
542395.010000 6589887.090000 23.840000 104.000000 119.000000 126.000000 81.000000 0.475647
542394.930000 6589887.390000 23.980000 101.000000 118.000000 125.000000 81.000000 0.468658
542395.000000 6589885.920000 23.140000 102.000000 116.000000 125.000000 84.000000 0.476318
542394.920000 6589886.230000 23.280000 100.000000 119.000000 125.000000 83.000000 0.439651
542394.840000 6589886.530000 23.400000 98.000000 117.000000 124.000000 79.000000 0.489655
542394.750000 6589886.860000 23.550000 102.000000 119.000000 126.000000 81.000000 0.484314
542394.650000 6589887.200000 23.750000 99.000000 117.000000 121.000000 84.000000 0.488312
542394.570000 6589887.520000 23.850000 98.000000 117.000000 123.000000 79.000000 0.471313
542394.480000 6589887.840000 24.000000 99.000000 118.000000 124.000000 79.000000 0.454987
542394.760000 6589885.880000 22.890000 103.000000 118.000000 125.000000 85.000000 0.510315
542394.670000 6589886.210000 23.040000 102.000000 121.000000 128.000000 87.000000 0.471985
542394.580000 6589886.540000 23.180000 103.000000 120.000000 127.000000 88.000000 0.472321
542394.490000 6589886.880000 23.370000 103.000000 120.000000 127.000000 82.000000 0.472992
542394.410000 6589887.180000 23.500000 103.000000 120.000000 127.000000 85.000000 0.471649
542394.330000 6589887.480000 23.630000 101.000000 118.000000 126.000000 85.000000 0.456650
542394.240000 6589887.800000 23.810000 99.000000 116.000000 124.000000 82.000000 0.488983
542394.270000 6589886.120000 22.720000 101.000000 118.000000 125.000000 86.000000 0.473984
542394.180000 6589886.450000 22.890000 98.000000 116.000000 120.000000 80.000000 0.478653
542394.090000 6589886.780000 23.040000 99.000000 117.000000 121.000000 78.000000 0.487656
542394.010000 6589887.090000 23.160000 98.000000 115.000000 123.000000 76.000000 0.489655
542393.920000 6589887.410000 23.290000 102.000000 117.000000 124.000000 80.000000 0.468979
542393.820000 6589887.760000 23.450000 108.000000 122.000000 123.000000 93.000000 0.461319
542393.740000 6589888.060000 23.560000 106.000000 121.000000 124.000000 86.000000 0.493317
542393.660000 6589888.380000 23.800000 98.000000 117.000000 121.000000 80.000000 0.537979
542393.810000 6589886.470000 22.580000 97.000000 114.000000 121.000000 80.000000 0.485657
542393.720000 6589886.790000 22.740000 103.000000 120.000000 128.000000 87.000000 0.497650
542393.640000 6589887.100000 22.830000 98.000000 115.000000 122.000000 80.000000 0.456985
542393.560000 6589887.410000 22.970000 104.000000 114.000000 115.000000 88.000000 0.476654
542393.460000 6589887.750000 23.160000 88.000000 95.000000 88.000000 78.000000 0.460312
542393.380000 6589888.070000 23.430000 138.000000 150.000000 148.000000 126.000000 0.427979
542393.300000 6589888.370000 23.700000 98.000000 113.000000 116.000000 82.000000 0.336655
542393.210000 6589888.680000 23.820000 103.000000 118.000000 125.000000 80.000000 0.615311
542393.560000 6589886.410000 22.360000 103.000000 122.000000 129.000000 84.000000 0.490646
542393.480000 6589886.690000 22.500000 96.000000 113.000000 123.000000 80.000000 0.478989
542393.390000 6589887.030000 22.590000 102.000000 119.000000 126.000000 85.000000 0.433319
542393.300000 6589887.350000 22.760000 110.000000 120.000000 119.000000 96.000000 0.472321
542393.230000 6589887.640000 22.950000 64.000000 58.000000 62.000000 61.000000 0.470978
542393.140000 6589887.950000 22.420000 113.000000 115.000000 112.000000 108.000000 0.443649
542392.880000 6589888.950000 23.650000 107.000000 126.000000 133.000000 86.000000 0.463989
542393.230000 6589886.660000 22.530000 101.000000 116.000000 121.000000 79.000000 0.533981
542393.060000 6589887.280000 22.560000 84.000000 93.000000 90.000000 69.000000 0.489990
542392.970000 6589887.620000 22.760000 66.000000 55.000000 61.000000 73.000000 0.618988
542392.890000 6589887.930000 22.890000 66.000000 55.000000 51.000000 76.000000 0.647308
542392.810000 6589888.210000 22.360000 101.000000 107.000000 105.000000 98.000000 0.431992
542392.630000 6589888.890000 23.300000 101.000000 121.000000 128.000000 83.000000 0.504990
542392.540000 6589889.220000 23.430000 98.000000 117.000000 123.000000 78.000000 0.494980
542392.620000 6589887.490000 22.380000 138.000000 146.000000 133.000000 122.000000 0.484314
542392.520000 6589887.850000 22.560000 66.000000 60.000000 60.000000 47.000000 0.494644
542392.430000 6589888.170000 22.740000 58.000000 69.000000 75.000000 46.000000 0.593643
542392.350000 6589888.470000 22.920000 104.000000 121.000000 129.000000 86.000000 0.559647
542392.270000 6589888.780000 22.930000 103.000000 120.000000 127.000000 85.000000 0.478317
542392.100000 6589889.410000 23.260000 100.000000 117.000000 127.000000 84.000000 0.450653
542392.040000 6589888.160000 22.350000 100.000000 117.000000 124.000000 82.000000 0.476990
542391.960000 6589888.480000 22.470000 102.000000 119.000000 127.000000 82.000000 0.455658
542391.870000 6589888.810000 22.600000 101.000000 118.000000 126.000000 84.000000 0.482651
542391.780000 6589889.130000 22.760000 104.000000 121.000000 129.000000 86.000000 0.495987
542391.690000 6589889.450000 22.940000 102.000000 119.000000 127.000000 86.000000 0.499649
542391.610000 6589889.780000 23.050000 99.000000 118.000000 125.000000 85.000000 0.464325
542391.660000 6589888.570000 22.380000 102.000000 119.000000 127.000000 83.000000 0.474319
542391.580000 6589888.890000 22.510000 101.000000 118.000000 126.000000 79.000000 0.461319
542391.480000 6589889.230000 22.650000 103.000000 120.000000 128.000000 85.000000 0.477646
542391.410000 6589889.510000 22.760000 102.000000 119.000000 127.000000 86.000000 0.461990
542391.330000 6589889.820000 22.920000 100.000000 119.000000 125.000000 81.000000 0.481979
542391.190000 6589889.340000 22.520000 101.000000 118.000000 125.000000 82.000000 0.449982
542391.110000 6589889.660000 22.690000 99.000000 118.000000 124.000000 82.000000 0.470322
542391.020000 6589889.970000 22.820000 101.000000 120.000000 126.000000 83.000000 0.469650
542389.910000 6589891.110000 22.830000 168.000000 196.000000 200.000000 93.000000 0.645645
542389.010000 6589891.970000 22.630000 97.000000 116.000000 120.000000 83.000000 0.468323
542389.950000 6589891.000000 22.700000 177.000000 203.000000 204.000000 109.000000 0.538651
542389.860000 6589891.310000 22.890000 181.000000 212.000000 206.000000 109.000000 0.696976
542389.540000 6589891.400000 22.640000 170.000000 188.000000 190.000000 115.000000 0.561646
542389.450000 6589891.710000 22.800000 105.000000 119.000000 130.000000 87.000000 0.624985
542389.110000 6589891.960000 22.670000 98.000000 117.000000 123.000000 84.000000 0.516983
542391.440000 6589890.170000 23.180000 100.000000 117.000000 125.000000 79.000000 0.484985
542390.990000 6589890.440000 23.080000 100.000000 117.000000 125.000000 83.000000 0.469650
542390.920000 6589890.120000 22.840000 99.000000 116.000000 124.000000 78.000000 0.496658
542390.660000 6589890.710000 22.930000 100.000000 118.000000 122.000000 83.000000 0.485321
542390.580000 6589890.380000 22.710000 101.000000 118.000000 126.000000 86.000000 0.467987
542390.510000 6589890.060000 22.480000 101.000000 118.000000 126.000000 83.000000 0.466660
542390.390000 6589890.980000 22.920000 109.000000 138.000000 136.000000 80.000000 0.438980
542390.320000 6589890.670000 22.720000 94.000000 111.000000 118.000000 83.000000 0.456985
542391.520000 6589890.090000 23.240000 102.000000 119.000000 127.000000 84.000000 0.478317
542391.230000 6589890.160000 23.120000 101.000000 118.000000 126.000000 82.000000 0.484985
542390.940000 6589890.290000 22.920000 102.000000 119.000000 127.000000 83.000000 0.489990
542390.850000 6589890.620000 23.090000 101.000000 118.000000 125.000000 83.000000 0.477325
542390.600000 6589890.060000 22.560000 101.000000 118.000000 126.000000 83.000000 0.441650
542390.510000 6589890.380000 22.740000 101.000000 118.000000 126.000000 86.000000 0.498322
542390.420000 6589890.720000 22.860000 95.000000 114.000000 118.000000 81.000000 0.463318
542390.030000 6589890.680000 22.490000 110.000000 131.000000 126.000000 71.000000 0.459320
542391.030000 6589885.280000 22.220000 39.000000 46.000000 54.000000 36.000000 0.511322
542390.960000 6589884.970000 22.360000 42.000000 49.000000 57.000000 38.000000 0.487656
542391.010000 6589886.610000 21.200000 107.000000 121.000000 130.000000 88.000000 0.469650
542390.950000 6589886.320000 21.330000 33.000000 40.000000 48.000000 30.000000 0.490646
542390.870000 6589885.990000 21.520000 38.000000 45.000000 51.000000 35.000000 0.480652
542390.800000 6589885.680000 21.680000 43.000000 50.000000 58.000000 37.000000 0.477646
542390.730000 6589885.370000 21.880000 43.000000 50.000000 58.000000 42.000000 0.509659
542390.540000 6589886.300000 21.100000 32.000000 37.000000 43.000000 33.000000 0.523315
542390.470000 6589885.990000 21.240000 36.000000 43.000000 49.000000 39.000000 0.474655
542390.400000 6589885.670000 21.420000 43.000000 50.000000 58.000000 38.000000 0.498657
542390.240000 6589886.080000 21.040000 30.000000 38.000000 41.000000 28.000000 0.505325
542391.150000 6589886.550000 21.300000 104.000000 117.000000 123.000000 94.000000 0.496658
542391.070000 6589886.840000 21.050000 90.000000 109.000000 113.000000 79.000000 0.507645
542390.990000 6589886.010000 21.560000 48.000000 53.000000 59.000000 37.000000 0.499649
542390.910000 6589886.290000 21.350000 40.000000 45.000000 51.000000 38.000000 0.494644
542390.840000 6589886.570000 21.050000 87.000000 97.000000 106.000000 81.000000 0.457321
542390.970000 6589885.040000 22.330000 43.000000 50.000000 58.000000 42.000000 0.516983
542390.890000 6589885.350000 22.010000 43.000000 50.000000 58.000000 42.000000 0.510651
542390.810000 6589885.650000 21.710000 43.000000 50.000000 58.000000 37.000000 0.494324
542390.730000 6589885.950000 21.430000 40.000000 47.000000 53.000000 40.000000 0.502991
542390.640000 6589886.270000 21.150000 35.000000 40.000000 46.000000 37.000000 0.497314
542390.440000 6589885.590000 21.530000 39.000000 46.000000 54.000000 35.000000 0.495651
542390.280000 6589886.160000 20.980000 32.000000 40.000000 43.000000 32.000000 0.523651
542392.810000 6589886.200000 22.540000 44.000000 51.000000 61.000000 37.000000 0.532318
542392.530000 6589886.350000 22.340000 76.000000 84.000000 97.000000 72.000000 0.470322
542392.470000 6589886.070000 22.570000 40.000000 49.000000 58.000000 33.000000 0.645645
542392.180000 6589886.420000 22.070000 114.000000 124.000000 126.000000 102.000000 0.479645
542391.780000 6589886.520000 21.760000 109.000000 123.000000 126.000000 87.000000 0.495651
542391.650000 6589886.690000 21.480000 96.000000 111.000000 116.000000 81.000000 0.490982
542392.630000 6589885.970000 22.580000 42.000000 53.000000 59.000000 41.000000 0.705978
542392.550000 6589886.290000 22.360000 28.000000 34.000000 46.000000 22.000000 0.471649
542392.260000 6589886.350000 22.100000 48.000000 58.000000 68.000000 36.000000 0.491318
542391.950000 6589886.520000 21.840000 109.000000 120.000000 124.000000 87.000000 0.519318
542391.450000 6589886.870000 21.210000 93.000000 112.000000 118.000000 79.000000 0.499985
542392.110000 6589886.120000 22.250000 42.000000 52.000000 62.000000 42.000000 0.501312
542392.040000 6589885.820000 22.450000 41.000000 48.000000 58.000000 39.000000 0.485992
542391.570000 6589885.610000 22.310000 41.000000 48.000000 56.000000 38.000000 0.467651
542391.500000 6589885.290000 22.510000 43.000000 52.000000 59.000000 40.000000 0.510986
542391.570000 6589886.350000 21.660000 32.000000 41.000000 48.000000 27.000000 0.446320
542391.510000 6589886.060000 21.850000 41.000000 48.000000 56.000000 40.000000 0.466660
542391.430000 6589885.750000 22.010000 41.000000 48.000000 56.000000 36.000000 0.483978
542391.360000 6589885.410000 22.230000 43.000000 50.000000 58.000000 38.000000 0.479645
542391.380000 6589886.810000 21.270000 95.000000 113.000000 123.000000 79.000000 0.486313
542391.300000 6589886.480000 21.430000 59.000000 70.000000 74.000000 44.000000 0.474319
542391.240000 6589886.190000 21.610000 42.000000 49.000000 57.000000 41.000000 0.501648
542391.170000 6589885.900000 21.820000 40.000000 44.000000 53.000000 34.000000 0.501984
542392.110000 6589885.920000 22.410000 40.000000 49.000000 58.000000 38.000000 0.509323
542392.030000 6589886.230000 22.140000 31.000000 41.000000 51.000000 37.000000 0.488647
542391.690000 6589885.990000 22.030000 41.000000 48.000000 56.000000 34.000000 0.485657
542391.610000 6589886.280000 21.800000 38.000000 47.000000 56.000000 39.000000 0.464325
542391.530000 6589886.600000 21.480000 99.000000 114.000000 117.000000 81.000000 0.512650
542391.470000 6589885.360000 22.390000 40.000000 47.000000 55.000000 38.000000 0.515991
542391.390000 6589885.650000 22.120000 39.000000 46.000000 54.000000 37.000000 0.482986
542391.310000 6589885.950000 21.850000 40.000000 47.000000 55.000000 33.000000 0.497314
542391.230000 6589886.240000 21.580000 41.000000 48.000000 56.000000 40.000000 0.496323
542391.230000 6589885.100000 22.450000 38.000000 47.000000 56.000000 38.000000 0.492325
542397.180000 6589894.910000 23.920000 45.000000 52.000000 62.000000 41.000000 0.554321
542396.260000 6589894.230000 23.920000 43.000000 50.000000 60.000000 43.000000 0.537979
542395.910000 6589893.900000 23.900000 44.000000 48.000000 59.000000 37.000000 0.558319
542395.610000 6589893.850000 23.780000 45.000000 49.000000 60.000000 37.000000 0.490982
542395.540000 6589893.550000 23.970000 41.000000 45.000000 56.000000 36.000000 0.626312
542395.120000 6589893.250000 23.880000 44.000000 48.000000 57.000000 44.000000 0.519653
542397.830000 6589895.510000 23.950000 46.000000 53.000000 63.000000 45.000000 0.635651
542396.920000 6589894.840000 23.840000 43.000000 50.000000 60.000000 37.000000 0.509659
542396.470000 6589894.390000 23.890000 43.000000 47.000000 58.000000 38.000000 0.517990
542396.190000 6589894.150000 23.960000 44.000000 51.000000 61.000000 43.000000 0.634323
542395.360000 6589893.570000 23.750000 44.000000 51.000000 61.000000 43.000000 0.491653
542394.740000 6589893.040000 23.770000 38.000000 47.000000 54.000000 32.000000 0.523987
542397.730000 6589896.130000 23.440000 44.000000 51.000000 61.000000 37.000000 0.477325
542397.540000 6589896.450000 23.000000 46.000000 53.000000 63.000000 42.000000 0.504654
542397.210000 6589896.660000 22.610000 44.000000 51.000000 61.000000 39.000000 0.472992
542396.890000 6589896.970000 22.250000 46.000000 53.000000 63.000000 38.000000 0.484985
542396.670000 6589897.250000 21.890000 44.000000 51.000000 59.000000 37.000000 0.457321
542396.600000 6589896.940000 22.030000 43.000000 50.000000 58.000000 40.000000 0.478317
542396.460000 6589897.560000 21.520000 43.000000 50.000000 56.000000 40.000000 0.470978
542396.380000 6589897.250000 21.750000 42.000000 49.000000 57.000000 37.000000 0.502655
542398.000000 6589895.970000 23.720000 46.000000 50.000000 61.000000 42.000000 0.509323
542397.580000 6589896.420000 23.050000 46.000000 53.000000 63.000000 42.000000 0.523315
542397.310000 6589896.420000 22.910000 45.000000 52.000000 62.000000 44.000000 0.512985
542397.220000 6589896.730000 22.640000 43.000000 50.000000 60.000000 35.000000 0.495316
542396.780000 6589896.880000 22.200000 41.000000 48.000000 56.000000 38.000000 0.521652
542396.700000 6589897.200000 21.890000 44.000000 51.000000 59.000000 37.000000 0.499313
542396.620000 6589897.480000 21.640000 41.000000 48.000000 54.000000 35.000000 0.496979
542396.270000 6589897.250000 21.620000 42.000000 49.000000 57.000000 38.000000 0.514648
542396.190000 6589897.540000 21.340000 40.000000 47.000000 53.000000 45.000000 0.500320
542396.110000 6589897.840000 21.060000 41.000000 48.000000 56.000000 36.000000 0.496658
542395.930000 6589897.560000 21.160000 39.000000 46.000000 52.000000 38.000000 0.514648
542395.030000 6589894.670000 22.750000 41.000000 45.000000 54.000000 39.000000 0.521317
542394.960000 6589894.360000 22.980000 38.000000 45.000000 53.000000 38.000000 0.514984
542394.890000 6589894.060000 23.120000 38.000000 45.000000 53.000000 34.000000 0.520645
542394.820000 6589893.730000 23.290000 34.000000 41.000000 49.000000 30.000000 0.510986
542395.450000 6589897.720000 20.040000 39.000000 46.000000 54.000000 35.000000 0.472992
542395.390000 6589897.460000 20.810000 38.000000 43.000000 49.000000 32.000000 0.463989
542395.250000 6589896.830000 21.300000 39.000000 44.000000 50.000000 36.000000 0.549652
542395.180000 6589896.530000 21.460000 35.000000 43.000000 46.000000 37.000000 0.537643
542395.110000 6589896.230000 21.620000 38.000000 45.000000 51.000000 37.000000 0.544312
542395.030000 6589895.900000 21.810000 42.000000 46.000000 55.000000 43.000000 0.519318
542394.960000 6589895.590000 22.000000 41.000000 48.000000 54.000000 35.000000 0.537979
542394.890000 6589895.280000 22.170000 53.000000 62.000000 67.000000 50.000000 0.542313
542395.180000 6589897.920000 20.120000 36.000000 45.000000 50.000000 37.000000 0.482986
542395.120000 6589897.630000 20.360000 38.000000 47.000000 56.000000 38.000000 0.492645
542395.050000 6589897.330000 20.700000 39.000000 46.000000 54.000000 41.000000 0.549988
542394.980000 6589897.000000 20.980000 82.000000 87.000000 91.000000 82.000000 0.525650
542395.450000 6589896.860000 21.360000 43.000000 48.000000 54.000000 36.000000 0.519989
542395.360000 6589897.180000 21.090000 40.000000 45.000000 51.000000 35.000000 0.513657
542395.290000 6589897.460000 20.340000 38.000000 43.000000 49.000000 34.000000 0.483978
542395.200000 6589897.770000 20.150000 38.000000 47.000000 54.000000 35.000000 0.471313
542395.120000 6589898.090000 20.010000 36.000000 45.000000 52.000000 37.000000 0.492645
542395.240000 6589896.180000 21.700000 41.000000 46.000000 50.000000 41.000000 0.545654
542395.160000 6589896.450000 21.420000 37.000000 45.000000 48.000000 37.000000 0.556320
542395.070000 6589896.780000 21.180000 35.000000 43.000000 46.000000 29.000000 0.516983
542394.990000 6589897.060000 20.900000 79.000000 84.000000 88.000000 74.000000 0.543991
542395.180000 6589895.360000 22.260000 39.000000 44.000000 50.000000 37.000000 0.549316
542395.100000 6589895.660000 22.010000 36.000000 40.000000 49.000000 35.000000 0.547989
542395.020000 6589895.940000 21.790000 42.000000 46.000000 55.000000 43.000000 0.510986
542395.040000 6589894.760000 22.650000 40.000000 44.000000 53.000000 40.000000 0.539322
542394.960000 6589895.050000 22.370000 33.000000 42.000000 47.000000 35.000000 0.502991
542394.880000 6589895.350000 22.160000 53.000000 62.000000 67.000000 49.000000 0.527649
542394.900000 6589893.800000 23.230000 36.000000 43.000000 51.000000 34.000000 0.541656
542397.960000 6589895.830000 23.770000 49.000000 53.000000 64.000000 45.000000 0.491989
542397.660000 6589895.830000 23.620000 43.000000 50.000000 60.000000 40.000000 0.508987
542397.600000 6589895.530000 23.830000 47.000000 51.000000 62.000000 41.000000 0.520981
542397.470000 6589896.140000 23.250000 44.000000 51.000000 61.000000 39.000000 0.497986
542397.400000 6589895.830000 23.360000 44.000000 53.000000 62.000000 41.000000 0.486313
542397.330000 6589895.550000 23.540000 47.000000 51.000000 62.000000 46.000000 0.471985
542397.260000 6589895.230000 23.790000 45.000000 49.000000 60.000000 38.000000 0.498322
542397.140000 6589896.370000 22.830000 44.000000 51.000000 61.000000 41.000000 0.511658
542397.080000 6589896.060000 23.000000 42.000000 49.000000 59.000000 36.000000 0.501312
542396.990000 6589895.730000 23.190000 42.000000 49.000000 59.000000 41.000000 0.497650
542396.930000 6589895.410000 23.390000 44.000000 51.000000 59.000000 40.000000 0.474991
542396.860000 6589895.140000 23.550000 43.000000 50.000000 60.000000 41.000000 0.476654
542396.780000 6589894.800000 23.760000 44.000000 51.000000 59.000000 41.000000 0.471985
542396.820000 6589896.660000 22.380000 42.000000 49.000000 59.000000 37.000000 0.443649
542396.740000 6589896.330000 22.590000 43.000000 50.000000 58.000000 41.000000 0.501648
542396.680000 6589896.060000 22.760000 45.000000 52.000000 60.000000 39.000000 0.487320
542396.600000 6589895.730000 22.940000 42.000000 49.000000 57.000000 39.000000 0.496979
542396.540000 6589895.430000 23.140000 45.000000 52.000000 60.000000 40.000000 0.518982
542396.470000 6589895.150000 23.330000 40.000000 47.000000 55.000000 38.000000 0.487991
542396.400000 6589894.850000 23.490000 44.000000 51.000000 59.000000 43.000000 0.478653
542396.530000 6589896.660000 22.230000 42.000000 49.000000 57.000000 39.000000 0.503647
542396.470000 6589896.370000 22.430000 40.000000 47.000000 55.000000 36.000000 0.505325
542396.400000 6589896.050000 22.590000 44.000000 51.000000 59.000000 41.000000 0.497650
542396.330000 6589895.740000 22.760000 44.000000 51.000000 59.000000 42.000000 0.496323
542396.260000 6589895.450000 22.960000 43.000000 50.000000 58.000000 40.000000 0.492645
542396.190000 6589895.150000 23.150000 42.000000 49.000000 57.000000 41.000000 0.504318
542396.120000 6589894.830000 23.320000 42.000000 49.000000 57.000000 37.000000 0.477982
542396.050000 6589894.540000 23.470000 42.000000 49.000000 57.000000 36.000000 0.501648
542395.980000 6589894.220000 23.670000 40.000000 49.000000 56.000000 41.000000 0.502991
542396.310000 6589896.940000 21.950000 42.000000 49.000000 57.000000 39.000000 0.519653
542396.240000 6589896.640000 22.060000 42.000000 49.000000 57.000000 38.000000 0.489319
542396.170000 6589896.330000 22.280000 42.000000 49.000000 57.000000 37.000000 0.501312
542396.100000 6589896.020000 22.480000 43.000000 50.000000 56.000000 37.000000 0.496323
542396.030000 6589895.720000 22.660000 44.000000 51.000000 59.000000 43.000000 0.514648
542395.960000 6589895.410000 22.820000 44.000000 48.000000 57.000000 38.000000 0.493988
542395.890000 6589895.090000 23.000000 43.000000 50.000000 58.000000 42.000000 0.520325
542395.820000 6589894.790000 23.210000 40.000000 47.000000 55.000000 36.000000 0.526321
542395.750000 6589894.490000 23.360000 39.000000 46.000000 52.000000 42.000000 0.499313
542395.680000 6589894.180000 23.590000 38.000000 45.000000 53.000000 34.000000 0.473312
542396.040000 6589897.250000 21.450000 38.000000 45.000000 51.000000 34.000000 0.514648
542395.970000 6589896.970000 21.650000 38.000000 45.000000 53.000000 36.000000 0.511978
542395.900000 6589896.650000 21.790000 42.000000 49.000000 57.000000 41.000000 0.489655
542395.830000 6589896.340000 21.940000 45.000000 52.000000 58.000000 43.000000 0.460983
542395.760000 6589896.040000 22.160000 42.000000 47.000000 53.000000 38.000000 0.505325
542395.680000 6589895.700000 22.360000 45.000000 50.000000 56.000000 41.000000 0.536652
542395.610000 6589895.380000 22.540000 42.000000 47.000000 53.000000 40.000000 0.544647
542395.540000 6589895.090000 22.740000 41.000000 48.000000 54.000000 41.000000 0.543991
542395.470000 6589894.780000 22.950000 39.000000 46.000000 52.000000 37.000000 0.553650
542395.400000 6589894.460000 23.070000 37.000000 44.000000 50.000000 36.000000 0.525314
542395.270000 6589893.870000 23.460000 40.000000 44.000000 53.000000 37.000000 0.502991
542395.660000 6589897.440000 21.150000 35.000000 40.000000 46.000000 30.000000 0.495316
542395.600000 6589897.140000 21.340000 43.000000 48.000000 54.000000 40.000000 0.488983
542395.520000 6589896.820000 21.530000 44.000000 49.000000 55.000000 44.000000 0.528992
542395.440000 6589896.490000 21.710000 42.000000 47.000000 53.000000 39.000000 0.496658
542395.380000 6589896.200000 21.870000 40.000000 45.000000 49.000000 38.000000 0.532654
542395.310000 6589895.920000 22.010000 37.000000 42.000000 48.000000 31.000000 0.541656
542395.170000 6589895.290000 22.380000 38.000000 43.000000 49.000000 38.000000 0.540985
542395.100000 6589894.990000 22.590000 37.000000 44.000000 50.000000 33.000000 0.532654
542397.670000 6589896.090000 23.310000 46.000000 53.000000 63.000000 41.000000 0.483322
542397.550000 6589895.500000 23.760000 47.000000 51.000000 62.000000 37.000000 0.496658
542397.470000 6589895.810000 23.460000 44.000000 53.000000 62.000000 41.000000 0.523987
542397.380000 6589896.130000 23.130000 44.000000 51.000000 61.000000 39.000000 0.482315
542397.260000 6589895.130000 23.830000 44.000000 48.000000 59.000000 38.000000 0.512314
542397.180000 6589895.410000 23.530000 41.000000 48.000000 58.000000 37.000000 0.478317
542397.100000 6589895.710000 23.260000 45.000000 52.000000 62.000000 46.000000 0.486649
542397.010000 6589896.020000 23.000000 42.000000 49.000000 59.000000 36.000000 0.503647
542396.940000 6589896.310000 22.690000 43.000000 50.000000 60.000000 40.000000 0.462646
542396.860000 6589896.580000 22.440000 42.000000 49.000000 59.000000 37.000000 0.455978
542396.850000 6589895.140000 23.520000 43.000000 50.000000 60.000000 41.000000 0.495987
542396.760000 6589895.440000 23.290000 43.000000 50.000000 58.000000 42.000000 0.509323
542396.680000 6589895.730000 23.000000 44.000000 51.000000 59.000000 41.000000 0.532318
542396.600000 6589896.030000 22.760000 45.000000 52.000000 60.000000 40.000000 0.505325
542396.520000 6589896.330000 22.420000 45.000000 52.000000 60.000000 41.000000 0.484650
542396.600000 6589895.100000 23.410000 43.000000 50.000000 58.000000 42.000000 0.485321
542396.510000 6589895.410000 23.150000 45.000000 52.000000 60.000000 40.000000 0.532318
542396.430000 6589895.720000 22.850000 43.000000 50.000000 58.000000 40.000000 0.527313
542396.350000 6589896.010000 22.570000 44.000000 51.000000 59.000000 37.000000 0.481659
542396.270000 6589896.320000 22.300000 44.000000 51.000000 59.000000 40.000000 0.494324
542396.180000 6589896.630000 22.020000 41.000000 48.000000 56.000000 39.000000 0.517319
542396.100000 6589896.910000 21.760000 40.000000 47.000000 55.000000 39.000000 0.526657
542396.020000 6589897.230000 21.480000 38.000000 45.000000 51.000000 34.000000 0.502655
542396.390000 6589894.680000 23.570000 42.000000 49.000000 57.000000 38.000000 0.508652
542396.310000 6589894.970000 23.260000 42.000000 49.000000 57.000000 43.000000 0.507980
542396.230000 6589895.280000 22.950000 40.000000 47.000000 55.000000 37.000000 0.518646
542396.140000 6589895.580000 22.720000 43.000000 50.000000 58.000000 39.000000 0.534988
542396.060000 6589895.910000 22.420000 39.000000 46.000000 54.000000 38.000000 0.491989
542395.970000 6589896.210000 22.130000 43.000000 50.000000 56.000000 38.000000 0.484985
542395.890000 6589896.520000 21.900000 41.000000 48.000000 54.000000 39.000000 0.498322
542395.810000 6589896.820000 21.600000 47.000000 54.000000 62.000000 45.000000 0.510315
542395.730000 6589897.110000 21.330000 41.000000 46.000000 52.000000 37.000000 0.530655
542396.110000 6589894.450000 23.600000 44.000000 51.000000 59.000000 42.000000 0.517319
542396.020000 6589894.750000 23.300000 40.000000 47.000000 55.000000 39.000000 0.520325
542395.930000 6589895.080000 22.970000 41.000000 48.000000 56.000000 40.000000 0.525314
542395.850000 6589895.370000 22.750000 42.000000 49.000000 57.000000 40.000000 0.544647
542395.780000 6589895.650000 22.470000 44.000000 49.000000 55.000000 41.000000 0.533646
542395.700000 6589895.940000 22.190000 40.000000 45.000000 51.000000 33.000000 0.519989
542395.610000 6589896.270000 21.920000 45.000000 50.000000 56.000000 41.000000 0.516312
542395.530000 6589896.560000 21.620000 38.000000 43.000000 49.000000 35.000000 0.528656
542395.740000 6589894.320000 23.430000 40.000000 47.000000 55.000000 38.000000 0.533646
542395.650000 6589894.620000 23.130000 40.000000 47.000000 53.000000 38.000000 0.516983
542395.570000 6589894.950000 22.840000 41.000000 48.000000 54.000000 40.000000 0.523651
542395.490000 6589895.240000 22.590000 40.000000 45.000000 51.000000 35.000000 0.528992
542395.410000 6589895.540000 22.280000 43.000000 48.000000 54.000000 38.000000 0.545654
542395.320000 6589895.870000 21.990000 38.000000 43.000000 49.000000 30.000000 0.537643
542395.510000 6589894.150000 23.400000 42.000000 47.000000 53.000000 36.000000 0.495316
542395.420000 6589894.460000 23.120000 37.000000 44.000000 50.000000 36.000000 0.523651
542395.340000 6589894.750000 22.830000 38.000000 45.000000 51.000000 40.000000 0.536316
542395.270000 6589895.040000 22.540000 39.000000 46.000000 52.000000 40.000000 0.542313
542395.280000 6589893.860000 23.460000 40.000000 44.000000 53.000000 37.000000 0.488983
542395.200000 6589894.170000 23.190000 39.000000 46.000000 54.000000 40.000000 0.482651
542395.120000 6589894.470000 22.900000 39.000000 43.000000 52.000000 41.000000 0.538651
542394.980000 6589893.500000 23.520000 38.000000 45.000000 53.000000 37.000000 0.514648
542401.340000 6589890.950000 22.080000 25.000000 34.000000 43.000000 20.000000 0.442657
542400.970000 6589891.240000 22.000000 27.000000 32.000000 36.000000 27.000000 0.527649
542400.690000 6589891.460000 21.670000 42.000000 46.000000 55.000000 37.000000 0.536316
542400.620000 6589891.170000 21.850000 39.000000 43.000000 52.000000 36.000000 0.478317
542400.490000 6589891.760000 21.300000 40.000000 44.000000 53.000000 37.000000 0.521317
542400.430000 6589891.480000 21.490000 44.000000 48.000000 57.000000 39.000000 0.499313
542400.240000 6589891.770000 21.140000 41.000000 46.000000 52.000000 37.000000 0.544312
542400.180000 6589891.470000 21.370000 36.000000 41.000000 47.000000 32.000000 0.545990
542401.450000 6589890.790000 21.850000 69.000000 79.000000 88.000000 60.000000 0.445648
542400.970000 6589891.100000 22.130000 30.000000 35.000000 41.000000 30.000000 0.476990
542400.890000 6589891.370000 21.830000 35.000000 40.000000 46.000000 33.000000 0.482986
542400.540000 6589891.230000 21.720000 40.000000 44.000000 53.000000 37.000000 0.529312
542400.460000 6589891.530000 21.460000 42.000000 46.000000 55.000000 40.000000 0.546646
542400.380000 6589891.850000 21.180000 41.000000 46.000000 52.000000 35.000000 0.546646
542400.220000 6589891.390000 21.350000 36.000000 40.000000 49.000000 38.000000 0.524979
542400.140000 6589891.660000 21.110000 36.000000 41.000000 47.000000 34.000000 0.528656
542399.960000 6589891.420000 21.180000 37.000000 45.000000 48.000000 34.000000 0.544312
542400.840000 6589883.140000 25.610000 66.000000 79.000000 87.000000 51.000000 0.538986
542400.910000 6589883.090000 25.610000 82.000000 95.000000 103.000000 74.000000 0.525986
542399.580000 6589885.130000 25.280000 43.000000 52.000000 61.000000 41.000000 0.467651
542399.510000 6589884.810000 25.580000 44.000000 53.000000 62.000000 44.000000 0.507980
542399.230000 6589885.080000 25.590000 78.000000 87.000000 96.000000 71.000000 0.546310
542399.100000 6589885.660000 25.220000 75.000000 88.000000 96.000000 61.000000 0.486313
542399.040000 6589885.390000 25.510000 74.000000 84.000000 93.000000 56.000000 0.479980
542398.920000 6589885.990000 25.170000 76.000000 89.000000 97.000000 64.000000 0.461990
542398.850000 6589885.680000 25.450000 74.000000 87.000000 93.000000 61.000000 0.481323
542398.650000 6589886.420000 25.060000 78.000000 88.000000 97.000000 68.000000 0.481979
542398.520000 6589885.820000 25.610000 74.000000 87.000000 95.000000 62.000000 0.617310
542398.390000 6589886.790000 25.070000 70.000000 83.000000 91.000000 56.000000 0.485321
542398.310000 6589886.450000 25.340000 75.000000 88.000000 96.000000 61.000000 0.507324
542398.250000 6589886.180000 25.620000 77.000000 90.000000 98.000000 65.000000 0.596313
542398.170000 6589886.950000 25.080000 70.000000 83.000000 91.000000 62.000000 0.486984
542398.040000 6589886.390000 25.630000 78.000000 91.000000 99.000000 69.000000 0.637985
542398.000000 6589887.460000 24.870000 79.000000 92.000000 100.000000 65.000000 0.471985
542397.930000 6589887.160000 25.110000 69.000000 82.000000 90.000000 61.000000 0.479645
542397.860000 6589886.850000 25.420000 78.000000 91.000000 99.000000 64.000000 0.483978
542397.730000 6589887.900000 24.780000 76.000000 89.000000 97.000000 66.000000 0.492645
542397.660000 6589887.590000 25.020000 78.000000 88.000000 97.000000 63.000000 0.489319
542397.590000 6589887.300000 25.230000 73.000000 83.000000 92.000000 58.000000 0.462326
542397.530000 6589887.010000 25.570000 76.000000 86.000000 95.000000 64.000000 0.572647
542397.410000 6589888.210000 24.850000 71.000000 81.000000 90.000000 60.000000 0.502991
542397.340000 6589887.910000 25.160000 78.000000 91.000000 99.000000 67.000000 0.464325
542397.280000 6589888.670000 24.610000 78.000000 88.000000 98.000000 66.000000 0.512314
542397.210000 6589888.360000 24.840000 75.000000 85.000000 94.000000 62.000000 0.494644
542397.140000 6589888.070000 25.100000 74.000000 85.000000 91.000000 61.000000 0.470322
542397.010000 6589888.760000 24.790000 70.000000 80.000000 89.000000 62.000000 0.455658
542396.940000 6589888.450000 25.030000 80.000000 90.000000 99.000000 68.000000 0.475983
542396.870000 6589888.160000 25.310000 70.000000 81.000000 87.000000 59.000000 0.480316
542396.800000 6589887.840000 25.620000 74.000000 87.000000 95.000000 64.000000 0.604980
542396.780000 6589889.120000 24.690000 74.000000 84.000000 93.000000 58.000000 0.490646
542396.710000 6589888.820000 24.980000 73.000000 83.000000 92.000000 56.000000 0.512985
542396.640000 6589888.510000 25.200000 77.000000 90.000000 98.000000 70.000000 0.475647
542396.570000 6589888.200000 25.520000 69.000000 82.000000 90.000000 62.000000 0.522644
542396.520000 6589889.530000 24.640000 74.000000 87.000000 95.000000 65.000000 0.454651
542396.450000 6589889.210000 24.910000 73.000000 83.000000 92.000000 60.000000 0.479980
542396.380000 6589888.950000 25.140000 77.000000 87.000000 96.000000 65.000000 0.489319
542396.310000 6589889.900000 24.490000 70.000000 83.000000 89.000000 56.000000 0.471313
542396.240000 6589889.600000 24.780000 75.000000 88.000000 96.000000 61.000000 0.478653
542396.180000 6589889.320000 25.060000 77.000000 87.000000 96.000000 64.000000 0.470978
542396.030000 6589888.700000 25.600000 39.000000 52.000000 60.000000 31.000000 0.545990
542396.050000 6589889.930000 24.670000 78.000000 91.000000 99.000000 65.000000 0.470322
542395.980000 6589889.640000 24.970000 75.000000 88.000000 97.000000 61.000000 0.516983
542395.660000 6589889.890000 25.130000 43.000000 54.000000 60.000000 36.000000 0.481323
542395.270000 6589889.900000 25.390000 44.000000 52.000000 63.000000 44.000000 0.493652
542399.530000 6589885.220000 25.210000 43.000000 51.000000 62.000000 37.000000 0.488647
542399.360000 6589884.880000 25.600000 50.000000 59.000000 68.000000 47.000000 0.572647
542399.270000 6589885.200000 25.440000 76.000000 86.000000 96.000000 66.000000 0.507324
542399.180000 6589885.520000 25.250000 76.000000 86.000000 95.000000 60.000000 0.492325
542399.110000 6589885.790000 25.140000 78.000000 91.000000 99.000000 64.000000 0.474991
542398.900000 6589885.390000 25.590000 71.000000 82.000000 88.000000 56.000000 0.474655
542398.730000 6589886.010000 25.220000 78.000000 91.000000 99.000000 68.000000 0.484650
542398.640000 6589886.330000 25.100000 78.000000 88.000000 97.000000 63.000000 0.486984
542398.560000 6589886.650000 24.970000 76.000000 86.000000 95.000000 64.000000 0.487320
542398.350000 6589886.120000 25.520000 77.000000 90.000000 98.000000 65.000000 0.526657
542398.200000 6589886.710000 25.230000 77.000000 90.000000 98.000000 65.000000 0.475647
542398.100000 6589887.040000 25.100000 76.000000 89.000000 97.000000 64.000000 0.475311
542398.030000 6589887.320000 24.900000 75.000000 88.000000 96.000000 63.000000 0.505325
542397.950000 6589887.630000 24.770000 72.000000 85.000000 93.000000 58.000000 0.461990
542397.810000 6589886.650000 25.630000 70.000000 83.000000 91.000000 59.000000 0.588318
542397.730000 6589886.950000 25.450000 69.000000 82.000000 90.000000 61.000000 0.481659
542397.650000 6589887.260000 25.320000 73.000000 83.000000 92.000000 60.000000 0.477982
542397.570000 6589887.540000 25.140000 71.000000 81.000000 90.000000 59.000000 0.456985
542397.480000 6589887.880000 25.000000 73.000000 86.000000 94.000000 63.000000 0.490982
542397.400000 6589888.160000 24.880000 75.000000 85.000000 94.000000 65.000000 0.467987
542397.320000 6589888.450000 24.740000 78.000000 88.000000 97.000000 63.000000 0.496658
542397.240000 6589888.760000 24.590000 75.000000 85.000000 95.000000 62.000000 0.469650
542397.340000 6589887.350000 25.480000 73.000000 83.000000 92.000000 59.000000 0.455658
542397.270000 6589887.630000 25.200000 70.000000 80.000000 89.000000 59.000000 0.461655
542397.190000 6589887.920000 25.170000 70.000000 83.000000 91.000000 59.000000 0.481979
542397.100000 6589888.250000 25.020000 70.000000 80.000000 89.000000 60.000000 0.476990
542397.020000 6589888.550000 24.860000 75.000000 85.000000 94.000000 63.000000 0.508316
542396.940000 6589888.850000 24.720000 76.000000 86.000000 95.000000 62.000000 0.470657
542396.850000 6589889.180000 24.560000 84.000000 95.000000 101.000000 69.000000 0.483978
542396.950000 6589887.680000 25.560000 76.000000 89.000000 97.000000 69.000000 0.568649
542396.790000 6589888.290000 25.280000 78.000000 91.000000 99.000000 67.000000 0.509979
542396.710000 6589888.590000 25.060000 77.000000 90.000000 98.000000 64.000000 0.464645
542396.620000 6589888.910000 24.960000 78.000000 88.000000 97.000000 65.000000 0.485657
542396.540000 6589889.210000 24.830000 81.000000 91.000000 100.000000 67.000000 0.471649
542396.450000 6589889.540000 24.670000 78.000000 91.000000 99.000000 66.000000 0.475311
542396.370000 6589889.840000 24.540000 77.000000 90.000000 98.000000 64.000000 0.466660
542396.380000 6589888.320000 25.560000 76.000000 91.000000 98.000000 66.000000 0.525986
542396.300000 6589888.620000 25.420000 75.000000 88.000000 96.000000 66.000000 0.470978
542396.140000 6589889.230000 25.110000 78.000000 88.000000 97.000000 66.000000 0.494324
542396.060000 6589889.500000 24.970000 77.000000 87.000000 96.000000 64.000000 0.493988
542395.980000 6589889.830000 24.800000 80.000000 93.000000 101.000000 67.000000 0.488983
542389.990000 6589896.220000 25.200000 79.000000 92.000000 100.000000 67.000000 0.501312
542389.910000 6589895.900000 25.460000 69.000000 80.000000 86.000000 58.000000 0.518311
542389.810000 6589896.670000 24.960000 74.000000 87.000000 95.000000 59.000000 0.498978
542389.750000 6589896.380000 25.270000 75.000000 88.000000 96.000000 63.000000 0.458984
542389.510000 6589897.090000 24.950000 75.000000 88.000000 96.000000 63.000000 0.500656
542389.430000 6589896.770000 25.220000 77.000000 90.000000 98.000000 62.000000 0.460983
542389.190000 6589897.400000 25.000000 76.000000 89.000000 97.000000 61.000000 0.484985
542389.120000 6589897.100000 25.240000 75.000000 88.000000 96.000000 60.000000 0.458649
542389.050000 6589896.790000 25.500000 71.000000 84.000000 92.000000 64.000000 0.484985
542388.970000 6589897.610000 24.980000 82.000000 91.000000 100.000000 61.000000 0.474319
542388.900000 6589897.300000 25.230000 76.000000 89.000000 98.000000 63.000000 0.470322
542388.720000 6589897.850000 25.070000 78.000000 91.000000 99.000000 63.000000 0.439316
542388.650000 6589897.560000 25.300000 75.000000 88.000000 96.000000 61.000000 0.512650
542388.580000 6589897.240000 25.570000 76.000000 89.000000 97.000000 65.000000 0.469650
542388.290000 6589897.520000 25.600000 69.000000 84.000000 91.000000 59.000000 0.525650
542388.080000 6589898.240000 25.290000 75.000000 88.000000 96.000000 62.000000 0.490311
542388.010000 6589897.940000 25.530000 78.000000 91.000000 99.000000 69.000000 0.510315
542387.880000 6589898.480000 25.250000 79.000000 89.000000 98.000000 63.000000 0.473984
542387.800000 6589898.160000 25.610000 77.000000 90.000000 98.000000 67.000000 0.555984
542387.640000 6589898.500000 25.440000 78.000000 88.000000 97.000000 65.000000 0.486313
542387.320000 6589898.820000 25.520000 75.000000 86.000000 92.000000 57.000000 0.512314
542389.820000 6589896.420000 25.140000 77.000000 90.000000 98.000000 64.000000 0.464981
542389.740000 6589896.720000 25.060000 80.000000 93.000000 101.000000 65.000000 0.479645
542389.650000 6589897.030000 24.870000 82.000000 95.000000 103.000000 66.000000 0.501312
542389.700000 6589895.850000 25.640000 72.000000 82.000000 91.000000 60.000000 0.670975
542389.450000 6589896.790000 25.160000 77.000000 90.000000 98.000000 62.000000 0.478317
542389.360000 6589897.100000 24.990000 80.000000 93.000000 101.000000 69.000000 0.487656
542389.220000 6589896.700000 25.460000 78.000000 91.000000 99.000000 66.000000 0.511322
542389.050000 6589897.300000 25.140000 77.000000 90.000000 98.000000 65.000000 0.472321
542388.970000 6589897.600000 24.980000 82.000000 91.000000 100.000000 61.000000 0.483978
542388.560000 6589897.650000 25.250000 81.000000 94.000000 102.000000 70.000000 0.472992
542388.470000 6589897.990000 25.060000 82.000000 95.000000 103.000000 71.000000 0.503647
542388.160000 6589897.670000 25.590000 79.000000 92.000000 100.000000 69.000000 0.531311
542388.070000 6589897.970000 25.470000 78.000000 91.000000 99.000000 69.000000 0.492981
542388.000000 6589898.270000 25.340000 75.000000 88.000000 96.000000 62.000000 0.456314
542387.660000 6589898.370000 25.510000 81.000000 91.000000 100.000000 67.000000 0.496979
542396.120000 6589890.260000 24.470000 76.000000 90.000000 91.000000 58.000000 0.483658
542395.860000 6589890.780000 24.300000 69.000000 82.000000 91.000000 54.000000 0.435989
542395.800000 6589890.470000 24.530000 75.000000 88.000000 96.000000 61.000000 0.499313
542395.730000 6589890.200000 24.780000 71.000000 83.000000 95.000000 66.000000 0.510315
542395.550000 6589891.120000 24.370000 77.000000 90.000000 98.000000 61.000000 0.450317
542395.470000 6589890.790000 24.530000 76.000000 89.000000 97.000000 63.000000 0.489990
542395.400000 6589890.470000 24.870000 51.000000 61.000000 71.000000 39.000000 0.487656
542395.330000 6589890.170000 25.100000 39.000000 48.000000 57.000000 35.000000 0.485992
542395.330000 6589891.400000 24.320000 74.000000 87.000000 96.000000 61.000000 0.494980
542395.270000 6589891.100000 24.640000 76.000000 89.000000 98.000000 64.000000 0.491318
542395.190000 6589890.790000 24.740000 48.000000 58.000000 67.000000 39.000000 0.507980
542395.130000 6589890.500000 25.070000 42.000000 50.000000 63.000000 31.000000 0.505325
542395.060000 6589890.190000 25.330000 42.000000 48.000000 60.000000 34.000000 0.491989
542395.110000 6589891.680000 24.250000 73.000000 83.000000 92.000000 60.000000 0.484985
542395.040000 6589891.390000 24.560000 78.000000 91.000000 100.000000 66.000000 0.467316
542394.970000 6589891.060000 24.790000 58.000000 68.000000 80.000000 49.000000 0.468979
542394.900000 6589890.750000 25.030000 38.000000 50.000000 62.000000 35.000000 0.483658
542394.770000 6589890.160000 25.600000 51.000000 60.000000 69.000000 43.000000 0.564987
542394.900000 6589892.290000 24.050000 133.000000 150.000000 157.000000 114.000000 0.462326
542394.840000 6589892.010000 24.250000 86.000000 101.000000 108.000000 63.000000 0.487656
542394.770000 6589891.690000 24.480000 77.000000 87.000000 96.000000 61.000000 0.422989
542394.700000 6589891.390000 24.770000 75.000000 89.000000 98.000000 66.000000 0.449326
542394.630000 6589891.090000 25.030000 82.000000 92.000000 101.000000 62.000000 0.489990
542394.490000 6589890.490000 25.570000 79.000000 92.000000 98.000000 66.000000 0.548325
542394.530000 6589892.500000 24.210000 74.000000 87.000000 93.000000 64.000000 0.479324
542394.470000 6589892.220000 24.410000 62.000000 77.000000 82.000000 50.000000 0.479324
542394.410000 6589891.940000 24.690000 77.000000 90.000000 98.000000 65.000000 0.477325
542394.330000 6589891.630000 24.890000 94.000000 107.000000 116.000000 81.000000 0.494644
542394.270000 6589891.330000 25.160000 73.000000 87.000000 96.000000 63.000000 0.495651
542394.340000 6589892.870000 24.050000 75.000000 86.000000 92.000000 59.000000 0.465652
542394.280000 6589892.580000 24.440000 88.000000 99.000000 105.000000 69.000000 0.469650
542394.210000 6589892.280000 24.630000 68.000000 81.000000 87.000000 57.000000 0.492325
542394.140000 6589891.980000 24.800000 76.000000 89.000000 98.000000 63.000000 0.464325
542394.070000 6589891.670000 25.010000 108.000000 122.000000 131.000000 91.000000 0.468658
542394.010000 6589891.390000 25.360000 76.000000 91.000000 98.000000 61.000000 0.500992
542394.080000 6589893.080000 24.160000 72.000000 85.000000 93.000000 58.000000 0.485321
542394.010000 6589892.780000 24.450000 77.000000 88.000000 94.000000 63.000000 0.490646
542393.950000 6589892.490000 24.810000 57.000000 67.000000 76.000000 45.000000 0.493988
542393.870000 6589892.170000 24.910000 73.000000 83.000000 93.000000 57.000000 0.506653
542393.800000 6589891.860000 25.100000 67.000000 81.000000 90.000000 52.000000 0.456985
542393.740000 6589891.580000 25.440000 75.000000 92.000000 99.000000 67.000000 0.497650
542393.800000 6589893.440000 24.150000 79.000000 89.000000 98.000000 66.000000 0.481979
542393.730000 6589893.160000 24.370000 72.000000 85.000000 93.000000 60.000000 0.465652
542393.660000 6589892.850000 24.590000 80.000000 93.000000 101.000000 68.000000 0.491653
542393.590000 6589892.520000 24.800000 71.000000 84.000000 92.000000 60.000000 0.460312
542393.520000 6589892.220000 25.150000 72.000000 85.000000 93.000000 61.000000 0.455658
542393.390000 6589893.520000 24.380000 72.000000 85.000000 94.000000 61.000000 0.488983
542393.330000 6589893.230000 24.610000 73.000000 86.000000 95.000000 60.000000 0.476318
542393.260000 6589892.930000 24.910000 78.000000 88.000000 97.000000 63.000000 0.510986
542393.190000 6589892.620000 25.140000 75.000000 85.000000 95.000000 62.000000 0.453323
542393.120000 6589892.330000 25.440000 79.000000 92.000000 100.000000 69.000000 0.459656
542393.260000 6589893.700000 24.300000 72.000000 85.000000 93.000000 60.000000 0.477325
542393.190000 6589893.400000 24.630000 75.000000 88.000000 96.000000 62.000000 0.498657
542393.130000 6589893.100000 24.820000 77.000000 90.000000 98.000000 66.000000 0.486313
542393.050000 6589892.780000 25.090000 80.000000 90.000000 100.000000 67.000000 0.457321
542393.000000 6589893.860000 24.450000 84.000000 98.000000 101.000000 72.000000 0.457321
542392.930000 6589893.550000 24.720000 73.000000 86.000000 94.000000 61.000000 0.496323
542392.870000 6589893.270000 24.930000 80.000000 93.000000 101.000000 68.000000 0.473312
542392.790000 6589892.930000 25.170000 75.000000 88.000000 97.000000 64.000000 0.492981
542392.780000 6589894.280000 24.330000 68.000000 82.000000 85.000000 51.000000 0.489990
542392.710000 6589893.980000 24.550000 75.000000 88.000000 94.000000 64.000000 0.476990
542392.640000 6589893.680000 24.780000 70.000000 83.000000 91.000000 55.000000 0.501984
542392.570000 6589893.370000 25.070000 80.000000 93.000000 102.000000 68.000000 0.469315
542392.440000 6589892.810000 25.580000 77.000000 91.000000 100.000000 67.000000 0.471313
542392.400000 6589894.340000 24.590000 73.000000 86.000000 94.000000 62.000000 0.497314
542392.330000 6589894.040000 24.860000 77.000000 90.000000 98.000000 65.000000 0.468658
542392.270000 6589893.760000 25.090000 74.000000 84.000000 93.000000 59.000000 0.491318
542392.190000 6589893.450000 25.370000 72.000000 83.000000 89.000000 62.000000 0.474991
542392.230000 6589894.750000 24.370000 82.000000 93.000000 95.000000 66.000000 0.475983
542392.160000 6589894.450000 24.680000 73.000000 85.000000 99.000000 53.000000 0.459656
542392.100000 6589894.170000 24.950000 76.000000 89.000000 97.000000 65.000000 0.515320
542392.020000 6589893.840000 25.250000 73.000000 86.000000 94.000000 65.000000 0.486649
542392.030000 6589894.940000 24.390000 73.000000 90.000000 97.000000 70.000000 0.476318
542391.960000 6589894.650000 24.690000 70.000000 83.000000 91.000000 53.000000 0.486649
542391.890000 6589894.350000 24.980000 81.000000 94.000000 100.000000 67.000000 0.497314
542391.690000 6589895.160000 24.590000 71.000000 84.000000 93.000000 57.000000 0.484985
542391.620000 6589894.880000 24.810000 77.000000 87.000000 96.000000 64.000000 0.483322
542391.550000 6589894.580000 25.060000 71.000000 80.000000 89.000000 64.000000 0.505646
542391.420000 6589895.450000 24.600000 75.000000 88.000000 96.000000 66.000000 0.492645
542391.350000 6589895.140000 24.890000 75.000000 85.000000 94.000000 65.000000 0.477982
542391.290000 6589894.850000 25.130000 42.000000 51.000000 60.000000 35.000000 0.535324
542391.150000 6589895.460000 24.800000 56.000000 69.000000 78.000000 50.000000 0.486984
542391.080000 6589895.140000 25.090000 42.000000 52.000000 61.000000 36.000000 0.517990
542391.010000 6589894.830000 25.330000 43.000000 52.000000 61.000000 38.000000 0.503311
542391.000000 6589895.840000 24.640000 76.000000 89.000000 97.000000 63.000000 0.490311
542390.930000 6589895.530000 24.880000 44.000000 54.000000 64.000000 33.000000 0.469986
542390.860000 6589895.240000 25.130000 44.000000 54.000000 64.000000 38.000000 0.453979
542390.670000 6589896.080000 24.680000 66.000000 76.000000 86.000000 54.000000 0.508652
542390.600000 6589895.760000 24.970000 38.000000 46.000000 59.000000 35.000000 0.469315
542390.530000 6589895.460000 25.230000 42.000000 50.000000 63.000000 37.000000 0.473312
542390.470000 6589895.180000 25.520000 45.000000 53.000000 64.000000 41.000000 0.463654
542390.360000 6589896.420000 24.770000 75.000000 88.000000 97.000000 64.000000 0.500320
542390.290000 6589896.120000 25.050000 73.000000 86.000000 95.000000 60.000000 0.477982
542390.230000 6589895.830000 25.280000 76.000000 87.000000 93.000000 61.000000 0.484650
542390.150000 6589895.510000 25.590000 78.000000 91.000000 99.000000 61.000000 0.558319
542390.060000 6589896.530000 24.900000 75.000000 88.000000 96.000000 61.000000 0.459991
542396.280000 6589890.160000 24.350000 77.000000 91.000000 91.000000 62.000000 0.452988
542395.880000 6589890.150000 24.670000 77.000000 90.000000 99.000000 66.000000 0.507324
542395.810000 6589890.430000 24.530000 75.000000 88.000000 96.000000 61.000000 0.490982
542395.730000 6589890.750000 24.380000 72.000000 85.000000 94.000000 59.000000 0.488983
542395.640000 6589891.080000 24.250000 75.000000 88.000000 96.000000 60.000000 0.458649
542395.560000 6589890.010000 25.020000 45.000000 55.000000 65.000000 40.000000 0.467987
542395.480000 6589890.320000 24.900000 45.000000 55.000000 65.000000 36.000000 0.475647
542395.400000 6589890.610000 24.730000 78.000000 91.000000 99.000000 66.000000 0.478989
542395.310000 6589890.940000 24.610000 79.000000 92.000000 98.000000 62.000000 0.489319
542395.230000 6589891.230000 24.490000 77.000000 91.000000 100.000000 65.000000 0.487991
542395.150000 6589891.510000 24.330000 80.000000 90.000000 100.000000 63.000000 0.486984
542395.070000 6589891.820000 24.210000 79.000000 89.000000 98.000000 66.000000 0.464645
542394.990000 6589892.120000 24.100000 138.000000 155.000000 162.000000 119.000000 0.473312
542395.210000 6589890.220000 25.110000 44.000000 53.000000 62.000000 40.000000 0.468658
542395.130000 6589890.540000 25.000000 41.000000 49.000000 62.000000 34.000000 0.472992
542395.050000 6589890.830000 24.840000 48.000000 58.000000 67.000000 40.000000 0.477646
542394.970000 6589891.130000 24.740000 69.000000 79.000000 91.000000 57.000000 0.492325
542394.880000 6589891.450000 24.630000 71.000000 84.000000 93.000000 59.000000 0.499985
542394.800000 6589891.740000 24.480000 76.000000 85.000000 94.000000 63.000000 0.440323
542394.720000 6589892.040000 24.330000 84.000000 99.000000 106.000000 55.000000 0.454987
542394.630000 6589892.370000 24.160000 37.000000 50.000000 58.000000 32.000000 0.461319
542394.550000 6589892.680000 24.060000 68.000000 77.000000 84.000000 62.000000 0.503311
542394.830000 6589890.610000 25.150000 41.000000 53.000000 65.000000 38.000000 0.489990
542394.750000 6589890.910000 25.030000 63.000000 76.000000 85.000000 50.000000 0.498978
542394.670000 6589891.230000 24.890000 71.000000 85.000000 94.000000 59.000000 0.486313
542394.580000 6589891.540000 24.730000 74.000000 87.000000 96.000000 63.000000 0.457993
542394.500000 6589891.840000 24.560000 80.000000 93.000000 101.000000 67.000000 0.491989
542394.430000 6589892.120000 24.430000 74.000000 89.000000 96.000000 67.000000 0.479980
542394.340000 6589892.450000 24.400000 87.000000 98.000000 104.000000 72.000000 0.489655
542394.250000 6589892.770000 24.320000 73.000000 84.000000 90.000000 57.000000 0.506989
542394.170000 6589893.080000 24.040000 71.000000 84.000000 92.000000 59.000000 0.532990
542394.330000 6589890.980000 25.350000 71.000000 84.000000 93.000000 60.000000 0.474319
542394.250000 6589891.290000 25.150000 74.000000 88.000000 97.000000 66.000000 0.497314
542394.170000 6589891.590000 25.020000 81.000000 96.000000 103.000000 57.000000 0.487656
542394.090000 6589891.900000 24.900000 75.000000 88.000000 97.000000 59.000000 0.491653
542394.000000 6589892.200000 24.730000 59.000000 69.000000 78.000000 43.000000 0.465988
542393.930000 6589892.480000 24.790000 57.000000 67.000000 76.000000 45.000000 0.487320
542393.840000 6589892.810000 24.580000 72.000000 85.000000 93.000000 59.000000 0.507645
542393.750000 6589893.130000 24.360000 72.000000 85.000000 93.000000 60.000000 0.474319
542393.680000 6589893.410000 24.190000 73.000000 83.000000 93.000000 61.000000 0.462646
542393.900000 6589891.250000 25.500000 73.000000 88.000000 95.000000 59.000000 0.507980
542393.730000 6589891.870000 25.230000 57.000000 71.000000 80.000000 49.000000 0.460648
542393.650000 6589892.170000 25.100000 77.000000 87.000000 97.000000 63.000000 0.464325
542393.570000 6589892.470000 24.910000 69.000000 82.000000 90.000000 57.000000 0.477982
542393.480000 6589892.790000 24.810000 72.000000 85.000000 94.000000 63.000000 0.424988
542393.390000 6589893.120000 24.620000 71.000000 84.000000 92.000000 58.000000 0.479324
542393.320000 6589893.400000 24.500000 75.000000 88.000000 97.000000 65.000000 0.502655
542393.230000 6589893.720000 24.370000 72.000000 85.000000 93.000000 60.000000 0.493317
542393.280000 6589892.300000 25.250000 67.000000 80.000000 88.000000 57.000000 0.461990
542393.200000 6589892.590000 25.080000 72.000000 85.000000 93.000000 57.000000 0.444321
542393.130000 6589892.860000 24.920000 77.000000 90.000000 98.000000 65.000000 0.494644
542393.040000 6589893.180000 24.780000 77.000000 90.000000 98.000000 65.000000 0.471313
542392.960000 6589893.480000 24.620000 76.000000 89.000000 97.000000 66.000000 0.484314
542392.890000 6589893.780000 24.510000 80.000000 93.000000 99.000000 66.000000 0.460312
542392.800000 6589894.080000 24.400000 76.000000 87.000000 91.000000 57.000000 0.490646
542393.050000 6589892.250000 25.500000 79.000000 92.000000 100.000000 69.000000 0.479645
542392.880000 6589892.860000 25.190000 76.000000 89.000000 97.000000 65.000000 0.482651
542392.800000 6589893.150000 25.040000 75.000000 88.000000 96.000000 62.000000 0.418655
542392.720000 6589893.460000 24.910000 74.000000 87.000000 95.000000 64.000000 0.497986
542392.640000 6589893.760000 24.730000 71.000000 84.000000 92.000000 56.000000 0.493652
542392.550000 6589894.080000 24.650000 71.000000 84.000000 92.000000 56.000000 0.492981
542392.470000 6589894.390000 24.480000 73.000000 86.000000 94.000000 62.000000 0.497986
542392.300000 6589893.410000 25.240000 66.000000 79.000000 87.000000 53.000000 0.518646
542392.220000 6589893.720000 25.120000 74.000000 84.000000 93.000000 59.000000 0.480652
542392.130000 6589894.050000 24.930000 73.000000 86.000000 94.000000 61.000000 0.464645
542392.050000 6589894.350000 24.810000 70.000000 83.000000 92.000000 52.000000 0.482651
542391.970000 6589894.650000 24.640000 70.000000 83.000000 91.000000 53.000000 0.472321
542391.880000 6589894.990000 24.480000 73.000000 86.000000 95.000000 59.000000 0.493988
542391.690000 6589894.350000 25.110000 69.000000 79.000000 88.000000 57.000000 0.452988
542391.600000 6589894.670000 24.970000 70.000000 80.000000 89.000000 64.000000 0.490982
542391.520000 6589894.990000 24.770000 81.000000 91.000000 100.000000 66.000000 0.492645
542391.430000 6589895.280000 24.660000 76.000000 89.000000 98.000000 66.000000 0.489319
542391.260000 6589894.970000 25.050000 43.000000 52.000000 61.000000 40.000000 0.497650
542391.170000 6589895.300000 24.850000 46.000000 56.000000 66.000000 35.000000 0.484314
542391.080000 6589895.600000 24.690000 71.000000 84.000000 92.000000 61.000000 0.476318
542391.010000 6589894.910000 25.240000 43.000000 52.000000 61.000000 36.000000 0.484985
542390.930000 6589895.210000 25.060000 42.000000 52.000000 62.000000 39.000000 0.507324
542390.840000 6589895.520000 24.960000 39.000000 49.000000 59.000000 31.000000 0.466980
542390.760000 6589895.830000 24.790000 54.000000 64.000000 74.000000 44.000000 0.472321
542390.400000 6589895.720000 25.140000 56.000000 64.000000 75.000000 45.000000 0.446655
542390.320000 6589896.030000 24.960000 78.000000 91.000000 100.000000 67.000000 0.472321
542390.240000 6589896.340000 24.850000 77.000000 90.000000 99.000000 64.000000 0.468979
542390.080000 6589895.470000 25.640000 76.000000 89.000000 97.000000 67.000000 0.643311
542405.050000 6589886.120000 20.450000 115.000000 130.000000 135.000000 100.000000 0.462326
542404.990000 6589885.820000 20.700000 71.000000 86.000000 89.000000 61.000000 0.494324
542404.750000 6589886.450000 20.960000 116.000000 133.000000 140.000000 95.000000 0.459991
542404.670000 6589886.140000 20.790000 122.000000 141.000000 145.000000 100.000000 0.488983
542404.610000 6589885.850000 21.020000 131.000000 150.000000 156.000000 108.000000 0.501312
542404.530000 6589885.520000 21.240000 73.000000 88.000000 95.000000 58.000000 0.464325
542404.480000 6589886.460000 21.150000 121.000000 140.000000 146.000000 95.000000 0.519989
542404.410000 6589886.140000 21.010000 127.000000 146.000000 150.000000 100.000000 0.477325
542404.330000 6589885.810000 21.230000 129.000000 148.000000 154.000000 104.000000 0.470322
542404.270000 6589885.520000 21.480000 67.000000 80.000000 88.000000 54.000000 0.491989
542404.200000 6589885.220000 21.710000 79.000000 90.000000 96.000000 70.000000 0.507980
542404.200000 6589886.460000 21.310000 122.000000 146.000000 150.000000 103.000000 0.452652
542404.130000 6589886.140000 21.190000 130.000000 149.000000 153.000000 105.000000 0.471985
542404.060000 6589885.830000 21.430000 130.000000 149.000000 155.000000 107.000000 0.473984
542403.990000 6589885.530000 21.680000 64.000000 79.000000 86.000000 55.000000 0.455658
542403.930000 6589885.260000 21.890000 73.000000 84.000000 90.000000 60.000000 0.513977
542403.860000 6589884.960000 22.190000 75.000000 88.000000 94.000000 64.000000 0.492645
542403.860000 6589886.560000 21.550000 127.000000 148.000000 153.000000 98.000000 0.479980
542403.790000 6589886.220000 21.440000 128.000000 147.000000 151.000000 102.000000 0.480316
542403.720000 6589885.940000 21.630000 124.000000 145.000000 150.000000 102.000000 0.475311
542403.660000 6589885.640000 21.880000 99.000000 116.000000 123.000000 76.000000 0.454987
542403.580000 6589885.320000 22.120000 72.000000 83.000000 89.000000 62.000000 0.519989
542403.450000 6589884.730000 22.610000 73.000000 87.000000 96.000000 62.000000 0.508652
542403.370000 6589884.410000 22.870000 78.000000 88.000000 90.000000 63.000000 0.480316
542403.500000 6589886.610000 21.920000 74.000000 87.000000 95.000000 62.000000 0.494324
542403.280000 6589885.670000 22.120000 95.000000 112.000000 119.000000 69.000000 0.485992
542403.210000 6589885.360000 22.410000 73.000000 84.000000 90.000000 62.000000 0.482986
542403.150000 6589885.070000 22.580000 76.000000 86.000000 95.000000 68.000000 0.458984
542403.080000 6589884.780000 22.880000 73.000000 84.000000 90.000000 60.000000 0.490646
542403.000000 6589884.450000 23.140000 73.000000 84.000000 90.000000 59.000000 0.517990
542402.930000 6589884.130000 23.410000 77.000000 88.000000 94.000000 66.000000 0.495651
542403.650000 6589888.500000 19.880000 41.000000 48.000000 56.000000 40.000000 0.488312
542403.170000 6589886.410000 21.880000 28.000000 35.000000 43.000000 26.000000 0.502991
542403.100000 6589886.090000 21.960000 136.000000 153.000000 160.000000 108.000000 0.497650
542403.030000 6589885.760000 22.230000 135.000000 154.000000 158.000000 119.000000 0.479645
542402.960000 6589885.460000 22.520000 74.000000 88.000000 91.000000 63.000000 0.480652
542402.900000 6589885.180000 22.790000 71.000000 81.000000 90.000000 57.000000 0.458984
542402.830000 6589884.860000 23.000000 74.000000 87.000000 95.000000 67.000000 0.465652
542402.690000 6589884.270000 23.460000 80.000000 91.000000 97.000000 68.000000 0.479645
542402.620000 6589883.950000 23.720000 77.000000 88.000000 94.000000 61.000000 0.491653
542402.550000 6589883.660000 24.020000 77.000000 88.000000 94.000000 64.000000 0.481323
542403.420000 6589888.690000 19.980000 40.000000 44.000000 53.000000 38.000000 0.424652
542403.080000 6589887.180000 21.900000 37.000000 42.000000 48.000000 34.000000 0.533981
542403.000000 6589886.860000 22.090000 39.000000 44.000000 50.000000 39.000000 0.493317
542402.930000 6589886.570000 22.190000 39.000000 44.000000 50.000000 39.000000 0.537643
542402.870000 6589886.270000 22.040000 29.000000 38.000000 47.000000 31.000000 0.515320
542402.720000 6589885.640000 22.530000 87.000000 102.000000 105.000000 71.000000 0.480316
542402.650000 6589885.340000 22.760000 78.000000 87.000000 94.000000 64.000000 0.491989
542402.590000 6589885.050000 22.990000 76.000000 87.000000 93.000000 65.000000 0.485657
542402.510000 6589884.720000 23.310000 72.000000 83.000000 89.000000 60.000000 0.499985
542402.450000 6589884.430000 23.580000 79.000000 90.000000 96.000000 66.000000 0.502991
542402.370000 6589884.120000 23.870000 68.000000 79.000000 85.000000 56.000000 0.487656
542402.300000 6589883.820000 24.070000 75.000000 86.000000 92.000000 66.000000 0.516647
542402.240000 6589883.510000 24.320000 73.000000 84.000000 90.000000 63.000000 0.478653
542403.100000 6589888.870000 20.170000 40.000000 47.000000 57.000000 41.000000 0.510315
542403.030000 6589888.560000 20.830000 38.000000 45.000000 53.000000 36.000000 0.510986
542402.960000 6589888.260000 21.020000 39.000000 47.000000 50.000000 39.000000 0.503311
542402.900000 6589887.980000 21.220000 35.000000 40.000000 46.000000 33.000000 0.539978
542402.750000 6589887.350000 21.560000 39.000000 46.000000 52.000000 39.000000 0.531647
542402.680000 6589887.050000 21.710000 44.000000 51.000000 57.000000 43.000000 0.505981
542402.620000 6589886.760000 21.940000 42.000000 49.000000 55.000000 36.000000 0.497986
542402.540000 6589886.430000 22.170000 66.000000 75.000000 80.000000 64.000000 0.525314
542402.470000 6589886.120000 22.430000 74.000000 83.000000 90.000000 65.000000 0.484314
542402.410000 6589885.830000 22.710000 61.000000 74.000000 80.000000 58.000000 0.482315
542402.330000 6589885.520000 22.940000 78.000000 89.000000 95.000000 68.000000 0.472321
542402.260000 6589885.210000 23.160000 74.000000 85.000000 91.000000 61.000000 0.484985
542402.200000 6589884.930000 23.460000 78.000000 91.000000 99.000000 67.000000 0.468979
542402.130000 6589884.610000 23.710000 78.000000 89.000000 95.000000 63.000000 0.470657
542402.060000 6589884.310000 23.950000 75.000000 86.000000 92.000000 64.000000 0.489655
542402.000000 6589884.030000 24.140000 78.000000 89.000000 95.000000 65.000000 0.490982
542401.930000 6589883.740000 24.420000 72.000000 83.000000 89.000000 57.000000 0.490311
542401.860000 6589883.430000 24.640000 80.000000 91.000000 97.000000 69.000000 0.485321
542401.790000 6589883.130000 24.940000 72.000000 85.000000 93.000000 63.000000 0.507324
542402.720000 6589889.030000 20.320000 60.000000 69.000000 76.000000 56.000000 0.489655
542402.650000 6589888.710000 20.640000 69.000000 78.000000 85.000000 55.000000 0.532654
542402.580000 6589888.390000 20.830000 69.000000 79.000000 80.000000 58.000000 0.523987
542402.510000 6589888.110000 21.080000 80.000000 90.000000 91.000000 74.000000 0.509659
542402.440000 6589887.790000 21.310000 75.000000 84.000000 89.000000 63.000000 0.504990
542402.360000 6589887.460000 21.610000 69.000000 78.000000 83.000000 57.000000 0.506653
542402.300000 6589887.180000 21.820000 82.000000 91.000000 96.000000 69.000000 0.458984
542402.230000 6589886.880000 22.110000 72.000000 81.000000 86.000000 57.000000 0.494980
542402.160000 6589886.570000 22.360000 74.000000 85.000000 89.000000 63.000000 0.469650
542402.090000 6589886.260000 22.630000 70.000000 81.000000 85.000000 59.000000 0.513321
542402.030000 6589885.980000 22.890000 74.000000 85.000000 91.000000 63.000000 0.498322
542401.960000 6589885.680000 23.130000 75.000000 86.000000 92.000000 55.000000 0.509659
542401.890000 6589885.370000 23.340000 67.000000 80.000000 88.000000 58.000000 0.511658
542401.830000 6589885.100000 23.560000 71.000000 84.000000 92.000000 65.000000 0.470657
542401.750000 6589884.780000 23.810000 74.000000 85.000000 91.000000 58.000000 0.498322
542401.690000 6589884.480000 24.080000 80.000000 91.000000 97.000000 66.000000 0.486649
542401.620000 6589884.200000 24.350000 74.000000 85.000000 91.000000 62.000000 0.467651
542401.550000 6589883.900000 24.570000 76.000000 89.000000 95.000000 64.000000 0.483322
542401.480000 6589883.590000 24.850000 72.000000 85.000000 93.000000 60.000000 0.481659
542401.410000 6589883.280000 25.090000 70.000000 83.000000 91.000000 58.000000 0.506317
542402.530000 6589889.300000 20.270000 75.000000 86.000000 92.000000 63.000000 0.438324
542402.460000 6589888.970000 20.520000 74.000000 83.000000 90.000000 61.000000 0.459656
542402.380000 6589888.660000 20.770000 56.000000 65.000000 70.000000 41.000000 0.534653
542402.320000 6589888.370000 20.970000 93.000000 103.000000 105.000000 84.000000 0.520645
542402.250000 6589888.070000 21.280000 69.000000 80.000000 82.000000 61.000000 0.479645
542402.180000 6589887.750000 21.500000 76.000000 87.000000 91.000000 65.000000 0.507980
542402.110000 6589887.460000 21.780000 73.000000 84.000000 88.000000 62.000000 0.488983
542402.050000 6589887.160000 22.030000 69.000000 80.000000 84.000000 58.000000 0.449646
542401.970000 6589886.850000 22.210000 74.000000 85.000000 91.000000 67.000000 0.490982
542401.910000 6589886.560000 22.470000 69.000000 80.000000 86.000000 63.000000 0.473984
542401.840000 6589886.290000 22.760000 77.000000 91.000000 94.000000 70.000000 0.480316
542401.770000 6589885.960000 22.970000 71.000000 82.000000 88.000000 60.000000 0.500320
542401.700000 6589885.660000 23.220000 76.000000 86.000000 95.000000 67.000000 0.467987
542401.640000 6589885.380000 23.480000 73.000000 86.000000 94.000000 69.000000 0.491989
542401.570000 6589885.070000 23.730000 72.000000 82.000000 91.000000 55.000000 0.502991
542401.500000 6589884.760000 23.950000 79.000000 90.000000 96.000000 68.000000 0.478989
542401.430000 6589884.470000 24.220000 72.000000 83.000000 89.000000 57.000000 0.478653
542401.360000 6589884.160000 24.510000 77.000000 88.000000 94.000000 64.000000 0.457321
542401.290000 6589883.860000 24.760000 75.000000 85.000000 94.000000 60.000000 0.488983
542401.230000 6589883.570000 25.000000 74.000000 87.000000 95.000000 62.000000 0.462982
542401.160000 6589883.270000 25.250000 76.000000 89.000000 97.000000 63.000000 0.458984
542402.280000 6589889.480000 20.340000 73.000000 86.000000 92.000000 63.000000 0.479324
542402.220000 6589889.170000 20.660000 71.000000 82.000000 88.000000 60.000000 0.523651
542402.140000 6589888.870000 20.830000 61.000000 72.000000 76.000000 50.000000 0.493652
542402.080000 6589888.570000 21.090000 73.000000 82.000000 87.000000 60.000000 0.472321
542402.010000 6589888.290000 21.340000 70.000000 81.000000 85.000000 55.000000 0.458984
542401.950000 6589887.990000 21.590000 77.000000 88.000000 94.000000 69.000000 0.488647
542401.870000 6589887.670000 21.870000 70.000000 81.000000 87.000000 59.000000 0.480652
542401.810000 6589887.400000 22.090000 78.000000 89.000000 95.000000 69.000000 0.497650
542401.740000 6589887.090000 22.310000 73.000000 84.000000 90.000000 60.000000 0.477646
542401.670000 6589886.780000 22.620000 71.000000 82.000000 88.000000 59.000000 0.505646
542401.460000 6589885.860000 23.360000 73.000000 85.000000 97.000000 65.000000 0.478317
542401.400000 6589885.570000 23.610000 77.000000 88.000000 92.000000 63.000000 0.512314
542401.330000 6589885.280000 23.830000 69.000000 80.000000 86.000000 56.000000 0.475647
542401.260000 6589884.960000 24.090000 78.000000 91.000000 97.000000 62.000000 0.479324
542401.180000 6589884.650000 24.340000 70.000000 83.000000 89.000000 60.000000 0.482986
542401.120000 6589884.350000 24.590000 75.000000 86.000000 92.000000 64.000000 0.511658
542401.050000 6589884.040000 24.850000 72.000000 83.000000 89.000000 59.000000 0.488647
542402.050000 6589889.990000 20.800000 73.000000 83.000000 92.000000 60.000000 0.447311
542401.960000 6589889.650000 20.490000 122.000000 137.000000 144.000000 99.000000 0.498978
542401.900000 6589889.330000 20.710000 88.000000 103.000000 106.000000 78.000000 0.502991
542401.830000 6589889.060000 20.940000 72.000000 86.000000 89.000000 61.000000 0.525314
542401.760000 6589888.740000 21.240000 72.000000 81.000000 86.000000 62.000000 0.473984
542401.620000 6589888.130000 21.720000 74.000000 85.000000 91.000000 66.000000 0.495316
542401.550000 6589887.830000 22.000000 74.000000 82.000000 93.000000 60.000000 0.473312
542401.480000 6589887.520000 22.250000 71.000000 82.000000 88.000000 62.000000 0.508316
542401.410000 6589887.230000 22.440000 71.000000 82.000000 88.000000 61.000000 0.502319
542401.340000 6589886.930000 22.700000 73.000000 84.000000 88.000000 67.000000 0.505646
542401.270000 6589886.600000 22.960000 76.000000 87.000000 89.000000 62.000000 0.493317
542401.200000 6589886.280000 23.240000 73.000000 84.000000 88.000000 57.000000 0.478653
542401.140000 6589886.000000 23.510000 76.000000 86.000000 96.000000 64.000000 0.482315
542401.060000 6589885.680000 23.750000 72.000000 83.000000 89.000000 58.000000 0.520981
542400.990000 6589885.370000 24.010000 77.000000 90.000000 98.000000 67.000000 0.484985
542400.930000 6589885.100000 24.220000 71.000000 84.000000 92.000000 63.000000 0.500320
542400.860000 6589884.800000 24.490000 68.000000 81.000000 87.000000 60.000000 0.477325
542401.620000 6589889.820000 20.960000 132.000000 149.000000 156.000000 102.000000 0.465652
542401.530000 6589889.460000 20.910000 122.000000 141.000000 145.000000 100.000000 0.529312
542401.460000 6589889.160000 21.180000 135.000000 150.000000 155.000000 110.000000 0.471985
542401.400000 6589888.880000 21.410000 69.000000 82.000000 88.000000 59.000000 0.460983
542401.340000 6589888.580000 21.650000 76.000000 87.000000 93.000000 66.000000 0.476318
542401.260000 6589888.250000 21.890000 72.000000 83.000000 89.000000 58.000000 0.477325
542401.190000 6589887.960000 22.170000 70.000000 81.000000 83.000000 59.000000 0.536652
542401.120000 6589887.640000 22.460000 75.000000 85.000000 94.000000 64.000000 0.464645
542401.050000 6589887.320000 22.820000 72.000000 81.000000 88.000000 64.000000 0.587646
542400.980000 6589887.030000 22.960000 75.000000 84.000000 89.000000 63.000000 0.516983
542400.910000 6589886.730000 23.140000 76.000000 85.000000 82.000000 60.000000 0.498978
542400.840000 6589886.410000 23.410000 53.000000 59.000000 59.000000 47.000000 0.504990
542400.780000 6589886.130000 23.650000 73.000000 83.000000 85.000000 65.000000 0.498657
542400.710000 6589885.840000 23.930000 72.000000 83.000000 87.000000 63.000000 0.482986
542400.630000 6589885.500000 24.150000 72.000000 85.000000 93.000000 67.000000 0.457657
542401.310000 6589889.920000 21.270000 120.000000 139.000000 145.000000 97.000000 0.483322
542401.240000 6589889.590000 21.090000 122.000000 143.000000 148.000000 100.000000 0.478653
542401.170000 6589889.300000 21.370000 124.000000 143.000000 149.000000 99.000000 0.476654
542401.090000 6589888.960000 21.580000 64.000000 77.000000 83.000000 56.000000 0.480316
542401.020000 6589888.660000 21.820000 78.000000 89.000000 95.000000 68.000000 0.503311
542400.960000 6589888.380000 22.130000 71.000000 82.000000 88.000000 59.000000 0.500992
542400.890000 6589888.080000 22.360000 72.000000 83.000000 89.000000 61.000000 0.446320
542400.750000 6589887.480000 22.910000 66.000000 78.000000 78.000000 56.000000 0.656647
542400.610000 6589886.860000 23.470000 90.000000 96.000000 94.000000 80.000000 0.372314
542400.540000 6589886.550000 23.580000 37.000000 42.000000 45.000000 43.000000 0.504990
542400.470000 6589886.240000 23.830000 57.000000 65.000000 67.000000 71.000000 0.484985
542401.100000 6589889.950000 21.450000 124.000000 143.000000 149.000000 102.000000 0.475311
542401.030000 6589889.630000 21.220000 124.000000 145.000000 150.000000 99.000000 0.483658
542400.970000 6589889.350000 21.410000 128.000000 147.000000 153.000000 101.000000 0.492981
542400.830000 6589888.730000 21.980000 77.000000 88.000000 94.000000 67.000000 0.492645
542400.760000 6589888.430000 22.170000 76.000000 87.000000 93.000000 61.000000 0.488647
542400.690000 6589888.130000 22.400000 73.000000 84.000000 90.000000 60.000000 0.492325
542400.620000 6589887.820000 22.810000 76.000000 86.000000 96.000000 67.000000 0.539978
542400.550000 6589887.510000 23.010000 74.000000 85.000000 89.000000 60.000000 0.443649
542400.680000 6589889.980000 21.750000 133.000000 150.000000 157.000000 107.000000 0.498657
542400.600000 6589889.620000 21.590000 122.000000 141.000000 147.000000 100.000000 0.482651
542400.530000 6589889.320000 21.830000 127.000000 146.000000 152.000000 103.000000 0.468979
542400.460000 6589889.020000 22.100000 82.000000 97.000000 102.000000 65.000000 0.479980
542400.390000 6589888.710000 22.270000 72.000000 83.000000 89.000000 62.000000 0.476318
542400.320000 6589888.390000 22.580000 77.000000 88.000000 94.000000 67.000000 0.466660
542400.260000 6589888.110000 22.850000 69.000000 80.000000 86.000000 56.000000 0.476990
542400.190000 6589887.800000 23.080000 74.000000 85.000000 89.000000 64.000000 0.539658
542400.330000 6589889.900000 21.880000 49.000000 62.000000 70.000000 34.000000 0.515991
542400.260000 6589889.570000 21.830000 132.000000 151.000000 157.000000 112.000000 0.499985
542400.180000 6589889.260000 22.130000 132.000000 151.000000 157.000000 109.000000 0.507980
542400.120000 6589888.990000 22.370000 66.000000 79.000000 85.000000 58.000000 0.487320
542400.050000 6589888.680000 22.540000 75.000000 86.000000 92.000000 65.000000 0.493988
542400.080000 6589889.950000 22.130000 36.000000 43.000000 51.000000 34.000000 0.466660
542400.000000 6589889.620000 21.950000 66.000000 79.000000 87.000000 49.000000 0.503647
542404.970000 6589886.110000 20.550000 134.000000 152.000000 154.000000 114.000000 0.523651
542404.890000 6589886.410000 20.790000 95.000000 110.000000 115.000000 78.000000 0.449982
542404.730000 6589885.690000 20.960000 71.000000 86.000000 93.000000 53.000000 0.481979
542404.650000 6589886.000000 20.850000 130.000000 149.000000 155.000000 105.000000 0.500992
542404.560000 6589886.330000 21.020000 126.000000 145.000000 149.000000 100.000000 0.470657
542404.510000 6589885.390000 21.320000 80.000000 91.000000 97.000000 66.000000 0.460312
542404.430000 6589885.670000 21.220000 116.000000 131.000000 138.000000 93.000000 0.484985
542404.260000 6589886.320000 21.170000 125.000000 146.000000 149.000000 103.000000 0.489990
542404.170000 6589886.630000 21.430000 125.000000 146.000000 151.000000 104.000000 0.485992
542403.670000 6589888.480000 19.910000 41.000000 48.000000 56.000000 40.000000 0.464645
542404.230000 6589885.270000 21.640000 78.000000 89.000000 95.000000 66.000000 0.463654
542404.150000 6589885.570000 21.500000 68.000000 83.000000 90.000000 58.000000 0.464981
542404.070000 6589885.880000 21.340000 130.000000 149.000000 155.000000 107.000000 0.494980
542403.980000 6589886.210000 21.300000 127.000000 146.000000 150.000000 102.000000 0.515991
542403.890000 6589886.540000 21.620000 127.000000 148.000000 153.000000 98.000000 0.467316
542403.910000 6589884.990000 22.070000 71.000000 84.000000 90.000000 61.000000 0.493652
542403.840000 6589885.280000 21.890000 75.000000 86.000000 92.000000 65.000000 0.492325
542403.750000 6589885.590000 21.810000 60.000000 75.000000 82.000000 51.000000 0.511658
542403.660000 6589885.920000 21.630000 124.000000 145.000000 150.000000 103.000000 0.502319
542403.590000 6589886.200000 21.620000 127.000000 146.000000 150.000000 103.000000 0.489655
542403.510000 6589886.510000 21.810000 122.000000 135.000000 144.000000 99.000000 0.476318
542403.100000 6589888.030000 21.260000 39.000000 44.000000 48.000000 37.000000 0.548645
542403.020000 6589888.320000 20.960000 41.000000 46.000000 52.000000 34.000000 0.525650
542402.770000 6589889.240000 20.120000 64.000000 73.000000 80.000000 58.000000 0.512985
542403.570000 6589884.850000 22.460000 71.000000 84.000000 92.000000 59.000000 0.506317
542403.490000 6589885.130000 22.310000 72.000000 83.000000 89.000000 61.000000 0.490982
542403.410000 6589885.440000 22.230000 74.000000 87.000000 95.000000 70.000000 0.456314
542403.320000 6589885.760000 22.010000 137.000000 156.000000 162.000000 120.000000 0.465652
542403.240000 6589886.050000 21.860000 129.000000 150.000000 153.000000 102.000000 0.467987
542403.160000 6589886.350000 21.970000 51.000000 61.000000 70.000000 38.000000 0.468979
542403.070000 6589886.710000 22.250000 40.000000 45.000000 51.000000 38.000000 0.704987
542402.910000 6589887.290000 21.700000 36.000000 41.000000 47.000000 34.000000 0.519989
542402.820000 6589887.610000 21.440000 41.000000 46.000000 52.000000 40.000000 0.519989
542402.750000 6589887.890000 21.140000 38.000000 45.000000 51.000000 36.000000 0.539322
542402.670000 6589888.180000 20.950000 80.000000 88.000000 90.000000 77.000000 0.513321
542402.580000 6589888.500000 20.770000 60.000000 70.000000 72.000000 49.000000 0.560989
542402.490000 6589888.830000 20.690000 79.000000 88.000000 95.000000 71.000000 0.518646
542402.410000 6589889.120000 20.490000 74.000000 85.000000 91.000000 63.000000 0.472992
542402.330000 6589889.440000 20.300000 71.000000 84.000000 90.000000 60.000000 0.470978
542403.360000 6589884.620000 22.690000 69.000000 83.000000 86.000000 62.000000 0.482651
542403.280000 6589884.930000 22.530000 71.000000 84.000000 90.000000 57.000000 0.480988
542403.190000 6589885.250000 22.400000 74.000000 83.000000 90.000000 60.000000 0.498322
542402.940000 6589886.180000 22.040000 63.000000 76.000000 84.000000 48.000000 0.465652
542402.860000 6589886.480000 22.260000 38.000000 45.000000 53.000000 39.000000 0.655975
542402.780000 6589886.770000 21.980000 33.000000 40.000000 46.000000 33.000000 0.520325
542402.700000 6589887.090000 21.670000 44.000000 51.000000 57.000000 43.000000 0.527313
542402.610000 6589887.400000 21.460000 55.000000 62.000000 68.000000 53.000000 0.519318
542402.530000 6589887.700000 21.260000 78.000000 87.000000 92.000000 69.000000 0.519989
542402.440000 6589888.030000 21.140000 73.000000 83.000000 85.000000 68.000000 0.474319
542402.350000 6589888.340000 20.950000 93.000000 103.000000 105.000000 84.000000 0.520981
542402.280000 6589888.630000 20.880000 80.000000 89.000000 94.000000 70.000000 0.526321
542402.200000 6589888.930000 20.720000 61.000000 72.000000 76.000000 52.000000 0.510986
542402.030000 6589889.540000 20.460000 116.000000 131.000000 136.000000 98.000000 0.471985
542401.940000 6589889.880000 20.900000 72.000000 87.000000 92.000000 61.000000 0.463989
542403.230000 6589884.230000 23.110000 74.000000 83.000000 88.000000 64.000000 0.481979
542403.050000 6589884.870000 22.810000 68.000000 81.000000 89.000000 60.000000 0.514313
542402.970000 6589885.160000 22.690000 71.000000 81.000000 90.000000 57.000000 0.491318
542402.890000 6589885.450000 22.510000 74.000000 85.000000 89.000000 60.000000 0.519653
542402.810000 6589885.770000 22.310000 141.000000 159.000000 163.000000 127.000000 0.461319
542402.720000 6589886.080000 22.210000 28.000000 41.000000 47.000000 20.000000 0.502655
542402.630000 6589886.410000 22.220000 36.000000 43.000000 49.000000 32.000000 0.513977
542402.550000 6589886.730000 21.970000 70.000000 79.000000 84.000000 67.000000 0.531311
542402.470000 6589887.030000 21.790000 73.000000 82.000000 87.000000 65.000000 0.540649
542402.390000 6589887.330000 21.670000 66.000000 75.000000 80.000000 53.000000 0.537323
542402.300000 6589887.620000 21.480000 75.000000 84.000000 89.000000 58.000000 0.513657
542402.230000 6589887.920000 21.390000 76.000000 85.000000 90.000000 62.000000 0.490646
542402.140000 6589888.240000 21.250000 74.000000 85.000000 87.000000 67.000000 0.457993
542402.050000 6589888.560000 21.090000 73.000000 82.000000 87.000000 60.000000 0.525314
542401.970000 6589888.860000 20.940000 99.000000 110.000000 114.000000 84.000000 0.474991
542401.890000 6589889.180000 20.840000 52.000000 66.000000 69.000000 41.000000 0.499649
542401.800000 6589889.490000 20.740000 128.000000 143.000000 148.000000 103.000000 0.507645
542401.710000 6589889.820000 20.930000 125.000000 142.000000 149.000000 95.000000 0.500992
542402.890000 6589883.970000 23.500000 74.000000 85.000000 91.000000 66.000000 0.481979
542402.810000 6589884.270000 23.320000 71.000000 82.000000 88.000000 59.000000 0.504318
542402.720000 6589884.600000 23.220000 74.000000 85.000000 91.000000 61.000000 0.487991
542402.630000 6589884.920000 23.070000 73.000000 86.000000 94.000000 64.000000 0.501648
542402.550000 6589885.210000 22.900000 78.000000 87.000000 94.000000 65.000000 0.460312
542402.470000 6589885.520000 22.790000 74.000000 85.000000 91.000000 61.000000 0.451981
542402.390000 6589885.830000 22.670000 74.000000 85.000000 91.000000 66.000000 0.479645
542402.230000 6589886.410000 22.340000 72.000000 81.000000 86.000000 59.000000 0.465317
542402.140000 6589886.750000 22.170000 65.000000 76.000000 80.000000 56.000000 0.502991
542402.060000 6589887.030000 22.070000 69.000000 80.000000 84.000000 56.000000 0.479980
542401.980000 6589887.340000 21.940000 71.000000 82.000000 88.000000 62.000000 0.483978
542401.890000 6589887.670000 21.790000 70.000000 81.000000 87.000000 59.000000 0.478317
542401.800000 6589887.990000 21.610000 73.000000 84.000000 90.000000 63.000000 0.465652
542401.730000 6589888.260000 21.500000 74.000000 85.000000 91.000000 63.000000 0.496323
542401.640000 6589888.590000 21.340000 78.000000 87.000000 94.000000 64.000000 0.452316
542401.560000 6589888.900000 21.220000 71.000000 84.000000 90.000000 60.000000 0.473984
542401.470000 6589889.200000 21.100000 127.000000 144.000000 151.000000 100.000000 0.483978
542401.390000 6589889.500000 21.030000 122.000000 143.000000 148.000000 98.000000 0.494980
542401.310000 6589889.830000 21.260000 123.000000 142.000000 148.000000 97.000000 0.488647
542402.540000 6589883.860000 23.840000 75.000000 86.000000 92.000000 64.000000 0.482986
542402.460000 6589884.140000 23.710000 75.000000 86.000000 92.000000 62.000000 0.485657
542402.290000 6589884.770000 23.450000 74.000000 85.000000 91.000000 64.000000 0.499649
542402.210000 6589885.080000 23.330000 79.000000 90.000000 96.000000 68.000000 0.495987
542402.130000 6589885.370000 23.180000 77.000000 88.000000 94.000000 66.000000 0.476990
542402.040000 6589885.700000 23.000000 74.000000 85.000000 91.000000 59.000000 0.484985
542401.960000 6589886.010000 22.830000 74.000000 85.000000 91.000000 62.000000 0.482315
542401.870000 6589886.310000 22.710000 74.000000 88.000000 91.000000 66.000000 0.467651
542401.790000 6589886.620000 22.590000 78.000000 89.000000 95.000000 67.000000 0.494980
542401.710000 6589886.930000 22.440000 76.000000 87.000000 93.000000 65.000000 0.478317
542401.630000 6589887.230000 22.330000 74.000000 85.000000 91.000000 60.000000 0.480316
542401.540000 6589887.550000 22.120000 77.000000 88.000000 92.000000 70.000000 0.521317
542401.460000 6589887.850000 22.040000 76.000000 84.000000 95.000000 63.000000 0.499313
542401.380000 6589888.130000 21.890000 78.000000 89.000000 95.000000 67.000000 0.491989
542401.300000 6589888.430000 21.780000 73.000000 84.000000 90.000000 58.000000 0.503311
542401.220000 6589888.740000 21.600000 75.000000 86.000000 92.000000 63.000000 0.486984
542401.130000 6589889.040000 21.520000 90.000000 105.000000 110.000000 71.000000 0.479980
542401.050000 6589889.340000 21.350000 125.000000 144.000000 150.000000 102.000000 0.479980
542400.970000 6589889.650000 21.290000 117.000000 141.000000 145.000000 95.000000 0.508652
542400.880000 6589889.980000 21.610000 125.000000 144.000000 150.000000 102.000000 0.492325
542402.300000 6589883.650000 24.150000 77.000000 88.000000 94.000000 62.000000 0.442993
542402.220000 6589883.980000 23.980000 75.000000 86.000000 92.000000 61.000000 0.480316
542402.130000 6589884.310000 23.870000 73.000000 84.000000 90.000000 58.000000 0.468658
542402.050000 6589884.600000 23.700000 75.000000 86.000000 92.000000 61.000000 0.494644
542401.970000 6589884.900000 23.590000 71.000000 81.000000 90.000000 58.000000 0.496658
542401.880000 6589885.240000 23.420000 68.000000 81.000000 89.000000 55.000000 0.471985
542401.800000 6589885.510000 23.260000 74.000000 87.000000 95.000000 65.000000 0.505981
542401.720000 6589885.820000 23.160000 77.000000 88.000000 94.000000 64.000000 0.501312
542401.640000 6589886.140000 23.000000 74.000000 87.000000 93.000000 61.000000 0.491653
542401.560000 6589886.440000 22.910000 73.000000 86.000000 92.000000 66.000000 0.481979
542401.480000 6589886.720000 22.770000 75.000000 89.000000 92.000000 67.000000 0.483978
542401.400000 6589887.030000 22.620000 78.000000 89.000000 93.000000 69.000000 0.511322
542401.310000 6589887.350000 22.440000 76.000000 87.000000 93.000000 70.000000 0.495316
542401.230000 6589887.620000 22.320000 76.000000 86.000000 95.000000 67.000000 0.485321
542401.150000 6589887.920000 22.220000 70.000000 81.000000 83.000000 59.000000 0.523987
542401.060000 6589888.250000 22.040000 73.000000 84.000000 90.000000 61.000000 0.514313
542400.990000 6589888.540000 21.920000 75.000000 86.000000 92.000000 68.000000 0.489319
542400.900000 6589888.850000 21.810000 78.000000 91.000000 97.000000 67.000000 0.526657
542400.810000 6589889.190000 21.640000 125.000000 140.000000 145.000000 111.000000 0.481659
542400.730000 6589889.470000 21.510000 120.000000 141.000000 146.000000 98.000000 0.486313
542400.650000 6589889.770000 21.620000 127.000000 146.000000 153.000000 96.000000 0.474991
542402.110000 6589883.440000 24.380000 75.000000 86.000000 92.000000 61.000000 0.489655
542402.030000 6589883.760000 24.250000 77.000000 88.000000 94.000000 65.000000 0.480652
542401.950000 6589884.050000 24.120000 77.000000 88.000000 94.000000 66.000000 0.476654
542401.860000 6589884.370000 23.970000 76.000000 87.000000 93.000000 64.000000 0.466980
542401.780000 6589884.670000 23.840000 73.000000 84.000000 90.000000 64.000000 0.474991
542401.700000 6589884.950000 23.700000 77.000000 87.000000 96.000000 63.000000 0.493652
542401.620000 6589885.250000 23.520000 77.000000 90.000000 98.000000 70.000000 0.467651
542401.540000 6589885.560000 23.440000 77.000000 88.000000 92.000000 68.000000 0.515320
542401.460000 6589885.860000 23.320000 73.000000 85.000000 97.000000 65.000000 0.481659
542401.380000 6589886.160000 23.170000 75.000000 88.000000 96.000000 63.000000 0.476654
542401.300000 6589886.460000 23.040000 84.000000 96.000000 96.000000 74.000000 0.490646
542401.210000 6589886.790000 22.890000 71.000000 82.000000 86.000000 58.000000 0.496323
542401.130000 6589887.080000 22.810000 74.000000 83.000000 88.000000 58.000000 0.546310
542401.040000 6589887.390000 22.640000 72.000000 81.000000 88.000000 64.000000 0.507324
542400.960000 6589887.700000 22.460000 74.000000 85.000000 89.000000 64.000000 0.482651
542400.880000 6589887.990000 22.320000 72.000000 82.000000 91.000000 63.000000 0.442657
542400.800000 6589888.290000 22.200000 72.000000 83.000000 89.000000 58.000000 0.528656
542400.710000 6589888.610000 22.050000 75.000000 86.000000 92.000000 64.000000 0.527313
542400.630000 6589888.940000 21.880000 57.000000 70.000000 76.000000 48.000000 0.461990
542400.540000 6589889.250000 21.760000 124.000000 143.000000 149.000000 100.000000 0.463989
542400.460000 6589889.560000 21.630000 123.000000 144.000000 149.000000 99.000000 0.501648
542400.370000 6589889.890000 21.910000 98.000000 113.000000 120.000000 80.000000 0.441986
542401.840000 6589883.200000 24.770000 71.000000 82.000000 88.000000 58.000000 0.466324
542401.760000 6589883.500000 24.660000 78.000000 89.000000 95.000000 64.000000 0.470322
542401.670000 6589883.820000 24.540000 73.000000 84.000000 90.000000 59.000000 0.461990
542401.590000 6589884.100000 24.350000 70.000000 83.000000 89.000000 58.000000 0.462982
542401.510000 6589884.400000 24.230000 79.000000 90.000000 96.000000 64.000000 0.460983
542401.420000 6589884.720000 24.110000 79.000000 90.000000 96.000000 65.000000 0.493317
542401.350000 6589885.020000 23.990000 75.000000 88.000000 96.000000 65.000000 0.511658
542401.270000 6589885.310000 23.800000 75.000000 86.000000 92.000000 61.000000 0.490311
542401.180000 6589885.630000 23.690000 81.000000 92.000000 98.000000 67.000000 0.460983
542401.090000 6589885.950000 23.550000 77.000000 87.000000 96.000000 65.000000 0.503311
542401.020000 6589886.240000 23.410000 70.000000 81.000000 85.000000 64.000000 0.455322
542400.940000 6589886.530000 23.220000 67.000000 76.000000 73.000000 54.000000 0.458984
542400.850000 6589886.850000 23.160000 75.000000 84.000000 81.000000 65.000000 0.553986
542400.680000 6589887.470000 22.940000 71.000000 83.000000 83.000000 63.000000 0.607986
542400.590000 6589887.800000 22.790000 72.000000 82.000000 91.000000 67.000000 0.552322
542400.510000 6589888.100000 22.550000 77.000000 88.000000 94.000000 64.000000 0.485657
542400.430000 6589888.410000 22.430000 77.000000 88.000000 94.000000 63.000000 0.507324
542400.340000 6589888.720000 22.280000 72.000000 83.000000 89.000000 62.000000 0.485992
542400.260000 6589889.010000 22.120000 80.000000 95.000000 100.000000 66.000000 0.518982
542400.100000 6589889.620000 21.890000 66.000000 79.000000 87.000000 49.000000 0.489319
542400.010000 6589889.970000 22.190000 36.000000 43.000000 51.000000 34.000000 0.494980
542401.530000 6589882.930000 25.240000 71.000000 84.000000 92.000000 61.000000 0.495987
542401.450000 6589883.200000 25.050000 70.000000 83.000000 91.000000 58.000000 0.471985
542401.370000 6589883.500000 24.940000 78.000000 91.000000 99.000000 67.000000 0.497314
542401.290000 6589883.820000 24.800000 75.000000 85.000000 94.000000 60.000000 0.484985
542401.210000 6589884.110000 24.630000 78.000000 89.000000 95.000000 62.000000 0.487656
542401.130000 6589884.420000 24.520000 76.000000 89.000000 95.000000 66.000000 0.459991
542401.030000 6589884.750000 24.350000 75.000000 88.000000 94.000000 67.000000 0.480988
542400.950000 6589885.040000 24.270000 76.000000 89.000000 97.000000 64.000000 0.508316
542400.880000 6589885.320000 24.070000 76.000000 89.000000 97.000000 67.000000 0.499985
542400.790000 6589885.650000 23.930000 78.000000 89.000000 95.000000 69.000000 0.489990
542400.700000 6589885.970000 23.790000 73.000000 84.000000 86.000000 58.000000 0.487991
542400.620000 6589886.270000 23.650000 63.000000 71.000000 74.000000 68.000000 0.481979
542400.540000 6589886.590000 23.580000 37.000000 42.000000 45.000000 43.000000 0.520645
542400.200000 6589887.810000 23.020000 76.000000 87.000000 93.000000 60.000000 0.514313
542400.130000 6589888.110000 22.860000 73.000000 84.000000 90.000000 61.000000 0.474991
542400.040000 6589888.420000 22.700000 76.000000 87.000000 93.000000 63.000000 0.498322
542401.030000 6589883.660000 25.060000 76.000000 86.000000 95.000000 62.000000 0.480988
542400.950000 6589883.970000 24.900000 73.000000 83.000000 92.000000 58.000000 0.512650
542405.840000 6589886.670000 19.540000 75.000000 86.000000 88.000000 63.000000 0.484985
542405.610000 6589886.840000 19.580000 72.000000 83.000000 87.000000 65.000000 0.472321
542405.540000 6589886.530000 19.790000 84.000000 94.000000 96.000000 68.000000 0.478989
542405.480000 6589886.250000 20.080000 73.000000 83.000000 93.000000 62.000000 0.479980
542405.270000 6589887.060000 19.710000 76.000000 86.000000 95.000000 66.000000 0.514313
542405.200000 6589886.740000 19.950000 71.000000 82.000000 88.000000 62.000000 0.487991
542405.130000 6589886.420000 20.270000 72.000000 83.000000 87.000000 62.000000 0.424316
542404.940000 6589887.320000 19.640000 117.000000 128.000000 124.000000 100.000000 0.527985
542404.870000 6589887.030000 20.060000 20.000000 29.000000 36.000000 23.000000 0.445984
542404.680000 6589887.340000 19.510000 134.000000 141.000000 147.000000 118.000000 0.815979
542404.470000 6589887.620000 19.500000 54.000000 63.000000 70.000000 42.000000 0.999985
542404.390000 6589887.310000 19.520000 36.000000 43.000000 51.000000 40.000000 0.679977
542404.120000 6589887.690000 19.500000 36.000000 43.000000 53.000000 37.000000 0.819321
542403.820000 6589888.050000 19.490000 37.000000 44.000000 52.000000 36.000000 0.895645
542405.810000 6589886.730000 19.510000 77.000000 89.000000 89.000000 64.000000 0.477325
542405.580000 6589886.280000 19.960000 77.000000 87.000000 97.000000 69.000000 0.486313
542405.510000 6589886.550000 19.820000 84.000000 94.000000 96.000000 68.000000 0.463654
542405.420000 6589886.870000 19.680000 79.000000 92.000000 98.000000 71.000000 0.474991
542405.340000 6589887.190000 19.530000 75.000000 88.000000 94.000000 69.000000 0.468323
542405.300000 6589886.340000 20.120000 78.000000 88.000000 97.000000 67.000000 0.482986
542405.220000 6589886.650000 19.940000 79.000000 90.000000 92.000000 64.000000 0.469650
542404.650000 6589887.310000 19.490000 134.000000 141.000000 147.000000 118.000000 0.712311
542404.560000 6589887.640000 19.480000 95.000000 106.000000 112.000000 81.000000 0.809647
542404.230000 6589887.520000 19.490000 31.000000 38.000000 46.000000 29.000000 0.596649
542404.150000 6589887.810000 19.490000 30.000000 37.000000 47.000000 30.000000 0.811981
542403.770000 6589888.130000 19.500000 41.000000 48.000000 54.000000 41.000000 0.724976
542400.110000 6589891.180000 21.520000 35.000000 43.000000 46.000000 35.000000 0.502655
542400.030000 6589890.850000 21.680000 36.000000 41.000000 45.000000 35.000000 0.541656
542400.040000 6589891.110000 21.480000 36.000000 44.000000 47.000000 37.000000 0.518646
542399.980000 6589888.370000 22.830000 74.000000 84.000000 93.000000 68.000000 0.480652
542399.940000 6589889.350000 22.250000 132.000000 149.000000 156.000000 115.000000 0.502655
542399.870000 6589889.040000 22.420000 65.000000 80.000000 87.000000 51.000000 0.459991
542399.800000 6589888.720000 22.720000 79.000000 92.000000 100.000000 66.000000 0.506317
542399.820000 6589889.950000 22.250000 35.000000 40.000000 46.000000 35.000000 0.516647
542399.760000 6589889.640000 22.160000 33.000000 42.000000 49.000000 29.000000 0.531647
542399.690000 6589889.340000 22.420000 42.000000 55.000000 63.000000 22.000000 0.490646
542399.950000 6589888.730000 22.520000 76.000000 89.000000 97.000000 64.000000 0.464981
542399.870000 6589889.050000 22.440000 65.000000 80.000000 87.000000 51.000000 0.467651
542399.790000 6589889.350000 22.310000 79.000000 92.000000 100.000000 62.000000 0.490646
542399.700000 6589889.680000 22.150000 36.000000 45.000000 52.000000 32.000000 0.519989
542399.620000 6589889.980000 22.120000 38.000000 45.000000 51.000000 31.000000 0.489990
542399.960000 6589890.570000 21.820000 35.000000 40.000000 46.000000 35.000000 0.512314
542399.900000 6589890.270000 22.060000 40.000000 45.000000 51.000000 38.000000 0.507645
542399.840000 6589891.620000 20.990000 31.000000 38.000000 44.000000 26.000000 0.547653
542399.620000 6589890.690000 21.580000 47.000000 54.000000 60.000000 46.000000 0.486649
542399.550000 6589890.390000 21.820000 71.000000 80.000000 85.000000 63.000000 0.541977
542399.490000 6589890.110000 22.050000 74.000000 83.000000 88.000000 64.000000 0.528992
542399.500000 6589891.670000 21.020000 87.000000 94.000000 100.000000 80.000000 0.510651
542399.420000 6589891.330000 21.260000 70.000000 77.000000 83.000000 58.000000 0.497314
542399.360000 6589891.040000 21.470000 75.000000 84.000000 89.000000 61.000000 0.502655
542399.290000 6589890.730000 21.820000 65.000000 74.000000 79.000000 55.000000 0.442322
542399.270000 6589891.790000 21.030000 87.000000 96.000000 101.000000 74.000000 0.486313
542399.210000 6589891.500000 21.290000 75.000000 82.000000 88.000000 62.000000 0.474991
542399.140000 6589891.200000 21.550000 76.000000 83.000000 91.000000 59.000000 0.493317
542399.030000 6589891.990000 21.090000 105.000000 118.000000 124.000000 90.000000 0.469986
542399.930000 6589890.250000 22.100000 40.000000 45.000000 51.000000 38.000000 0.497314
542399.850000 6589890.560000 21.790000 35.000000 40.000000 46.000000 31.000000 0.561646
542399.760000 6589890.880000 21.510000 36.000000 43.000000 49.000000 32.000000 0.545654
542399.680000 6589891.190000 21.250000 68.000000 73.000000 79.000000 55.000000 0.541977
542399.600000 6589891.480000 21.050000 70.000000 77.000000 83.000000 62.000000 0.488983
542399.510000 6589891.800000 20.850000 69.000000 76.000000 82.000000 60.000000 0.524323
542399.530000 6589890.290000 21.920000 71.000000 80.000000 85.000000 65.000000 0.534653
542399.460000 6589890.580000 21.720000 70.000000 79.000000 84.000000 61.000000 0.526321
542399.370000 6589890.910000 21.570000 70.000000 79.000000 84.000000 57.000000 0.506653
542399.290000 6589891.200000 21.440000 68.000000 75.000000 81.000000 53.000000 0.496979
542399.210000 6589891.490000 21.310000 75.000000 82.000000 88.000000 62.000000 0.504990
542399.130000 6589891.800000 21.180000 75.000000 86.000000 92.000000 60.000000 0.499985
542399.050000 6589892.090000 21.060000 133.000000 148.000000 153.000000 110.000000 0.468323
542389.950000 6589900.770000 22.200000 70.000000 81.000000 85.000000 56.000000 0.548325
542389.880000 6589900.450000 22.400000 89.000000 98.000000 103.000000 80.000000 0.488647
542389.810000 6589900.170000 22.710000 74.000000 84.000000 93.000000 62.000000 0.499649
542389.880000 6589901.600000 22.020000 34.000000 44.000000 53.000000 39.000000 0.487320
542389.800000 6589901.260000 21.950000 130.000000 145.000000 152.000000 106.000000 0.509323
542389.740000 6589900.960000 22.150000 131.000000 144.000000 152.000000 118.000000 0.531647
542389.680000 6589900.690000 22.440000 91.000000 100.000000 105.000000 83.000000 0.479645
542389.610000 6589900.380000 22.690000 78.000000 89.000000 95.000000 64.000000 0.498322
542389.530000 6589900.060000 22.900000 78.000000 88.000000 97.000000 63.000000 0.491989
542389.900000 6589903.040000 21.400000 40.000000 47.000000 55.000000 40.000000 0.529312
542389.830000 6589902.730000 21.600000 39.000000 46.000000 54.000000 39.000000 0.519989
542389.770000 6589902.440000 21.780000 44.000000 48.000000 57.000000 43.000000 0.522980
542389.690000 6589902.120000 21.930000 40.000000 47.000000 55.000000 38.000000 0.491318
542389.550000 6589901.520000 22.230000 41.000000 50.000000 57.000000 44.000000 0.481323
542389.480000 6589901.190000 22.280000 53.000000 63.000000 72.000000 40.000000 0.523651
542389.410000 6589900.890000 22.510000 79.000000 92.000000 100.000000 60.000000 0.497314
542389.340000 6589900.580000 22.800000 75.000000 85.000000 94.000000 62.000000 0.511322
542389.270000 6589900.260000 22.970000 80.000000 90.000000 99.000000 67.000000 0.496979
542389.610000 6589903.330000 20.900000 41.000000 50.000000 59.000000 38.000000 0.517654
542389.540000 6589903.010000 21.120000 38.000000 47.000000 54.000000 37.000000 0.456985
542389.470000 6589902.690000 21.300000 56.000000 63.000000 71.000000 45.000000 0.473984
542389.400000 6589902.390000 21.560000 48.000000 55.000000 63.000000 40.000000 0.522324
542389.330000 6589902.090000 21.820000 69.000000 78.000000 85.000000 54.000000 0.476654
542389.250000 6589901.750000 22.080000 83.000000 92.000000 99.000000 76.000000 0.516647
542389.180000 6589901.450000 22.280000 79.000000 88.000000 95.000000 61.000000 0.491318
542389.120000 6589901.160000 22.570000 77.000000 87.000000 96.000000 66.000000 0.465988
542389.050000 6589900.860000 22.750000 75.000000 88.000000 96.000000 65.000000 0.465317
542388.970000 6589900.530000 23.030000 77.000000 90.000000 98.000000 63.000000 0.471649
542388.910000 6589900.250000 23.270000 72.000000 85.000000 93.000000 61.000000 0.463654
542389.310000 6589903.670000 20.730000 79.000000 88.000000 97.000000 64.000000 0.496979
542389.240000 6589903.360000 21.010000 77.000000 87.000000 96.000000 59.000000 0.505981
542389.180000 6589903.090000 21.260000 77.000000 87.000000 96.000000 63.000000 0.494980
542389.100000 6589902.750000 21.510000 74.000000 84.000000 93.000000 65.000000 0.484650
542389.030000 6589902.450000 21.750000 76.000000 86.000000 95.000000 63.000000 0.472321
542388.970000 6589902.160000 22.030000 76.000000 86.000000 96.000000 63.000000 0.490646
542388.900000 6589901.850000 22.220000 75.000000 85.000000 94.000000 58.000000 0.472656
542388.830000 6589901.540000 22.500000 82.000000 91.000000 98.000000 62.000000 0.503647
542388.770000 6589901.270000 22.740000 73.000000 83.000000 92.000000 61.000000 0.502991
542388.700000 6589900.980000 23.020000 78.000000 88.000000 97.000000 65.000000 0.503647
542388.620000 6589900.650000 23.220000 75.000000 85.000000 95.000000 61.000000 0.480316
542388.560000 6589900.360000 23.540000 80.000000 90.000000 100.000000 65.000000 0.484985
542388.490000 6589900.070000 23.730000 75.000000 85.000000 95.000000 57.000000 0.498322
542389.050000 6589903.650000 20.950000 82.000000 91.000000 98.000000 70.000000 0.465317
542388.990000 6589903.350000 21.180000 71.000000 81.000000 90.000000 58.000000 0.463318
542388.920000 6589903.040000 21.470000 72.000000 85.000000 93.000000 63.000000 0.490311
542388.850000 6589902.760000 21.710000 72.000000 85.000000 93.000000 63.000000 0.473984
542388.780000 6589902.470000 21.960000 71.000000 81.000000 90.000000 61.000000 0.460983
542388.710000 6589902.150000 22.220000 77.000000 87.000000 96.000000 64.000000 0.505646
542388.640000 6589901.840000 22.460000 76.000000 86.000000 95.000000 62.000000 0.472656
542388.580000 6589901.560000 22.660000 79.000000 89.000000 98.000000 66.000000 0.506317
542388.510000 6589901.240000 22.980000 78.000000 88.000000 97.000000 66.000000 0.498322
542388.440000 6589900.930000 23.200000 75.000000 85.000000 94.000000 64.000000 0.475983
542388.370000 6589900.630000 23.470000 79.000000 89.000000 98.000000 67.000000 0.470978
542388.300000 6589900.330000 23.720000 75.000000 85.000000 94.000000 61.000000 0.459320
542388.230000 6589900.010000 23.990000 79.000000 89.000000 98.000000 63.000000 0.467316
542388.760000 6589903.390000 21.300000 79.000000 89.000000 98.000000 69.000000 0.495987
542388.690000 6589903.080000 21.590000 70.000000 83.000000 92.000000 56.000000 0.472321
542388.620000 6589902.770000 21.820000 71.000000 81.000000 90.000000 59.000000 0.506989
542388.550000 6589902.480000 22.040000 76.000000 86.000000 96.000000 65.000000 0.480652
542388.480000 6589902.170000 22.330000 76.000000 86.000000 95.000000 63.000000 0.521317
542388.410000 6589901.840000 22.590000 80.000000 90.000000 99.000000 69.000000 0.505981
542388.340000 6589901.550000 22.860000 76.000000 86.000000 95.000000 59.000000 0.497650
542388.280000 6589901.260000 23.080000 78.000000 91.000000 99.000000 67.000000 0.484314
542388.200000 6589900.940000 23.340000 74.000000 87.000000 95.000000 63.000000 0.463318
542388.130000 6589900.620000 23.610000 71.000000 81.000000 90.000000 58.000000 0.505981
542388.060000 6589900.320000 23.870000 82.000000 92.000000 101.000000 70.000000 0.507645
542387.990000 6589900.000000 24.120000 78.000000 88.000000 97.000000 64.000000 0.487320
542388.230000 6589902.820000 22.140000 79.000000 88.000000 97.000000 66.000000 0.495987
542388.160000 6589902.500000 22.440000 78.000000 91.000000 100.000000 65.000000 0.479980
542388.090000 6589902.200000 22.670000 79.000000 89.000000 98.000000 65.000000 0.455658
542388.020000 6589901.880000 22.940000 78.000000 88.000000 97.000000 67.000000 0.473312
542387.940000 6589901.550000 23.170000 73.000000 86.000000 94.000000 59.000000 0.444321
542387.880000 6589901.260000 23.460000 73.000000 86.000000 94.000000 66.000000 0.493988
542387.810000 6589900.960000 23.730000 78.000000 91.000000 99.000000 65.000000 0.509323
542387.740000 6589900.650000 23.950000 72.000000 82.000000 91.000000 58.000000 0.486984
542387.670000 6589900.360000 24.240000 81.000000 91.000000 100.000000 70.000000 0.478653
542387.770000 6589902.390000 22.810000 73.000000 83.000000 92.000000 62.000000 0.438660
542387.710000 6589902.110000 23.010000 78.000000 88.000000 97.000000 63.000000 0.500320
542387.640000 6589901.810000 23.280000 78.000000 88.000000 97.000000 62.000000 0.492645
542387.560000 6589901.470000 23.500000 81.000000 91.000000 100.000000 68.000000 0.494980
542387.500000 6589901.180000 23.790000 77.000000 87.000000 96.000000 66.000000 0.498657
542387.430000 6589900.890000 24.020000 77.000000 87.000000 96.000000 59.000000 0.459656
542387.350000 6589900.560000 24.250000 77.000000 87.000000 96.000000 63.000000 0.484650
542387.280000 6589900.250000 24.550000 74.000000 84.000000 93.000000 59.000000 0.446320
542387.410000 6589901.980000 23.290000 70.000000 80.000000 89.000000 56.000000 0.466980
542387.340000 6589901.680000 23.600000 80.000000 90.000000 99.000000 67.000000 0.498657
542387.280000 6589901.390000 23.760000 76.000000 86.000000 95.000000 60.000000 0.468323
542387.200000 6589901.060000 24.030000 81.000000 91.000000 101.000000 65.000000 0.464645
542387.130000 6589900.770000 24.360000 78.000000 88.000000 98.000000 68.000000 0.441650
542387.060000 6589900.470000 24.610000 74.000000 84.000000 94.000000 61.000000 0.503647
542387.130000 6589901.800000 23.640000 77.000000 87.000000 96.000000 58.000000 0.473648
542387.060000 6589901.510000 23.860000 70.000000 83.000000 92.000000 59.000000 0.521652
542386.990000 6589901.220000 24.100000 77.000000 90.000000 99.000000 65.000000 0.485992
542386.920000 6589900.910000 24.370000 78.000000 88.000000 98.000000 67.000000 0.461655
542386.850000 6589900.610000 24.600000 78.000000 88.000000 97.000000 62.000000 0.460648
542386.790000 6589900.320000 24.890000 72.000000 81.000000 90.000000 60.000000 0.510315
542386.670000 6589901.350000 24.200000 78.000000 87.000000 96.000000 63.000000 0.467316
542386.610000 6589901.080000 24.490000 79.000000 92.000000 101.000000 71.000000 0.496979
542386.540000 6589900.750000 24.780000 55.000000 65.000000 74.000000 45.000000 0.516312
542386.460000 6589900.430000 25.020000 44.000000 53.000000 62.000000 38.000000 0.460983
542386.220000 6589901.010000 24.820000 50.000000 59.000000 66.000000 41.000000 0.520645
542386.140000 6589900.690000 25.130000 44.000000 53.000000 62.000000 40.000000 0.480988
542385.930000 6589900.820000 25.190000 49.000000 54.000000 60.000000 47.000000 0.502319
542385.870000 6589900.540000 25.420000 46.000000 53.000000 63.000000 39.000000 0.468658
542389.890000 6589902.350000 21.850000 46.000000 50.000000 59.000000 47.000000 0.521652
542389.810000 6589902.640000 21.580000 42.000000 49.000000 57.000000 41.000000 0.509979
542389.730000 6589902.950000 21.270000 42.000000 49.000000 57.000000 43.000000 0.492325
542389.640000 6589903.280000 20.960000 38.000000 47.000000 56.000000 37.000000 0.511322
542389.560000 6589903.560000 20.560000 45.000000 54.000000 63.000000 36.000000 0.468323
542389.940000 6589900.810000 22.150000 80.000000 93.000000 99.000000 57.000000 0.561310
542389.860000 6589901.110000 22.030000 126.000000 141.000000 148.000000 101.000000 0.538651
542389.780000 6589901.400000 21.980000 42.000000 55.000000 63.000000 36.000000 0.490646
542389.690000 6589901.730000 22.240000 37.000000 46.000000 55.000000 42.000000 0.531647
542389.600000 6589902.050000 21.880000 34.000000 41.000000 49.000000 31.000000 0.512985
542389.520000 6589902.360000 21.640000 37.000000 44.000000 52.000000 33.000000 0.521652
542389.440000 6589902.660000 21.370000 56.000000 63.000000 71.000000 45.000000 0.521988
542389.350000 6589902.990000 21.160000 79.000000 88.000000 95.000000 73.000000 0.521652
542389.270000 6589903.280000 21.030000 72.000000 82.000000 91.000000 53.000000 0.514313
542389.190000 6589903.570000 20.880000 71.000000 81.000000 90.000000 57.000000 0.469315
542389.850000 6589900.170000 22.660000 74.000000 84.000000 93.000000 62.000000 0.513977
542389.760000 6589900.500000 22.460000 80.000000 89.000000 96.000000 68.000000 0.492325
542389.680000 6589900.810000 22.360000 74.000000 87.000000 95.000000 50.000000 0.490982
542389.600000 6589901.090000 22.200000 131.000000 141.000000 150.000000 110.000000 0.523987
542389.510000 6589901.410000 22.170000 30.000000 41.000000 47.000000 40.000000 0.512650
542389.350000 6589902.020000 21.800000 69.000000 78.000000 85.000000 54.000000 0.519318
542389.260000 6589902.330000 21.670000 79.000000 88.000000 97.000000 66.000000 0.507324
542389.180000 6589902.650000 21.510000 77.000000 87.000000 96.000000 58.000000 0.495651
542389.100000 6589902.950000 21.370000 75.000000 85.000000 94.000000 64.000000 0.485321
542389.020000 6589903.260000 21.220000 77.000000 87.000000 96.000000 65.000000 0.483322
542389.600000 6589900.130000 22.850000 79.000000 89.000000 98.000000 69.000000 0.440659
542389.520000 6589900.420000 22.660000 78.000000 89.000000 95.000000 66.000000 0.494644
542389.430000 6589900.740000 22.530000 77.000000 88.000000 94.000000 65.000000 0.471649
542389.350000 6589901.070000 22.390000 77.000000 87.000000 96.000000 59.000000 0.484314
542389.260000 6589901.360000 22.300000 83.000000 94.000000 100.000000 82.000000 0.481323
542389.180000 6589901.680000 22.140000 79.000000 88.000000 95.000000 67.000000 0.538986
542389.090000 6589902.000000 21.970000 74.000000 83.000000 92.000000 61.000000 0.506653
542389.010000 6589902.310000 21.850000 74.000000 84.000000 93.000000 62.000000 0.479645
542388.930000 6589902.610000 21.720000 74.000000 87.000000 95.000000 63.000000 0.495316
542388.840000 6589902.920000 21.530000 74.000000 87.000000 95.000000 68.000000 0.504990
542388.760000 6589903.220000 21.450000 75.000000 85.000000 95.000000 61.000000 0.511658
542389.230000 6589900.050000 23.160000 74.000000 84.000000 93.000000 59.000000 0.481323
542389.150000 6589900.370000 23.020000 76.000000 86.000000 95.000000 61.000000 0.487320
542389.070000 6589900.670000 22.860000 74.000000 87.000000 95.000000 63.000000 0.466980
542388.990000 6589900.970000 22.710000 72.000000 85.000000 93.000000 59.000000 0.456985
542388.890000 6589901.310000 22.610000 77.000000 88.000000 94.000000 61.000000 0.502655
542388.820000 6589901.580000 22.460000 82.000000 91.000000 98.000000 62.000000 0.483322
542388.730000 6589901.910000 22.310000 72.000000 82.000000 91.000000 58.000000 0.473984
542388.650000 6589902.210000 22.150000 72.000000 82.000000 91.000000 61.000000 0.455322
542388.570000 6589902.510000 22.040000 73.000000 83.000000 93.000000 61.000000 0.478653
542388.490000 6589902.790000 21.930000 78.000000 88.000000 98.000000 64.000000 0.475983
542388.410000 6589903.100000 21.780000 85.000000 94.000000 101.000000 71.000000 0.455978
542388.820000 6589900.120000 23.470000 74.000000 84.000000 93.000000 61.000000 0.485321
542388.740000 6589900.420000 23.300000 74.000000 84.000000 94.000000 59.000000 0.487656
542388.660000 6589900.720000 23.170000 79.000000 89.000000 99.000000 64.000000 0.477325
542388.570000 6589901.030000 23.090000 73.000000 83.000000 92.000000 61.000000 0.515656
542388.490000 6589901.320000 22.920000 75.000000 85.000000 94.000000 61.000000 0.492645
542388.420000 6589901.600000 22.790000 75.000000 85.000000 94.000000 62.000000 0.455322
542388.330000 6589901.940000 22.630000 77.000000 87.000000 96.000000 62.000000 0.482315
542388.250000 6589902.250000 22.530000 71.000000 81.000000 90.000000 59.000000 0.497314
542388.170000 6589902.530000 22.360000 71.000000 84.000000 93.000000 61.000000 0.496323
542388.540000 6589900.140000 23.640000 75.000000 85.000000 95.000000 62.000000 0.465652
542388.450000 6589900.480000 23.480000 74.000000 84.000000 94.000000 59.000000 0.473984
542388.370000 6589900.760000 23.330000 74.000000 84.000000 93.000000 61.000000 0.482986
542388.300000 6589901.040000 23.200000 82.000000 95.000000 103.000000 69.000000 0.478653
542388.210000 6589901.380000 23.070000 77.000000 90.000000 98.000000 66.000000 0.449326
542388.130000 6589901.680000 22.870000 76.000000 89.000000 97.000000 65.000000 0.448318
542388.050000 6589901.980000 22.810000 81.000000 91.000000 100.000000 68.000000 0.474655
542387.960000 6589902.300000 22.640000 81.000000 91.000000 100.000000 69.000000 0.453323
542387.870000 6589902.620000 22.480000 81.000000 90.000000 97.000000 68.000000 0.507324
542388.320000 6589900.020000 23.890000 76.000000 86.000000 95.000000 58.000000 0.484314
542388.230000 6589900.340000 23.740000 72.000000 82.000000 91.000000 57.000000 0.480652
542388.150000 6589900.650000 23.620000 71.000000 81.000000 90.000000 58.000000 0.497314
542388.070000 6589900.950000 23.470000 66.000000 79.000000 87.000000 58.000000 0.483658
542387.990000 6589901.240000 23.350000 71.000000 84.000000 92.000000 60.000000 0.472321
542387.900000 6589901.560000 23.190000 73.000000 86.000000 94.000000 59.000000 0.483658
542387.820000 6589901.880000 23.070000 72.000000 82.000000 91.000000 59.000000 0.486984
542387.730000 6589902.200000 22.890000 72.000000 82.000000 91.000000 57.000000 0.461990
542387.880000 6589900.150000 24.120000 84.000000 94.000000 103.000000 65.000000 0.476318
542387.800000 6589900.450000 23.950000 76.000000 86.000000 95.000000 60.000000 0.476318
542387.710000 6589900.760000 23.840000 73.000000 83.000000 92.000000 61.000000 0.489319
542387.630000 6589901.100000 23.710000 79.000000 92.000000 100.000000 65.000000 0.457657
542387.550000 6589901.390000 23.580000 78.000000 88.000000 97.000000 64.000000 0.488312
542387.470000 6589901.670000 23.380000 78.000000 88.000000 97.000000 62.000000 0.483978
542387.390000 6589901.990000 23.300000 73.000000 83.000000 92.000000 57.000000 0.491653
542387.480000 6589900.150000 24.460000 80.000000 90.000000 99.000000 69.000000 0.500992
542387.410000 6589900.440000 24.350000 75.000000 85.000000 94.000000 62.000000 0.498978
542387.330000 6589900.730000 24.150000 75.000000 85.000000 94.000000 61.000000 0.487656
542387.240000 6589901.060000 24.040000 75.000000 85.000000 94.000000 62.000000 0.484314
542387.160000 6589901.380000 23.920000 76.000000 89.000000 98.000000 64.000000 0.500320
542387.080000 6589901.660000 23.750000 69.000000 82.000000 90.000000 58.000000 0.480652
542387.170000 6589900.200000 24.610000 77.000000 87.000000 97.000000 64.000000 0.485657
542387.080000 6589900.540000 24.450000 76.000000 86.000000 96.000000 60.000000 0.499985
542386.990000 6589900.850000 24.380000 79.000000 89.000000 99.000000 67.000000 0.504990
542386.920000 6589901.130000 24.240000 75.000000 85.000000 95.000000 61.000000 0.461655
542386.830000 6589901.460000 24.060000 73.000000 86.000000 94.000000 57.000000 0.454651
542386.810000 6589900.500000 24.680000 79.000000 89.000000 98.000000 63.000000 0.478317
542386.730000 6589900.800000 24.540000 81.000000 91.000000 100.000000 67.000000 0.474655
542386.650000 6589901.100000 24.450000 77.000000 87.000000 97.000000 62.000000 0.479645
542386.570000 6589901.400000 24.290000 79.000000 86.000000 92.000000 69.000000 0.501984
542386.450000 6589900.410000 25.020000 44.000000 53.000000 62.000000 38.000000 0.461319
542386.370000 6589900.690000 24.900000 43.000000 52.000000 61.000000 37.000000 0.481979
542386.280000 6589901.010000 24.780000 50.000000 59.000000 66.000000 41.000000 0.519318
542385.930000 6589900.850000 25.160000 49.000000 54.000000 60.000000 47.000000 0.480988
542389.810000 6589904.220000 19.960000 44.000000 50.000000 62.000000 36.000000 0.500320
542389.750000 6589903.930000 20.220000 41.000000 49.000000 60.000000 35.000000 0.446320
542389.890000 6589903.930000 20.130000 45.000000 51.000000 63.000000 37.000000 0.483658
542389.810000 6589904.230000 19.930000 44.000000 50.000000 62.000000 36.000000 0.453323
542389.470000 6589903.890000 20.450000 73.000000 82.000000 91.000000 62.000000 0.479645
542393.480000 6589900.230000 19.700000 43.000000 52.000000 61.000000 41.000000 0.459991
542393.270000 6589900.400000 19.890000 43.000000 52.000000 61.000000 37.000000 0.490982
542393.010000 6589900.980000 19.830000 43.000000 51.000000 62.000000 37.000000 0.492981
542392.930000 6589900.650000 20.070000 42.000000 51.000000 60.000000 38.000000 0.469986
542392.870000 6589900.350000 20.850000 44.000000 51.000000 61.000000 39.000000 0.496979
542392.810000 6589900.080000 21.030000 41.000000 48.000000 58.000000 40.000000 0.513977
542392.740000 6589901.210000 19.830000 41.000000 49.000000 60.000000 38.000000 0.486313
542392.670000 6589900.940000 20.030000 43.000000 52.000000 61.000000 36.000000 0.477325
542392.610000 6589900.650000 20.340000 43.000000 52.000000 61.000000 42.000000 0.508316
542392.530000 6589900.320000 20.610000 44.000000 53.000000 62.000000 37.000000 0.504318
542392.470000 6589900.030000 20.800000 44.000000 53.000000 60.000000 34.000000 0.463654
542392.550000 6589901.580000 19.730000 65.000000 75.000000 85.000000 53.000000 0.500992
542392.480000 6589901.290000 19.940000 81.000000 91.000000 101.000000 66.000000 0.501984
542392.410000 6589900.960000 20.270000 76.000000 85.000000 94.000000 71.000000 0.462982
542392.200000 6589900.050000 20.960000 87.000000 100.000000 106.000000 73.000000 0.478653
542392.330000 6589901.660000 19.870000 79.000000 89.000000 98.000000 62.000000 0.502319
542392.260000 6589901.370000 20.080000 76.000000 86.000000 95.000000 62.000000 0.480988
542392.190000 6589901.060000 20.300000 77.000000 88.000000 94.000000 67.000000 0.479980
542392.120000 6589900.750000 20.630000 69.000000 82.000000 90.000000 60.000000 0.511978
542392.050000 6589900.440000 20.780000 70.000000 83.000000 89.000000 55.000000 0.501648
542391.980000 6589900.130000 21.100000 68.000000 81.000000 89.000000 58.000000 0.459656
542392.060000 6589902.180000 19.640000 77.000000 87.000000 97.000000 67.000000 0.406982
542391.990000 6589901.860000 19.940000 73.000000 83.000000 92.000000 56.000000 0.493988
542391.910000 6589901.520000 20.240000 73.000000 86.000000 94.000000 65.000000 0.505981
542391.850000 6589901.230000 20.500000 89.000000 102.000000 110.000000 79.000000 0.466324
542391.780000 6589900.940000 20.710000 64.000000 74.000000 83.000000 51.000000 0.503311
542391.710000 6589900.630000 20.930000 97.000000 108.000000 112.000000 86.000000 0.492981
542391.570000 6589900.020000 21.440000 75.000000 88.000000 96.000000 64.000000 0.485321
542391.740000 6589902.460000 19.510000 104.000000 115.000000 121.000000 85.000000 0.875305
542391.680000 6589902.190000 19.920000 53.000000 61.000000 74.000000 49.000000 0.483322
542391.470000 6589901.280000 20.780000 130.000000 145.000000 148.000000 104.000000 0.505981
542391.410000 6589900.990000 21.020000 102.000000 116.000000 117.000000 85.000000 0.437988
542391.340000 6589900.680000 21.280000 85.000000 95.000000 105.000000 75.000000 0.510651
542391.260000 6589900.350000 21.530000 71.000000 81.000000 91.000000 63.000000 0.470657
542391.190000 6589900.050000 21.740000 78.000000 91.000000 99.000000 67.000000 0.461655
542391.510000 6589902.870000 19.490000 81.000000 94.000000 102.000000 69.000000 0.977982
542391.440000 6589902.580000 19.490000 122.000000 136.000000 137.000000 104.000000 0.999985
542391.370000 6589902.260000 19.520000 19.000000 27.000000 40.000000 27.000000 0.830643
542391.230000 6589901.660000 21.200000 125.000000 142.000000 149.000000 99.000000 0.493988
542391.160000 6589901.360000 21.010000 121.000000 140.000000 144.000000 94.000000 0.486649
542391.090000 6589901.030000 21.180000 123.000000 141.000000 145.000000 99.000000 0.476654
542391.020000 6589900.740000 21.430000 69.000000 82.000000 91.000000 57.000000 0.485657
542390.950000 6589900.430000 21.680000 73.000000 83.000000 93.000000 59.000000 0.487320
542390.880000 6589900.130000 21.940000 78.000000 91.000000 99.000000 68.000000 0.489990
542391.280000 6589903.060000 19.490000 104.000000 115.000000 119.000000 90.000000 0.930313
542390.930000 6589901.570000 21.340000 124.000000 143.000000 149.000000 100.000000 0.496658
542390.860000 6589901.250000 21.180000 122.000000 141.000000 147.000000 98.000000 0.496323
542390.790000 6589900.950000 21.360000 136.000000 151.000000 156.000000 118.000000 0.452652
542390.720000 6589900.640000 21.630000 72.000000 82.000000 92.000000 62.000000 0.480316
542390.660000 6589900.360000 21.930000 79.000000 89.000000 98.000000 67.000000 0.494324
542390.590000 6589900.050000 22.160000 72.000000 85.000000 91.000000 61.000000 0.512650
542391.030000 6589903.770000 19.470000 73.000000 81.000000 94.000000 59.000000 0.622650
542390.550000 6589901.680000 21.670000 124.000000 143.000000 150.000000 98.000000 0.498322
542390.480000 6589901.370000 21.510000 126.000000 145.000000 151.000000 102.000000 0.472321
542390.340000 6589900.750000 21.940000 69.000000 80.000000 86.000000 52.000000 0.479324
542390.270000 6589900.430000 22.170000 82.000000 93.000000 97.000000 68.000000 0.515991
542390.200000 6589900.150000 22.450000 77.000000 90.000000 98.000000 69.000000 0.482651
542390.170000 6589901.700000 21.970000 66.000000 79.000000 88.000000 55.000000 0.472656
542390.100000 6589901.400000 21.720000 127.000000 141.000000 150.000000 101.000000 0.478989
542390.030000 6589901.100000 21.950000 121.000000 138.000000 145.000000 96.000000 0.503983
542393.550000 6589900.290000 19.790000 43.000000 52.000000 61.000000 41.000000 0.500656
542393.070000 6589900.580000 19.950000 44.000000 51.000000 61.000000 43.000000 0.459320
542392.980000 6589900.900000 19.770000 45.000000 54.000000 63.000000 37.000000 0.474991
542392.820000 6589900.160000 20.980000 43.000000 50.000000 60.000000 40.000000 0.525986
542392.740000 6589900.440000 20.300000 43.000000 52.000000 61.000000 37.000000 0.476990
542392.660000 6589900.740000 20.130000 44.000000 53.000000 62.000000 39.000000 0.474655
542392.570000 6589901.060000 20.040000 52.000000 61.000000 70.000000 44.000000 0.469650
542392.490000 6589901.350000 19.900000 77.000000 87.000000 97.000000 62.000000 0.489655
542392.420000 6589901.640000 19.780000 80.000000 90.000000 100.000000 71.000000 0.486313
542392.330000 6589901.970000 19.630000 79.000000 89.000000 98.000000 70.000000 0.490982
542392.560000 6589900.030000 20.790000 37.000000 46.000000 53.000000 29.000000 0.476654
542392.470000 6589900.360000 20.550000 68.000000 77.000000 86.000000 60.000000 0.503983
542392.390000 6589900.660000 20.410000 75.000000 88.000000 96.000000 69.000000 0.496323
542392.310000 6589900.950000 20.280000 75.000000 85.000000 94.000000 61.000000 0.466980
542392.230000 6589901.260000 20.140000 73.000000 83.000000 92.000000 61.000000 0.473984
542392.060000 6589901.890000 19.840000 77.000000 87.000000 96.000000 58.000000 0.493317
542391.980000 6589902.200000 19.710000 77.000000 85.000000 96.000000 64.000000 0.469650
542391.890000 6589902.510000 19.570000 76.000000 86.000000 96.000000 62.000000 0.538315
542392.260000 6589900.130000 20.860000 76.000000 87.000000 93.000000 67.000000 0.529648
542392.010000 6589901.070000 20.450000 73.000000 83.000000 92.000000 59.000000 0.483658
542391.930000 6589901.360000 20.300000 81.000000 94.000000 102.000000 73.000000 0.477646
542391.840000 6589901.680000 20.770000 65.000000 78.000000 86.000000 53.000000 0.426651
542391.760000 6589901.970000 19.980000 74.000000 84.000000 94.000000 66.000000 0.462326
542391.670000 6589902.300000 19.820000 21.000000 27.000000 41.000000 18.000000 0.497650
542391.590000 6589902.600000 19.490000 112.000000 126.000000 126.000000 91.000000 0.770981
542391.510000 6589902.930000 19.470000 71.000000 84.000000 93.000000 59.000000 0.803986
542391.420000 6589903.250000 19.470000 73.000000 86.000000 95.000000 59.000000 0.607315
542391.850000 6589900.180000 21.150000 66.000000 79.000000 87.000000 59.000000 0.508316
542391.760000 6589900.480000 21.020000 76.000000 87.000000 91.000000 63.000000 0.460983
542391.680000 6589900.790000 20.850000 97.000000 108.000000 112.000000 86.000000 0.494980
542391.590000 6589901.140000 20.760000 126.000000 141.000000 144.000000 104.000000 0.529984
542391.510000 6589901.420000 20.760000 127.000000 145.000000 149.000000 105.000000 0.440323
542391.480000 6589900.170000 21.450000 74.000000 87.000000 95.000000 58.000000 0.476318
542391.410000 6589900.460000 21.330000 73.000000 83.000000 92.000000 61.000000 0.497986
542391.240000 6589901.080000 21.000000 127.000000 145.000000 147.000000 103.000000 0.478989
542391.150000 6589901.400000 21.040000 122.000000 141.000000 145.000000 101.000000 0.492325
542391.070000 6589901.710000 21.320000 126.000000 143.000000 150.000000 100.000000 0.463989
542391.130000 6589900.270000 21.590000 73.000000 83.000000 93.000000 58.000000 0.490311
542391.040000 6589900.600000 21.460000 76.000000 86.000000 96.000000 65.000000 0.500320
542390.960000 6589900.880000 21.280000 109.000000 124.000000 131.000000 90.000000 0.468979
542390.870000 6589901.210000 21.180000 122.000000 141.000000 147.000000 98.000000 0.491989
542390.790000 6589901.530000 21.460000 126.000000 145.000000 151.000000 103.000000 0.494644
542390.880000 6589900.260000 21.820000 77.000000 87.000000 97.000000 64.000000 0.494644
542390.800000 6589900.570000 21.640000 78.000000 88.000000 98.000000 65.000000 0.483322
542390.710000 6589900.880000 21.530000 102.000000 117.000000 122.000000 78.000000 0.522324
542390.630000 6589901.170000 21.360000 127.000000 145.000000 149.000000 103.000000 0.470978
542390.550000 6589901.470000 21.520000 124.000000 143.000000 149.000000 99.000000 0.491653
542390.470000 6589901.790000 21.800000 127.000000 144.000000 152.000000 99.000000 0.507324
542390.470000 6589900.190000 22.100000 71.000000 84.000000 90.000000 64.000000 0.513321
542390.400000 6589900.470000 22.000000 74.000000 84.000000 93.000000 65.000000 0.510986
542390.310000 6589900.770000 21.830000 69.000000 80.000000 86.000000 52.000000 0.498978
542390.220000 6589901.100000 21.660000 125.000000 144.000000 150.000000 100.000000 0.535324
542390.140000 6589901.400000 21.780000 129.000000 143.000000 152.000000 100.000000 0.469650
542390.060000 6589901.710000 22.040000 39.000000 49.000000 59.000000 37.000000 0.472321
542390.030000 6589900.470000 22.290000 78.000000 87.000000 92.000000 66.000000 0.480316
542391.200000 6589902.740000 19.500000 21.000000 30.000000 39.000000 16.000000 0.999985
542391.130000 6589902.450000 19.510000 17.000000 24.000000 40.000000 11.000000 0.854980
542390.950000 6589903.460000 19.490000 66.000000 73.000000 83.000000 58.000000 0.983643
542390.890000 6589903.160000 19.500000 29.000000 36.000000 46.000000 30.000000 0.999985
542390.810000 6589902.850000 19.490000 29.000000 35.000000 47.000000 31.000000 0.837646
542390.720000 6589904.150000 19.420000 78.000000 88.000000 98.000000 65.000000 0.491653
542390.650000 6589903.810000 19.640000 47.000000 56.000000 65.000000 37.000000 0.480652
542390.580000 6589903.510000 19.530000 45.000000 52.000000 60.000000 36.000000 0.756973
542390.510000 6589903.230000 19.510000 44.000000 51.000000 59.000000 41.000000 0.853973
542390.510000 6589904.360000 19.410000 76.000000 89.000000 97.000000 69.000000 0.461990
542390.440000 6589904.050000 19.610000 41.000000 51.000000 61.000000 31.000000 0.491653
542390.370000 6589903.750000 19.900000 43.000000 50.000000 60.000000 41.000000 0.498322
542390.250000 6589904.590000 19.490000 44.000000 52.000000 65.000000 39.000000 0.501312
542390.180000 6589904.280000 19.660000 44.000000 50.000000 62.000000 36.000000 0.512314
542390.110000 6589903.970000 19.920000 47.000000 51.000000 63.000000 37.000000 0.474655
542391.260000 6589902.330000 19.550000 12.000000 20.000000 31.000000 10.000000 0.427322
542391.190000 6589902.620000 19.490000 29.000000 37.000000 48.000000 26.000000 0.846649
542391.100000 6589902.940000 19.500000 24.000000 33.000000 42.000000 17.000000 0.822647
542391.010000 6589903.270000 19.490000 78.000000 88.000000 90.000000 65.000000 0.761978
542390.930000 6589903.570000 19.490000 71.000000 78.000000 88.000000 59.000000 0.830307
542390.840000 6589903.900000 19.460000 82.000000 90.000000 103.000000 68.000000 0.517654
542390.740000 6589902.920000 19.500000 32.000000 38.000000 50.000000 32.000000 0.531982
542390.650000 6589903.250000 19.500000 44.000000 48.000000 59.000000 45.000000 0.898315
542390.570000 6589903.540000 19.640000 45.000000 52.000000 60.000000 36.000000 0.600983
542390.480000 6589903.880000 19.750000 44.000000 51.000000 61.000000 40.000000 0.501312
542390.400000 6589904.190000 19.650000 42.000000 52.000000 62.000000 35.000000 0.474655
542390.320000 6589904.470000 19.500000 51.000000 59.000000 70.000000 45.000000 0.482986
542390.140000 6589903.920000 19.930000 47.000000 51.000000 63.000000 37.000000 0.470657
542390.060000 6589904.250000 19.760000 41.000000 47.000000 59.000000 37.000000 0.464325
542389.740000 6589899.830000 22.990000 76.000000 86.000000 95.000000 63.000000 0.544312
542389.460000 6589899.750000 23.180000 76.000000 86.000000 96.000000 64.000000 0.496323
542389.200000 6589899.950000 23.320000 74.000000 84.000000 93.000000 59.000000 0.491318
542388.840000 6589899.950000 23.510000 79.000000 89.000000 98.000000 64.000000 0.476990
542389.930000 6589899.860000 22.830000 76.000000 86.000000 95.000000 67.000000 0.525314
542389.680000 6589899.830000 22.960000 77.000000 87.000000 96.000000 65.000000 0.522980
542389.320000 6589899.720000 23.250000 77.000000 87.000000 96.000000 64.000000 0.490311
542388.900000 6589899.810000 23.630000 77.000000 88.000000 94.000000 63.000000 0.485657
542388.620000 6589899.840000 23.740000 74.000000 84.000000 94.000000 60.000000 0.489990
542392.740000 6589899.770000 21.210000 40.000000 47.000000 55.000000 39.000000 0.557312
542392.670000 6589899.470000 21.390000 41.000000 48.000000 54.000000 39.000000 0.538651
542392.600000 6589899.160000 21.610000 36.000000 43.000000 49.000000 33.000000 0.528992
542392.400000 6589899.750000 21.070000 67.000000 76.000000 81.000000 64.000000 0.500992
542392.330000 6589899.410000 21.310000 80.000000 89.000000 94.000000 71.000000 0.472656
542392.130000 6589899.750000 21.270000 82.000000 93.000000 97.000000 74.000000 0.508987
542392.060000 6589899.460000 21.460000 71.000000 82.000000 88.000000 62.000000 0.472656
542391.990000 6589899.140000 21.750000 82.000000 93.000000 99.000000 68.000000 0.463318
542391.900000 6589899.800000 21.330000 74.000000 84.000000 93.000000 61.000000 0.504990
542391.830000 6589899.500000 21.600000 76.000000 86.000000 95.000000 62.000000 0.496658
542391.760000 6589899.200000 21.820000 70.000000 80.000000 89.000000 56.000000 0.497650
542391.500000 6589899.710000 21.680000 76.000000 86.000000 95.000000 61.000000 0.481979
542391.430000 6589899.400000 21.940000 75.000000 85.000000 94.000000 59.000000 0.480316
542391.120000 6589899.730000 22.030000 75.000000 85.000000 94.000000 59.000000 0.497986
542391.050000 6589899.420000 22.280000 74.000000 84.000000 93.000000 60.000000 0.502991
542390.810000 6589899.830000 22.160000 72.000000 85.000000 93.000000 58.000000 0.509979
542390.750000 6589899.550000 22.390000 75.000000 85.000000 94.000000 64.000000 0.493317
542390.520000 6589899.740000 22.450000 72.000000 82.000000 91.000000 62.000000 0.479980
542390.130000 6589899.850000 22.840000 72.000000 85.000000 93.000000 62.000000 0.647644
542390.060000 6589899.520000 22.960000 74.000000 83.000000 90.000000 62.000000 0.397324
542392.900000 6589899.860000 21.240000 38.000000 45.000000 53.000000 39.000000 0.507645
542392.800000 6589899.160000 21.650000 35.000000 40.000000 46.000000 30.000000 0.533646
542392.710000 6589899.470000 21.420000 38.000000 45.000000 51.000000 41.000000 0.521652
542392.630000 6589899.770000 21.080000 33.000000 40.000000 48.000000 34.000000 0.553650
542392.510000 6589899.220000 21.450000 38.000000 45.000000 51.000000 35.000000 0.503647
542392.430000 6589899.510000 21.160000 40.000000 47.000000 53.000000 34.000000 0.509323
542392.350000 6589899.810000 21.000000 78.000000 89.000000 95.000000 70.000000 0.536316
542392.100000 6589899.240000 21.560000 79.000000 90.000000 96.000000 67.000000 0.489990
542392.020000 6589899.520000 21.440000 66.000000 77.000000 83.000000 53.000000 0.506989
542391.940000 6589899.840000 21.300000 69.000000 82.000000 90.000000 58.000000 0.472656
542391.740000 6589899.230000 21.850000 70.000000 80.000000 89.000000 56.000000 0.474991
542391.660000 6589899.540000 21.730000 71.000000 81.000000 90.000000 55.000000 0.480652
542391.570000 6589899.860000 21.550000 68.000000 81.000000 89.000000 54.000000 0.509979
542391.380000 6589899.350000 22.040000 74.000000 84.000000 93.000000 59.000000 0.538651
542391.300000 6589899.640000 21.890000 69.000000 79.000000 88.000000 58.000000 0.485321
542391.220000 6589899.940000 21.720000 72.000000 85.000000 93.000000 57.000000 0.465652
542391.130000 6589899.340000 22.210000 76.000000 86.000000 95.000000 62.000000 0.498657
542391.050000 6589899.640000 22.070000 74.000000 84.000000 93.000000 59.000000 0.521652
542390.960000 6589899.960000 21.960000 71.000000 84.000000 92.000000 62.000000 0.483978
542390.640000 6589899.550000 22.440000 81.000000 91.000000 100.000000 69.000000 0.509659
542390.560000 6589899.860000 22.280000 74.000000 87.000000 93.000000 65.000000 0.504654
542390.280000 6589899.550000 22.860000 76.000000 87.000000 91.000000 63.000000 0.705322
542390.190000 6589899.880000 22.660000 72.000000 85.000000 93.000000 62.000000 0.500320
542390.020000 6589899.550000 22.940000 74.000000 83.000000 90.000000 62.000000 0.378326
542393.410000 6589899.910000 19.530000 40.000000 47.000000 55.000000 39.000000 0.656982
542393.780000 6589900.430000 19.530000 72.000000 83.000000 89.000000 61.000000 0.470978
542393.710000 6589900.110000 19.500000 46.000000 57.000000 63.000000 41.000000 0.999985
542393.610000 6589900.810000 19.370000 82.000000 91.000000 98.000000 69.000000 0.511658
542393.540000 6589900.510000 19.630000 47.000000 56.000000 65.000000 40.000000 0.509323
542393.410000 6589901.020000 19.390000 79.000000 89.000000 98.000000 64.000000 0.460648
542393.340000 6589900.700000 19.660000 41.000000 49.000000 60.000000 37.000000 0.473312
542393.070000 6589901.240000 19.550000 43.000000 52.000000 61.000000 40.000000 0.481323
542392.880000 6589901.840000 19.330000 47.000000 56.000000 65.000000 41.000000 0.475647
542392.810000 6589901.540000 19.570000 43.000000 51.000000 62.000000 42.000000 0.488312
542392.610000 6589901.870000 19.460000 52.000000 61.000000 70.000000 43.000000 0.484314
542392.470000 6589902.300000 19.280000 74.000000 85.000000 91.000000 61.000000 0.513321
542392.390000 6589901.980000 19.550000 79.000000 89.000000 98.000000 70.000000 0.505981
542392.130000 6589902.470000 19.410000 77.000000 87.000000 96.000000 64.000000 0.463318
542391.820000 6589902.810000 19.480000 73.000000 84.000000 90.000000 60.000000 0.900314
542391.580000 6589903.200000 19.470000 78.000000 91.000000 100.000000 65.000000 0.613983
542391.350000 6589903.370000 19.460000 83.000000 93.000000 102.000000 67.000000 0.643646
542393.770000 6589900.570000 19.410000 83.000000 94.000000 100.000000 68.000000 0.491318
542393.690000 6589900.860000 19.280000 82.000000 91.000000 98.000000 69.000000 0.495651
542393.380000 6589900.900000 19.510000 46.000000 56.000000 66.000000 40.000000 0.493317
542393.290000 6589901.220000 19.370000 61.000000 70.000000 79.000000 52.000000 0.460312
542392.900000 6589901.220000 19.660000 42.000000 50.000000 61.000000 43.000000 0.475647
542392.810000 6589901.520000 19.460000 43.000000 51.000000 62.000000 42.000000 0.462982
542392.730000 6589901.820000 19.390000 42.000000 51.000000 60.000000 33.000000 0.467987
542392.250000 6589902.260000 19.490000 79.000000 89.000000 99.000000 62.000000 0.462646
542392.170000 6589902.550000 19.360000 82.000000 93.000000 99.000000 67.000000 0.509659
542391.810000 6589902.810000 19.470000 73.000000 84.000000 90.000000 60.000000 0.657654
542391.730000 6589903.110000 19.300000 75.000000 86.000000 92.000000 67.000000 0.499985
542391.340000 6589903.540000 19.250000 73.000000 84.000000 88.000000 57.000000 0.474991
542394.110000 6589900.100000 19.490000 78.000000 88.000000 97.000000 64.000000 0.842987
542394.170000 6589900.110000 19.470000 78.000000 88.000000 97.000000 64.000000 0.704651
542394.090000 6589900.420000 19.350000 79.000000 90.000000 96.000000 64.000000 0.507324
542393.860000 6589900.240000 19.490000 70.000000 80.000000 89.000000 59.000000 0.635651
542390.760000 6589904.220000 19.310000 75.000000 85.000000 94.000000 58.000000 0.488647
542395.870000 6589898.330000 19.370000 43.000000 50.000000 58.000000 34.000000 0.459656
542395.590000 6589898.350000 19.570000 42.000000 51.000000 60.000000 39.000000 0.447983
542395.400000 6589898.840000 19.310000 41.000000 48.000000 56.000000 41.000000 0.465317
542395.330000 6589898.560000 19.590000 42.000000 51.000000 60.000000 38.000000 0.462326
542395.260000 6589898.240000 19.810000 39.000000 48.000000 57.000000 33.000000 0.499649
542395.110000 6589899.220000 19.280000 53.000000 62.000000 71.000000 42.000000 0.480316
542395.050000 6589898.920000 19.590000 71.000000 81.000000 90.000000 65.000000 0.489655
542394.970000 6589898.590000 19.810000 78.000000 88.000000 90.000000 69.000000 0.449326
542394.780000 6589899.610000 19.410000 74.000000 84.000000 93.000000 60.000000 0.534317
542394.710000 6589899.290000 19.480000 73.000000 84.000000 88.000000 57.000000 0.968643
542394.640000 6589899.010000 19.490000 123.000000 132.000000 139.000000 110.000000 0.831985
542394.590000 6589899.500000 19.490000 73.000000 86.000000 94.000000 60.000000 0.818314
542394.520000 6589899.200000 19.500000 103.000000 114.000000 120.000000 74.000000 0.914978
542394.440000 6589898.860000 19.520000 21.000000 29.000000 40.000000 23.000000 0.763641
542394.260000 6589899.360000 19.500000 60.000000 70.000000 80.000000 51.000000 0.917648
542393.640000 6589899.800000 19.500000 39.000000 45.000000 57.000000 38.000000 0.999985
542396.040000 6589898.090000 19.330000 41.000000 45.000000 54.000000 35.000000 0.472656
542395.690000 6589898.430000 19.400000 43.000000 50.000000 58.000000 37.000000 0.506989
542395.410000 6589898.300000 19.650000 38.000000 47.000000 56.000000 36.000000 0.494644
542395.320000 6589898.610000 19.500000 41.000000 48.000000 58.000000 36.000000 0.467987
542395.230000 6589898.940000 19.380000 42.000000 49.000000 57.000000 38.000000 0.476990
542395.030000 6589898.400000 19.870000 62.000000 69.000000 75.000000 57.000000 0.477325
542394.960000 6589898.690000 19.780000 75.000000 84.000000 89.000000 60.000000 0.477325
542394.870000 6589899.030000 19.600000 89.000000 100.000000 106.000000 73.000000 0.533310
542394.790000 6589899.320000 19.480000 76.000000 87.000000 93.000000 59.000000 0.831314
542394.710000 6589899.600000 19.390000 74.000000 84.000000 93.000000 60.000000 0.528992
542394.500000 6589898.880000 19.520000 15.000000 24.000000 33.000000 14.000000 0.660309
542394.420000 6589899.180000 19.490000 116.000000 125.000000 132.000000 89.000000 0.732315
542394.210000 6589898.950000 19.500000 26.000000 34.000000 45.000000 15.000000 0.597321
542393.630000 6589899.980000 19.500000 41.000000 50.000000 59.000000 38.000000 0.912643
542394.650000 6589899.790000 19.300000 79.000000 89.000000 98.000000 64.000000 0.473984
542394.400000 6589899.980000 19.450000 85.000000 96.000000 100.000000 70.000000 0.598984
542394.330000 6589899.670000 19.480000 73.000000 86.000000 92.000000 61.000000 0.832306
542394.180000 6589899.050000 19.500000 30.000000 37.000000 47.000000 23.000000 0.902649
542394.040000 6589899.810000 19.490000 83.000000 94.000000 98.000000 78.000000 0.913651
542393.970000 6589899.480000 19.500000 30.000000 37.000000 47.000000 26.000000 0.999985
542394.340000 6589899.470000 19.480000 111.000000 121.000000 130.000000 99.000000 0.798645
542394.250000 6589899.800000 19.490000 83.000000 97.000000 100.000000 75.000000 0.744308
542394.120000 6589899.280000 19.490000 18.000000 26.000000 37.000000 17.000000 0.825974
542394.030000 6589899.610000 19.500000 51.000000 60.000000 65.000000 45.000000 0.812653
542393.950000 6589899.910000 19.490000 65.000000 74.000000 83.000000 54.000000 0.790985
542393.710000 6589899.660000 19.510000 29.000000 35.000000 47.000000 28.000000 0.803650
542404.620000 6589888.280000 19.440000 76.000000 87.000000 91.000000 61.000000 0.683319
542404.340000 6589888.640000 19.450000 81.000000 92.000000 94.000000 73.000000 0.714310
542404.260000 6589888.300000 19.480000 80.000000 89.000000 96.000000 76.000000 0.887650
542404.190000 6589888.000000 19.490000 32.000000 39.000000 49.000000 32.000000 0.991318
542404.040000 6589888.970000 19.390000 68.000000 79.000000 81.000000 61.000000 0.470322
542403.970000 6589888.690000 19.600000 63.000000 72.000000 77.000000 57.000000 0.498322
542403.890000 6589888.350000 19.500000 38.000000 45.000000 53.000000 37.000000 0.898315
542403.800000 6589889.130000 19.430000 78.000000 88.000000 90.000000 64.000000 0.480988
542403.730000 6589888.820000 19.640000 43.000000 50.000000 56.000000 35.000000 0.484314
542403.550000 6589889.280000 19.520000 45.000000 52.000000 58.000000 40.000000 0.454315
542403.490000 6589888.990000 19.730000 45.000000 49.000000 58.000000 41.000000 0.509323
542403.310000 6589889.800000 19.320000 63.000000 72.000000 77.000000 56.000000 0.451324
542403.240000 6589889.480000 19.620000 43.000000 48.000000 54.000000 41.000000 0.489655
542403.170000 6589889.170000 19.870000 45.000000 52.000000 60.000000 44.000000 0.480652
542402.930000 6589889.930000 19.560000 37.000000 46.000000 53.000000 36.000000 0.492325
542402.860000 6589889.620000 19.830000 48.000000 55.000000 63.000000 39.000000 0.498657
542402.670000 6589889.880000 19.700000 76.000000 87.000000 93.000000 65.000000 0.478653
542402.600000 6589889.590000 19.930000 73.000000 84.000000 90.000000 61.000000 0.467987
542402.350000 6589889.760000 20.110000 74.000000 85.000000 89.000000 68.000000 0.484985
542404.390000 6589888.270000 19.480000 83.000000 92.000000 99.000000 80.000000 0.697647
542404.300000 6589888.580000 19.450000 79.000000 90.000000 94.000000 71.000000 0.638977
542404.070000 6589888.130000 19.480000 33.000000 42.000000 49.000000 29.000000 0.722977
542403.980000 6589888.450000 19.520000 41.000000 50.000000 57.000000 38.000000 0.667313
542403.890000 6589888.780000 19.580000 47.000000 56.000000 61.000000 40.000000 0.453659
542403.810000 6589889.070000 19.420000 75.000000 85.000000 87.000000 61.000000 0.501984
542403.730000 6589889.380000 19.290000 76.000000 86.000000 88.000000 67.000000 0.474991
542403.600000 6589888.750000 19.820000 42.000000 46.000000 55.000000 39.000000 0.460983
542403.510000 6589889.090000 19.630000 38.000000 45.000000 53.000000 36.000000 0.442322
542403.430000 6589889.390000 19.530000 40.000000 47.000000 53.000000 36.000000 0.491653
542403.350000 6589889.670000 19.380000 51.000000 60.000000 65.000000 45.000000 0.461655
542403.240000 6589888.930000 19.930000 41.000000 45.000000 54.000000 40.000000 0.487656
542403.160000 6589889.240000 19.780000 43.000000 50.000000 58.000000 43.000000 0.495651
542403.080000 6589889.560000 19.710000 42.000000 46.000000 55.000000 42.000000 0.485321
542403.000000 6589889.840000 19.540000 40.000000 46.000000 58.000000 39.000000 0.467651
542402.690000 6589889.540000 19.960000 75.000000 84.000000 91.000000 65.000000 0.465988
542402.600000 6589889.840000 19.870000 75.000000 86.000000 92.000000 63.000000 0.476654
542402.240000 6589889.770000 20.170000 76.000000 87.000000 93.000000 70.000000 0.463318
542405.680000 6589887.150000 19.330000 74.000000 88.000000 91.000000 64.000000 0.481979
542405.330000 6589887.340000 19.440000 75.000000 86.000000 90.000000 65.000000 0.493988
542405.020000 6589887.660000 19.480000 76.000000 87.000000 89.000000 67.000000 0.798309
542404.820000 6589887.960000 19.470000 75.000000 88.000000 94.000000 70.000000 0.676651
542404.750000 6589887.650000 19.470000 83.000000 97.000000 98.000000 68.000000 0.731979
542404.540000 6589887.960000 19.480000 74.000000 87.000000 93.000000 62.000000 0.961975
542405.730000 6589887.030000 19.370000 71.000000 85.000000 88.000000 60.000000 0.497650
542405.260000 6589887.470000 19.400000 76.000000 87.000000 89.000000 62.000000 0.470322
542405.180000 6589887.770000 19.310000 78.000000 89.000000 91.000000 70.000000 0.481659
542404.970000 6589887.580000 19.460000 66.000000 77.000000 81.000000 56.000000 0.689651
542404.880000 6589887.880000 19.450000 76.000000 90.000000 93.000000 70.000000 0.602310
542404.800000 6589888.180000 19.250000 73.000000 83.000000 85.000000 67.000000 0.511658
542404.470000 6589887.970000 19.480000 94.000000 105.000000 111.000000 75.000000 0.840652
542402.990000 6589890.200000 19.300000 39.000000 50.000000 54.000000 36.000000 0.467316
542402.740000 6589890.210000 19.430000 76.000000 87.000000 91.000000 70.000000 0.466660
542402.560000 6589890.680000 19.290000 68.000000 79.000000 85.000000 55.000000 0.497986
542402.490000 6589890.390000 19.640000 74.000000 84.000000 93.000000 60.000000 0.497314
542402.420000 6589890.080000 19.870000 76.000000 87.000000 93.000000 62.000000 0.490982
542402.240000 6589890.850000 19.410000 70.000000 81.000000 83.000000 62.000000 0.464981
542402.170000 6589890.540000 19.750000 65.000000 72.000000 80.000000 56.000000 0.455978
542402.100000 6589890.240000 20.020000 69.000000 76.000000 84.000000 57.000000 0.469315
542401.950000 6589891.280000 19.400000 73.000000 84.000000 88.000000 67.000000 0.565643
542401.880000 6589890.980000 19.480000 88.000000 99.000000 103.000000 76.000000 0.743317
542401.810000 6589890.670000 19.540000 86.000000 96.000000 97.000000 74.000000 0.671982
542401.720000 6589891.730000 19.360000 72.000000 83.000000 87.000000 64.000000 0.507324
542401.660000 6589891.440000 19.470000 69.000000 80.000000 84.000000 59.000000 0.810318
542401.580000 6589891.110000 19.490000 123.000000 132.000000 137.000000 101.000000 0.806641
542401.520000 6589891.790000 19.460000 69.000000 79.000000 89.000000 60.000000 0.624649
542401.460000 6589891.500000 19.480000 84.000000 95.000000 97.000000 74.000000 0.931976
542401.160000 6589892.070000 19.540000 72.000000 83.000000 89.000000 70.000000 0.564651
542401.080000 6589891.740000 19.500000 38.000000 47.000000 56.000000 36.000000 0.863647
542401.010000 6589891.420000 19.500000 33.000000 40.000000 48.000000 27.000000 0.880646
542400.880000 6589892.330000 19.530000 62.000000 71.000000 76.000000 52.000000 0.495987
542400.820000 6589892.040000 19.780000 31.000000 40.000000 47.000000 28.000000 0.515656
542400.690000 6589892.640000 19.450000 60.000000 69.000000 76.000000 50.000000 0.463989
542400.620000 6589892.330000 19.740000 36.000000 45.000000 54.000000 36.000000 0.478317
542400.550000 6589892.030000 19.990000 39.000000 46.000000 54.000000 37.000000 0.482986
542400.500000 6589892.930000 19.430000 64.000000 78.000000 81.000000 60.000000 0.494980
542400.430000 6589892.640000 19.670000 38.000000 47.000000 56.000000 38.000000 0.485657
542400.370000 6589892.330000 19.890000 41.000000 48.000000 58.000000 41.000000 0.483978
542400.180000 6589893.120000 19.550000 125.000000 142.000000 149.000000 104.000000 0.448318
542400.110000 6589892.840000 19.750000 87.000000 100.000000 106.000000 68.000000 0.501312
542400.040000 6589892.510000 20.070000 36.000000 45.000000 52.000000 29.000000 0.470657
542402.910000 6589890.160000 19.380000 38.000000 48.000000 49.000000 35.000000 0.468323
542402.830000 6589890.450000 19.290000 63.000000 73.000000 74.000000 55.000000 0.470657
542402.520000 6589890.160000 19.740000 77.000000 88.000000 94.000000 66.000000 0.463318
542402.440000 6589890.460000 19.530000 75.000000 86.000000 92.000000 66.000000 0.515656
542402.350000 6589890.790000 19.420000 81.000000 90.000000 95.000000 69.000000 0.481659
542402.260000 6589891.120000 19.280000 70.000000 82.000000 82.000000 66.000000 0.473312
542402.160000 6589890.060000 20.090000 77.000000 86.000000 95.000000 64.000000 0.369659
542402.080000 6589890.360000 19.960000 75.000000 82.000000 88.000000 65.000000 0.494324
542402.000000 6589890.660000 19.790000 91.000000 101.000000 103.000000 89.000000 0.517654
542401.910000 6589890.970000 19.480000 70.000000 81.000000 83.000000 52.000000 0.681656
542401.830000 6589891.280000 19.470000 62.000000 73.000000 79.000000 59.000000 0.655655
542401.750000 6589891.590000 19.410000 69.000000 80.000000 84.000000 62.000000 0.528992
542401.780000 6589890.480000 19.970000 18.000000 27.000000 34.000000 26.000000 0.476318
542401.610000 6589891.110000 19.500000 102.000000 113.000000 117.000000 87.000000 0.712646
542401.530000 6589891.410000 19.490000 65.000000 76.000000 78.000000 51.000000 0.655319
542401.450000 6589891.710000 19.450000 71.000000 81.000000 90.000000 62.000000 0.637650
542401.360000 6589892.020000 19.350000 72.000000 83.000000 89.000000 63.000000 0.492981
542401.310000 6589891.320000 19.500000 86.000000 95.000000 104.000000 75.000000 0.734985
542401.230000 6589891.620000 19.490000 80.000000 90.000000 89.000000 65.000000 0.699646
542401.140000 6589891.930000 19.480000 76.000000 87.000000 93.000000 72.000000 0.634644
542401.060000 6589892.220000 19.430000 78.000000 89.000000 91.000000 70.000000 0.481323
542400.980000 6589892.540000 19.290000 77.000000 86.000000 91.000000 64.000000 0.487656
542400.740000 6589891.930000 19.860000 38.000000 45.000000 53.000000 36.000000 0.502655
542400.650000 6589892.250000 19.740000 36.000000 45.000000 54.000000 33.000000 0.488312
542400.570000 6589892.550000 19.560000 39.000000 48.000000 57.000000 35.000000 0.486313
542400.480000 6589892.860000 19.440000 39.000000 50.000000 56.000000 34.000000 0.492981
542400.410000 6589893.150000 19.320000 108.000000 123.000000 130.000000 95.000000 0.431656
542400.220000 6589892.420000 19.930000 42.000000 49.000000 59.000000 40.000000 0.465652
542400.130000 6589892.760000 19.820000 50.000000 59.000000 68.000000 42.000000 0.498322
542400.050000 6589893.060000 19.660000 123.000000 140.000000 147.000000 103.000000 0.468658
542400.060000 6589891.950000 20.720000 36.000000 40.000000 49.000000 35.000000 0.514648
542401.500000 6589890.770000 19.510000 108.000000 119.000000 125.000000 92.000000 0.831650
542401.380000 6589891.160000 19.510000 36.000000 43.000000 53.000000 26.000000 0.959305
542401.300000 6589890.830000 19.520000 32.000000 41.000000 50.000000 31.000000 0.817642
542400.740000 6589891.690000 19.510000 38.000000 45.000000 53.000000 33.000000 0.822647
542401.700000 6589890.760000 19.480000 123.000000 133.000000 134.000000 103.000000 0.684647
542401.480000 6589890.690000 19.530000 28.000000 38.000000 47.000000 23.000000 0.511658
542401.390000 6589891.010000 19.510000 21.000000 28.000000 38.000000 20.000000 0.785980
542400.910000 6589891.270000 19.510000 27.000000 32.000000 36.000000 27.000000 0.443314
542400.820000 6589891.600000 19.530000 40.000000 46.000000 58.000000 40.000000 0.691650
542399.970000 6589892.210000 20.270000 40.000000 47.000000 55.000000 39.000000 0.490646
542399.910000 6589891.950000 20.630000 39.000000 44.000000 50.000000 36.000000 0.521317
542399.700000 6589892.550000 20.290000 126.000000 139.000000 145.000000 106.000000 0.486649
542399.630000 6589892.260000 20.550000 67.000000 78.000000 84.000000 57.000000 0.456650
542399.570000 6589891.990000 20.740000 68.000000 77.000000 82.000000 60.000000 0.496979
542399.500000 6589892.760000 20.820000 122.000000 139.000000 146.000000 98.000000 0.442322
542399.420000 6589892.440000 20.600000 128.000000 143.000000 148.000000 106.000000 0.469315
542399.350000 6589892.130000 20.810000 85.000000 98.000000 104.000000 70.000000 0.545990
542399.170000 6589892.610000 20.940000 118.000000 139.000000 144.000000 96.000000 0.486649
542399.900000 6589892.550000 20.120000 32.000000 43.000000 49.000000 23.000000 0.462982
542399.820000 6589892.860000 19.980000 126.000000 143.000000 150.000000 99.000000 0.454315
542399.870000 6589891.720000 20.900000 30.000000 37.000000 43.000000 30.000000 0.533646
542399.790000 6589892.020000 20.510000 51.000000 60.000000 67.000000 49.000000 0.471985
542399.710000 6589892.330000 20.340000 50.000000 61.000000 67.000000 40.000000 0.494980
542399.620000 6589892.650000 20.150000 130.000000 145.000000 150.000000 105.000000 0.487656
542399.430000 6589892.110000 20.780000 71.000000 82.000000 88.000000 50.000000 0.527985
542399.350000 6589892.410000 20.630000 123.000000 140.000000 147.000000 99.000000 0.478989
542399.260000 6589892.740000 20.920000 123.000000 142.000000 148.000000 101.000000 0.475983
542398.970000 6589892.380000 20.900000 123.000000 142.000000 146.000000 98.000000 0.519989
542395.800000 6589898.060000 19.570000 38.000000 45.000000 53.000000 32.000000 0.448318
542395.520000 6589898.010000 19.790000 42.000000 49.000000 59.000000 35.000000 0.489655
542395.780000 6589898.110000 19.530000 39.000000 46.000000 54.000000 36.000000 0.501984
542395.570000 6589897.680000 19.930000 35.000000 42.000000 50.000000 32.000000 0.430649
542395.490000 6589898.000000 19.760000 42.000000 49.000000 57.000000 38.000000 0.481659
542401.280000 6589882.680000 25.590000 75.000000 86.000000 92.000000 64.000000 0.483978
542400.970000 6589883.730000 25.160000 76.000000 86.000000 95.000000 65.000000 0.453979
542400.910000 6589883.450000 25.410000 77.000000 87.000000 96.000000 64.000000 0.460648
542400.790000 6589884.480000 24.760000 78.000000 88.000000 97.000000 64.000000 0.485321
542400.720000 6589884.180000 25.040000 74.000000 83.000000 92.000000 59.000000 0.510651
542400.570000 6589885.220000 24.440000 67.000000 80.000000 86.000000 54.000000 0.500992
542400.500000 6589884.930000 24.650000 78.000000 91.000000 99.000000 66.000000 0.509659
542400.430000 6589884.600000 24.930000 75.000000 85.000000 94.000000 61.000000 0.511978
542400.400000 6589885.930000 24.110000 70.000000 82.000000 80.000000 63.000000 0.501984
542400.330000 6589885.640000 24.370000 77.000000 90.000000 96.000000 68.000000 0.450989
542400.270000 6589885.340000 24.610000 72.000000 85.000000 93.000000 59.000000 0.477325
542400.190000 6589885.030000 24.870000 62.000000 73.000000 77.000000 53.000000 0.498322
542400.130000 6589884.720000 25.130000 41.000000 50.000000 59.000000 35.000000 0.452988
542400.340000 6589886.600000 23.890000 42.000000 47.000000 51.000000 54.000000 0.490982
542400.280000 6589886.310000 23.940000 44.000000 52.000000 55.000000 61.000000 0.508652
542400.200000 6589885.980000 24.170000 117.000000 130.000000 121.000000 98.000000 0.484985
542400.130000 6589885.680000 24.450000 66.000000 79.000000 85.000000 57.000000 0.482986
542400.070000 6589885.410000 24.710000 80.000000 93.000000 101.000000 71.000000 0.484314
542400.000000 6589885.100000 24.890000 49.000000 60.000000 64.000000 40.000000 0.451645
542400.050000 6589887.220000 23.740000 31.000000 40.000000 49.000000 29.000000 0.348648
542401.190000 6589883.070000 25.400000 69.000000 82.000000 90.000000 61.000000 0.501984
542401.110000 6589883.380000 25.250000 72.000000 85.000000 93.000000 62.000000 0.489319
542400.850000 6589884.310000 24.820000 70.000000 81.000000 87.000000 56.000000 0.473984
542400.770000 6589884.610000 24.660000 71.000000 84.000000 90.000000 60.000000 0.470322
542400.690000 6589884.920000 24.510000 70.000000 83.000000 91.000000 66.000000 0.513977
542400.600000 6589885.250000 24.360000 67.000000 80.000000 86.000000 54.000000 0.505325
542400.520000 6589885.540000 24.240000 74.000000 87.000000 95.000000 65.000000 0.473984
542400.450000 6589885.820000 24.100000 79.000000 91.000000 89.000000 68.000000 0.447311
542400.360000 6589886.140000 23.960000 63.000000 74.000000 70.000000 69.000000 0.488647
542400.280000 6589886.460000 23.860000 46.000000 51.000000 54.000000 70.000000 0.551987
542400.190000 6589886.750000 23.840000 62.000000 70.000000 72.000000 80.000000 0.519989
542400.110000 6589887.070000 23.750000 70.000000 77.000000 83.000000 73.000000 0.306992
542400.820000 6589883.400000 25.500000 70.000000 80.000000 89.000000 62.000000 0.487320
542400.570000 6589884.330000 25.010000 76.000000 85.000000 94.000000 63.000000 0.484650
542400.490000 6589884.620000 24.880000 75.000000 85.000000 94.000000 61.000000 0.478653
542400.410000 6589884.920000 24.730000 81.000000 94.000000 102.000000 67.000000 0.482651
542400.330000 6589885.230000 24.600000 80.000000 93.000000 99.000000 67.000000 0.476318
542400.240000 6589885.550000 24.440000 83.000000 96.000000 104.000000 70.000000 0.496979
542400.160000 6589885.850000 24.320000 103.000000 115.000000 111.000000 84.000000 0.490311
542400.080000 6589886.160000 24.170000 117.000000 128.000000 124.000000 104.000000 0.448318
542400.110000 6589884.540000 25.200000 38.000000 45.000000 55.000000 35.000000 0.468979
542400.020000 6589884.880000 25.020000 39.000000 48.000000 57.000000 34.000000 0.485657
542399.930000 6589884.810000 25.180000 43.000000 52.000000 59.000000 37.000000 0.482651
542399.980000 6589886.920000 23.830000 66.000000 74.000000 77.000000 65.000000 0.550644
542399.910000 6589886.620000 24.010000 62.000000 71.000000 70.000000 68.000000 0.480988
542399.840000 6589886.310000 24.290000 120.000000 130.000000 129.000000 107.000000 0.491989
542399.780000 6589886.030000 24.540000 69.000000 80.000000 84.000000 54.000000 0.485321
542399.710000 6589885.730000 24.770000 78.000000 89.000000 95.000000 69.000000 0.504990
542399.640000 6589885.410000 25.000000 40.000000 50.000000 59.000000 36.000000 0.484314
542399.920000 6589888.100000 23.080000 76.000000 86.000000 95.000000 60.000000 0.499313
542399.850000 6589887.790000 23.320000 67.000000 77.000000 86.000000 52.000000 0.498322
542399.780000 6589887.480000 23.610000 80.000000 90.000000 99.000000 69.000000 0.532990
542399.710000 6589887.190000 23.850000 61.000000 70.000000 77.000000 56.000000 0.521652
542399.650000 6589886.890000 24.000000 26.000000 35.000000 40.000000 24.000000 0.479324
542399.440000 6589885.980000 24.790000 76.000000 86.000000 95.000000 64.000000 0.500992
542399.370000 6589885.680000 25.000000 61.000000 71.000000 81.000000 47.000000 0.504990
542399.730000 6589888.440000 22.940000 69.000000 79.000000 88.000000 61.000000 0.457321
542399.660000 6589888.120000 23.200000 77.000000 87.000000 96.000000 62.000000 0.471313
542399.590000 6589887.790000 23.460000 76.000000 86.000000 95.000000 64.000000 0.486649
542399.520000 6589887.520000 23.690000 74.000000 84.000000 93.000000 59.000000 0.469650
542399.460000 6589887.230000 23.950000 78.000000 88.000000 97.000000 63.000000 0.504318
542399.380000 6589886.900000 24.190000 73.000000 86.000000 92.000000 63.000000 0.528656
542399.310000 6589886.600000 24.480000 74.000000 87.000000 93.000000 61.000000 0.484650
542399.250000 6589886.300000 24.730000 75.000000 88.000000 96.000000 64.000000 0.504318
542399.170000 6589885.970000 25.020000 69.000000 82.000000 90.000000 60.000000 0.481979
542399.610000 6589889.010000 22.630000 70.000000 83.000000 91.000000 50.000000 0.486984
542399.550000 6589888.730000 22.920000 76.000000 86.000000 95.000000 64.000000 0.490646
542399.480000 6589888.440000 23.150000 74.000000 84.000000 93.000000 64.000000 0.470657
542399.410000 6589888.120000 23.430000 70.000000 80.000000 89.000000 55.000000 0.467987
542399.340000 6589887.810000 23.670000 75.000000 86.000000 92.000000 63.000000 0.477982
542399.260000 6589887.500000 23.930000 80.000000 90.000000 99.000000 66.000000 0.515320
542399.190000 6589887.190000 24.180000 72.000000 85.000000 93.000000 61.000000 0.474991
542399.120000 6589886.860000 24.470000 79.000000 92.000000 100.000000 71.000000 0.451645
542399.060000 6589886.580000 24.670000 72.000000 85.000000 93.000000 58.000000 0.495651
542398.990000 6589886.290000 24.890000 76.000000 89.000000 97.000000 66.000000 0.471985
542399.420000 6589889.810000 22.300000 84.000000 93.000000 98.000000 77.000000 0.491653
542399.340000 6589889.460000 22.520000 85.000000 94.000000 103.000000 76.000000 0.474319
542399.270000 6589889.170000 22.800000 72.000000 82.000000 91.000000 59.000000 0.472992
542399.210000 6589888.860000 23.080000 73.000000 83.000000 92.000000 61.000000 0.467651
542399.130000 6589888.530000 23.290000 74.000000 84.000000 93.000000 62.000000 0.464981
542399.060000 6589888.250000 23.540000 72.000000 85.000000 93.000000 59.000000 0.467316
542399.000000 6589887.970000 23.810000 77.000000 88.000000 94.000000 63.000000 0.488983
542398.930000 6589887.660000 24.020000 72.000000 85.000000 91.000000 61.000000 0.505981
542398.860000 6589887.340000 24.320000 73.000000 86.000000 94.000000 62.000000 0.488647
542398.790000 6589887.050000 24.580000 73.000000 86.000000 94.000000 60.000000 0.478989
542398.730000 6589886.750000 24.840000 70.000000 83.000000 91.000000 59.000000 0.470978
542399.080000 6589889.830000 22.530000 77.000000 88.000000 94.000000 69.000000 0.497650
542398.940000 6589889.210000 23.030000 70.000000 79.000000 88.000000 57.000000 0.480652
542398.870000 6589888.920000 23.320000 74.000000 84.000000 93.000000 61.000000 0.493652
542398.800000 6589888.610000 23.510000 75.000000 85.000000 94.000000 61.000000 0.477325
542398.730000 6589888.290000 23.810000 71.000000 81.000000 90.000000 56.000000 0.465317
542398.670000 6589888.010000 24.060000 77.000000 87.000000 96.000000 67.000000 0.455322
542398.590000 6589887.680000 24.340000 72.000000 85.000000 93.000000 56.000000 0.453323
542398.520000 6589887.380000 24.550000 70.000000 83.000000 89.000000 58.000000 0.436325
542398.460000 6589887.090000 24.830000 77.000000 90.000000 96.000000 64.000000 0.513977
542398.860000 6589889.970000 22.580000 67.000000 80.000000 86.000000 54.000000 0.462326
542398.790000 6589889.680000 22.810000 78.000000 89.000000 95.000000 65.000000 0.510315
542398.720000 6589889.390000 23.060000 78.000000 88.000000 97.000000 63.000000 0.458313
542398.650000 6589889.060000 23.310000 72.000000 82.000000 91.000000 60.000000 0.478989
542398.570000 6589888.740000 23.580000 76.000000 86.000000 95.000000 61.000000 0.497986
542398.510000 6589888.460000 23.830000 74.000000 84.000000 93.000000 60.000000 0.486313
542398.440000 6589888.150000 24.100000 76.000000 86.000000 95.000000 60.000000 0.485657
542398.370000 6589887.850000 24.340000 68.000000 83.000000 90.000000 54.000000 0.467316
542398.310000 6589887.560000 24.650000 69.000000 82.000000 90.000000 59.000000 0.468323
542398.240000 6589887.260000 24.800000 75.000000 88.000000 96.000000 65.000000 0.497314
542398.540000 6589889.830000 22.920000 75.000000 85.000000 94.000000 61.000000 0.484985
542398.480000 6589889.540000 23.120000 72.000000 82.000000 91.000000 58.000000 0.484314
542398.410000 6589889.240000 23.400000 71.000000 81.000000 90.000000 59.000000 0.472992
542398.340000 6589888.930000 23.700000 81.000000 92.000000 98.000000 66.000000 0.522980
542398.270000 6589888.650000 23.900000 73.000000 84.000000 90.000000 62.000000 0.469650
542398.210000 6589888.360000 24.130000 72.000000 82.000000 91.000000 60.000000 0.480652
542398.140000 6589888.060000 24.430000 73.000000 86.000000 94.000000 66.000000 0.476990
542398.070000 6589887.750000 24.670000 71.000000 84.000000 92.000000 63.000000 0.465317
542398.140000 6589889.700000 23.310000 66.000000 79.000000 85.000000 57.000000 0.510315
542398.070000 6589889.400000 23.470000 77.000000 87.000000 96.000000 65.000000 0.453659
542398.010000 6589889.130000 23.760000 75.000000 85.000000 94.000000 62.000000 0.503983
542397.930000 6589888.810000 24.040000 74.000000 84.000000 93.000000 62.000000 0.452988
542397.870000 6589888.510000 24.240000 74.000000 84.000000 93.000000 59.000000 0.451324
542397.800000 6589888.200000 24.530000 71.000000 81.000000 90.000000 57.000000 0.472992
542397.750000 6589889.740000 23.610000 72.000000 82.000000 92.000000 58.000000 0.455322
542397.680000 6589889.410000 23.840000 80.000000 90.000000 99.000000 67.000000 0.521652
542397.610000 6589889.110000 24.160000 76.000000 86.000000 95.000000 63.000000 0.465317
542397.550000 6589888.830000 24.350000 74.000000 84.000000 93.000000 61.000000 0.466980
542397.470000 6589888.510000 24.610000 74.000000 84.000000 93.000000 60.000000 0.478989
542397.560000 6589889.920000 23.550000 70.000000 82.000000 82.000000 61.000000 0.487656
542397.490000 6589889.610000 23.810000 75.000000 84.000000 89.000000 60.000000 0.485321
542397.420000 6589889.310000 24.100000 79.000000 90.000000 96.000000 60.000000 0.491989
542397.350000 6589888.990000 24.290000 70.000000 80.000000 89.000000 59.000000 0.507324
542397.280000 6589889.950000 23.810000 72.000000 81.000000 98.000000 69.000000 0.478653
542397.210000 6589889.660000 24.020000 68.000000 77.000000 82.000000 56.000000 0.452988
542397.150000 6589889.370000 24.270000 78.000000 89.000000 93.000000 64.000000 0.491653
542397.080000 6589889.080000 24.540000 74.000000 85.000000 91.000000 64.000000 0.480316
542396.920000 6589889.760000 24.160000 105.000000 116.000000 112.000000 89.000000 0.478989
542396.850000 6589889.430000 24.380000 75.000000 86.000000 90.000000 64.000000 0.466980
542396.590000 6589889.850000 24.380000 75.000000 86.000000 88.000000 60.000000 0.518311
542399.950000 6589887.670000 23.230000 79.000000 90.000000 96.000000 65.000000 0.533981
542399.860000 6589887.990000 23.100000 79.000000 92.000000 100.000000 68.000000 0.508987
542399.770000 6589888.310000 23.010000 73.000000 83.000000 92.000000 62.000000 0.472321
542399.690000 6589888.600000 22.830000 72.000000 85.000000 93.000000 59.000000 0.499313
542399.610000 6589888.900000 22.700000 79.000000 92.000000 100.000000 74.000000 0.481659
542399.520000 6589889.240000 22.590000 58.000000 68.000000 77.000000 45.000000 0.468658
542399.440000 6589889.520000 22.420000 83.000000 93.000000 102.000000 81.000000 0.525314
542399.370000 6589889.800000 22.280000 75.000000 86.000000 90.000000 64.000000 0.526978
542399.990000 6589886.470000 24.020000 80.000000 89.000000 88.000000 74.000000 0.488647
542399.900000 6589886.800000 23.900000 80.000000 89.000000 88.000000 85.000000 0.538986
542399.820000 6589887.090000 23.880000 32.000000 41.000000 48.000000 28.000000 0.523315
542399.740000 6589887.410000 23.670000 80.000000 90.000000 99.000000 69.000000 0.525314
542399.660000 6589887.700000 23.490000 79.000000 89.000000 98.000000 65.000000 0.486984
542399.570000 6589888.020000 23.310000 78.000000 88.000000 97.000000 60.000000 0.471985
542399.490000 6589888.300000 23.150000 74.000000 84.000000 93.000000 62.000000 0.467316
542399.410000 6589888.600000 23.070000 75.000000 85.000000 94.000000 67.000000 0.486313
542399.340000 6589888.900000 22.870000 72.000000 82.000000 91.000000 57.000000 0.460648
542399.250000 6589889.200000 22.770000 70.000000 79.000000 88.000000 57.000000 0.487656
542399.170000 6589889.520000 22.650000 75.000000 84.000000 93.000000 65.000000 0.468323
542399.090000 6589889.820000 22.490000 77.000000 88.000000 94.000000 69.000000 0.484314
542399.950000 6589885.160000 24.920000 40.000000 49.000000 56.000000 36.000000 0.490311
542399.860000 6589885.470000 24.750000 61.000000 72.000000 78.000000 56.000000 0.485992
542399.780000 6589885.770000 24.600000 78.000000 89.000000 95.000000 69.000000 0.499985
542399.690000 6589886.100000 24.480000 77.000000 88.000000 92.000000 65.000000 0.492645
542399.620000 6589886.370000 24.310000 77.000000 88.000000 90.000000 64.000000 0.497650
542399.540000 6589886.670000 24.180000 74.000000 85.000000 87.000000 62.000000 0.476318
542399.450000 6589886.990000 24.070000 72.000000 83.000000 89.000000 60.000000 0.469315
542399.380000 6589887.270000 23.930000 71.000000 81.000000 90.000000 57.000000 0.474991
542399.290000 6589887.580000 23.820000 72.000000 82.000000 91.000000 58.000000 0.491653
542399.210000 6589887.890000 23.630000 74.000000 85.000000 91.000000 62.000000 0.458984
542399.130000 6589888.180000 23.500000 76.000000 89.000000 97.000000 64.000000 0.483658
542399.050000 6589888.480000 23.350000 75.000000 85.000000 94.000000 65.000000 0.468658
542398.960000 6589888.800000 23.240000 76.000000 86.000000 95.000000 63.000000 0.492981
542398.800000 6589889.410000 22.960000 75.000000 84.000000 93.000000 63.000000 0.478989
542398.720000 6589889.710000 22.840000 77.000000 88.000000 94.000000 67.000000 0.471313
542399.440000 6589885.510000 25.140000 43.000000 53.000000 63.000000 34.000000 0.506653
542399.350000 6589885.850000 24.950000 72.000000 85.000000 94.000000 64.000000 0.478989
542399.280000 6589886.120000 24.760000 78.000000 91.000000 99.000000 66.000000 0.472321
542399.200000 6589886.420000 24.690000 73.000000 86.000000 94.000000 66.000000 0.459320
542399.110000 6589886.740000 24.540000 71.000000 84.000000 92.000000 63.000000 0.478989
542399.030000 6589887.040000 24.430000 70.000000 83.000000 91.000000 60.000000 0.474991
542398.950000 6589887.340000 24.250000 68.000000 81.000000 89.000000 57.000000 0.474991
542398.860000 6589887.670000 24.070000 69.000000 82.000000 88.000000 63.000000 0.484314
542398.780000 6589887.960000 23.940000 66.000000 79.000000 87.000000 57.000000 0.481659
542398.700000 6589888.250000 23.830000 70.000000 80.000000 89.000000 56.000000 0.489655
542398.620000 6589888.570000 23.690000 71.000000 81.000000 90.000000 55.000000 0.493988
542398.530000 6589888.900000 23.560000 70.000000 80.000000 89.000000 56.000000 0.493988
542398.450000 6589889.200000 23.370000 71.000000 81.000000 90.000000 59.000000 0.512985
542398.360000 6589889.510000 23.280000 69.000000 80.000000 86.000000 54.000000 0.500656
542398.270000 6589889.840000 23.130000 69.000000 82.000000 90.000000 58.000000 0.482315
542399.020000 6589886.120000 25.020000 71.000000 84.000000 92.000000 59.000000 0.462646
542398.930000 6589886.450000 24.840000 74.000000 87.000000 95.000000 63.000000 0.509979
542398.860000 6589886.730000 24.700000 70.000000 83.000000 91.000000 60.000000 0.476990
542398.780000 6589887.020000 24.570000 73.000000 86.000000 94.000000 60.000000 0.458649
542398.690000 6589887.360000 24.450000 71.000000 84.000000 90.000000 60.000000 0.488312
542398.610000 6589887.650000 24.280000 75.000000 88.000000 96.000000 62.000000 0.478989
542398.520000 6589887.960000 24.150000 76.000000 89.000000 97.000000 63.000000 0.482315
542398.430000 6589888.290000 24.000000 77.000000 87.000000 96.000000 64.000000 0.492325
542398.350000 6589888.600000 23.890000 75.000000 86.000000 92.000000 61.000000 0.479980
542398.270000 6589888.890000 23.700000 77.000000 88.000000 94.000000 64.000000 0.480316
542398.190000 6589889.200000 23.590000 75.000000 85.000000 94.000000 59.000000 0.485657
542398.110000 6589889.510000 23.440000 77.000000 87.000000 96.000000 65.000000 0.462646
542398.030000 6589889.800000 23.290000 71.000000 81.000000 90.000000 63.000000 0.485657
542398.480000 6589886.950000 24.800000 73.000000 83.000000 92.000000 61.000000 0.495316
542398.390000 6589887.260000 24.660000 72.000000 85.000000 93.000000 65.000000 0.489990
542398.310000 6589887.550000 24.540000 69.000000 82.000000 90.000000 59.000000 0.498657
542398.230000 6589887.850000 24.380000 68.000000 83.000000 90.000000 55.000000 0.469650
542398.150000 6589888.160000 24.250000 70.000000 80.000000 89.000000 57.000000 0.520645
542398.060000 6589888.490000 24.110000 71.000000 81.000000 90.000000 58.000000 0.516647
542397.980000 6589888.780000 23.970000 69.000000 79.000000 88.000000 57.000000 0.486313
542397.900000 6589889.100000 23.800000 70.000000 80.000000 89.000000 58.000000 0.458313
542397.810000 6589889.410000 23.690000 68.000000 78.000000 87.000000 56.000000 0.464325
542397.720000 6589889.730000 23.560000 72.000000 82.000000 92.000000 58.000000 0.492645
542397.850000 6589887.970000 24.630000 71.000000 84.000000 92.000000 61.000000 0.511322
542397.770000 6589888.270000 24.510000 76.000000 86.000000 95.000000 60.000000 0.451324
542397.700000 6589888.550000 24.380000 75.000000 85.000000 94.000000 60.000000 0.491653
542397.600000 6589888.890000 24.200000 74.000000 84.000000 93.000000 61.000000 0.501312
542397.530000 6589889.190000 24.090000 68.000000 78.000000 87.000000 51.000000 0.477646
542397.450000 6589889.480000 23.910000 75.000000 86.000000 92.000000 63.000000 0.460648
542397.360000 6589889.790000 23.720000 66.000000 75.000000 82.000000 61.000000 0.454987
542397.160000 6589889.060000 24.500000 76.000000 87.000000 93.000000 64.000000 0.460312
542397.080000 6589889.350000 24.300000 76.000000 87.000000 91.000000 63.000000 0.472656
542396.990000 6589889.660000 24.170000 117.000000 128.000000 124.000000 99.000000 0.481659
542396.910000 6589889.970000 24.050000 74.000000 88.000000 88.000000 67.000000 0.502319
542396.770000 6589889.490000 24.460000 76.000000 89.000000 95.000000 63.000000 0.466660
542396.690000 6589889.760000 24.280000 84.000000 95.000000 101.000000 72.000000 0.511658
542399.210000 6589890.400000 22.070000 68.000000 79.000000 83.000000 56.000000 0.485321
542399.150000 6589890.110000 22.300000 71.000000 82.000000 88.000000 63.000000 0.477646
542399.070000 6589890.900000 21.800000 68.000000 79.000000 85.000000 55.000000 0.486649
542399.000000 6589890.610000 22.060000 70.000000 81.000000 87.000000 56.000000 0.499985
542398.930000 6589890.310000 22.330000 76.000000 87.000000 93.000000 66.000000 0.477325
542398.960000 6589891.670000 21.390000 71.000000 82.000000 88.000000 59.000000 0.470657
542398.900000 6589891.380000 21.600000 75.000000 84.000000 93.000000 62.000000 0.466660
542398.820000 6589891.070000 21.920000 73.000000 84.000000 90.000000 59.000000 0.495987
542398.750000 6589890.750000 22.140000 71.000000 81.000000 90.000000 59.000000 0.497986
542398.680000 6589890.450000 22.360000 76.000000 86.000000 95.000000 68.000000 0.480988
542398.620000 6589890.150000 22.630000 72.000000 82.000000 91.000000 59.000000 0.485992
542398.690000 6589892.120000 21.320000 125.000000 143.000000 147.000000 102.000000 0.482986
542398.620000 6589891.800000 21.580000 67.000000 80.000000 86.000000 59.000000 0.475647
542398.550000 6589891.500000 21.830000 76.000000 86.000000 95.000000 65.000000 0.490646
542398.480000 6589891.190000 22.040000 70.000000 80.000000 90.000000 57.000000 0.459320
542398.410000 6589890.900000 22.310000 77.000000 87.000000 97.000000 65.000000 0.484985
542398.340000 6589890.600000 22.590000 67.000000 81.000000 84.000000 55.000000 0.455322
542398.280000 6589890.300000 22.850000 68.000000 80.000000 94.000000 61.000000 0.470322
542398.210000 6589890.020000 23.030000 76.000000 85.000000 90.000000 63.000000 0.491318
542398.300000 6589892.140000 21.650000 123.000000 141.000000 143.000000 97.000000 0.506989
542398.230000 6589891.840000 21.880000 64.000000 77.000000 85.000000 53.000000 0.493988
542398.160000 6589891.530000 22.130000 77.000000 87.000000 96.000000 63.000000 0.469650
542398.090000 6589891.240000 22.340000 72.000000 83.000000 89.000000 61.000000 0.510651
542398.030000 6589890.930000 22.610000 77.000000 86.000000 95.000000 67.000000 0.506989
542397.960000 6589890.630000 22.850000 71.000000 83.000000 97.000000 60.000000 0.483658
542397.890000 6589890.330000 23.100000 75.000000 87.000000 85.000000 60.000000 0.478653
542397.820000 6589890.040000 23.320000 72.000000 83.000000 87.000000 62.000000 0.436325
542398.120000 6589892.340000 21.570000 123.000000 144.000000 149.000000 99.000000 0.498322
542398.050000 6589892.040000 21.760000 131.000000 146.000000 149.000000 112.000000 0.518646
542397.980000 6589891.740000 22.050000 82.000000 92.000000 101.000000 65.000000 0.517654
542397.910000 6589891.440000 22.280000 76.000000 86.000000 95.000000 62.000000 0.464325
542397.840000 6589891.150000 22.570000 75.000000 86.000000 88.000000 63.000000 0.476654
542397.770000 6589890.820000 22.920000 75.000000 83.000000 94.000000 63.000000 0.714645
542397.700000 6589890.510000 23.080000 66.000000 75.000000 80.000000 52.000000 0.547653
542397.640000 6589890.230000 23.340000 90.000000 102.000000 102.000000 73.000000 0.496658
542397.840000 6589892.420000 21.770000 123.000000 144.000000 149.000000 100.000000 0.493988
542397.770000 6589892.100000 22.000000 128.000000 147.000000 151.000000 102.000000 0.496979
542397.700000 6589891.800000 22.270000 78.000000 88.000000 97.000000 66.000000 0.480316
542397.630000 6589891.510000 22.490000 76.000000 86.000000 96.000000 62.000000 0.470978
542397.570000 6589891.220000 22.890000 70.000000 83.000000 91.000000 61.000000 0.696655
542397.490000 6589890.870000 22.820000 66.000000 76.000000 78.000000 53.000000 0.507324
542397.420000 6589890.570000 23.210000 125.000000 135.000000 136.000000 100.000000 0.415314
542397.350000 6589890.270000 23.530000 86.000000 96.000000 105.000000 75.000000 0.540649
542397.540000 6589892.470000 21.930000 124.000000 145.000000 148.000000 101.000000 0.523315
542397.470000 6589892.170000 22.180000 135.000000 154.000000 158.000000 110.000000 0.476654
542397.400000 6589891.870000 22.430000 60.000000 73.000000 82.000000 54.000000 0.477646
542397.330000 6589891.540000 22.850000 80.000000 90.000000 99.000000 68.000000 0.636322
542397.250000 6589891.220000 22.840000 73.000000 84.000000 88.000000 58.000000 0.545319
542397.190000 6589890.950000 22.830000 106.000000 115.000000 110.000000 84.000000 0.497314
542397.050000 6589890.350000 23.870000 82.000000 88.000000 110.000000 70.000000 0.490646
542396.990000 6589890.050000 23.950000 68.000000 89.000000 84.000000 63.000000 0.479645
542397.080000 6589891.990000 22.550000 75.000000 88.000000 96.000000 63.000000 0.503311
542397.010000 6589891.680000 22.890000 84.000000 95.000000 101.000000 70.000000 0.526978
542396.930000 6589891.370000 23.100000 76.000000 87.000000 93.000000 64.000000 0.499985
542396.800000 6589890.770000 23.840000 106.000000 112.000000 102.000000 76.000000 0.447311
542396.720000 6589890.430000 23.910000 74.000000 85.000000 91.000000 64.000000 0.516647
542396.660000 6589890.140000 24.140000 95.000000 107.000000 105.000000 82.000000 0.482315
542396.860000 6589892.310000 22.520000 126.000000 145.000000 151.000000 103.000000 0.487656
542396.790000 6589892.000000 22.840000 69.000000 83.000000 92.000000 53.000000 0.503311
542396.710000 6589891.690000 23.090000 74.000000 84.000000 93.000000 62.000000 0.511978
542396.650000 6589891.410000 23.310000 72.000000 85.000000 93.000000 63.000000 0.537323
542396.580000 6589891.090000 23.720000 74.000000 84.000000 93.000000 66.000000 0.399658
542396.510000 6589890.780000 23.870000 35.000000 45.000000 55.000000 31.000000 0.515656
542396.440000 6589890.510000 24.040000 34.000000 44.000000 54.000000 24.000000 0.512985
542396.380000 6589890.220000 24.280000 106.000000 121.000000 118.000000 93.000000 0.508652
542396.600000 6589892.340000 22.750000 126.000000 145.000000 151.000000 101.000000 0.488647
542396.530000 6589892.040000 22.970000 123.000000 141.000000 143.000000 110.000000 0.492981
542396.450000 6589891.730000 23.210000 78.000000 88.000000 98.000000 64.000000 0.507324
542396.390000 6589891.450000 23.470000 75.000000 88.000000 96.000000 63.000000 0.475983
542396.330000 6589891.160000 23.710000 70.000000 83.000000 92.000000 60.000000 0.484314
542396.250000 6589890.830000 23.980000 78.000000 91.000000 99.000000 63.000000 0.462982
542396.190000 6589890.540000 24.220000 70.000000 82.000000 94.000000 61.000000 0.502319
542396.210000 6589892.300000 23.050000 131.000000 149.000000 153.000000 106.000000 0.488647
542396.150000 6589892.020000 23.300000 114.000000 129.000000 132.000000 97.000000 0.483322
542396.070000 6589891.690000 23.560000 75.000000 86.000000 92.000000 63.000000 0.502655
542396.000000 6589891.390000 23.770000 73.000000 86.000000 94.000000 63.000000 0.508987
542395.930000 6589891.100000 24.060000 71.000000 86.000000 93.000000 55.000000 0.491989
542395.820000 6589892.310000 23.350000 127.000000 146.000000 152.000000 105.000000 0.484985
542395.750000 6589892.030000 23.590000 105.000000 120.000000 123.000000 90.000000 0.468323
542395.690000 6589891.750000 23.830000 76.000000 86.000000 96.000000 63.000000 0.478653
542395.620000 6589891.410000 24.080000 77.000000 87.000000 96.000000 64.000000 0.480988
542395.540000 6589892.320000 23.480000 125.000000 144.000000 150.000000 103.000000 0.459656
542395.470000 6589891.990000 23.810000 61.000000 73.000000 85.000000 47.000000 0.471313
542395.400000 6589891.690000 24.150000 78.000000 88.000000 97.000000 66.000000 0.490982
542395.320000 6589892.590000 23.550000 128.000000 148.000000 155.000000 104.000000 0.488983
542395.250000 6589892.300000 23.760000 125.000000 144.000000 150.000000 99.000000 0.483658
542395.180000 6589891.980000 24.030000 66.000000 79.000000 88.000000 56.000000 0.503983
542394.970000 6589892.600000 23.760000 30.000000 36.000000 48.000000 28.000000 0.474319
542399.280000 6589890.120000 22.130000 77.000000 88.000000 92.000000 67.000000 0.548981
542399.200000 6589890.420000 21.990000 77.000000 88.000000 94.000000 63.000000 0.492645
542399.120000 6589890.720000 21.870000 70.000000 81.000000 87.000000 56.000000 0.506317
542399.040000 6589891.020000 21.720000 73.000000 84.000000 90.000000 57.000000 0.483658
542398.950000 6589891.330000 21.640000 75.000000 84.000000 93.000000 62.000000 0.488983
542398.880000 6589891.620000 21.440000 76.000000 87.000000 93.000000 64.000000 0.488983
542399.010000 6589890.110000 22.370000 68.000000 79.000000 85.000000 55.000000 0.497986
542398.920000 6589890.430000 22.230000 67.000000 78.000000 84.000000 57.000000 0.511978
542398.670000 6589891.350000 21.810000 71.000000 80.000000 89.000000 64.000000 0.471985
542398.590000 6589891.650000 21.670000 72.000000 85.000000 91.000000 59.000000 0.498978
542398.510000 6589891.940000 21.520000 112.000000 127.000000 132.000000 92.000000 0.484314
542398.420000 6589892.270000 21.410000 122.000000 141.000000 145.000000 100.000000 0.492645
542398.630000 6589890.030000 22.690000 78.000000 88.000000 97.000000 66.000000 0.479324
542398.550000 6589890.320000 22.560000 74.000000 84.000000 93.000000 64.000000 0.467987
542398.470000 6589890.640000 22.390000 77.000000 88.000000 94.000000 64.000000 0.472992
542398.380000 6589890.960000 22.280000 81.000000 90.000000 97.000000 67.000000 0.483658
542398.290000 6589891.270000 22.080000 78.000000 89.000000 95.000000 65.000000 0.463654
542398.210000 6589891.600000 21.980000 80.000000 89.000000 96.000000 64.000000 0.478317
542398.130000 6589891.900000 21.860000 105.000000 120.000000 127.000000 84.000000 0.500656
542398.040000 6589892.190000 21.690000 125.000000 143.000000 145.000000 100.000000 0.487320
542398.200000 6589890.130000 22.930000 78.000000 88.000000 89.000000 67.000000 0.491653
542398.120000 6589890.420000 22.850000 70.000000 78.000000 89.000000 57.000000 0.454315
542397.950000 6589891.050000 22.570000 73.000000 84.000000 88.000000 55.000000 0.507980
542397.870000 6589891.350000 22.420000 75.000000 85.000000 94.000000 61.000000 0.499313
542397.780000 6589891.650000 22.330000 77.000000 88.000000 94.000000 65.000000 0.460648
542397.700000 6589891.970000 22.160000 98.000000 112.000000 121.000000 84.000000 0.493652
542397.610000 6589892.280000 22.010000 124.000000 145.000000 150.000000 101.000000 0.461990
542397.940000 6589890.130000 23.160000 101.000000 111.000000 113.000000 85.000000 0.474655
542397.860000 6589890.430000 23.020000 71.000000 81.000000 80.000000 54.000000 0.504318
542397.780000 6589890.730000 22.970000 76.000000 86.000000 96.000000 69.000000 0.551987
542397.690000 6589891.060000 22.870000 79.000000 89.000000 98.000000 69.000000 0.714310
542397.600000 6589891.380000 22.640000 76.000000 89.000000 95.000000 71.000000 0.518982
542397.530000 6589891.650000 22.460000 77.000000 88.000000 94.000000 64.000000 0.477646
542397.440000 6589891.970000 22.340000 91.000000 105.000000 114.000000 80.000000 0.532990
542397.350000 6589892.280000 22.220000 124.000000 145.000000 150.000000 103.000000 0.482651
542397.650000 6589890.020000 23.390000 70.000000 82.000000 82.000000 59.000000 0.478653
542397.560000 6589890.340000 23.300000 100.000000 112.000000 112.000000 82.000000 0.533646
542397.480000 6589890.620000 22.810000 100.000000 109.000000 108.000000 78.000000 0.463318
542397.400000 6589890.940000 22.820000 74.000000 83.000000 88.000000 60.000000 0.514984
542397.310000 6589891.250000 22.940000 74.000000 85.000000 91.000000 60.000000 0.669312
542397.230000 6589891.550000 22.840000 81.000000 91.000000 101.000000 66.000000 0.578323
542397.150000 6589891.840000 22.560000 70.000000 83.000000 92.000000 62.000000 0.498657
542397.080000 6589892.130000 22.430000 133.000000 151.000000 153.000000 106.000000 0.469986
542396.990000 6589892.450000 22.360000 122.000000 141.000000 145.000000 98.000000 0.486649
542397.280000 6589890.100000 23.660000 75.000000 89.000000 100.000000 67.000000 0.491653
542397.200000 6589890.390000 23.700000 85.000000 92.000000 110.000000 73.000000 0.293991
542397.040000 6589890.980000 22.830000 84.000000 93.000000 90.000000 67.000000 0.334991
542396.960000 6589891.280000 22.860000 66.000000 77.000000 83.000000 55.000000 0.474991
542396.880000 6589891.580000 23.000000 82.000000 91.000000 100.000000 68.000000 0.516983
542396.790000 6589891.900000 22.860000 69.000000 83.000000 92.000000 53.000000 0.473312
542396.830000 6589890.270000 23.910000 71.000000 81.000000 91.000000 62.000000 0.504654
542396.750000 6589890.570000 23.850000 88.000000 97.000000 102.000000 72.000000 0.529312
542396.660000 6589890.900000 23.780000 60.000000 70.000000 80.000000 52.000000 0.450317
542396.580000 6589891.200000 23.510000 78.000000 93.000000 100.000000 61.000000 0.542313
542396.500000 6589891.500000 23.370000 70.000000 83.000000 91.000000 60.000000 0.493317
542396.420000 6589891.800000 23.240000 78.000000 88.000000 98.000000 64.000000 0.460648
542396.330000 6589892.120000 23.050000 134.000000 152.000000 152.000000 104.000000 0.468979
542396.250000 6589892.420000 22.920000 126.000000 145.000000 151.000000 96.000000 0.491318
542396.610000 6589890.080000 24.170000 113.000000 125.000000 121.000000 100.000000 0.452652
542396.520000 6589890.420000 24.000000 73.000000 84.000000 88.000000 59.000000 0.462326
542396.430000 6589890.710000 23.840000 58.000000 68.000000 78.000000 52.000000 0.522980
542396.350000 6589891.030000 23.710000 79.000000 92.000000 100.000000 65.000000 0.510651
542396.260000 6589891.360000 23.590000 80.000000 93.000000 101.000000 63.000000 0.475311
542396.180000 6589891.640000 23.480000 80.000000 91.000000 97.000000 66.000000 0.482651
542396.110000 6589891.920000 23.330000 66.000000 79.000000 88.000000 45.000000 0.474991
542396.020000 6589892.240000 23.200000 126.000000 144.000000 148.000000 98.000000 0.499985
542395.930000 6589892.560000 23.070000 131.000000 150.000000 156.000000 101.000000 0.516647
542396.200000 6589890.460000 24.270000 70.000000 83.000000 92.000000 61.000000 0.487991
542396.120000 6589890.750000 24.130000 77.000000 90.000000 99.000000 68.000000 0.478317
542396.040000 6589891.050000 23.950000 74.000000 87.000000 95.000000 60.000000 0.477982
542395.950000 6589891.370000 23.880000 75.000000 88.000000 96.000000 63.000000 0.501984
542395.870000 6589891.680000 23.690000 80.000000 90.000000 99.000000 70.000000 0.497986
542395.790000 6589891.980000 23.590000 63.000000 76.000000 85.000000 46.000000 0.492645
542395.700000 6589892.290000 23.430000 128.000000 147.000000 151.000000 106.000000 0.444656
542395.620000 6589892.610000 23.270000 125.000000 144.000000 150.000000 99.000000 0.483322
542395.550000 6589891.390000 24.110000 74.000000 88.000000 97.000000 62.000000 0.482986
542395.480000 6589891.670000 23.980000 78.000000 88.000000 97.000000 66.000000 0.498322
542395.390000 6589892.010000 23.810000 90.000000 108.000000 112.000000 75.000000 0.460983
542395.310000 6589892.300000 23.710000 130.000000 149.000000 155.000000 106.000000 0.458984
542395.230000 6589892.600000 23.550000 96.000000 113.000000 121.000000 75.000000 0.483658
542394.910000 6589892.420000 23.920000 68.000000 81.000000 90.000000 55.000000 0.457657
542389.890000 6589896.980000 24.720000 77.000000 90.000000 98.000000 64.000000 0.519318
542389.580000 6589897.400000 24.730000 75.000000 88.000000 96.000000 65.000000 0.504654
542388.430000 6589898.150000 25.060000 71.000000 84.000000 92.000000 59.000000 0.460312
542387.710000 6589898.790000 25.060000 75.000000 85.000000 94.000000 64.000000 0.445312
542387.390000 6589899.140000 25.260000 70.000000 81.000000 87.000000 57.000000 0.457321
542389.580000 6589897.320000 24.760000 80.000000 93.000000 101.000000 65.000000 0.475311
542389.270000 6589897.430000 24.850000 76.000000 89.000000 97.000000 63.000000 0.479324
542388.890000 6589897.900000 24.880000 81.000000 91.000000 100.000000 66.000000 0.477982
542388.380000 6589898.290000 24.940000 78.000000 91.000000 99.000000 67.000000 0.456650
542387.910000 6589898.580000 25.160000 78.000000 88.000000 97.000000 66.000000 0.474655
542387.500000 6589898.950000 25.220000 72.000000 83.000000 89.000000 60.000000 0.472321
542394.680000 6589893.130000 23.760000 58.000000 67.000000 74.000000 52.000000 0.484650
542394.610000 6589892.840000 23.950000 53.000000 62.000000 69.000000 49.000000 0.483322
542394.410000 6589893.180000 23.780000 78.000000 89.000000 95.000000 64.000000 0.476990
542394.150000 6589893.390000 23.840000 78.000000 91.000000 99.000000 65.000000 0.458649
542393.870000 6589893.750000 23.840000 71.000000 81.000000 90.000000 61.000000 0.483658
542393.540000 6589894.170000 23.880000 73.000000 83.000000 92.000000 62.000000 0.482315
542393.470000 6589893.840000 24.070000 79.000000 89.000000 99.000000 63.000000 0.437653
542393.400000 6589894.330000 23.830000 66.000000 79.000000 87.000000 56.000000 0.493317
542393.340000 6589894.020000 24.080000 72.000000 83.000000 89.000000 56.000000 0.481979
542393.150000 6589894.490000 23.960000 93.000000 111.000000 123.000000 72.000000 0.465988
542393.080000 6589894.180000 24.150000 110.000000 121.000000 123.000000 103.000000 0.481979
542392.850000 6589894.590000 24.100000 93.000000 106.000000 112.000000 78.000000 0.498657
542392.540000 6589894.950000 24.020000 82.000000 91.000000 96.000000 59.000000 0.502991
542392.470000 6589894.650000 24.320000 80.000000 92.000000 90.000000 64.000000 0.482651
542392.300000 6589895.070000 24.170000 55.000000 62.000000 72.000000 42.000000 0.431320
542392.100000 6589895.250000 24.200000 73.000000 86.000000 95.000000 61.000000 0.495987
542391.750000 6589895.460000 24.290000 78.000000 91.000000 99.000000 64.000000 0.498978
542391.490000 6589895.760000 24.340000 70.000000 83.000000 91.000000 56.000000 0.500656
542391.220000 6589895.750000 24.580000 77.000000 90.000000 98.000000 64.000000 0.492981
542391.060000 6589896.150000 24.350000 72.000000 85.000000 94.000000 59.000000 0.500320
542390.730000 6589896.360000 24.470000 71.000000 81.000000 91.000000 56.000000 0.476990
542390.120000 6589896.800000 24.640000 78.000000 91.000000 99.000000 63.000000 0.501648
542394.470000 6589892.960000 23.870000 75.000000 86.000000 92.000000 65.000000 0.463989
542394.390000 6589893.270000 23.730000 71.000000 82.000000 88.000000 61.000000 0.482315
542394.080000 6589893.390000 23.900000 70.000000 83.000000 91.000000 59.000000 0.484314
542393.990000 6589893.710000 23.740000 71.000000 81.000000 90.000000 57.000000 0.481979
542393.590000 6589893.730000 24.060000 72.000000 85.000000 94.000000 62.000000 0.505981
542393.500000 6589894.060000 23.910000 76.000000 86.000000 95.000000 66.000000 0.479324
542393.150000 6589894.030000 24.190000 85.000000 96.000000 98.000000 73.000000 0.505981
542393.060000 6589894.340000 24.080000 94.000000 108.000000 111.000000 82.000000 0.476318
542392.980000 6589894.620000 23.930000 93.000000 112.000000 126.000000 67.000000 0.500656
542392.720000 6589894.390000 24.230000 93.000000 104.000000 108.000000 76.000000 0.486984
542392.640000 6589894.690000 24.090000 117.000000 128.000000 130.000000 103.000000 0.468658
542392.390000 6589894.690000 24.370000 74.000000 86.000000 86.000000 54.000000 0.470978
542392.310000 6589894.990000 24.200000 81.000000 89.000000 92.000000 56.000000 0.507324
542391.800000 6589895.270000 24.390000 72.000000 85.000000 94.000000 59.000000 0.502319
542391.720000 6589895.550000 24.230000 74.000000 87.000000 95.000000 62.000000 0.515656
542391.350000 6589895.600000 24.490000 67.000000 80.000000 88.000000 58.000000 0.500320
542391.260000 6589895.920000 24.340000 71.000000 86.000000 93.000000 54.000000 0.493317
542391.010000 6589895.880000 24.580000 76.000000 89.000000 97.000000 63.000000 0.498978
542390.930000 6589896.170000 24.440000 76.000000 86.000000 96.000000 62.000000 0.477646
542390.680000 6589896.120000 24.630000 73.000000 83.000000 93.000000 59.000000 0.483658
542390.600000 6589896.430000 24.530000 73.000000 83.000000 93.000000 60.000000 0.494980
542390.160000 6589896.630000 24.730000 74.000000 87.000000 95.000000 60.000000 0.485321
542387.600000 6589900.060000 24.450000 72.000000 82.000000 91.000000 55.000000 0.496979
542386.990000 6589900.160000 24.780000 81.000000 90.000000 99.000000 66.000000 0.492325
542386.720000 6589900.010000 25.160000 44.000000 53.000000 62.000000 38.000000 0.492645
542386.400000 6589900.160000 25.250000 44.000000 51.000000 61.000000 40.000000 0.499313
542385.610000 6589900.560000 25.620000 80.000000 89.000000 98.000000 68.000000 0.601990
542386.900000 6589900.180000 24.830000 81.000000 90.000000 99.000000 66.000000 0.477982
542386.530000 6589900.100000 25.260000 44.000000 51.000000 61.000000 40.000000 0.465988
542386.100000 6589900.230000 25.460000 42.000000 49.000000 59.000000 38.000000 0.472321
542385.690000 6589900.570000 25.560000 80.000000 89.000000 98.000000 68.000000 0.485657
542389.960000 6589897.290000 24.460000 76.000000 89.000000 97.000000 65.000000 0.483658
542389.840000 6589898.580000 23.850000 87.000000 108.000000 113.000000 76.000000 0.549988
542389.780000 6589898.290000 23.970000 90.000000 103.000000 109.000000 67.000000 0.488647
542389.710000 6589897.990000 24.220000 124.000000 136.000000 134.000000 112.000000 0.468979
542389.640000 6589897.680000 24.480000 74.000000 84.000000 93.000000 54.000000 0.462326
542389.680000 6589899.540000 23.340000 79.000000 88.000000 97.000000 66.000000 0.495651
542389.610000 6589899.270000 23.580000 31.000000 41.000000 50.000000 21.000000 0.330322
542389.540000 6589898.960000 23.830000 90.000000 103.000000 109.000000 79.000000 0.546982
542389.460000 6589898.620000 23.930000 91.000000 104.000000 110.000000 64.000000 0.503311
542389.400000 6589898.330000 24.250000 125.000000 140.000000 135.000000 111.000000 0.487991
542389.330000 6589898.030000 24.470000 75.000000 88.000000 96.000000 66.000000 0.512650
542389.250000 6589897.700000 24.760000 76.000000 89.000000 97.000000 64.000000 0.468979
542389.400000 6589899.470000 23.490000 77.000000 87.000000 97.000000 67.000000 0.549652
542389.320000 6589899.130000 23.850000 58.000000 65.000000 81.000000 52.000000 0.498657
542389.250000 6589898.820000 23.910000 37.000000 47.000000 49.000000 25.000000 0.496323
542389.180000 6589898.530000 24.220000 94.000000 106.000000 106.000000 75.000000 0.466660
542389.110000 6589898.210000 24.450000 76.000000 89.000000 95.000000 64.000000 0.487991
542389.040000 6589897.900000 24.720000 76.000000 89.000000 97.000000 65.000000 0.468658
542389.130000 6589899.660000 23.510000 76.000000 86.000000 95.000000 60.000000 0.454987
542389.060000 6589899.350000 23.800000 75.000000 88.000000 96.000000 65.000000 0.488312
542388.990000 6589899.050000 24.090000 76.000000 91.000000 96.000000 61.000000 0.500992
542388.920000 6589898.740000 24.270000 69.000000 82.000000 90.000000 64.000000 0.465652
542388.860000 6589898.460000 24.550000 71.000000 83.000000 95.000000 58.000000 0.471313
542388.780000 6589898.140000 24.800000 81.000000 94.000000 102.000000 67.000000 0.503311
542388.770000 6589899.630000 23.780000 73.000000 83.000000 93.000000 58.000000 0.504990
542388.710000 6589899.350000 24.040000 80.000000 90.000000 100.000000 66.000000 0.505981
542388.640000 6589899.050000 24.290000 68.000000 82.000000 91.000000 57.000000 0.461319
542388.570000 6589898.740000 24.550000 75.000000 88.000000 97.000000 64.000000 0.487991
542388.500000 6589898.450000 24.760000 77.000000 90.000000 98.000000 65.000000 0.447983
542388.420000 6589899.740000 23.980000 71.000000 81.000000 91.000000 58.000000 0.457993
542388.350000 6589899.430000 24.190000 82.000000 92.000000 101.000000 68.000000 0.503647
542388.280000 6589899.150000 24.500000 72.000000 85.000000 93.000000 62.000000 0.492981
542388.210000 6589898.830000 24.760000 77.000000 90.000000 98.000000 67.000000 0.467651
542388.140000 6589898.520000 25.030000 76.000000 86.000000 95.000000 63.000000 0.518646
542388.160000 6589899.720000 24.220000 79.000000 89.000000 98.000000 64.000000 0.500656
542388.090000 6589899.420000 24.450000 75.000000 85.000000 94.000000 59.000000 0.498657
542388.010000 6589899.090000 24.760000 75.000000 88.000000 96.000000 63.000000 0.488647
542387.940000 6589898.780000 24.990000 78.000000 88.000000 97.000000 61.000000 0.501984
542387.920000 6589899.680000 24.370000 74.000000 84.000000 93.000000 59.000000 0.453979
542387.850000 6589899.390000 24.630000 82.000000 92.000000 101.000000 66.000000 0.499985
542387.780000 6589899.090000 24.910000 78.000000 88.000000 97.000000 59.000000 0.463654
542387.530000 6589899.730000 24.680000 81.000000 91.000000 100.000000 67.000000 0.482986
542387.460000 6589899.430000 24.990000 78.000000 88.000000 97.000000 63.000000 0.481323
542387.210000 6589899.950000 24.820000 77.000000 87.000000 96.000000 61.000000 0.484985
542387.140000 6589899.650000 25.140000 73.000000 83.000000 93.000000 62.000000 0.461319
542386.920000 6589899.860000 25.060000 73.000000 82.000000 91.000000 61.000000 0.478317
542389.760000 6589899.540000 23.190000 68.000000 77.000000 86.000000 57.000000 0.488312
542389.980000 6589897.290000 24.430000 76.000000 89.000000 97.000000 65.000000 0.467987
542389.900000 6589897.580000 24.290000 72.000000 85.000000 93.000000 63.000000 0.473984
542389.810000 6589897.910000 24.130000 120.000000 130.000000 131.000000 110.000000 0.471313
542389.730000 6589898.220000 24.000000 90.000000 103.000000 109.000000 67.000000 0.489655
542389.650000 6589898.510000 23.850000 92.000000 108.000000 121.000000 75.000000 0.560318
542389.570000 6589898.800000 23.850000 94.000000 108.000000 117.000000 78.000000 0.581650
542389.480000 6589899.140000 23.780000 39.000000 47.000000 60.000000 34.000000 0.431656
542389.400000 6589899.440000 23.480000 77.000000 87.000000 97.000000 67.000000 0.518982
542389.490000 6589897.640000 24.610000 76.000000 89.000000 98.000000 69.000000 0.489990
542389.400000 6589897.960000 24.460000 70.000000 83.000000 91.000000 58.000000 0.481323
542389.330000 6589898.250000 24.330000 81.000000 95.000000 95.000000 70.000000 0.480316
542389.240000 6589898.560000 24.190000 117.000000 129.000000 125.000000 96.000000 0.462326
542389.150000 6589898.890000 24.040000 54.000000 65.000000 71.000000 42.000000 0.486313
542389.070000 6589899.200000 23.890000 77.000000 90.000000 98.000000 67.000000 0.488647
542388.990000 6589899.490000 23.770000 75.000000 88.000000 96.000000 62.000000 0.475983
542389.190000 6589897.740000 24.670000 76.000000 86.000000 96.000000 66.000000 0.476654
542389.110000 6589898.020000 24.560000 76.000000 89.000000 97.000000 67.000000 0.486313
542389.020000 6589898.350000 24.440000 74.000000 87.000000 93.000000 65.000000 0.461319
542388.940000 6589898.660000 24.340000 72.000000 85.000000 93.000000 62.000000 0.494324
542388.860000 6589898.950000 24.170000 71.000000 86.000000 93.000000 61.000000 0.498322
542388.780000 6589899.260000 23.980000 71.000000 84.000000 93.000000 60.000000 0.473312
542388.700000 6589899.570000 23.890000 77.000000 87.000000 97.000000 62.000000 0.491989
542388.810000 6589898.200000 24.700000 77.000000 91.000000 100.000000 66.000000 0.468323
542388.730000 6589898.490000 24.600000 67.000000 80.000000 88.000000 54.000000 0.478989
542388.640000 6589898.810000 24.470000 78.000000 91.000000 100.000000 66.000000 0.490982
542388.570000 6589899.110000 24.330000 78.000000 91.000000 100.000000 65.000000 0.504990
542388.480000 6589899.410000 24.190000 79.000000 89.000000 99.000000 65.000000 0.463654
542388.400000 6589899.720000 24.040000 71.000000 81.000000 91.000000 58.000000 0.488312
542388.300000 6589898.580000 24.790000 76.000000 89.000000 97.000000 61.000000 0.470978
542388.210000 6589898.910000 24.700000 79.000000 92.000000 100.000000 67.000000 0.476654
542388.130000 6589899.220000 24.520000 80.000000 90.000000 99.000000 65.000000 0.484985
542388.060000 6589899.490000 24.410000 75.000000 85.000000 94.000000 59.000000 0.472321
542387.970000 6589899.820000 24.280000 81.000000 91.000000 100.000000 68.000000 0.469650
542387.820000 6589898.900000 25.060000 78.000000 88.000000 97.000000 65.000000 0.484314
542387.740000 6589899.220000 24.830000 79.000000 89.000000 98.000000 65.000000 0.465317
542387.660000 6589899.520000 24.700000 81.000000 91.000000 100.000000 68.000000 0.508316
542387.570000 6589899.860000 24.600000 84.000000 94.000000 103.000000 70.000000 0.508987
542387.420000 6589899.290000 25.020000 77.000000 87.000000 96.000000 64.000000 0.466980
542387.330000 6589899.600000 24.900000 84.000000 94.000000 103.000000 69.000000 0.489319
542387.250000 6589899.890000 24.790000 75.000000 85.000000 94.000000 61.000000 0.495987
542386.980000 6589899.880000 24.970000 73.000000 82.000000 91.000000 61.000000 0.504990
542394.750000 6589893.420000 23.510000 40.000000 49.000000 56.000000 30.000000 0.510986
542394.820000 6589894.970000 22.390000 48.000000 57.000000 62.000000 45.000000 0.478989
542394.750000 6589894.660000 22.600000 63.000000 72.000000 79.000000 60.000000 0.482986
542394.680000 6589894.380000 22.820000 73.000000 82.000000 89.000000 62.000000 0.506317
542394.610000 6589894.040000 23.070000 77.000000 86.000000 93.000000 73.000000 0.506989
542394.550000 6589893.760000 23.330000 77.000000 88.000000 94.000000 68.000000 0.493652
542394.480000 6589893.480000 23.550000 75.000000 86.000000 92.000000 63.000000 0.476654
542394.910000 6589896.690000 21.170000 48.000000 56.000000 58.000000 42.000000 0.509323
542394.840000 6589896.390000 21.390000 68.000000 76.000000 79.000000 66.000000 0.491318
542394.770000 6589896.080000 21.660000 77.000000 82.000000 85.000000 69.000000 0.508316
542394.690000 6589895.780000 21.860000 85.000000 95.000000 97.000000 81.000000 0.565323
542394.630000 6589895.480000 22.150000 78.000000 88.000000 90.000000 65.000000 0.554657
542394.560000 6589895.180000 22.360000 85.000000 96.000000 100.000000 75.000000 0.557983
542394.490000 6589894.880000 22.610000 81.000000 92.000000 96.000000 73.000000 0.482986
542394.420000 6589894.580000 22.880000 73.000000 84.000000 90.000000 60.000000 0.501312
542394.350000 6589894.270000 23.090000 75.000000 86.000000 92.000000 64.000000 0.503983
542394.280000 6589893.970000 23.400000 73.000000 84.000000 90.000000 55.000000 0.476318
542394.220000 6589893.680000 23.600000 75.000000 86.000000 92.000000 57.000000 0.469986
542394.900000 6589898.280000 20.090000 72.000000 81.000000 90.000000 67.000000 0.393646
542394.840000 6589898.000000 20.320000 98.000000 109.000000 113.000000 77.000000 0.480652
542394.760000 6589897.670000 20.710000 82.000000 95.000000 103.000000 65.000000 0.534988
542394.690000 6589897.370000 20.880000 68.000000 79.000000 83.000000 58.000000 0.573654
542394.630000 6589897.080000 21.120000 80.000000 88.000000 91.000000 65.000000 0.556656
542394.560000 6589896.770000 21.370000 77.000000 87.000000 88.000000 71.000000 0.562653
542394.480000 6589896.460000 21.580000 86.000000 96.000000 95.000000 84.000000 0.495987
542394.420000 6589896.180000 21.820000 81.000000 87.000000 85.000000 75.000000 0.544647
542394.350000 6589895.900000 22.060000 79.000000 88.000000 87.000000 71.000000 0.543991
542394.280000 6589895.560000 22.370000 83.000000 91.000000 94.000000 78.000000 0.486649
542394.210000 6589895.270000 22.620000 71.000000 80.000000 85.000000 55.000000 0.532318
542394.150000 6589894.990000 22.820000 78.000000 87.000000 94.000000 62.000000 0.449326
542394.080000 6589894.660000 23.130000 81.000000 90.000000 97.000000 71.000000 0.481979
542394.010000 6589894.360000 23.260000 78.000000 88.000000 97.000000 69.000000 0.459991
542393.940000 6589894.070000 23.580000 78.000000 88.000000 97.000000 63.000000 0.466980
542394.440000 6589898.110000 20.940000 125.000000 140.000000 147.000000 107.000000 0.494324
542394.370000 6589897.810000 20.860000 118.000000 136.000000 138.000000 98.000000 0.499985
542394.300000 6589897.490000 21.080000 119.000000 137.000000 139.000000 104.000000 0.498322
542394.230000 6589897.190000 21.350000 78.000000 89.000000 93.000000 68.000000 0.524658
542394.160000 6589896.900000 21.570000 80.000000 91.000000 97.000000 69.000000 0.621979
542394.100000 6589896.590000 21.820000 79.000000 90.000000 92.000000 74.000000 0.575653
542394.030000 6589896.290000 22.100000 85.000000 95.000000 94.000000 80.000000 0.593643
542393.890000 6589895.680000 22.640000 74.000000 83.000000 88.000000 66.000000 0.523651
542393.810000 6589895.340000 22.980000 78.000000 89.000000 95.000000 71.000000 0.637985
542393.750000 6589895.080000 23.110000 72.000000 85.000000 93.000000 53.000000 0.542313
542393.680000 6589894.780000 23.330000 98.000000 116.000000 126.000000 72.000000 0.492325
542393.610000 6589894.450000 23.570000 63.000000 78.000000 83.000000 55.000000 0.513321
542394.240000 6589897.980000 21.060000 121.000000 139.000000 141.000000 102.000000 0.471313
542394.030000 6589897.070000 21.520000 70.000000 81.000000 87.000000 58.000000 0.495987
542393.960000 6589896.750000 21.760000 83.000000 94.000000 100.000000 69.000000 0.561981
542393.900000 6589896.470000 22.050000 78.000000 89.000000 91.000000 73.000000 0.597656
542393.830000 6589896.170000 22.290000 97.000000 105.000000 107.000000 97.000000 0.494980
542393.750000 6589895.830000 22.590000 82.000000 92.000000 94.000000 72.000000 0.491318
542393.680000 6589895.530000 22.910000 75.000000 84.000000 91.000000 65.000000 0.649323
542393.610000 6589895.230000 23.110000 50.000000 63.000000 69.000000 38.000000 0.315323
542393.540000 6589894.900000 23.390000 130.000000 157.000000 174.000000 95.000000 0.502655
542393.470000 6589894.600000 23.540000 92.000000 117.000000 137.000000 72.000000 0.499313
542393.990000 6589898.170000 21.280000 119.000000 138.000000 142.000000 97.000000 0.497986
542393.910000 6589897.860000 21.140000 123.000000 141.000000 143.000000 98.000000 0.507645
542393.840000 6589897.540000 21.370000 128.000000 146.000000 148.000000 102.000000 0.491318
542393.770000 6589897.240000 21.670000 80.000000 93.000000 99.000000 72.000000 0.469315
542393.700000 6589896.910000 21.890000 73.000000 83.000000 92.000000 56.000000 0.473648
542393.630000 6589896.600000 22.180000 72.000000 83.000000 89.000000 57.000000 0.566650
542393.560000 6589896.290000 22.440000 79.000000 90.000000 94.000000 69.000000 0.584976
542393.490000 6589895.990000 22.770000 82.000000 97.000000 94.000000 78.000000 0.596985
542393.420000 6589895.690000 22.900000 64.000000 73.000000 78.000000 62.000000 0.491318
542393.210000 6589894.780000 23.860000 110.000000 139.000000 157.000000 77.000000 0.538315
542393.690000 6589898.260000 21.630000 119.000000 138.000000 144.000000 98.000000 0.462326
542393.620000 6589897.940000 21.330000 118.000000 136.000000 138.000000 95.000000 0.457657
542393.550000 6589897.660000 21.570000 120.000000 137.000000 144.000000 103.000000 0.526321
542393.480000 6589897.330000 21.800000 76.000000 91.000000 96.000000 61.000000 0.507324
542393.410000 6589897.050000 22.000000 75.000000 86.000000 90.000000 72.000000 0.524979
542393.340000 6589896.730000 22.250000 77.000000 86.000000 91.000000 63.000000 0.481659
542393.270000 6589896.420000 22.490000 84.000000 95.000000 101.000000 73.000000 0.481979
542393.200000 6589896.120000 22.900000 77.000000 87.000000 96.000000 59.000000 0.596313
542393.130000 6589895.830000 23.160000 53.000000 58.000000 64.000000 41.000000 0.347992
542393.060000 6589895.500000 23.290000 108.000000 126.000000 136.000000 80.000000 0.329987
542392.990000 6589895.190000 23.730000 119.000000 151.000000 162.000000 87.000000 0.356659
542392.930000 6589894.910000 23.830000 108.000000 141.000000 158.000000 79.000000 0.497986
542393.300000 6589898.300000 21.890000 123.000000 140.000000 147.000000 103.000000 0.491653
542393.230000 6589897.990000 21.670000 119.000000 136.000000 143.000000 98.000000 0.481979
542393.160000 6589897.700000 21.840000 117.000000 136.000000 142.000000 92.000000 0.497986
542393.090000 6589897.360000 22.100000 76.000000 90.000000 93.000000 68.000000 0.613312
542393.010000 6589897.050000 22.340000 82.000000 91.000000 96.000000 77.000000 0.486313
542392.950000 6589896.760000 22.580000 77.000000 88.000000 94.000000 64.000000 0.506653
542392.880000 6589896.440000 22.800000 76.000000 89.000000 95.000000 69.000000 0.514984
542392.800000 6589896.130000 23.030000 78.000000 91.000000 99.000000 67.000000 0.490646
542392.740000 6589895.860000 23.350000 74.000000 89.000000 96.000000 61.000000 0.485992
542392.670000 6589895.540000 23.780000 63.000000 73.000000 85.000000 56.000000 0.442322
542392.600000 6589895.230000 23.850000 27.000000 34.000000 50.000000 25.000000 0.532654
542392.990000 6589898.070000 21.900000 103.000000 116.000000 124.000000 84.000000 0.459991
542392.920000 6589897.760000 21.940000 123.000000 140.000000 147.000000 96.000000 0.559647
542392.850000 6589897.450000 22.170000 102.000000 116.000000 117.000000 80.000000 0.547653
542392.780000 6589897.160000 22.410000 96.000000 105.000000 110.000000 100.000000 0.486313
542392.700000 6589896.840000 22.720000 71.000000 82.000000 88.000000 59.000000 0.487320
542392.640000 6589896.540000 22.980000 73.000000 86.000000 94.000000 60.000000 0.495987
542392.570000 6589896.260000 23.200000 79.000000 92.000000 100.000000 64.000000 0.501984
542392.510000 6589895.960000 23.450000 75.000000 88.000000 97.000000 63.000000 0.478989
542392.440000 6589895.650000 23.670000 78.000000 92.000000 95.000000 59.000000 0.484985
542392.370000 6589895.350000 23.930000 70.000000 80.000000 92.000000 62.000000 0.520981
542392.790000 6589898.290000 22.260000 37.000000 44.000000 52.000000 38.000000 0.558655
542392.720000 6589897.970000 22.020000 72.000000 85.000000 93.000000 57.000000 0.513657
542392.640000 6589897.660000 22.160000 131.000000 148.000000 155.000000 105.000000 0.594986
542392.580000 6589897.380000 22.450000 80.000000 91.000000 97.000000 77.000000 0.507645
542392.510000 6589897.060000 22.670000 79.000000 90.000000 96.000000 67.000000 0.492981
542392.440000 6589896.750000 22.930000 70.000000 83.000000 91.000000 53.000000 0.522980
542392.370000 6589896.460000 23.190000 79.000000 93.000000 102.000000 69.000000 0.458313
542392.300000 6589896.170000 23.430000 76.000000 86.000000 95.000000 60.000000 0.487320
542392.230000 6589895.850000 23.670000 78.000000 91.000000 100.000000 68.000000 0.434982
542392.160000 6589895.550000 23.940000 75.000000 86.000000 92.000000 59.000000 0.489990
542392.530000 6589898.870000 21.800000 34.000000 41.000000 47.000000 31.000000 0.521652
542392.460000 6589898.560000 21.960000 37.000000 41.000000 50.000000 30.000000 0.504654
542392.390000 6589898.240000 22.220000 42.000000 51.000000 58.000000 40.000000 0.552658
542392.330000 6589897.960000 22.300000 35.000000 46.000000 52.000000 33.000000 0.489655
542392.250000 6589897.630000 22.500000 47.000000 58.000000 64.000000 48.000000 0.433319
542392.170000 6589897.310000 22.810000 74.000000 87.000000 95.000000 64.000000 0.468979
542392.110000 6589897.030000 22.980000 80.000000 90.000000 100.000000 67.000000 0.485321
542392.040000 6589896.730000 23.340000 71.000000 84.000000 93.000000 59.000000 0.477982
542391.970000 6589896.410000 23.520000 82.000000 95.000000 104.000000 70.000000 0.522644
542391.900000 6589896.110000 23.810000 72.000000 85.000000 94.000000 56.000000 0.514648
542391.830000 6589895.800000 24.020000 71.000000 84.000000 92.000000 61.000000 0.486984
542392.120000 6589898.490000 22.080000 77.000000 88.000000 94.000000 67.000000 0.537979
542392.050000 6589898.190000 22.320000 82.000000 93.000000 99.000000 65.000000 0.492325
542391.990000 6589897.930000 22.580000 79.000000 90.000000 96.000000 62.000000 0.515991
542391.910000 6589897.600000 22.830000 79.000000 92.000000 98.000000 67.000000 0.507645
542391.830000 6589897.260000 23.050000 75.000000 85.000000 95.000000 60.000000 0.491318
542391.770000 6589896.980000 23.350000 76.000000 89.000000 98.000000 60.000000 0.516647
542391.690000 6589896.650000 23.620000 74.000000 87.000000 96.000000 62.000000 0.493317
542391.620000 6589896.330000 23.860000 68.000000 81.000000 90.000000 54.000000 0.487320
542391.560000 6589896.050000 24.100000 76.000000 89.000000 98.000000 64.000000 0.494324
542391.910000 6589898.810000 22.060000 78.000000 88.000000 97.000000 66.000000 0.528992
542391.850000 6589898.510000 22.310000 73.000000 83.000000 92.000000 60.000000 0.503311
542391.770000 6589898.190000 22.510000 77.000000 90.000000 98.000000 67.000000 0.475647
542391.700000 6589897.870000 22.830000 74.000000 87.000000 95.000000 63.000000 0.430313
542391.640000 6589897.580000 23.020000 73.000000 83.000000 93.000000 61.000000 0.486649
542391.570000 6589897.310000 23.290000 74.000000 87.000000 96.000000 63.000000 0.490646
542391.500000 6589897.000000 23.540000 74.000000 87.000000 96.000000 61.000000 0.489990
542391.430000 6589896.670000 23.780000 75.000000 88.000000 97.000000 59.000000 0.506317
542391.360000 6589896.370000 24.040000 75.000000 88.000000 97.000000 62.000000 0.494324
542391.290000 6589896.090000 24.310000 71.000000 84.000000 93.000000 59.000000 0.480988
542391.690000 6589898.900000 22.090000 75.000000 85.000000 94.000000 65.000000 0.541656
542391.630000 6589898.610000 22.370000 74.000000 84.000000 93.000000 62.000000 0.504654
542391.560000 6589898.310000 22.630000 74.000000 87.000000 95.000000 64.000000 0.467316
542391.480000 6589897.990000 22.820000 75.000000 88.000000 96.000000 64.000000 0.493652
542391.410000 6589897.680000 23.120000 73.000000 86.000000 94.000000 62.000000 0.471649
542391.340000 6589897.380000 23.340000 75.000000 88.000000 97.000000 61.000000 0.452988
542391.280000 6589897.060000 23.610000 74.000000 87.000000 96.000000 65.000000 0.424988
542391.200000 6589896.740000 23.880000 76.000000 89.000000 98.000000 64.000000 0.485321
542391.140000 6589896.460000 24.100000 78.000000 91.000000 100.000000 65.000000 0.459320
542391.360000 6589899.110000 22.210000 76.000000 86.000000 95.000000 62.000000 0.520325
542391.290000 6589898.800000 22.490000 71.000000 84.000000 92.000000 60.000000 0.480652
542391.210000 6589898.470000 22.730000 75.000000 88.000000 96.000000 64.000000 0.500320
542391.150000 6589898.180000 23.000000 74.000000 87.000000 95.000000 62.000000 0.479980
542391.080000 6589897.870000 23.220000 76.000000 89.000000 98.000000 64.000000 0.453323
542391.010000 6589897.560000 23.460000 75.000000 88.000000 97.000000 65.000000 0.489990
542390.940000 6589897.250000 23.770000 73.000000 86.000000 95.000000 60.000000 0.511978
542390.870000 6589896.970000 24.000000 78.000000 91.000000 100.000000 66.000000 0.478317
542390.800000 6589896.650000 24.240000 72.000000 85.000000 94.000000 62.000000 0.496658
542390.980000 6589899.120000 22.530000 76.000000 87.000000 93.000000 66.000000 0.480988
542390.910000 6589898.840000 22.780000 74.000000 85.000000 91.000000 60.000000 0.516647
542390.840000 6589898.500000 23.000000 86.000000 100.000000 103.000000 79.000000 0.482315
542390.770000 6589898.210000 23.310000 78.000000 89.000000 93.000000 64.000000 0.486984
542390.710000 6589897.930000 23.530000 73.000000 86.000000 94.000000 59.000000 0.507980
542390.640000 6589897.620000 23.740000 76.000000 89.000000 98.000000 64.000000 0.482986
542390.560000 6589897.310000 24.020000 74.000000 87.000000 96.000000 61.000000 0.483658
542390.500000 6589897.030000 24.280000 75.000000 88.000000 97.000000 63.000000 0.495651
542390.430000 6589896.730000 24.500000 73.000000 86.000000 95.000000 57.000000 0.458649
542390.680000 6589899.230000 22.750000 74.000000 84.000000 93.000000 61.000000 0.563324
542390.600000 6589898.920000 22.960000 72.000000 83.000000 87.000000 60.000000 0.532654
542390.540000 6589898.640000 23.180000 82.000000 93.000000 95.000000 73.000000 0.507980
542390.480000 6589898.350000 23.430000 78.000000 89.000000 93.000000 68.000000 0.440323
542390.400000 6589898.020000 23.650000 74.000000 85.000000 91.000000 58.000000 0.498978
542390.330000 6589897.730000 23.910000 78.000000 91.000000 100.000000 68.000000 0.489319
542390.270000 6589897.430000 24.180000 72.000000 85.000000 94.000000 64.000000 0.527985
542390.190000 6589897.100000 24.430000 81.000000 94.000000 102.000000 68.000000 0.497986
542390.240000 6589898.530000 23.440000 95.000000 112.000000 128.000000 78.000000 0.544647
542390.170000 6589898.230000 23.680000 93.000000 106.000000 115.000000 81.000000 0.520981
542390.100000 6589897.910000 23.900000 71.000000 81.000000 82.000000 50.000000 0.508652
542390.030000 6589897.610000 24.210000 73.000000 86.000000 92.000000 62.000000 0.499313
542394.910000 6589897.370000 20.750000 58.000000 65.000000 71.000000 52.000000 0.548645
542394.830000 6589897.680000 20.600000 75.000000 85.000000 94.000000 60.000000 0.537979
542394.750000 6589897.980000 20.420000 118.000000 132.000000 133.000000 94.000000 0.495651
542394.660000 6589898.300000 20.970000 74.000000 87.000000 96.000000 64.000000 0.476654
542394.860000 6589896.540000 21.250000 70.000000 78.000000 81.000000 65.000000 0.487320
542394.780000 6589896.830000 21.080000 67.000000 75.000000 77.000000 52.000000 0.548325
542394.700000 6589897.140000 20.960000 87.000000 97.000000 99.000000 75.000000 0.534988
542394.610000 6589897.450000 20.840000 60.000000 74.000000 77.000000 50.000000 0.516647
542394.530000 6589897.760000 20.760000 124.000000 139.000000 144.000000 98.000000 0.530319
542394.800000 6589895.660000 21.920000 60.000000 67.000000 73.000000 49.000000 0.513657
542394.710000 6589895.960000 21.780000 80.000000 88.000000 91.000000 74.000000 0.515991
542394.640000 6589896.250000 21.630000 76.000000 84.000000 86.000000 71.000000 0.534653
542394.550000 6589896.570000 21.480000 84.000000 94.000000 93.000000 81.000000 0.546646
542394.460000 6589896.880000 21.340000 83.000000 93.000000 95.000000 75.000000 0.547318
542394.380000 6589897.180000 21.180000 91.000000 102.000000 106.000000 86.000000 0.547318
542394.300000 6589897.510000 21.090000 124.000000 142.000000 144.000000 102.000000 0.503983
542394.210000 6589897.800000 20.980000 118.000000 136.000000 140.000000 92.000000 0.513657
542394.130000 6589898.120000 21.140000 118.000000 137.000000 141.000000 95.000000 0.481659
542394.810000 6589894.130000 22.980000 38.000000 45.000000 53.000000 32.000000 0.505646
542394.740000 6589894.400000 22.740000 64.000000 73.000000 80.000000 52.000000 0.503311
542394.660000 6589894.690000 22.560000 77.000000 86.000000 93.000000 70.000000 0.510315
542394.570000 6589895.020000 22.420000 79.000000 90.000000 94.000000 72.000000 0.514984
542394.490000 6589895.330000 22.350000 71.000000 81.000000 83.000000 59.000000 0.533981
542394.410000 6589895.620000 22.190000 85.000000 95.000000 96.000000 75.000000 0.474319
542394.320000 6589895.950000 22.000000 79.000000 88.000000 87.000000 71.000000 0.515320
542394.230000 6589896.260000 21.910000 90.000000 99.000000 96.000000 85.000000 0.600311
542394.160000 6589896.530000 21.750000 86.000000 98.000000 98.000000 84.000000 0.576645
542394.070000 6589896.870000 21.630000 81.000000 92.000000 98.000000 69.000000 0.592651
542393.980000 6589897.200000 21.500000 68.000000 83.000000 88.000000 61.000000 0.487320
542393.900000 6589897.490000 21.320000 124.000000 142.000000 144.000000 103.000000 0.503983
542393.810000 6589897.810000 21.260000 123.000000 138.000000 141.000000 97.000000 0.512650
542393.720000 6589898.160000 21.490000 121.000000 140.000000 144.000000 99.000000 0.497650
542394.660000 6589893.330000 23.510000 66.000000 75.000000 82.000000 63.000000 0.511978
542394.410000 6589894.270000 23.060000 70.000000 81.000000 87.000000 57.000000 0.471985
542394.330000 6589894.560000 22.950000 74.000000 83.000000 90.000000 59.000000 0.486984
542394.250000 6589894.870000 22.800000 74.000000 83.000000 90.000000 63.000000 0.478989
542394.160000 6589895.180000 22.680000 70.000000 79.000000 84.000000 55.000000 0.525986
542394.080000 6589895.480000 22.550000 76.000000 83.000000 89.000000 64.000000 0.510315
542393.990000 6589895.810000 22.340000 92.000000 100.000000 102.000000 87.000000 0.490311
542393.900000 6589896.140000 22.230000 87.000000 96.000000 95.000000 89.000000 0.496323
542393.820000 6589896.440000 22.110000 72.000000 83.000000 87.000000 65.000000 0.604309
542393.740000 6589896.730000 21.950000 69.000000 79.000000 88.000000 55.000000 0.513321
542393.650000 6589897.050000 21.840000 71.000000 81.000000 90.000000 64.000000 0.468323
542393.490000 6589897.650000 21.540000 121.000000 138.000000 145.000000 104.000000 0.531982
542393.410000 6589897.980000 21.570000 121.000000 140.000000 146.000000 97.000000 0.484314
542393.320000 6589898.300000 21.870000 123.000000 140.000000 147.000000 103.000000 0.519989
542394.300000 6589893.600000 23.590000 70.000000 81.000000 87.000000 59.000000 0.495651
542394.220000 6589893.890000 23.470000 77.000000 88.000000 94.000000 64.000000 0.514648
542394.130000 6589894.210000 23.280000 74.000000 84.000000 93.000000 57.000000 0.480988
542394.040000 6589894.550000 23.170000 78.000000 87.000000 94.000000 68.000000 0.491653
542393.970000 6589894.840000 23.020000 80.000000 91.000000 97.000000 68.000000 0.475647
542393.880000 6589895.150000 22.900000 60.000000 71.000000 77.000000 48.000000 0.481323
542393.800000 6589895.460000 22.900000 81.000000 90.000000 95.000000 69.000000 0.705643
542393.720000 6589895.750000 22.650000 76.000000 87.000000 89.000000 62.000000 0.546982
542393.640000 6589896.040000 22.480000 98.000000 108.000000 110.000000 94.000000 0.484985
542393.550000 6589896.390000 22.360000 84.000000 95.000000 99.000000 73.000000 0.594986
542393.470000 6589896.670000 22.200000 77.000000 86.000000 91.000000 65.000000 0.514313
542393.390000 6589896.980000 22.060000 80.000000 89.000000 94.000000 67.000000 0.559311
542393.300000 6589897.310000 21.980000 77.000000 92.000000 95.000000 66.000000 0.516647
542393.210000 6589897.630000 21.770000 122.000000 139.000000 146.000000 96.000000 0.521652
542393.130000 6589897.910000 21.700000 122.000000 139.000000 146.000000 97.000000 0.475983
542393.040000 6589898.250000 22.030000 57.000000 67.000000 76.000000 44.000000 0.480316
542392.870000 6589898.880000 21.940000 39.000000 43.000000 52.000000 33.000000 0.500320
542393.910000 6589894.010000 23.620000 78.000000 88.000000 97.000000 63.000000 0.471313
542393.840000 6589894.300000 23.440000 79.000000 89.000000 98.000000 63.000000 0.469315
542393.750000 6589894.600000 23.320000 73.000000 88.000000 93.000000 62.000000 0.457321
542393.670000 6589894.920000 23.200000 127.000000 145.000000 155.000000 105.000000 0.506989
542393.500000 6589895.530000 22.970000 69.000000 76.000000 82.000000 64.000000 0.394318
542393.420000 6589895.850000 22.900000 91.000000 106.000000 103.000000 96.000000 0.637650
542393.330000 6589896.170000 22.650000 80.000000 91.000000 97.000000 69.000000 0.589981
542393.240000 6589896.480000 22.490000 84.000000 95.000000 101.000000 73.000000 0.503311
542393.170000 6589896.770000 22.360000 90.000000 101.000000 105.000000 84.000000 0.486649
542393.080000 6589897.100000 22.170000 68.000000 77.000000 82.000000 62.000000 0.529984
542393.000000 6589897.390000 22.090000 76.000000 90.000000 93.000000 68.000000 0.615646
542392.910000 6589897.700000 21.910000 123.000000 140.000000 147.000000 96.000000 0.560318
542392.830000 6589898.020000 22.000000 71.000000 81.000000 90.000000 56.000000 0.448318
542392.750000 6589898.330000 22.280000 37.000000 41.000000 50.000000 39.000000 0.701309
542392.670000 6589898.610000 21.980000 39.000000 42.000000 51.000000 36.000000 0.521317
542392.590000 6589898.910000 21.750000 34.000000 41.000000 47.000000 34.000000 0.524979
542393.420000 6589894.370000 23.810000 66.000000 79.000000 87.000000 56.000000 0.482986
542393.340000 6589894.650000 23.630000 102.000000 127.000000 147.000000 73.000000 0.527985
542393.250000 6589894.980000 23.510000 108.000000 141.000000 160.000000 71.000000 0.289658
542393.170000 6589895.280000 23.350000 122.000000 152.000000 163.000000 77.000000 0.303314
542393.010000 6589895.890000 23.190000 51.000000 55.000000 64.000000 36.000000 0.460648
542392.920000 6589896.190000 22.960000 77.000000 90.000000 98.000000 66.000000 0.512650
542392.850000 6589896.480000 22.830000 76.000000 89.000000 95.000000 69.000000 0.479980
542392.770000 6589896.770000 22.690000 82.000000 93.000000 99.000000 69.000000 0.453659
542392.680000 6589897.110000 22.560000 89.000000 98.000000 103.000000 80.000000 0.501312
542392.600000 6589897.390000 22.400000 80.000000 91.000000 97.000000 77.000000 0.513657
542392.520000 6589897.680000 22.260000 129.000000 144.000000 149.000000 108.000000 0.541977
542392.430000 6589898.010000 22.240000 40.000000 49.000000 56.000000 41.000000 0.561310
542392.180000 6589898.940000 21.710000 81.000000 92.000000 98.000000 73.000000 0.519653
542392.900000 6589894.930000 23.810000 108.000000 141.000000 158.000000 79.000000 0.546310
542392.820000 6589895.240000 23.820000 99.000000 121.000000 132.000000 80.000000 0.491318
542392.740000 6589895.520000 23.700000 49.000000 56.000000 72.000000 45.000000 0.362991
542392.660000 6589895.840000 23.360000 79.000000 94.000000 101.000000 67.000000 0.476990
542392.570000 6589896.150000 23.260000 81.000000 91.000000 100.000000 67.000000 0.480988
542392.500000 6589896.420000 23.090000 72.000000 87.000000 94.000000 65.000000 0.470978
542392.410000 6589896.750000 22.980000 70.000000 83.000000 91.000000 53.000000 0.470657
542392.330000 6589897.050000 22.860000 75.000000 85.000000 94.000000 55.000000 0.473984
542392.240000 6589897.370000 22.700000 65.000000 78.000000 86.000000 55.000000 0.484650
542392.160000 6589897.680000 22.580000 78.000000 87.000000 92.000000 69.000000 0.484314
542392.070000 6589897.990000 22.420000 77.000000 88.000000 94.000000 64.000000 0.482315
542392.000000 6589898.270000 22.270000 75.000000 86.000000 92.000000 58.000000 0.507980
542391.920000 6589898.580000 22.130000 72.000000 82.000000 91.000000 60.000000 0.562988
542391.830000 6589898.920000 22.030000 74.000000 84.000000 93.000000 61.000000 0.509659
542392.560000 6589894.990000 23.980000 82.000000 91.000000 96.000000 59.000000 0.508987
542392.470000 6589895.320000 23.840000 64.000000 74.000000 86.000000 58.000000 0.519653
542392.390000 6589895.630000 23.680000 78.000000 92.000000 93.000000 64.000000 0.495987
542392.310000 6589895.910000 23.550000 81.000000 91.000000 101.000000 68.000000 0.482651
542392.220000 6589896.230000 23.390000 79.000000 92.000000 100.000000 63.000000 0.467651
542392.140000 6589896.550000 23.260000 74.000000 87.000000 96.000000 70.000000 0.490646
542392.050000 6589896.850000 23.110000 79.000000 89.000000 99.000000 62.000000 0.478653
542391.970000 6589897.170000 22.960000 78.000000 88.000000 98.000000 65.000000 0.492325
542391.880000 6589897.490000 22.770000 75.000000 85.000000 95.000000 64.000000 0.493317
542391.800000 6589897.790000 22.680000 73.000000 86.000000 94.000000 60.000000 0.516312
542391.710000 6589898.100000 22.520000 77.000000 90.000000 98.000000 67.000000 0.478317
542391.630000 6589898.420000 22.390000 81.000000 91.000000 100.000000 70.000000 0.501648
542391.550000 6589898.700000 22.290000 77.000000 87.000000 96.000000 63.000000 0.519318
542391.470000 6589899.010000 22.130000 73.000000 83.000000 92.000000 60.000000 0.547653
542392.220000 6589895.310000 24.040000 72.000000 82.000000 94.000000 62.000000 0.461990
542392.140000 6589895.610000 23.880000 72.000000 83.000000 89.000000 58.000000 0.477646
542392.050000 6589895.940000 23.790000 69.000000 82.000000 90.000000 57.000000 0.504654
542391.970000 6589896.250000 23.650000 68.000000 81.000000 90.000000 55.000000 0.456985
542391.870000 6589896.570000 23.490000 73.000000 86.000000 95.000000 58.000000 0.499313
542391.800000 6589896.870000 23.370000 74.000000 87.000000 96.000000 59.000000 0.469650
542391.720000 6589897.150000 23.180000 75.000000 88.000000 97.000000 64.000000 0.505981
542391.640000 6589897.450000 23.070000 75.000000 85.000000 95.000000 63.000000 0.466324
542391.550000 6589897.770000 22.960000 75.000000 88.000000 96.000000 61.000000 0.502991
542391.470000 6589898.090000 22.760000 72.000000 85.000000 93.000000 61.000000 0.500992
542391.390000 6589898.390000 22.660000 76.000000 89.000000 97.000000 64.000000 0.500992
542391.300000 6589898.700000 22.500000 76.000000 89.000000 97.000000 69.000000 0.514648
542391.210000 6589899.030000 22.420000 76.000000 86.000000 95.000000 65.000000 0.505325
542391.640000 6589895.880000 24.070000 74.000000 87.000000 95.000000 61.000000 0.488312
542391.550000 6589896.210000 23.960000 71.000000 84.000000 93.000000 56.000000 0.444656
542391.470000 6589896.480000 23.830000 73.000000 86.000000 95.000000 60.000000 0.470978
542391.390000 6589896.810000 23.660000 71.000000 84.000000 93.000000 57.000000 0.489655
542391.300000 6589897.140000 23.520000 76.000000 89.000000 98.000000 68.000000 0.494324
542391.210000 6589897.430000 23.380000 75.000000 88.000000 97.000000 65.000000 0.491318
542391.130000 6589897.740000 23.250000 74.000000 87.000000 96.000000 62.000000 0.480316
542391.040000 6589898.070000 23.110000 73.000000 86.000000 94.000000 63.000000 0.474319
542390.970000 6589898.350000 22.930000 78.000000 91.000000 97.000000 67.000000 0.505981
542390.880000 6589898.660000 22.820000 81.000000 92.000000 96.000000 69.000000 0.512985
542390.800000 6589898.980000 22.720000 74.000000 85.000000 91.000000 61.000000 0.529648
542390.720000 6589899.280000 22.600000 76.000000 86.000000 95.000000 62.000000 0.513321
542391.180000 6589896.230000 24.240000 74.000000 87.000000 96.000000 63.000000 0.493652
542391.100000 6589896.520000 24.070000 74.000000 87.000000 96.000000 61.000000 0.472992
542391.010000 6589896.840000 23.950000 76.000000 89.000000 98.000000 61.000000 0.483978
542390.930000 6589897.140000 23.800000 78.000000 91.000000 100.000000 64.000000 0.497650
542390.850000 6589897.450000 23.660000 74.000000 87.000000 96.000000 63.000000 0.468979
542390.770000 6589897.750000 23.540000 76.000000 89.000000 98.000000 62.000000 0.527985
542390.680000 6589898.060000 23.410000 77.000000 90.000000 96.000000 66.000000 0.473984
542390.610000 6589898.340000 23.260000 67.000000 78.000000 82.000000 56.000000 0.491653
542390.530000 6589898.640000 23.140000 82.000000 93.000000 95.000000 73.000000 0.514984
542390.360000 6589899.260000 22.930000 83.000000 93.000000 95.000000 71.000000 0.566986
542390.840000 6589896.490000 24.360000 76.000000 89.000000 98.000000 65.000000 0.498978
542390.760000 6589896.790000 24.160000 75.000000 88.000000 97.000000 59.000000 0.471313
542390.680000 6589897.080000 24.040000 73.000000 86.000000 95.000000 60.000000 0.497986
542390.600000 6589897.390000 23.900000 74.000000 87.000000 96.000000 61.000000 0.505981
542390.520000 6589897.710000 23.780000 71.000000 84.000000 93.000000 56.000000 0.492325
542390.440000 6589897.990000 23.600000 77.000000 87.000000 96.000000 62.000000 0.481323
542390.350000 6589898.310000 23.470000 87.000000 100.000000 106.000000 75.000000 0.480988
542390.260000 6589898.640000 23.360000 84.000000 102.000000 116.000000 65.000000 0.521652
542390.520000 6589896.730000 24.390000 80.000000 93.000000 102.000000 67.000000 0.509323
542390.430000 6589897.040000 24.260000 77.000000 90.000000 99.000000 66.000000 0.495987
542390.350000 6589897.360000 24.060000 81.000000 94.000000 103.000000 66.000000 0.466660
542390.260000 6589897.660000 23.940000 78.000000 92.000000 101.000000 64.000000 0.481979
542390.190000 6589897.960000 23.810000 66.000000 75.000000 80.000000 50.000000 0.499985
542390.100000 6589898.270000 23.670000 90.000000 102.000000 116.000000 78.000000 0.493988
542390.010000 6589898.590000 23.720000 104.000000 124.000000 133.000000 87.000000 0.405319
542390.070000 6589896.960000 24.550000 75.000000 88.000000 96.000000 57.000000 0.489990
542396.430000 6589880.630000 21.550000 126.000000 147.000000 152.000000 101.000000 0.457657
542396.360000 6589880.320000 21.370000 122.000000 143.000000 148.000000 99.000000 0.474655
542396.280000 6589880.000000 21.160000 122.000000 142.000000 151.000000 98.000000 0.486313
542396.100000 6589880.810000 21.870000 41.000000 54.000000 62.000000 36.000000 0.504654
542396.030000 6589880.510000 21.680000 132.000000 147.000000 154.000000 106.000000 0.479324
542395.710000 6589880.840000 22.140000 39.000000 48.000000 57.000000 40.000000 0.477982
542396.460000 6589880.510000 21.440000 125.000000 146.000000 151.000000 101.000000 0.463654
542396.290000 6589880.190000 21.230000 122.000000 143.000000 148.000000 97.000000 0.484985
542396.200000 6589880.530000 21.550000 127.000000 144.000000 151.000000 101.000000 0.508316
542396.110000 6589880.840000 21.820000 67.000000 82.000000 89.000000 60.000000 0.462982
542395.700000 6589880.770000 22.160000 39.000000 46.000000 56.000000 36.000000 0.503311
542396.320000 6589881.770000 22.140000 109.000000 122.000000 128.000000 93.000000 0.488983
542396.240000 6589881.450000 22.210000 39.000000 46.000000 56.000000 32.000000 0.521317
542395.920000 6589881.770000 21.890000 97.000000 107.000000 116.000000 89.000000 0.502319
542395.850000 6589881.470000 22.020000 43.000000 48.000000 54.000000 39.000000 0.490982
542396.460000 6589881.720000 22.240000 112.000000 123.000000 129.000000 98.000000 0.568314
542396.190000 6589881.500000 22.170000 44.000000 51.000000 59.000000 37.000000 0.507645
542395.940000 6589881.490000 22.040000 43.000000 48.000000 54.000000 39.000000 0.515320
542396.510000 6589880.980000 21.740000 130.000000 149.000000 155.000000 104.000000 0.475647
542396.170000 6589881.110000 22.060000 38.000000 47.000000 54.000000 38.000000 0.460983
542395.780000 6589881.140000 22.230000 41.000000 45.000000 54.000000 39.000000 0.556320
542396.360000 6589880.870000 21.720000 129.000000 146.000000 153.000000 106.000000 0.433990
542396.270000 6589881.200000 22.090000 38.000000 47.000000 56.000000 38.000000 0.512650
542396.020000 6589881.180000 22.210000 44.000000 53.000000 60.000000 44.000000 0.514984
542395.620000 6589881.070000 22.170000 43.000000 47.000000 56.000000 41.000000 0.503983
542395.550000 6589881.370000 21.840000 42.000000 49.000000 55.000000 40.000000 0.452316
