547606.120000 6590702.800000 52.810000 52.000000 50.000000 53.000000 53.000000 0.626312
547606.390000 6590702.800000 52.810000 31.000000 29.000000 32.000000 40.000000 0.665985
547606.620000 6590702.810000 52.820000 38.000000 38.000000 38.000000 46.000000 0.639984
547606.950000 6590702.840000 52.770000 85.000000 84.000000 80.000000 91.000000 0.626648
547607.280000 6590702.850000 52.770000 94.000000 91.000000 84.000000 102.000000 0.604980
547607.520000 6590702.760000 52.780000 99.000000 94.000000 90.000000 102.000000 0.650314
547607.770000 6590702.810000 52.760000 106.000000 105.000000 100.000000 111.000000 0.614319
547605.900000 6590702.900000 52.770000 139.000000 153.000000 156.000000 136.000000 0.715988
547606.220000 6590702.800000 52.800000 26.000000 21.000000 27.000000 33.000000 0.675308
547606.560000 6590702.800000 52.790000 43.000000 45.000000 40.000000 50.000000 0.655975
547607.510000 6590702.840000 52.720000 95.000000 92.000000 85.000000 102.000000 0.615646
547608.530000 6590702.790000 52.710000 105.000000 105.000000 103.000000 117.000000 0.609650
547606.150000 6590701.310000 52.930000 82.000000 77.000000 83.000000 91.000000 0.667313
547606.230000 6590701.000000 52.850000 84.000000 77.000000 71.000000 94.000000 0.648987
547606.500000 6590701.240000 52.950000 74.000000 73.000000 71.000000 84.000000 0.626984
547606.580000 6590700.920000 52.850000 79.000000 75.000000 74.000000 88.000000 0.616989
547606.690000 6590701.560000 52.930000 70.000000 68.000000 69.000000 78.000000 0.617645
547606.770000 6590701.230000 52.920000 72.000000 71.000000 69.000000 81.000000 0.623978
547606.930000 6590701.520000 52.960000 53.000000 53.000000 53.000000 62.000000 0.618317
547607.010000 6590701.200000 52.910000 65.000000 65.000000 67.000000 77.000000 0.569977
547607.090000 6590700.890000 52.870000 79.000000 77.000000 78.000000 89.000000 0.571320
547607.250000 6590701.600000 52.970000 53.000000 54.000000 58.000000 63.000000 0.592987
547607.340000 6590701.270000 52.940000 63.000000 63.000000 65.000000 73.000000 0.636642
547607.420000 6590700.940000 52.890000 66.000000 66.000000 68.000000 77.000000 0.598984
547607.590000 6590701.600000 52.950000 43.000000 44.000000 48.000000 50.000000 0.621323
547607.660000 6590701.280000 52.920000 57.000000 58.000000 60.000000 67.000000 0.579987
547607.740000 6590700.950000 52.890000 69.000000 69.000000 71.000000 80.000000 0.564651
547607.740000 6590701.860000 52.980000 44.000000 45.000000 49.000000 49.000000 0.617981
547607.820000 6590701.570000 52.960000 53.000000 54.000000 56.000000 63.000000 0.616653
547607.890000 6590701.270000 52.950000 56.000000 57.000000 59.000000 67.000000 0.606323
547607.980000 6590700.920000 52.890000 69.000000 69.000000 71.000000 78.000000 0.555313
547607.990000 6590701.910000 52.940000 35.000000 34.000000 39.000000 45.000000 0.639984
547608.070000 6590701.590000 52.960000 49.000000 50.000000 54.000000 54.000000 0.603653
547608.140000 6590701.270000 52.930000 46.000000 47.000000 51.000000 59.000000 0.571991
547608.220000 6590700.950000 52.910000 68.000000 69.000000 71.000000 78.000000 0.590652
547608.340000 6590701.980000 52.930000 35.000000 36.000000 41.000000 41.000000 0.639648
547608.410000 6590701.690000 52.950000 43.000000 44.000000 48.000000 48.000000 0.617310
547608.490000 6590701.370000 52.960000 54.000000 55.000000 59.000000 62.000000 0.584976
547608.570000 6590701.020000 52.930000 64.000000 65.000000 67.000000 74.000000 0.588989
547608.680000 6590702.050000 52.920000 34.000000 33.000000 38.000000 46.000000 0.611313
547608.760000 6590701.740000 52.950000 35.000000 36.000000 40.000000 45.000000 0.586319
547608.840000 6590701.400000 52.960000 47.000000 48.000000 52.000000 53.000000 0.602646
547608.920000 6590701.090000 52.920000 66.000000 67.000000 69.000000 74.000000 0.624985
547608.910000 6590702.120000 52.940000 35.000000 34.000000 39.000000 46.000000 0.600647
547608.990000 6590701.780000 52.950000 37.000000 38.000000 42.000000 45.000000 0.589645
547609.070000 6590701.460000 52.980000 50.000000 51.000000 55.000000 57.000000 0.630310
547609.150000 6590701.160000 52.950000 60.000000 61.000000 63.000000 69.000000 0.615646
547609.230000 6590700.800000 52.900000 65.000000 65.000000 65.000000 74.000000 0.622650
547609.130000 6590702.230000 52.900000 36.000000 35.000000 40.000000 46.000000 0.615311
547609.200000 6590701.910000 52.930000 36.000000 35.000000 40.000000 44.000000 0.618988
547609.280000 6590701.590000 52.960000 50.000000 49.000000 54.000000 60.000000 0.603653
547609.360000 6590701.270000 53.010000 48.000000 48.000000 50.000000 58.000000 0.598648
547609.440000 6590700.950000 53.000000 49.000000 49.000000 51.000000 57.000000 0.620316
547609.510000 6590700.640000 52.920000 70.000000 70.000000 70.000000 82.000000 0.591644
547609.440000 6590702.240000 52.900000 34.000000 35.000000 37.000000 49.000000 0.627655
547609.510000 6590701.960000 52.990000 36.000000 37.000000 41.000000 52.000000 0.616989
547609.590000 6590701.660000 53.030000 40.000000 41.000000 43.000000 53.000000 0.619324
547609.660000 6590701.340000 53.050000 54.000000 55.000000 60.000000 67.000000 0.636978
547609.750000 6590701.010000 53.030000 59.000000 63.000000 64.000000 77.000000 0.578644
547609.780000 6590702.540000 52.830000 40.000000 39.000000 44.000000 56.000000 0.632980
547609.850000 6590702.240000 52.940000 40.000000 40.000000 42.000000 59.000000 0.501648
547605.820000 6590701.200000 52.910000 146.000000 152.000000 140.000000 130.000000 0.680313
547606.160000 6590701.210000 52.930000 84.000000 74.000000 82.000000 94.000000 0.689316
547606.400000 6590701.160000 52.900000 83.000000 79.000000 78.000000 89.000000 0.660309
547606.490000 6590701.500000 52.930000 77.000000 76.000000 74.000000 82.000000 0.613312
547606.660000 6590701.120000 52.920000 78.000000 77.000000 75.000000 88.000000 0.655975
547606.750000 6590701.470000 52.930000 67.000000 65.000000 66.000000 76.000000 0.630310
547607.030000 6590700.950000 52.910000 76.000000 74.000000 75.000000 87.000000 0.568985
547607.110000 6590701.270000 52.940000 65.000000 65.000000 67.000000 76.000000 0.602310
547607.200000 6590701.630000 52.980000 55.000000 56.000000 58.000000 62.000000 0.621643
547607.460000 6590701.010000 52.890000 63.000000 63.000000 65.000000 73.000000 0.541977
547607.540000 6590701.330000 52.940000 54.000000 55.000000 57.000000 63.000000 0.614655
547607.630000 6590701.680000 52.960000 51.000000 52.000000 56.000000 59.000000 0.641312
547607.950000 6590701.730000 52.970000 48.000000 49.000000 53.000000 54.000000 0.612320
547608.030000 6590702.030000 52.920000 37.000000 38.000000 43.000000 43.000000 0.639648
547608.050000 6590700.900000 52.890000 65.000000 65.000000 67.000000 72.000000 0.589645
547608.140000 6590701.240000 52.940000 46.000000 47.000000 51.000000 59.000000 0.574310
547608.220000 6590701.560000 52.950000 47.000000 48.000000 52.000000 55.000000 0.650314
547608.290000 6590701.870000 52.940000 42.000000 43.000000 48.000000 51.000000 0.628311
547608.380000 6590700.990000 52.930000 66.000000 67.000000 69.000000 76.000000 0.591980
547608.460000 6590701.310000 52.960000 54.000000 55.000000 59.000000 62.000000 0.599976
547608.540000 6590701.630000 52.960000 43.000000 44.000000 48.000000 52.000000 0.628983
547608.620000 6590701.940000 52.960000 37.000000 36.000000 41.000000 46.000000 0.624313
547608.690000 6590702.220000 52.920000 34.000000 33.000000 38.000000 44.000000 0.619324
547608.730000 6590700.770000 52.870000 63.000000 63.000000 65.000000 71.000000 0.583984
547608.810000 6590701.090000 52.970000 65.000000 66.000000 68.000000 71.000000 0.563980
547608.890000 6590701.400000 52.950000 47.000000 48.000000 52.000000 53.000000 0.587311
547608.970000 6590701.730000 52.980000 37.000000 38.000000 42.000000 45.000000 0.601654
547609.050000 6590702.030000 52.930000 35.000000 34.000000 39.000000 44.000000 0.602310
547609.120000 6590702.310000 52.840000 35.000000 34.000000 39.000000 46.000000 0.642990
547608.970000 6590700.880000 52.940000 64.000000 65.000000 67.000000 73.000000 0.550644
547609.040000 6590701.190000 52.930000 61.000000 62.000000 64.000000 68.000000 0.592987
547609.130000 6590701.530000 52.950000 45.000000 46.000000 50.000000 57.000000 0.599319
547609.210000 6590701.830000 52.940000 38.000000 39.000000 43.000000 48.000000 0.628983
547609.280000 6590702.140000 52.890000 34.000000 35.000000 39.000000 47.000000 0.681976
547609.360000 6590702.450000 52.830000 37.000000 37.000000 39.000000 47.000000 0.599319
547609.210000 6590700.710000 52.880000 65.000000 65.000000 65.000000 74.000000 0.569321
547609.290000 6590701.060000 52.960000 60.000000 60.000000 62.000000 70.000000 0.636322
547609.380000 6590701.400000 52.980000 43.000000 42.000000 47.000000 52.000000 0.598648
547609.460000 6590701.710000 52.970000 32.000000 33.000000 37.000000 44.000000 0.607651
547609.540000 6590702.050000 52.970000 38.000000 39.000000 43.000000 49.000000 0.664978
547609.620000 6590702.380000 52.880000 35.000000 36.000000 38.000000 55.000000 0.641647
547609.560000 6590700.710000 52.940000 67.000000 67.000000 67.000000 78.000000 0.603653
547609.640000 6590701.010000 53.010000 63.000000 64.000000 68.000000 80.000000 0.674316
547609.720000 6590701.320000 53.050000 56.000000 57.000000 62.000000 72.000000 0.625656
547609.790000 6590701.640000 53.000000 53.000000 54.000000 56.000000 67.000000 0.597321
547609.870000 6590701.950000 52.980000 40.000000 40.000000 42.000000 59.000000 0.573318
547609.950000 6590702.250000 52.930000 30.000000 34.000000 35.000000 60.000000 0.362320
547605.990000 6590701.960000 52.900000 152.000000 162.000000 153.000000 151.000000 0.325989
547606.070000 6590701.640000 52.930000 102.000000 108.000000 104.000000 85.000000 0.550323
547606.190000 6590702.500000 52.900000 93.000000 88.000000 95.000000 125.000000 0.676315
547606.270000 6590702.180000 52.930000 58.000000 59.000000 61.000000 66.000000 0.691315
547606.340000 6590701.880000 52.960000 62.000000 63.000000 67.000000 69.000000 0.667984
547606.420000 6590701.570000 52.960000 71.000000 70.000000 68.000000 81.000000 0.638321
547606.460000 6590702.510000 52.890000 58.000000 57.000000 65.000000 61.000000 0.707642
547606.530000 6590702.190000 52.940000 54.000000 54.000000 56.000000 61.000000 0.694977
547606.610000 6590701.870000 52.960000 57.000000 57.000000 59.000000 68.000000 0.641647
547606.700000 6590702.490000 52.880000 48.000000 45.000000 52.000000 53.000000 0.665985
547606.770000 6590702.170000 52.940000 50.000000 50.000000 52.000000 57.000000 0.622314
547606.850000 6590701.860000 52.970000 52.000000 52.000000 54.000000 59.000000 0.635986
547607.020000 6590702.550000 52.870000 37.000000 38.000000 40.000000 48.000000 0.660645
547607.100000 6590702.230000 52.920000 46.000000 45.000000 50.000000 50.000000 0.631653
547607.170000 6590701.930000 52.970000 46.000000 47.000000 51.000000 51.000000 0.623322
547607.350000 6590702.560000 52.850000 86.000000 85.000000 81.000000 88.000000 0.631317
547607.430000 6590702.240000 52.930000 36.000000 35.000000 41.000000 45.000000 0.640320
547607.510000 6590701.920000 52.940000 39.000000 40.000000 44.000000 45.000000 0.620651
547607.590000 6590702.490000 52.840000 86.000000 86.000000 84.000000 90.000000 0.625656
547607.670000 6590702.180000 52.920000 39.000000 38.000000 44.000000 45.000000 0.644989
547607.840000 6590702.510000 52.840000 101.000000 106.000000 102.000000 112.000000 0.616989
547607.910000 6590702.220000 52.930000 22.000000 23.000000 28.000000 29.000000 0.656647
547608.180000 6590702.620000 52.810000 107.000000 103.000000 104.000000 111.000000 0.634644
547608.260000 6590702.290000 52.910000 22.000000 23.000000 28.000000 32.000000 0.588654
547608.530000 6590702.680000 52.760000 94.000000 94.000000 92.000000 109.000000 0.624985
547608.600000 6590702.370000 52.870000 24.000000 25.000000 29.000000 39.000000 0.591980
547608.770000 6590702.680000 52.780000 102.000000 102.000000 102.000000 114.000000 0.600647
547608.840000 6590702.410000 52.860000 21.000000 19.000000 20.000000 31.000000 0.602646
547609.050000 6590702.540000 52.820000 26.000000 21.000000 25.000000 31.000000 0.600311
547609.370000 6590702.570000 52.790000 33.000000 33.000000 35.000000 46.000000 0.595978
547605.670000 6590701.990000 52.940000 102.000000 110.000000 112.000000 96.000000 0.495651
547605.760000 6590702.340000 52.930000 163.000000 173.000000 165.000000 153.000000 0.622314
547605.830000 6590702.620000 52.880000 149.000000 150.000000 152.000000 143.000000 0.651978
547605.900000 6590701.530000 52.960000 93.000000 97.000000 100.000000 85.000000 0.689987
547605.990000 6590701.870000 52.970000 142.000000 152.000000 143.000000 135.000000 0.716980
547606.140000 6590702.470000 52.890000 93.000000 88.000000 95.000000 125.000000 0.724319
547606.240000 6590701.550000 52.940000 70.000000 69.000000 65.000000 78.000000 0.625656
547606.330000 6590701.900000 52.940000 58.000000 59.000000 63.000000 69.000000 0.696976
547606.400000 6590702.180000 52.960000 55.000000 55.000000 57.000000 61.000000 0.681976
547606.480000 6590702.500000 52.870000 45.000000 42.000000 51.000000 55.000000 0.689987
547606.560000 6590701.800000 52.990000 66.000000 64.000000 65.000000 72.000000 0.596649
547606.640000 6590702.100000 52.930000 51.000000 51.000000 53.000000 59.000000 0.711319
547606.720000 6590702.420000 52.890000 44.000000 43.000000 49.000000 53.000000 0.657990
547606.790000 6590702.700000 52.810000 35.000000 40.000000 34.000000 44.000000 0.634979
547606.820000 6590701.760000 52.970000 52.000000 52.000000 54.000000 58.000000 0.636642
547606.900000 6590702.060000 52.930000 43.000000 43.000000 45.000000 47.000000 0.636322
547606.980000 6590702.390000 52.890000 39.000000 38.000000 43.000000 47.000000 0.641647
547607.050000 6590702.680000 52.810000 65.000000 67.000000 62.000000 73.000000 0.645981
547607.280000 6590701.930000 52.940000 43.000000 44.000000 48.000000 51.000000 0.654648
547607.350000 6590702.200000 52.920000 40.000000 39.000000 45.000000 45.000000 0.629318
547607.430000 6590702.530000 52.840000 113.000000 112.000000 108.000000 116.000000 0.637985
547607.710000 6590702.000000 52.930000 41.000000 42.000000 46.000000 50.000000 0.611313
547607.780000 6590702.290000 52.890000 29.000000 28.000000 34.000000 34.000000 0.651321
547607.860000 6590702.590000 52.810000 101.000000 106.000000 102.000000 112.000000 0.639648
547608.110000 6590702.360000 52.860000 69.000000 70.000000 74.000000 78.000000 0.615646
547608.180000 6590702.640000 52.790000 107.000000 103.000000 104.000000 111.000000 0.622650
547608.380000 6590702.210000 52.920000 21.000000 22.000000 27.000000 34.000000 0.616989
547608.450000 6590702.490000 52.800000 109.000000 111.000000 108.000000 121.000000 0.589645
547608.770000 6590702.520000 52.840000 78.000000 78.000000 76.000000 86.000000 0.629318
547609.210000 6590702.650000 52.770000 29.000000 29.000000 31.000000 39.000000 0.586655
547609.690000 6590702.640000 52.780000 30.000000 29.000000 34.000000 46.000000 0.651321
547602.750000 6590702.580000 63.670000 36.000000 36.000000 38.000000 37.000000 0.648651
547602.920000 6590702.820000 63.260000 27.000000 28.000000 33.000000 30.000000 0.642654
547603.000000 6590702.490000 63.300000 30.000000 30.000000 28.000000 40.000000 0.629654
547602.730000 6590702.550000 63.740000 36.000000 36.000000 38.000000 37.000000 0.703644
547602.790000 6590702.800000 63.320000 30.000000 33.000000 40.000000 34.000000 0.662323
547602.950000 6590702.390000 63.310000 31.000000 31.000000 29.000000 39.000000 0.624985
547603.030000 6590702.680000 63.220000 78.000000 81.000000 86.000000 77.000000 0.651978
547602.820000 6590701.310000 63.120000 30.000000 29.000000 34.000000 38.000000 0.472992
547602.830000 6590702.230000 63.660000 11.000000 15.000000 18.000000 28.000000 0.506317
547602.930000 6590701.830000 63.240000 60.000000 78.000000 80.000000 54.000000 0.510986
547603.000000 6590701.540000 63.160000 46.000000 47.000000 49.000000 48.000000 0.548645
547603.090000 6590701.180000 63.020000 36.000000 37.000000 39.000000 48.000000 0.516647
547603.180000 6590700.800000 62.840000 36.000000 35.000000 40.000000 48.000000 0.535645
547603.080000 6590702.180000 63.280000 25.000000 31.000000 43.000000 37.000000 0.628983
547603.150000 6590701.860000 63.230000 219.000000 238.000000 234.000000 186.000000 0.604980
547603.240000 6590701.500000 63.090000 37.000000 35.000000 38.000000 44.000000 0.560989
547603.330000 6590701.140000 62.940000 32.000000 33.000000 35.000000 38.000000 0.557983
547603.300000 6590702.670000 63.120000 119.000000 124.000000 120.000000 109.000000 0.609985
547603.380000 6590702.340000 63.140000 109.000000 114.000000 110.000000 110.000000 0.584976
547603.460000 6590702.030000 63.050000 155.000000 166.000000 162.000000 151.000000 0.566315
547603.540000 6590701.700000 62.990000 106.000000 107.000000 109.000000 110.000000 0.562317
547603.640000 6590702.770000 62.900000 81.000000 86.000000 82.000000 82.000000 0.587311
547603.710000 6590702.460000 62.930000 101.000000 106.000000 100.000000 94.000000 0.569656
547603.780000 6590702.160000 62.890000 114.000000 120.000000 116.000000 109.000000 0.557648
547603.830000 6590702.910000 62.810000 35.000000 39.000000 42.000000 44.000000 0.585648
547603.900000 6590702.620000 62.800000 45.000000 45.000000 45.000000 52.000000 0.582657
547602.810000 6590701.810000 63.620000 55.000000 68.000000 74.000000 66.000000 0.591324
547602.890000 6590702.120000 63.590000 34.000000 44.000000 53.000000 35.000000 0.651642
547602.970000 6590701.420000 63.180000 24.000000 27.000000 34.000000 35.000000 0.633987
547603.050000 6590701.740000 63.230000 133.000000 134.000000 128.000000 132.000000 0.611984
547603.130000 6590702.050000 63.210000 243.000000 255.000000 255.000000 208.000000 0.619324
547603.200000 6590702.350000 63.150000 32.000000 34.000000 31.000000 38.000000 0.609650
547603.280000 6590702.640000 63.150000 121.000000 123.000000 122.000000 106.000000 0.641647
547603.350000 6590702.920000 63.010000 16.000000 22.000000 20.000000 21.000000 0.636322
547603.120000 6590700.740000 62.850000 36.000000 35.000000 40.000000 48.000000 0.491318
547603.370000 6590701.730000 63.070000 109.000000 113.000000 116.000000 108.000000 0.574982
547603.440000 6590702.030000 63.100000 155.000000 166.000000 162.000000 151.000000 0.578644
547603.510000 6590702.310000 63.040000 122.000000 127.000000 123.000000 110.000000 0.585983
547603.590000 6590702.630000 62.970000 110.000000 115.000000 109.000000 97.000000 0.585648
547603.670000 6590702.920000 62.870000 67.000000 71.000000 72.000000 70.000000 0.615646
547604.030000 6590703.040000 62.600000 17.000000 21.000000 30.000000 22.000000 0.578644
547604.420000 6590702.890000 62.220000 89.000000 103.000000 116.000000 87.000000 0.517319
547604.590000 6590702.210000 62.140000 106.000000 123.000000 131.000000 105.000000 0.466660
547604.770000 6590701.470000 61.570000 84.000000 83.000000 81.000000 103.000000 0.466324
547604.080000 6590703.010000 62.560000 17.000000 21.000000 30.000000 22.000000 0.603653
547604.460000 6590702.590000 62.250000 75.000000 89.000000 100.000000 82.000000 0.527985
547604.520000 6590702.870000 62.120000 112.000000 130.000000 144.000000 113.000000 0.547653
547604.650000 6590701.970000 61.980000 79.000000 76.000000 85.000000 80.000000 0.515656
547604.730000 6590702.280000 61.840000 113.000000 133.000000 144.000000 112.000000 0.482651
547604.810000 6590702.570000 61.730000 107.000000 137.000000 147.000000 115.000000 0.491318
547602.350000 6590702.440000 63.910000 27.000000 26.000000 31.000000 35.000000 0.332993
547602.910000 6590700.950000 63.000000 36.000000 36.000000 36.000000 48.000000 0.537323
547602.710000 6590701.410000 63.220000 33.000000 34.000000 39.000000 34.000000 0.574646
547602.890000 6590701.090000 63.070000 36.000000 35.000000 41.000000 53.000000 0.540649
547603.420000 6590700.770000 62.700000 35.000000 36.000000 40.000000 45.000000 0.471649
547603.630000 6590701.320000 62.810000 84.000000 79.000000 83.000000 86.000000 0.530319
547603.720000 6590700.960000 62.570000 39.000000 38.000000 43.000000 52.000000 0.488647
547603.950000 6590701.490000 62.660000 123.000000 118.000000 115.000000 131.000000 0.524658
547604.040000 6590701.120000 62.440000 33.000000 31.000000 32.000000 52.000000 0.454315
547603.970000 6590702.320000 62.760000 116.000000 122.000000 118.000000 114.000000 0.513977
547604.070000 6590701.940000 62.670000 120.000000 121.000000 116.000000 119.000000 0.516983
547604.150000 6590701.610000 62.500000 110.000000 105.000000 99.000000 117.000000 0.504654
547604.240000 6590701.250000 62.290000 122.000000 117.000000 114.000000 120.000000 0.466660
547604.120000 6590702.690000 62.570000 21.000000 22.000000 27.000000 30.000000 0.561310
547604.200000 6590702.370000 62.590000 27.000000 35.000000 37.000000 33.000000 0.516647
547604.280000 6590702.040000 62.460000 33.000000 34.000000 36.000000 38.000000 0.490646
547604.360000 6590701.690000 62.270000 104.000000 101.000000 96.000000 112.000000 0.478989
547604.460000 6590701.300000 62.030000 109.000000 104.000000 100.000000 117.000000 0.421982
547603.530000 6590700.830000 62.700000 37.000000 36.000000 41.000000 48.000000 0.504990
547603.610000 6590701.140000 62.780000 31.000000 31.000000 33.000000 38.000000 0.527649
547603.700000 6590701.500000 62.820000 130.000000 124.000000 124.000000 137.000000 0.545319
547603.790000 6590701.840000 62.890000 104.000000 106.000000 101.000000 102.000000 0.597656
547603.860000 6590702.110000 62.830000 117.000000 123.000000 119.000000 103.000000 0.571320
547603.940000 6590702.420000 62.760000 71.000000 73.000000 70.000000 80.000000 0.573990
547604.010000 6590702.730000 62.660000 25.000000 24.000000 29.000000 31.000000 0.557312
547603.750000 6590700.940000 62.590000 39.000000 38.000000 43.000000 52.000000 0.530991
547603.840000 6590701.270000 62.680000 62.000000 58.000000 59.000000 67.000000 0.533310
547603.920000 6590701.600000 62.730000 108.000000 105.000000 100.000000 114.000000 0.532654
547604.000000 6590701.920000 62.730000 120.000000 121.000000 116.000000 119.000000 0.522644
547604.070000 6590701.070000 62.370000 31.000000 29.000000 32.000000 45.000000 0.491653
547604.150000 6590701.390000 62.460000 113.000000 108.000000 105.000000 115.000000 0.513657
547604.220000 6590701.670000 62.440000 104.000000 101.000000 96.000000 112.000000 0.543320
547604.310000 6590702.000000 62.460000 48.000000 46.000000 51.000000 55.000000 0.527649
547604.390000 6590702.310000 62.380000 40.000000 53.000000 61.000000 45.000000 0.516983
547604.410000 6590701.020000 62.000000 33.000000 31.000000 34.000000 48.000000 0.477982
547604.500000 6590701.370000 62.040000 98.000000 95.000000 90.000000 108.000000 0.481659
547604.590000 6590701.710000 62.050000 101.000000 97.000000 94.000000 112.000000 0.495316
547606.000000 6590700.280000 52.610000 122.000000 108.000000 95.000000 129.000000 0.503311
547605.560000 6590700.170000 52.450000 36.000000 38.000000 37.000000 46.000000 0.581314
547605.650000 6590700.560000 52.650000 19.000000 28.000000 35.000000 31.000000 0.651642
547606.140000 6590700.140000 52.500000 121.000000 107.000000 96.000000 129.000000 0.624649
547606.400000 6590700.100000 52.440000 116.000000 106.000000 104.000000 125.000000 0.611313
547605.860000 6590698.650000 50.980000 181.000000 161.000000 150.000000 184.000000 0.378983
547605.930000 6590698.350000 51.090000 161.000000 141.000000 130.000000 171.000000 0.573654
547605.980000 6590699.310000 51.680000 164.000000 152.000000 138.000000 173.000000 0.428986
547606.080000 6590698.910000 51.140000 161.000000 148.000000 139.000000 167.000000 0.627655
547606.170000 6590698.570000 51.220000 162.000000 152.000000 142.000000 176.000000 0.589310
547606.240000 6590698.280000 51.300000 151.000000 138.000000 130.000000 163.000000 0.538651
547606.090000 6590699.920000 52.380000 128.000000 120.000000 109.000000 137.000000 0.589310
547606.180000 6590699.560000 52.060000 140.000000 131.000000 122.000000 140.000000 0.552658
547606.290000 6590699.100000 51.410000 144.000000 136.000000 125.000000 151.000000 0.545990
547606.370000 6590698.750000 51.340000 163.000000 153.000000 144.000000 173.000000 0.620316
547606.440000 6590698.470000 51.410000 156.000000 147.000000 142.000000 164.000000 0.605652
547606.580000 6590699.550000 51.970000 109.000000 106.000000 101.000000 116.000000 0.539978
547606.690000 6590699.120000 51.510000 126.000000 119.000000 113.000000 131.000000 0.590988
547606.770000 6590698.800000 51.550000 137.000000 132.000000 126.000000 146.000000 0.613647
547606.840000 6590698.500000 51.570000 133.000000 129.000000 126.000000 144.000000 0.637314
547607.040000 6590699.040000 51.620000 124.000000 123.000000 121.000000 128.000000 0.631989
547607.120000 6590698.710000 51.630000 133.000000 132.000000 130.000000 143.000000 0.637985
547607.200000 6590698.380000 51.630000 127.000000 123.000000 120.000000 139.000000 0.577316
547607.290000 6590698.040000 51.590000 123.000000 117.000000 117.000000 132.000000 0.499313
547607.310000 6590699.050000 51.630000 112.000000 111.000000 109.000000 120.000000 0.600647
547607.450000 6590699.430000 52.010000 107.000000 108.000000 103.000000 116.000000 0.519653
547607.550000 6590699.000000 51.640000 123.000000 119.000000 118.000000 129.000000 0.621643
547607.630000 6590698.680000 51.620000 127.000000 123.000000 120.000000 134.000000 0.597321
547607.710000 6590698.360000 51.600000 128.000000 124.000000 123.000000 138.000000 0.576645
547607.790000 6590698.020000 51.580000 123.000000 119.000000 118.000000 135.000000 0.453323
547607.890000 6590699.040000 51.570000 116.000000 115.000000 111.000000 128.000000 0.552322
547607.970000 6590698.700000 51.530000 116.000000 115.000000 111.000000 129.000000 0.588318
547608.040000 6590698.390000 51.450000 122.000000 118.000000 115.000000 132.000000 0.592316
547608.120000 6590698.070000 51.400000 121.000000 117.000000 116.000000 132.000000 0.528656
547608.290000 6590698.720000 51.320000 119.000000 118.000000 114.000000 132.000000 0.561981
547608.380000 6590698.370000 51.190000 127.000000 123.000000 120.000000 138.000000 0.510986
547608.460000 6590698.040000 51.180000 115.000000 111.000000 110.000000 128.000000 0.480652
547608.540000 6590698.640000 51.140000 122.000000 121.000000 119.000000 130.000000 0.513657
547608.630000 6590698.260000 50.990000 121.000000 117.000000 114.000000 130.000000 0.500656
547605.460000 6590699.800000 52.190000 49.000000 47.000000 50.000000 54.000000 0.504990
547605.810000 6590699.800000 52.240000 153.000000 153.000000 145.000000 152.000000 0.597321
547605.720000 6590698.440000 50.680000 183.000000 170.000000 153.000000 191.000000 0.485321
547605.940000 6590699.320000 51.750000 164.000000 152.000000 138.000000 173.000000 0.480316
547606.040000 6590699.730000 52.180000 148.000000 141.000000 133.000000 145.000000 0.571991
547605.930000 6590698.200000 51.010000 154.000000 134.000000 123.000000 166.000000 0.381989
547606.000000 6590698.510000 50.990000 155.000000 141.000000 132.000000 163.000000 0.551651
547606.090000 6590698.870000 51.070000 159.000000 146.000000 137.000000 167.000000 0.600983
547606.200000 6590699.300000 51.710000 144.000000 132.000000 118.000000 150.000000 0.515656
547606.310000 6590699.720000 52.170000 131.000000 130.000000 126.000000 140.000000 0.597321
547606.320000 6590698.130000 51.410000 144.000000 131.000000 125.000000 159.000000 0.435318
547606.400000 6590698.420000 51.370000 156.000000 147.000000 142.000000 164.000000 0.557648
547606.470000 6590698.720000 51.410000 160.000000 151.000000 144.000000 173.000000 0.640656
547606.560000 6590699.060000 51.440000 143.000000 134.000000 127.000000 151.000000 0.546310
547606.670000 6590699.520000 52.060000 97.000000 96.000000 92.000000 105.000000 0.546646
547606.750000 6590698.170000 51.540000 130.000000 125.000000 121.000000 144.000000 0.571655
547606.990000 6590699.120000 51.580000 124.000000 120.000000 117.000000 133.000000 0.592987
547607.100000 6590699.580000 52.140000 91.000000 92.000000 87.000000 96.000000 0.507645
547607.150000 6590698.560000 51.610000 131.000000 130.000000 126.000000 141.000000 0.673309
547607.340000 6590698.080000 51.620000 128.000000 122.000000 122.000000 141.000000 0.584320
547607.420000 6590698.390000 51.640000 130.000000 124.000000 124.000000 142.000000 0.594986
547607.510000 6590698.720000 51.580000 134.000000 130.000000 129.000000 142.000000 0.575989
547607.590000 6590699.070000 51.620000 118.000000 114.000000 113.000000 122.000000 0.538651
547607.750000 6590698.480000 51.580000 130.000000 126.000000 125.000000 141.000000 0.552979
547607.910000 6590699.100000 51.610000 111.000000 112.000000 107.000000 120.000000 0.524323
547608.020000 6590697.950000 51.480000 115.000000 111.000000 110.000000 128.000000 0.508652
547608.100000 6590698.260000 51.430000 119.000000 115.000000 112.000000 130.000000 0.572647
547608.180000 6590698.570000 51.410000 124.000000 120.000000 117.000000 135.000000 0.587982
547608.260000 6590698.880000 51.480000 118.000000 117.000000 115.000000 129.000000 0.496323
547608.250000 6590698.050000 51.350000 120.000000 116.000000 115.000000 131.000000 0.525314
547608.330000 6590698.330000 51.320000 127.000000 123.000000 120.000000 138.000000 0.571655
547608.400000 6590698.630000 51.260000 123.000000 122.000000 120.000000 136.000000 0.552979
547608.550000 6590698.110000 51.070000 112.000000 108.000000 107.000000 124.000000 0.551987
547606.310000 6590700.660000 52.720000 101.000000 93.000000 91.000000 109.000000 0.652985
547606.400000 6590700.300000 52.570000 107.000000 97.000000 95.000000 119.000000 0.587646
547606.670000 6590700.570000 52.780000 95.000000 91.000000 88.000000 103.000000 0.613647
547606.860000 6590700.870000 52.840000 73.000000 71.000000 72.000000 82.000000 0.578644
547606.940000 6590700.520000 52.720000 96.000000 92.000000 93.000000 102.000000 0.593979
547607.030000 6590700.150000 52.520000 94.000000 90.000000 91.000000 104.000000 0.546646
547607.170000 6590700.550000 52.770000 85.000000 83.000000 86.000000 96.000000 0.539658
547607.260000 6590700.180000 52.580000 89.000000 88.000000 86.000000 99.000000 0.595978
547607.500000 6590700.600000 52.760000 77.000000 75.000000 76.000000 87.000000 0.575317
547607.600000 6590700.210000 52.630000 86.000000 86.000000 84.000000 99.000000 0.549652
547607.830000 6590700.620000 52.790000 73.000000 71.000000 72.000000 87.000000 0.593643
547607.910000 6590700.240000 52.630000 79.000000 81.000000 80.000000 92.000000 0.561310
547608.060000 6590700.570000 52.780000 76.000000 76.000000 76.000000 86.000000 0.541977
547608.140000 6590700.250000 52.660000 78.000000 80.000000 79.000000 89.000000 0.562317
547608.310000 6590700.620000 52.810000 71.000000 71.000000 73.000000 79.000000 0.588654
547608.400000 6590700.240000 52.680000 75.000000 77.000000 76.000000 86.000000 0.579651
547608.650000 6590700.700000 52.830000 65.000000 65.000000 67.000000 71.000000 0.574310
547608.740000 6590700.330000 52.710000 76.000000 77.000000 79.000000 86.000000 0.553986
547609.080000 6590700.450000 52.780000 76.000000 78.000000 77.000000 89.000000 0.559647
547609.310000 6590700.470000 52.850000 70.000000 72.000000 71.000000 82.000000 0.590652
547609.400000 6590700.130000 52.760000 69.000000 69.000000 67.000000 77.000000 0.569656
547609.610000 6590700.260000 52.800000 90.000000 92.000000 91.000000 98.000000 0.530319
547605.740000 6590700.900000 52.850000 49.000000 53.000000 54.000000 55.000000 0.669983
547606.230000 6590700.480000 52.680000 107.000000 94.000000 88.000000 121.000000 0.638657
547606.320000 6590700.830000 52.850000 88.000000 83.000000 79.000000 98.000000 0.613312
547606.490000 6590700.450000 52.640000 101.000000 93.000000 90.000000 112.000000 0.592987
547606.570000 6590700.770000 52.790000 83.000000 82.000000 78.000000 99.000000 0.617310
547606.850000 6590700.240000 52.640000 93.000000 87.000000 87.000000 105.000000 0.545654
547606.950000 6590700.620000 52.780000 81.000000 79.000000 80.000000 93.000000 0.592316
547607.280000 6590700.290000 52.640000 87.000000 85.000000 86.000000 101.000000 0.544983
547607.380000 6590700.660000 52.800000 76.000000 74.000000 75.000000 91.000000 0.560318
547607.530000 6590700.060000 52.520000 95.000000 95.000000 93.000000 106.000000 0.546310
547607.620000 6590700.430000 52.720000 85.000000 85.000000 85.000000 101.000000 0.511322
547607.710000 6590700.760000 52.840000 70.000000 68.000000 69.000000 81.000000 0.588318
547607.880000 6590700.200000 52.600000 82.000000 84.000000 83.000000 95.000000 0.560989
547607.960000 6590700.560000 52.800000 78.000000 78.000000 78.000000 89.000000 0.588989
547608.200000 6590700.280000 52.660000 78.000000 80.000000 79.000000 89.000000 0.556656
547608.300000 6590700.660000 52.800000 71.000000 71.000000 73.000000 79.000000 0.583313
547608.560000 6590700.070000 52.620000 85.000000 85.000000 85.000000 97.000000 0.550644
547608.650000 6590700.440000 52.790000 73.000000 74.000000 76.000000 80.000000 0.566650
547608.800000 6590700.200000 52.690000 80.000000 82.000000 81.000000 91.000000 0.549316
547608.880000 6590700.530000 52.810000 70.000000 71.000000 73.000000 81.000000 0.591980
547609.040000 6590700.060000 52.600000 84.000000 84.000000 84.000000 95.000000 0.538651
547609.120000 6590700.390000 52.730000 83.000000 85.000000 84.000000 93.000000 0.585312
547609.470000 6590700.350000 52.850000 62.000000 64.000000 61.000000 69.000000 0.593979
547607.360000 6590699.780000 52.310000 96.000000 95.000000 91.000000 104.000000 0.516983
547607.680000 6590699.860000 52.410000 98.000000 97.000000 95.000000 104.000000 0.523315
547607.780000 6590699.470000 52.050000 93.000000 95.000000 92.000000 102.000000 0.496658
547608.000000 6590699.890000 52.440000 99.000000 97.000000 98.000000 105.000000 0.557648
547608.100000 6590699.520000 52.100000 110.000000 110.000000 108.000000 116.000000 0.489319
547608.200000 6590699.110000 51.690000 113.000000 114.000000 109.000000 122.000000 0.468658
547608.230000 6590699.880000 52.420000 99.000000 97.000000 98.000000 109.000000 0.504654
547608.330000 6590699.480000 52.120000 125.000000 127.000000 124.000000 131.000000 0.524979
547608.430000 6590699.090000 51.660000 109.000000 109.000000 107.000000 121.000000 0.418991
547608.670000 6590699.120000 51.820000 112.000000 112.000000 112.000000 120.000000 0.501312
547608.840000 6590699.940000 52.530000 89.000000 87.000000 88.000000 99.000000 0.540649
547608.920000 6590699.580000 52.280000 106.000000 108.000000 105.000000 115.000000 0.486313
547609.460000 6590698.910000 51.700000 117.000000 118.000000 112.000000 128.000000 0.378647
547609.490000 6590699.750000 52.540000 93.000000 93.000000 91.000000 98.000000 0.504990
547609.590000 6590699.360000 52.260000 128.000000 133.000000 127.000000 131.000000 0.411987
547606.770000 6590699.890000 52.380000 100.000000 99.000000 95.000000 111.000000 0.558655
547607.200000 6590699.960000 52.450000 102.000000 101.000000 99.000000 108.000000 0.563324
547607.690000 6590699.470000 52.130000 96.000000 96.000000 94.000000 106.000000 0.502319
547607.790000 6590699.840000 52.430000 98.000000 97.000000 95.000000 103.000000 0.561310
547608.020000 6590699.560000 52.130000 110.000000 110.000000 108.000000 116.000000 0.482986
547608.120000 6590699.940000 52.480000 94.000000 92.000000 93.000000 102.000000 0.529984
547608.380000 6590699.360000 52.090000 107.000000 112.000000 108.000000 111.000000 0.506653
547608.470000 6590699.740000 52.450000 95.000000 95.000000 95.000000 108.000000 0.492645
547608.500000 6590699.020000 51.600000 108.000000 108.000000 106.000000 113.000000 0.449982
547608.600000 6590699.440000 52.140000 112.000000 114.000000 111.000000 116.000000 0.480316
547608.710000 6590699.830000 52.480000 88.000000 86.000000 87.000000 101.000000 0.530655
547608.840000 6590699.250000 51.940000 105.000000 107.000000 104.000000 113.000000 0.445312
547608.940000 6590699.660000 52.360000 100.000000 100.000000 100.000000 109.000000 0.504990
547609.180000 6590699.180000 51.980000 129.000000 131.000000 128.000000 134.000000 0.507324
547609.380000 6590699.970000 52.710000 76.000000 75.000000 73.000000 88.000000 0.563644
547609.410000 6590698.680000 51.250000 121.000000 122.000000 116.000000 132.000000 0.363647
547609.530000 6590699.160000 52.010000 122.000000 125.000000 118.000000 129.000000 0.457657
547600.680000 6590700.790000 62.720000 40.000000 40.000000 42.000000 53.000000 0.526978
547600.760000 6590700.460000 62.490000 35.000000 35.000000 37.000000 47.000000 0.486313
547600.850000 6590700.100000 62.250000 33.000000 34.000000 39.000000 38.000000 0.431320
547600.980000 6590700.570000 62.770000 37.000000 36.000000 41.000000 47.000000 0.545990
547601.530000 6590700.020000 62.400000 35.000000 36.000000 41.000000 40.000000 0.487320
547600.690000 6590700.680000 62.680000 36.000000 36.000000 38.000000 49.000000 0.513657
547600.900000 6590700.200000 62.430000 37.000000 38.000000 42.000000 48.000000 0.472656
547601.010000 6590700.620000 62.780000 36.000000 35.000000 40.000000 48.000000 0.533646
547601.160000 6590700.180000 62.530000 32.000000 33.000000 38.000000 40.000000 0.495316
547601.330000 6590700.020000 62.330000 36.000000 37.000000 42.000000 40.000000 0.468323
547600.960000 6590699.650000 61.720000 35.000000 36.000000 41.000000 41.000000 0.340652
547601.160000 6590698.860000 61.000000 35.000000 35.000000 43.000000 37.000000 0.601318
547601.310000 6590699.230000 60.980000 32.000000 35.000000 40.000000 41.000000 0.483978
547601.390000 6590698.910000 61.010000 37.000000 37.000000 45.000000 41.000000 0.596313
547601.950000 6590699.740000 62.280000 37.000000 38.000000 43.000000 38.000000 0.452988
547602.270000 6590699.590000 62.010000 64.000000 65.000000 67.000000 74.000000 0.411316
547602.530000 6590699.570000 61.850000 61.000000 63.000000 62.000000 67.000000 0.377655
547601.040000 6590699.720000 62.000000 35.000000 36.000000 41.000000 42.000000 0.389313
547601.100000 6590699.090000 60.960000 34.000000 34.000000 44.000000 42.000000 0.603989
547601.590000 6590699.440000 61.720000 29.000000 32.000000 39.000000 41.000000 0.378326
547601.710000 6590699.890000 62.440000 35.000000 35.000000 43.000000 37.000000 0.473648
547602.000000 6590699.680000 62.120000 47.000000 48.000000 52.000000 54.000000 0.443985
547602.240000 6590699.540000 61.940000 64.000000 65.000000 67.000000 74.000000 0.434326
547601.770000 6590699.080000 61.020000 34.000000 37.000000 42.000000 38.000000 0.600647
547601.850000 6590698.740000 61.020000 33.000000 37.000000 48.000000 39.000000 0.590317
547602.180000 6590698.830000 61.000000 43.000000 44.000000 49.000000 40.000000 0.602982
547602.480000 6590698.730000 60.920000 35.000000 38.000000 45.000000 36.000000 0.597977
547601.400000 6590698.640000 61.080000 35.000000 38.000000 45.000000 38.000000 0.499649
547601.790000 6590698.800000 61.050000 33.000000 37.000000 49.000000 42.000000 0.611313
547601.860000 6590699.110000 61.000000 34.000000 38.000000 41.000000 36.000000 0.569656
547602.110000 6590699.040000 61.020000 27.000000 30.000000 35.000000 35.000000 0.602982
547602.290000 6590698.730000 60.960000 38.000000 41.000000 46.000000 45.000000 0.646988
547600.590000 6590701.160000 62.830000 37.000000 37.000000 39.000000 50.000000 0.498322
547600.800000 6590701.280000 63.030000 36.000000 35.000000 40.000000 48.000000 0.554657
547601.100000 6590701.790000 63.240000 30.000000 31.000000 36.000000 36.000000 0.625320
547601.180000 6590701.460000 63.190000 31.000000 32.000000 37.000000 38.000000 0.606644
547601.260000 6590701.150000 63.120000 38.000000 37.000000 42.000000 50.000000 0.591324
547601.670000 6590700.870000 63.120000 37.000000 38.000000 43.000000 48.000000 0.595657
547601.980000 6590700.740000 63.060000 34.000000 35.000000 39.000000 46.000000 0.568649
547602.250000 6590700.750000 63.010000 36.000000 35.000000 41.000000 44.000000 0.534653
547602.590000 6590700.820000 63.010000 39.000000 36.000000 43.000000 51.000000 0.544983
547603.010000 6590700.570000 62.750000 36.000000 35.000000 40.000000 45.000000 0.534653
547600.780000 6590701.020000 62.930000 39.000000 39.000000 41.000000 48.000000 0.531311
547600.870000 6590701.360000 63.070000 34.000000 33.000000 38.000000 45.000000 0.551315
547600.960000 6590701.740000 63.200000 34.000000 35.000000 40.000000 40.000000 0.607651
547601.100000 6590700.970000 63.020000 36.000000 36.000000 38.000000 50.000000 0.526978
547601.180000 6590701.300000 63.130000 35.000000 34.000000 39.000000 46.000000 0.541977
547601.330000 6590700.890000 63.080000 37.000000 36.000000 41.000000 48.000000 0.571320
547601.900000 6590700.680000 63.040000 35.000000 36.000000 41.000000 45.000000 0.538651
547602.300000 6590700.860000 63.080000 37.000000 36.000000 42.000000 50.000000 0.573318
547602.530000 6590700.710000 62.970000 35.000000 34.000000 40.000000 47.000000 0.546310
547602.790000 6590700.720000 62.940000 36.000000 35.000000 40.000000 44.000000 0.526657
547602.620000 6590701.060000 63.100000 39.000000 38.000000 43.000000 47.000000 0.564987
547601.340000 6590700.790000 62.940000 39.000000 38.000000 43.000000 50.000000 0.533310
547601.440000 6590700.410000 62.750000 36.000000 35.000000 41.000000 45.000000 0.502991
547601.760000 6590700.520000 62.950000 35.000000 36.000000 41.000000 43.000000 0.528320
547601.860000 6590700.130000 62.670000 34.000000 35.000000 40.000000 40.000000 0.464981
547602.070000 6590700.410000 62.830000 33.000000 34.000000 39.000000 40.000000 0.529648
547602.160000 6590700.010000 62.500000 50.000000 51.000000 56.000000 54.000000 0.450317
547602.330000 6590700.400000 62.810000 36.000000 37.000000 42.000000 45.000000 0.495651
547602.430000 6590700.000000 62.430000 53.000000 54.000000 56.000000 56.000000 0.483978
547602.690000 6590700.440000 62.780000 38.000000 37.000000 43.000000 45.000000 0.508316
547602.780000 6590700.070000 62.450000 50.000000 49.000000 54.000000 56.000000 0.447311
547601.250000 6590700.540000 62.810000 36.000000 35.000000 40.000000 44.000000 0.498978
547601.520000 6590700.750000 62.960000 32.000000 31.000000 36.000000 42.000000 0.555984
547601.810000 6590700.310000 62.810000 34.000000 35.000000 40.000000 40.000000 0.537323
547602.110000 6590700.080000 62.610000 50.000000 51.000000 56.000000 54.000000 0.473648
547602.450000 6590700.370000 62.790000 42.000000 41.000000 47.000000 51.000000 0.514313
547602.620000 6590700.010000 62.450000 51.000000 50.000000 55.000000 51.000000 0.474319
547602.710000 6590700.390000 62.770000 43.000000 42.000000 47.000000 50.000000 0.511978
547603.030000 6590700.380000 62.580000 41.000000 40.000000 45.000000 45.000000 0.531647
547602.340000 6590699.960000 62.400000 50.000000 51.000000 55.000000 54.000000 0.455658
547600.230000 6590701.610000 62.790000 36.000000 37.000000 41.000000 49.000000 0.562653
547600.310000 6590701.290000 62.750000 37.000000 37.000000 39.000000 49.000000 0.498657
547600.130000 6590701.430000 62.670000 34.000000 35.000000 37.000000 45.000000 0.509659
547600.280000 6590701.180000 62.740000 36.000000 36.000000 38.000000 51.000000 0.480988
547599.120000 6590702.230000 61.380000 28.000000 32.000000 41.000000 40.000000 0.453659
547599.190000 6590701.940000 61.570000 30.000000 33.000000 40.000000 36.000000 0.462326
547599.270000 6590702.720000 61.720000 66.000000 72.000000 84.000000 80.000000 0.488647
547599.340000 6590702.440000 61.920000 35.000000 38.000000 43.000000 38.000000 0.496979
547599.420000 6590702.130000 62.010000 28.000000 31.000000 38.000000 36.000000 0.462646
547599.490000 6590701.840000 62.100000 27.000000 28.000000 33.000000 33.000000 0.511658
547599.540000 6590703.080000 62.020000 108.000000 131.000000 147.000000 116.000000 0.470657
547599.670000 6590702.530000 62.360000 22.000000 27.000000 31.000000 30.000000 0.517990
547599.750000 6590702.200000 62.490000 26.000000 29.000000 34.000000 29.000000 0.531647
547599.820000 6590701.920000 62.510000 29.000000 30.000000 34.000000 44.000000 0.510315
547599.900000 6590701.600000 62.510000 34.000000 34.000000 36.000000 48.000000 0.498657
547599.120000 6590702.060000 61.490000 28.000000 31.000000 38.000000 29.000000 0.429657
547599.220000 6590702.450000 61.700000 31.000000 36.000000 42.000000 34.000000 0.456650
547599.300000 6590702.760000 61.710000 72.000000 78.000000 92.000000 85.000000 0.483978
547599.370000 6590701.990000 61.970000 28.000000 28.000000 36.000000 28.000000 0.468979
547599.450000 6590702.330000 62.080000 29.000000 32.000000 39.000000 36.000000 0.490311
547599.530000 6590702.660000 62.140000 19.000000 23.000000 35.000000 22.000000 0.492325
547599.610000 6590702.960000 62.140000 90.000000 111.000000 132.000000 95.000000 0.484650
547599.610000 6590701.900000 62.300000 28.000000 29.000000 34.000000 35.000000 0.491653
547599.700000 6590702.250000 62.400000 27.000000 30.000000 35.000000 35.000000 0.487991
547599.770000 6590702.550000 62.440000 16.000000 24.000000 27.000000 25.000000 0.512985
547599.850000 6590702.840000 62.450000 75.000000 92.000000 112.000000 89.000000 0.500320
547599.880000 6590701.620000 62.520000 35.000000 35.000000 37.000000 48.000000 0.477646
547599.970000 6590701.960000 62.600000 31.000000 32.000000 36.000000 42.000000 0.482315
547600.430000 6590701.800000 62.940000 38.000000 39.000000 43.000000 47.000000 0.538651
547600.500000 6590701.510000 62.880000 36.000000 37.000000 41.000000 42.000000 0.535324
547600.420000 6590702.860000 62.910000 24.000000 24.000000 32.000000 34.000000 0.573318
547600.500000 6590702.540000 62.990000 31.000000 32.000000 36.000000 35.000000 0.594986
547600.570000 6590702.220000 63.060000 41.000000 45.000000 48.000000 53.000000 0.605988
547600.640000 6590701.940000 63.080000 35.000000 36.000000 40.000000 41.000000 0.592651
547600.720000 6590701.630000 63.100000 38.000000 39.000000 43.000000 44.000000 0.543991
547601.020000 6590702.100000 63.250000 31.000000 34.000000 39.000000 41.000000 0.627975
547600.380000 6590702.450000 62.990000 39.000000 42.000000 47.000000 45.000000 0.590652
547600.460000 6590702.760000 62.930000 22.000000 29.000000 35.000000 32.000000 0.558990
547600.540000 6590703.070000 62.900000 17.000000 24.000000 32.000000 31.000000 0.549316
547600.460000 6590701.890000 63.010000 36.000000 37.000000 41.000000 48.000000 0.580643
547600.530000 6590702.210000 63.030000 41.000000 45.000000 48.000000 53.000000 0.571991
547600.620000 6590702.560000 63.070000 25.000000 24.000000 29.000000 31.000000 0.585312
547600.580000 6590701.560000 62.970000 36.000000 37.000000 41.000000 42.000000 0.557648
547600.660000 6590701.880000 63.090000 34.000000 35.000000 39.000000 42.000000 0.580643
547600.740000 6590702.190000 63.140000 36.000000 40.000000 43.000000 45.000000 0.612976
547599.220000 6590702.950000 61.460000 84.000000 107.000000 121.000000 94.000000 0.498657
547599.480000 6590703.340000 61.730000 115.000000 133.000000 153.000000 113.000000 0.481979
547599.460000 6590703.390000 61.660000 115.000000 133.000000 153.000000 113.000000 0.454651
547599.700000 6590703.300000 62.130000 94.000000 122.000000 136.000000 99.000000 0.520645
547600.010000 6590702.490000 62.680000 54.000000 61.000000 67.000000 64.000000 0.515991
547600.090000 6590702.210000 62.750000 30.000000 34.000000 37.000000 45.000000 0.535324
547600.160000 6590701.910000 62.810000 36.000000 37.000000 41.000000 48.000000 0.526321
547600.060000 6590703.310000 62.510000 89.000000 114.000000 134.000000 98.000000 0.507980
547600.140000 6590703.010000 62.680000 110.000000 128.000000 142.000000 109.000000 0.549316
547600.210000 6590702.730000 62.820000 96.000000 109.000000 117.000000 99.000000 0.580322
547600.270000 6590702.450000 62.900000 51.000000 56.000000 62.000000 56.000000 0.555313
547600.350000 6590702.140000 62.930000 33.000000 37.000000 40.000000 46.000000 0.544312
547600.360000 6590703.100000 62.790000 31.000000 45.000000 56.000000 38.000000 0.587982
547600.050000 6590702.260000 62.690000 30.000000 34.000000 37.000000 45.000000 0.526978
547600.130000 6590702.590000 62.740000 59.000000 70.000000 76.000000 64.000000 0.518311
547600.210000 6590702.920000 62.710000 93.000000 99.000000 115.000000 92.000000 0.544647
547600.280000 6590703.200000 62.690000 103.000000 120.000000 138.000000 110.000000 0.543655
547600.210000 6590701.780000 62.800000 34.000000 35.000000 39.000000 47.000000 0.490311
547600.310000 6590702.130000 62.920000 33.000000 37.000000 40.000000 46.000000 0.543655
547600.370000 6590701.550000 62.900000 35.000000 36.000000 40.000000 47.000000 0.528656
547600.490000 6590701.210000 62.860000 37.000000 37.000000 39.000000 50.000000 0.535324
547599.810000 6590703.350000 62.200000 96.000000 125.000000 139.000000 100.000000 0.490646
547599.870000 6590703.070000 62.400000 112.000000 130.000000 150.000000 113.000000 0.513977
547599.940000 6590702.800000 62.550000 114.000000 130.000000 145.000000 103.000000 0.571320
547599.930000 6590703.170000 62.450000 88.000000 111.000000 127.000000 94.000000 0.521988
547602.140000 6590704.100000 62.840000 75.000000 94.000000 108.000000 77.000000 0.630981
547602.210000 6590703.820000 62.980000 107.000000 132.000000 154.000000 110.000000 0.621979
547602.280000 6590703.520000 63.140000 60.000000 70.000000 79.000000 69.000000 0.637650
547602.350000 6590703.260000 63.260000 23.000000 36.000000 44.000000 39.000000 0.656311
547602.410000 6590703.010000 63.680000 36.000000 35.000000 40.000000 36.000000 0.661316
547602.210000 6590704.790000 62.080000 31.000000 35.000000 34.000000 36.000000 0.559311
547602.260000 6590704.550000 62.420000 41.000000 43.000000 42.000000 45.000000 0.554977
547602.330000 6590704.270000 62.670000 64.000000 73.000000 82.000000 69.000000 0.564316
547602.400000 6590703.990000 62.850000 103.000000 125.000000 146.000000 104.000000 0.614990
547602.460000 6590703.740000 63.020000 104.000000 131.000000 152.000000 111.000000 0.650314
547602.530000 6590703.440000 63.120000 37.000000 46.000000 55.000000 47.000000 0.625977
547602.610000 6590703.120000 63.240000 26.000000 29.000000 34.000000 31.000000 0.626648
547602.670000 6590702.870000 63.570000 23.000000 28.000000 31.000000 31.000000 0.663651
547602.500000 6590704.530000 62.360000 45.000000 47.000000 46.000000 48.000000 0.586319
547602.570000 6590704.250000 62.590000 51.000000 58.000000 66.000000 60.000000 0.584656
547602.640000 6590703.980000 62.790000 99.000000 125.000000 142.000000 100.000000 0.602646
547602.710000 6590703.680000 62.970000 117.000000 139.000000 160.000000 123.000000 0.582657
547602.770000 6590703.400000 63.110000 37.000000 45.000000 56.000000 51.000000 0.630646
547602.840000 6590703.120000 63.190000 16.000000 21.000000 25.000000 29.000000 0.656982
547602.940000 6590704.170000 62.610000 74.000000 88.000000 101.000000 81.000000 0.555984
547603.000000 6590703.900000 62.800000 96.000000 122.000000 139.000000 99.000000 0.590988
547603.080000 6590703.580000 62.940000 115.000000 131.000000 147.000000 115.000000 0.632645
547603.150000 6590703.290000 63.010000 83.000000 93.000000 95.000000 81.000000 0.613312
547603.220000 6590703.000000 63.080000 25.000000 29.000000 30.000000 24.000000 0.591980
547602.070000 6590704.820000 62.010000 25.000000 26.000000 28.000000 31.000000 0.543655
547602.180000 6590704.240000 62.680000 77.000000 87.000000 97.000000 85.000000 0.595978
547602.250000 6590704.510000 62.410000 41.000000 43.000000 42.000000 45.000000 0.583313
547602.310000 6590704.760000 62.110000 45.000000 49.000000 48.000000 53.000000 0.531647
547602.170000 6590703.350000 63.210000 72.000000 82.000000 92.000000 68.000000 0.643646
547602.250000 6590703.650000 63.080000 116.000000 137.000000 154.000000 117.000000 0.619324
547602.320000 6590703.920000 62.910000 105.000000 127.000000 148.000000 110.000000 0.589645
547602.390000 6590704.210000 62.700000 64.000000 73.000000 82.000000 69.000000 0.613983
547602.460000 6590704.480000 62.460000 46.000000 47.000000 49.000000 53.000000 0.558319
547602.490000 6590702.970000 63.380000 23.000000 28.000000 31.000000 41.000000 0.586319
547602.540000 6590703.210000 63.180000 36.000000 47.000000 53.000000 47.000000 0.660309
547602.620000 6590703.510000 63.060000 91.000000 103.000000 117.000000 90.000000 0.643646
547602.690000 6590703.810000 62.890000 108.000000 135.000000 156.000000 113.000000 0.638977
547602.760000 6590704.070000 62.660000 81.000000 100.000000 115.000000 80.000000 0.616653
547602.820000 6590704.320000 62.410000 27.000000 28.000000 33.000000 38.000000 0.565643
547602.860000 6590703.070000 63.190000 32.000000 36.000000 39.000000 38.000000 0.682983
547602.930000 6590703.360000 63.070000 56.000000 67.000000 73.000000 60.000000 0.649979
547603.010000 6590703.660000 62.920000 115.000000 136.000000 157.000000 120.000000 0.639984
547603.080000 6590703.940000 62.690000 96.000000 122.000000 139.000000 99.000000 0.624985
547603.100000 6590702.970000 63.130000 33.000000 34.000000 36.000000 33.000000 0.635651
547603.180000 6590703.280000 63.000000 83.000000 93.000000 95.000000 81.000000 0.615311
547603.250000 6590703.540000 62.880000 120.000000 139.000000 154.000000 120.000000 0.596649
547603.310000 6590703.800000 62.670000 106.000000 131.000000 151.000000 118.000000 0.580322
547603.410000 6590703.680000 62.700000 113.000000 136.000000 154.000000 116.000000 0.558655
547603.480000 6590703.390000 62.830000 45.000000 62.000000 70.000000 57.000000 0.575653
547603.550000 6590703.100000 62.880000 120.000000 130.000000 132.000000 118.000000 0.599976
547603.750000 6590703.240000 62.750000 85.000000 98.000000 104.000000 78.000000 0.566986
547603.430000 6590703.220000 62.880000 90.000000 103.000000 109.000000 89.000000 0.610977
547603.490000 6590703.490000 62.760000 42.000000 60.000000 72.000000 52.000000 0.585983
547603.740000 6590703.190000 62.740000 84.000000 93.000000 98.000000 81.000000 0.548325
547602.150000 6590705.020000 61.700000 45.000000 45.000000 45.000000 50.000000 0.540314
547602.380000 6590705.020000 61.590000 47.000000 49.000000 48.000000 51.000000 0.556976
547602.440000 6590704.800000 62.030000 44.000000 48.000000 49.000000 51.000000 0.554321
547602.710000 6590705.120000 61.290000 41.000000 42.000000 44.000000 43.000000 0.535980
547602.750000 6590704.930000 61.780000 40.000000 39.000000 44.000000 45.000000 0.542648
547602.810000 6590704.690000 62.130000 41.000000 42.000000 44.000000 44.000000 0.549652
547602.880000 6590704.410000 62.370000 43.000000 43.000000 45.000000 49.000000 0.584656
547603.090000 6590704.980000 61.300000 42.000000 41.000000 46.000000 43.000000 0.535980
547603.150000 6590704.770000 61.740000 39.000000 43.000000 46.000000 47.000000 0.537643
547603.210000 6590704.510000 62.100000 37.000000 37.000000 45.000000 45.000000 0.545654
547603.280000 6590704.240000 62.330000 46.000000 55.000000 54.000000 46.000000 0.586990
547603.350000 6590703.950000 62.520000 93.000000 118.000000 140.000000 97.000000 0.561646
547603.370000 6590704.810000 61.430000 37.000000 41.000000 40.000000 45.000000 0.512650
547602.130000 6590705.040000 61.630000 45.000000 45.000000 45.000000 50.000000 0.541977
547602.380000 6590705.000000 61.630000 51.000000 51.000000 53.000000 54.000000 0.527313
547602.510000 6590704.700000 62.200000 39.000000 43.000000 44.000000 47.000000 0.533981
547602.570000 6590704.930000 61.810000 40.000000 41.000000 45.000000 48.000000 0.584320
547602.900000 6590704.590000 62.100000 42.000000 44.000000 43.000000 50.000000 0.570648
547602.950000 6590704.810000 61.690000 42.000000 43.000000 47.000000 45.000000 0.551651
547603.010000 6590705.030000 61.150000 41.000000 41.000000 43.000000 46.000000 0.547318
547603.140000 6590704.180000 62.470000 72.000000 86.000000 99.000000 82.000000 0.557648
547603.210000 6590704.460000 62.200000 38.000000 39.000000 43.000000 43.000000 0.554321
547603.270000 6590704.690000 61.830000 35.000000 40.000000 46.000000 42.000000 0.540985
547603.320000 6590704.890000 61.280000 37.000000 41.000000 40.000000 45.000000 0.530319
547603.380000 6590704.070000 62.420000 92.000000 113.000000 134.000000 93.000000 0.598312
547603.420000 6590704.580000 61.760000 35.000000 35.000000 45.000000 41.000000 0.536652
547603.480000 6590704.350000 62.110000 21.000000 23.000000 20.000000 27.000000 0.551315
547603.540000 6590704.070000 62.330000 86.000000 104.000000 128.000000 93.000000 0.577652
547603.610000 6590703.780000 62.480000 110.000000 135.000000 157.000000 115.000000 0.548981
547603.680000 6590703.520000 62.620000 110.000000 132.000000 146.000000 118.000000 0.558990
547603.700000 6590704.430000 61.830000 51.000000 50.000000 58.000000 57.000000 0.540985
547603.760000 6590704.170000 62.100000 91.000000 104.000000 121.000000 89.000000 0.521317
547603.820000 6590703.910000 62.310000 101.000000 126.000000 148.000000 107.000000 0.531311
547603.890000 6590703.620000 62.460000 109.000000 132.000000 150.000000 118.000000 0.519653
547603.970000 6590703.320000 62.560000 54.000000 71.000000 81.000000 65.000000 0.540314
547603.440000 6590704.310000 62.140000 21.000000 23.000000 20.000000 27.000000 0.545654
547603.500000 6590704.550000 61.780000 47.000000 47.000000 55.000000 50.000000 0.534653
547603.560000 6590704.760000 61.310000 21.000000 25.000000 26.000000 30.000000 0.535980
547603.560000 6590703.730000 62.520000 109.000000 134.000000 154.000000 112.000000 0.573654
547603.630000 6590704.030000 62.280000 89.000000 107.000000 131.000000 92.000000 0.549988
547603.690000 6590704.260000 61.970000 35.000000 43.000000 46.000000 49.000000 0.553986
547603.820000 6590703.510000 62.600000 106.000000 127.000000 144.000000 117.000000 0.569321
547603.880000 6590703.750000 62.310000 108.000000 133.000000 153.000000 117.000000 0.550644
547601.910000 6590705.080000 61.600000 45.000000 45.000000 45.000000 48.000000 0.535980
547603.040000 6590705.220000 60.910000 38.000000 39.000000 41.000000 40.000000 0.579987
547602.630000 6590705.160000 61.280000 40.000000 41.000000 43.000000 43.000000 0.545654
547603.080000 6590705.310000 60.930000 37.000000 41.000000 42.000000 43.000000 0.633652
547606.050000 6590703.080000 52.670000 74.000000 83.000000 90.000000 78.000000 0.466324
547606.050000 6590704.190000 51.870000 77.000000 99.000000 113.000000 85.000000 0.389984
547606.110000 6590703.930000 52.160000 30.000000 32.000000 45.000000 41.000000 0.275650
547606.240000 6590703.400000 52.560000 23.000000 27.000000 30.000000 34.000000 0.665985
547606.310000 6590703.100000 52.690000 34.000000 34.000000 36.000000 44.000000 0.651978
547606.280000 6590704.200000 51.860000 97.000000 116.000000 130.000000 103.000000 0.604645
547606.340000 6590703.940000 52.120000 51.000000 59.000000 72.000000 59.000000 0.616653
547606.480000 6590703.380000 52.560000 38.000000 38.000000 40.000000 49.000000 0.643311
547606.540000 6590703.100000 52.650000 43.000000 44.000000 46.000000 55.000000 0.598312
547606.680000 6590703.970000 52.060000 83.000000 95.000000 109.000000 80.000000 0.622986
547606.740000 6590703.710000 52.290000 31.000000 41.000000 50.000000 37.000000 0.600647
547606.810000 6590703.410000 52.520000 72.000000 73.000000 68.000000 79.000000 0.592316
547606.880000 6590703.110000 52.660000 84.000000 84.000000 82.000000 90.000000 0.665314
547607.140000 6590703.430000 52.450000 66.000000 71.000000 74.000000 80.000000 0.649323
547607.200000 6590703.150000 52.640000 87.000000 83.000000 80.000000 90.000000 0.634644
547607.320000 6590703.630000 52.290000 108.000000 125.000000 143.000000 114.000000 0.573654
547607.380000 6590703.360000 52.480000 85.000000 91.000000 91.000000 95.000000 0.600983
547607.450000 6590703.080000 52.660000 93.000000 87.000000 87.000000 100.000000 0.591324
547607.560000 6590703.650000 52.250000 107.000000 122.000000 141.000000 113.000000 0.599319
547607.630000 6590703.360000 52.480000 102.000000 108.000000 108.000000 113.000000 0.585648
547607.700000 6590703.090000 52.640000 94.000000 90.000000 89.000000 96.000000 0.588989
547607.970000 6590703.470000 52.390000 90.000000 100.000000 109.000000 95.000000 0.581650
547608.040000 6590703.180000 52.570000 100.000000 100.000000 98.000000 108.000000 0.590652
547608.110000 6590702.910000 52.720000 117.000000 114.000000 109.000000 122.000000 0.607651
547608.390000 6590703.250000 52.480000 129.000000 125.000000 124.000000 131.000000 0.584976
547608.460000 6590702.980000 52.640000 105.000000 105.000000 103.000000 121.000000 0.596313
547608.700000 6590702.970000 52.630000 101.000000 101.000000 101.000000 109.000000 0.577652
547608.980000 6590702.830000 52.700000 106.000000 104.000000 109.000000 121.000000 0.611649
547609.300000 6590702.840000 52.640000 25.000000 25.000000 33.000000 33.000000 0.604645
547605.770000 6590703.540000 52.450000 92.000000 110.000000 124.000000 91.000000 0.464325
547605.830000 6590703.810000 52.250000 39.000000 43.000000 54.000000 45.000000 0.545319
547605.900000 6590704.070000 51.970000 82.000000 98.000000 111.000000 91.000000 0.595978
547605.980000 6590703.200000 52.640000 119.000000 133.000000 146.000000 120.000000 0.714310
547606.050000 6590703.490000 52.460000 51.000000 60.000000 69.000000 48.000000 0.686310
547606.120000 6590703.750000 52.250000 34.000000 35.000000 40.000000 33.000000 0.644318
547606.190000 6590704.020000 52.010000 89.000000 105.000000 120.000000 91.000000 0.644989
547606.290000 6590703.080000 52.680000 33.000000 31.000000 36.000000 47.000000 0.640976
547606.360000 6590703.380000 52.500000 35.000000 36.000000 38.000000 39.000000 0.642654
547606.440000 6590703.660000 52.330000 34.000000 39.000000 43.000000 42.000000 0.642990
547606.510000 6590703.950000 52.110000 71.000000 83.000000 97.000000 64.000000 0.644653
547606.630000 6590703.090000 52.640000 54.000000 54.000000 56.000000 60.000000 0.631989
547606.700000 6590703.350000 52.520000 64.000000 63.000000 61.000000 70.000000 0.621323
547606.770000 6590703.640000 52.300000 56.000000 64.000000 67.000000 66.000000 0.596985
547606.840000 6590703.890000 52.080000 17.000000 30.000000 39.000000 42.000000 0.592987
547606.860000 6590702.990000 52.700000 84.000000 83.000000 81.000000 92.000000 0.629990
547606.940000 6590703.290000 52.540000 78.000000 79.000000 74.000000 85.000000 0.622986
547607.070000 6590703.810000 52.140000 99.000000 117.000000 131.000000 110.000000 0.635651
547607.130000 6590702.970000 52.690000 92.000000 88.000000 85.000000 102.000000 0.624313
547607.210000 6590703.280000 52.570000 85.000000 86.000000 81.000000 97.000000 0.608978
547607.270000 6590703.550000 52.390000 100.000000 113.000000 122.000000 99.000000 0.609985
547607.580000 6590703.120000 52.620000 87.000000 83.000000 84.000000 98.000000 0.605988
547607.660000 6590703.420000 52.390000 93.000000 103.000000 113.000000 107.000000 0.605652
547607.940000 6590702.900000 52.710000 105.000000 106.000000 101.000000 111.000000 0.608978
547608.000000 6590703.140000 52.560000 100.000000 100.000000 98.000000 108.000000 0.593643
547608.070000 6590703.440000 52.370000 92.000000 106.000000 115.000000 96.000000 0.595322
547608.250000 6590702.930000 52.650000 123.000000 122.000000 118.000000 129.000000 0.633652
547608.330000 6590703.240000 52.490000 129.000000 125.000000 124.000000 131.000000 0.589981
547608.600000 6590703.080000 52.580000 97.000000 101.000000 100.000000 113.000000 0.606979
547608.850000 6590702.830000 52.680000 104.000000 102.000000 105.000000 116.000000 0.607651
547608.910000 6590703.090000 52.540000 97.000000 97.000000 97.000000 112.000000 0.581314
547609.270000 6590702.930000 52.610000 51.000000 50.000000 56.000000 63.000000 0.602310
547609.430000 6590702.720000 52.680000 31.000000 35.000000 38.000000 47.000000 0.598648
547606.440000 6590705.040000 50.660000 83.000000 99.000000 122.000000 83.000000 0.500656
547606.430000 6590704.970000 50.770000 81.000000 102.000000 121.000000 88.000000 0.564651
547606.500000 6590704.720000 50.920000 89.000000 112.000000 128.000000 96.000000 0.583984
547606.550000 6590704.480000 51.310000 97.000000 118.000000 139.000000 105.000000 0.575989
547606.810000 6590704.790000 51.300000 86.000000 105.000000 120.000000 93.000000 0.618988
547606.960000 6590705.080000 51.360000 36.000000 49.000000 65.000000 41.000000 0.624985
547607.220000 6590705.080000 51.480000 34.000000 48.000000 59.000000 43.000000 0.605316
547607.290000 6590704.770000 51.530000 86.000000 105.000000 122.000000 90.000000 0.626984
547607.630000 6590704.870000 51.600000 91.000000 104.000000 121.000000 85.000000 0.600647
547607.960000 6590704.990000 51.600000 35.000000 45.000000 55.000000 45.000000 0.619980
547609.170000 6590705.020000 51.090000 43.000000 50.000000 60.000000 53.000000 0.513657
547609.260000 6590704.660000 50.920000 95.000000 113.000000 127.000000 104.000000 0.494324
547606.020000 6590704.520000 51.250000 68.000000 85.000000 101.000000 79.000000 0.589310
547606.310000 6590704.500000 51.240000 102.000000 121.000000 135.000000 104.000000 0.575989
547606.370000 6590704.740000 50.780000 92.000000 114.000000 128.000000 95.000000 0.554321
547606.700000 6590704.670000 51.160000 94.000000 115.000000 132.000000 100.000000 0.572983
547606.770000 6590704.970000 51.180000 89.000000 106.000000 124.000000 89.000000 0.583984
547607.040000 6590704.700000 51.420000 88.000000 107.000000 122.000000 97.000000 0.635651
547607.110000 6590704.980000 51.410000 57.000000 73.000000 88.000000 66.000000 0.603989
547607.640000 6590704.990000 51.590000 32.000000 46.000000 59.000000 48.000000 0.615646
547609.080000 6590704.980000 51.190000 50.000000 62.000000 74.000000 51.000000 0.548325
547609.310000 6590704.670000 50.910000 94.000000 112.000000 126.000000 105.000000 0.554657
547606.610000 6590704.240000 51.790000 100.000000 121.000000 142.000000 104.000000 0.612976
547606.880000 6590704.470000 51.420000 95.000000 113.000000 133.000000 102.000000 0.611984
547606.940000 6590704.220000 51.760000 96.000000 117.000000 136.000000 106.000000 0.588654
547607.010000 6590703.970000 52.020000 109.000000 128.000000 143.000000 117.000000 0.614319
547607.240000 6590703.910000 52.030000 98.000000 124.000000 141.000000 107.000000 0.582657
547607.370000 6590704.450000 51.570000 93.000000 114.000000 131.000000 102.000000 0.602310
547607.440000 6590704.170000 51.730000 99.000000 120.000000 139.000000 111.000000 0.589981
547607.500000 6590703.910000 51.990000 99.000000 120.000000 137.000000 107.000000 0.573318
547607.700000 6590704.580000 51.610000 78.000000 94.000000 110.000000 88.000000 0.604309
547607.780000 6590704.260000 51.640000 96.000000 112.000000 125.000000 109.000000 0.610321
547607.840000 6590704.000000 51.930000 48.000000 61.000000 67.000000 59.000000 0.587982
547607.910000 6590703.750000 52.180000 28.000000 37.000000 44.000000 44.000000 0.589645
547608.040000 6590704.680000 51.610000 54.000000 70.000000 85.000000 61.000000 0.608322
547608.120000 6590704.340000 51.590000 45.000000 61.000000 76.000000 63.000000 0.566650
547608.190000 6590704.070000 51.740000 65.000000 85.000000 96.000000 75.000000 0.565643
547608.260000 6590703.810000 52.040000 95.000000 113.000000 125.000000 107.000000 0.563324
547608.330000 6590703.520000 52.260000 106.000000 129.000000 147.000000 113.000000 0.577316
547608.280000 6590704.690000 51.620000 60.000000 78.000000 92.000000 67.000000 0.621323
547608.360000 6590704.380000 51.550000 93.000000 109.000000 125.000000 101.000000 0.581650
547608.560000 6590703.550000 52.260000 102.000000 123.000000 144.000000 113.000000 0.589981
547608.630000 6590703.280000 52.460000 111.000000 109.000000 110.000000 121.000000 0.601654
547608.490000 6590704.820000 51.540000 51.000000 67.000000 80.000000 55.000000 0.535645
547608.580000 6590704.480000 51.470000 97.000000 114.000000 132.000000 101.000000 0.546982
547608.660000 6590704.160000 51.570000 97.000000 120.000000 138.000000 106.000000 0.587311
547608.840000 6590703.410000 52.360000 105.000000 115.000000 127.000000 109.000000 0.577988
547608.810000 6590704.840000 51.440000 40.000000 56.000000 69.000000 51.000000 0.534317
547608.890000 6590704.530000 51.330000 94.000000 111.000000 127.000000 102.000000 0.544983
547608.970000 6590704.200000 51.400000 94.000000 116.000000 130.000000 103.000000 0.536652
547609.030000 6590703.940000 51.790000 88.000000 110.000000 124.000000 98.000000 0.528320
547609.090000 6590703.700000 52.060000 102.000000 127.000000 134.000000 110.000000 0.575317
547609.150000 6590703.430000 52.330000 42.000000 45.000000 54.000000 51.000000 0.595657
547609.230000 6590703.120000 52.500000 84.000000 85.000000 80.000000 102.000000 0.598648
547609.340000 6590704.360000 50.970000 99.000000 116.000000 132.000000 111.000000 0.530655
547609.390000 6590704.110000 51.460000 99.000000 121.000000 135.000000 115.000000 0.567978
547609.450000 6590703.900000 51.820000 104.000000 122.000000 142.000000 113.000000 0.580322
547609.510000 6590703.630000 52.110000 66.000000 88.000000 101.000000 76.000000 0.587311
547609.580000 6590703.360000 52.350000 50.000000 51.000000 55.000000 68.000000 0.589310
547609.640000 6590703.110000 52.570000 31.000000 31.000000 29.000000 41.000000 0.580643
547609.710000 6590702.830000 52.720000 43.000000 42.000000 40.000000 51.000000 0.593979
547609.610000 6590704.440000 50.670000 94.000000 111.000000 127.000000 106.000000 0.549988
547609.650000 6590704.290000 51.240000 100.000000 116.000000 131.000000 111.000000 0.557312
547609.700000 6590704.070000 51.660000 96.000000 112.000000 127.000000 110.000000 0.582321
547609.770000 6590703.790000 52.020000 86.000000 106.000000 113.000000 102.000000 0.572647
547609.830000 6590703.550000 52.260000 86.000000 101.000000 96.000000 101.000000 0.596985
547609.890000 6590704.390000 50.990000 92.000000 111.000000 118.000000 105.000000 0.511322
547609.940000 6590704.150000 51.400000 179.000000 189.000000 190.000000 191.000000 0.522644
547606.260000 6590704.300000 51.720000 97.000000 116.000000 130.000000 103.000000 0.627975
547606.570000 6590704.160000 51.820000 105.000000 126.000000 145.000000 105.000000 0.620651
547606.630000 6590704.440000 51.460000 97.000000 118.000000 139.000000 102.000000 0.581314
547606.900000 6590704.120000 51.790000 98.000000 119.000000 136.000000 103.000000 0.605988
547606.960000 6590704.380000 51.420000 95.000000 116.000000 135.000000 105.000000 0.579651
547607.140000 6590704.070000 51.880000 98.000000 121.000000 137.000000 107.000000 0.589645
547607.200000 6590704.330000 51.520000 95.000000 116.000000 133.000000 102.000000 0.624313
547607.330000 6590703.770000 52.050000 102.000000 123.000000 142.000000 111.000000 0.577316
547607.400000 6590704.060000 51.860000 96.000000 119.000000 137.000000 103.000000 0.587982
547607.480000 6590704.350000 51.580000 97.000000 116.000000 131.000000 102.000000 0.630310
547607.550000 6590704.660000 51.580000 81.000000 98.000000 116.000000 91.000000 0.600647
547607.730000 6590703.700000 52.160000 52.000000 61.000000 76.000000 63.000000 0.605316
547607.930000 6590704.510000 51.600000 39.000000 51.000000 65.000000 50.000000 0.640320
547608.150000 6590703.730000 52.110000 52.000000 69.000000 76.000000 67.000000 0.604980
547608.280000 6590704.230000 51.600000 103.000000 120.000000 136.000000 107.000000 0.611984
547608.370000 6590704.570000 51.580000 88.000000 104.000000 120.000000 92.000000 0.601654
547608.440000 6590704.900000 51.580000 36.000000 50.000000 59.000000 47.000000 0.603317
547608.400000 6590703.520000 52.260000 99.000000 121.000000 142.000000 111.000000 0.575317
547608.460000 6590703.770000 52.050000 101.000000 123.000000 137.000000 115.000000 0.574646
547608.530000 6590704.040000 51.730000 99.000000 122.000000 140.000000 107.000000 0.564987
547608.600000 6590704.300000 51.480000 97.000000 115.000000 135.000000 104.000000 0.597656
547608.680000 6590704.600000 51.470000 93.000000 112.000000 127.000000 98.000000 0.565979
547608.760000 6590704.920000 51.450000 45.000000 59.000000 68.000000 52.000000 0.601990
547608.670000 6590703.370000 52.360000 115.000000 116.000000 121.000000 119.000000 0.602982
547608.740000 6590703.620000 52.170000 98.000000 121.000000 135.000000 110.000000 0.588318
547608.800000 6590703.860000 51.840000 99.000000 122.000000 138.000000 107.000000 0.566986
547608.870000 6590704.120000 51.570000 97.000000 120.000000 134.000000 107.000000 0.575989
547608.920000 6590704.350000 51.260000 92.000000 111.000000 126.000000 101.000000 0.548981
547609.000000 6590704.660000 51.240000 79.000000 98.000000 112.000000 87.000000 0.565979
547608.980000 6590703.350000 52.340000 110.000000 110.000000 112.000000 118.000000 0.544312
547609.060000 6590703.650000 52.140000 42.000000 65.000000 73.000000 62.000000 0.591980
547609.120000 6590703.890000 51.850000 101.000000 123.000000 136.000000 112.000000 0.524658
547609.170000 6590704.130000 51.500000 97.000000 119.000000 132.000000 110.000000 0.535980
547609.240000 6590704.380000 51.030000 102.000000 119.000000 135.000000 111.000000 0.538315
547609.340000 6590703.180000 52.380000 70.000000 71.000000 66.000000 91.000000 0.609314
547609.410000 6590703.460000 52.190000 104.000000 107.000000 116.000000 116.000000 0.586319
547609.540000 6590703.960000 51.580000 104.000000 122.000000 142.000000 114.000000 0.584656
547609.600000 6590704.200000 51.100000 103.000000 120.000000 138.000000 114.000000 0.545319
547609.510000 6590703.020000 52.540000 32.000000 32.000000 30.000000 48.000000 0.636642
547609.580000 6590703.340000 52.380000 50.000000 51.000000 55.000000 68.000000 0.609985
547609.650000 6590703.600000 52.150000 72.000000 91.000000 106.000000 83.000000 0.584320
547609.720000 6590703.870000 51.840000 77.000000 102.000000 107.000000 93.000000 0.615311
547609.780000 6590704.100000 51.500000 80.000000 92.000000 104.000000 94.000000 0.578644
547609.840000 6590704.320000 51.050000 92.000000 111.000000 118.000000 105.000000 0.533981
547609.760000 6590702.910000 52.650000 30.000000 29.000000 25.000000 44.000000 0.592316
547609.830000 6590703.210000 52.490000 34.000000 35.000000 39.000000 44.000000 0.591980
547609.910000 6590703.490000 52.290000 137.000000 148.000000 144.000000 129.000000 0.576645
547609.970000 6590703.730000 51.990000 196.000000 218.000000 205.000000 212.000000 0.542984
547610.010000 6590703.910000 51.750000 172.000000 187.000000 180.000000 235.000000 0.540649
547610.070000 6590703.660000 52.060000 59.000000 73.000000 73.000000 122.000000 0.455322
547610.030000 6590703.990000 51.670000 172.000000 187.000000 180.000000 235.000000 0.538315
547610.090000 6590704.220000 51.190000 215.000000 233.000000 221.000000 239.000000 0.467316
547601.760000 6590704.890000 61.890000 23.000000 24.000000 26.000000 31.000000 0.520325
547600.000000 6590704.590000 60.810000 95.000000 117.000000 138.000000 102.000000 0.507980
547600.130000 6590705.800000 59.710000 71.000000 87.000000 103.000000 70.000000 0.469650
547600.190000 6590705.530000 59.870000 82.000000 102.000000 126.000000 81.000000 0.501984
547600.310000 6590705.030000 60.500000 91.000000 105.000000 118.000000 89.000000 0.534317
547600.360000 6590704.830000 61.060000 82.000000 98.000000 111.000000 89.000000 0.524658
547600.500000 6590705.680000 60.240000 50.000000 60.000000 70.000000 52.000000 0.541977
547600.580000 6590705.370000 60.330000 50.000000 59.000000 68.000000 57.000000 0.560989
547600.640000 6590705.120000 60.580000 29.000000 36.000000 44.000000 38.000000 0.533310
547600.690000 6590704.930000 61.120000 25.000000 32.000000 42.000000 35.000000 0.517990
547600.800000 6590705.590000 60.490000 37.000000 38.000000 42.000000 43.000000 0.567322
547601.050000 6590705.630000 60.660000 37.000000 38.000000 42.000000 42.000000 0.575317
547601.130000 6590705.330000 60.720000 40.000000 40.000000 42.000000 40.000000 0.583649
547601.190000 6590705.100000 61.160000 45.000000 46.000000 50.000000 45.000000 0.501984
547601.400000 6590705.720000 60.840000 38.000000 39.000000 41.000000 42.000000 0.582977
547601.480000 6590705.400000 60.890000 38.000000 38.000000 46.000000 45.000000 0.600311
547601.790000 6590705.550000 60.930000 40.000000 41.000000 45.000000 43.000000 0.597656
547601.860000 6590705.260000 61.020000 37.000000 39.000000 38.000000 43.000000 0.568314
547600.020000 6590704.590000 60.970000 95.000000 117.000000 138.000000 102.000000 0.521988
547600.080000 6590704.810000 60.560000 65.000000 84.000000 99.000000 71.000000 0.498657
547600.140000 6590705.040000 60.180000 98.000000 117.000000 131.000000 101.000000 0.542648
547600.200000 6590705.290000 59.880000 92.000000 110.000000 130.000000 87.000000 0.532990
547600.280000 6590705.610000 60.010000 64.000000 81.000000 99.000000 71.000000 0.489990
547600.400000 6590704.990000 60.620000 70.000000 82.000000 94.000000 83.000000 0.512985
547600.450000 6590705.210000 60.260000 70.000000 82.000000 94.000000 77.000000 0.556976
547600.520000 6590705.510000 60.270000 46.000000 54.000000 65.000000 51.000000 0.502655
547600.740000 6590705.020000 60.770000 26.000000 31.000000 37.000000 39.000000 0.503311
547600.820000 6590705.310000 60.520000 36.000000 35.000000 40.000000 45.000000 0.576981
547600.910000 6590705.650000 60.580000 34.000000 38.000000 41.000000 41.000000 0.571320
547601.070000 6590705.150000 60.880000 41.000000 42.000000 46.000000 46.000000 0.524979
547601.150000 6590705.460000 60.720000 39.000000 39.000000 41.000000 44.000000 0.606644
547601.230000 6590705.770000 60.690000 36.000000 40.000000 41.000000 40.000000 0.544983
547601.310000 6590705.250000 60.850000 36.000000 39.000000 44.000000 43.000000 0.580322
547601.380000 6590705.540000 60.840000 38.000000 39.000000 44.000000 43.000000 0.563980
547601.510000 6590705.230000 60.950000 35.000000 38.000000 43.000000 42.000000 0.545990
547601.580000 6590705.510000 60.880000 39.000000 40.000000 45.000000 41.000000 0.580978
547601.860000 6590705.320000 60.970000 38.000000 42.000000 43.000000 42.000000 0.611649
547599.230000 6590705.740000 58.540000 80.000000 97.000000 115.000000 80.000000 0.681320
547599.300000 6590705.430000 58.540000 83.000000 101.000000 123.000000 87.000000 0.641983
547599.430000 6590705.920000 58.520000 51.000000 61.000000 71.000000 52.000000 0.623642
547599.500000 6590705.630000 58.520000 73.000000 90.000000 108.000000 75.000000 0.627319
547599.730000 6590704.700000 60.320000 97.000000 118.000000 135.000000 100.000000 0.526321
547599.780000 6590704.470000 60.800000 101.000000 124.000000 142.000000 104.000000 0.507980
547599.740000 6590705.670000 58.540000 69.000000 86.000000 102.000000 69.000000 0.644318
547599.810000 6590705.380000 58.700000 76.000000 98.000000 119.000000 81.000000 0.502319
547599.850000 6590705.220000 59.340000 75.000000 97.000000 118.000000 80.000000 0.477325
547599.900000 6590704.990000 59.860000 57.000000 78.000000 95.000000 64.000000 0.480988
547599.950000 6590704.800000 60.380000 81.000000 102.000000 119.000000 88.000000 0.513977
547599.260000 6590705.580000 58.530000 86.000000 104.000000 126.000000 83.000000 0.667984
547599.340000 6590705.890000 58.520000 62.000000 76.000000 89.000000 66.000000 0.686981
547599.560000 6590705.400000 58.510000 80.000000 98.000000 120.000000 83.000000 0.600311
547599.630000 6590705.690000 58.500000 74.000000 91.000000 107.000000 74.000000 0.617310
547599.730000 6590704.440000 60.600000 101.000000 124.000000 142.000000 104.000000 0.484314
547599.790000 6590704.700000 60.370000 97.000000 118.000000 135.000000 100.000000 0.485321
547599.840000 6590704.910000 60.000000 78.000000 99.000000 116.000000 85.000000 0.491318
547599.910000 6590705.150000 59.610000 84.000000 105.000000 122.000000 88.000000 0.503983
547598.950000 6590704.050000 60.550000 102.000000 121.000000 136.000000 106.000000 0.590988
547599.190000 6590704.530000 59.970000 60.000000 77.000000 93.000000 67.000000 0.594650
547599.250000 6590704.310000 60.290000 108.000000 127.000000 144.000000 113.000000 0.629990
547599.310000 6590704.030000 60.510000 80.000000 105.000000 125.000000 85.000000 0.557312
547599.380000 6590705.140000 58.570000 89.000000 112.000000 130.000000 93.000000 0.580322
547599.420000 6590704.960000 59.150000 85.000000 106.000000 123.000000 93.000000 0.537979
547599.470000 6590704.740000 59.730000 101.000000 120.000000 137.000000 102.000000 0.525650
547599.530000 6590704.520000 60.150000 84.000000 103.000000 120.000000 95.000000 0.537643
547599.580000 6590704.300000 60.600000 100.000000 123.000000 141.000000 106.000000 0.485992
547599.590000 6590705.300000 58.640000 80.000000 101.000000 120.000000 90.000000 0.550980
547599.630000 6590705.110000 59.290000 87.000000 108.000000 125.000000 90.000000 0.520981
547599.670000 6590704.910000 59.810000 89.000000 110.000000 127.000000 95.000000 0.477982
547598.950000 6590704.360000 60.210000 54.000000 68.000000 81.000000 58.000000 0.575989
547599.010000 6590704.600000 59.920000 46.000000 62.000000 77.000000 54.000000 0.585648
547599.070000 6590704.840000 59.530000 92.000000 113.000000 130.000000 97.000000 0.532990
547599.190000 6590703.930000 60.610000 96.000000 123.000000 140.000000 104.000000 0.635315
547599.250000 6590704.180000 60.380000 69.000000 90.000000 109.000000 78.000000 0.587646
547599.330000 6590704.480000 60.120000 53.000000 72.000000 89.000000 60.000000 0.609650
547599.390000 6590704.700000 59.780000 102.000000 121.000000 138.000000 107.000000 0.564987
547599.450000 6590704.940000 59.270000 85.000000 106.000000 123.000000 93.000000 0.519989
547599.500000 6590705.150000 58.770000 86.000000 107.000000 124.000000 86.000000 0.488983
547600.860000 6590704.200000 62.390000 98.000000 121.000000 139.000000 107.000000 0.558319
547601.080000 6590704.430000 62.370000 65.000000 77.000000 91.000000 76.000000 0.554977
547600.830000 6590704.230000 62.380000 98.000000 121.000000 139.000000 107.000000 0.584976
547601.060000 6590704.290000 62.400000 97.000000 118.000000 137.000000 97.000000 0.555649
547600.000000 6590703.560000 62.330000 91.000000 109.000000 129.000000 96.000000 0.512314
547600.220000 6590703.680000 62.360000 89.000000 112.000000 130.000000 94.000000 0.529648
547600.280000 6590703.410000 62.570000 44.000000 59.000000 78.000000 44.000000 0.508652
547600.580000 6590703.900000 62.570000 101.000000 127.000000 144.000000 107.000000 0.573654
547600.010000 6590703.470000 62.320000 46.000000 63.000000 83.000000 44.000000 0.498657
547600.360000 6590703.510000 62.590000 101.000000 118.000000 134.000000 102.000000 0.570312
547600.440000 6590703.810000 62.420000 83.000000 104.000000 123.000000 91.000000 0.542648
547600.770000 6590703.970000 62.570000 104.000000 131.000000 150.000000 113.000000 0.559311
547599.160000 6590703.180000 61.060000 91.000000 115.000000 127.000000 96.000000 0.509323
547599.120000 6590703.650000 60.770000 100.000000 121.000000 140.000000 100.000000 0.657318
547600.400000 6590704.640000 61.560000 87.000000 103.000000 119.000000 89.000000 0.511658
547600.740000 6590704.720000 61.650000 69.000000 75.000000 89.000000 69.000000 0.514648
547600.980000 6590704.840000 61.550000 40.000000 43.000000 50.000000 42.000000 0.519318
547601.030000 6590704.650000 61.990000 66.000000 69.000000 78.000000 72.000000 0.550323
547601.230000 6590704.900000 61.740000 22.000000 23.000000 25.000000 32.000000 0.533646
547601.290000 6590704.670000 62.150000 37.000000 38.000000 43.000000 40.000000 0.545319
547601.540000 6590705.140000 61.250000 34.000000 38.000000 41.000000 35.000000 0.512314
547601.580000 6590704.960000 61.780000 26.000000 27.000000 29.000000 37.000000 0.552979
547600.280000 6590704.520000 61.530000 86.000000 107.000000 128.000000 91.000000 0.521988
547600.330000 6590704.750000 61.070000 95.000000 112.000000 128.000000 99.000000 0.536987
547600.630000 6590704.590000 61.690000 76.000000 92.000000 108.000000 82.000000 0.520645
547600.690000 6590704.820000 61.290000 28.000000 36.000000 47.000000 41.000000 0.527313
547600.970000 6590704.770000 61.830000 65.000000 68.000000 77.000000 62.000000 0.525986
547601.020000 6590704.970000 61.430000 26.000000 27.000000 31.000000 36.000000 0.500656
547601.190000 6590704.790000 61.810000 37.000000 38.000000 43.000000 41.000000 0.551987
547601.250000 6590705.020000 61.330000 47.000000 51.000000 54.000000 49.000000 0.534317
547601.400000 6590704.790000 61.900000 53.000000 53.000000 53.000000 57.000000 0.557312
547601.450000 6590705.010000 61.490000 42.000000 46.000000 49.000000 46.000000 0.514313
547601.810000 6590705.090000 61.510000 42.000000 42.000000 42.000000 46.000000 0.506653
547599.830000 6590704.280000 61.280000 96.000000 121.000000 141.000000 103.000000 0.510315
547599.960000 6590704.350000 61.320000 95.000000 120.000000 140.000000 100.000000 0.484314
547599.660000 6590704.190000 60.980000 102.000000 127.000000 147.000000 101.000000 0.475983
547600.460000 6590704.400000 62.040000 94.000000 115.000000 134.000000 99.000000 0.503647
547600.790000 6590704.480000 62.100000 84.000000 100.000000 116.000000 86.000000 0.543991
547600.220000 6590704.290000 61.820000 102.000000 124.000000 145.000000 109.000000 0.547653
547600.560000 6590704.320000 62.030000 103.000000 124.000000 143.000000 107.000000 0.515991
547600.900000 6590704.500000 62.140000 76.000000 89.000000 105.000000 82.000000 0.549652
547601.130000 6590704.560000 62.170000 23.000000 30.000000 40.000000 37.000000 0.543991
547600.160000 6590703.920000 62.100000 95.000000 116.000000 135.000000 100.000000 0.527313
547600.530000 6590704.140000 62.320000 98.000000 123.000000 143.000000 105.000000 0.563644
547600.070000 6590703.730000 62.230000 69.000000 96.000000 115.000000 82.000000 0.542648
547600.150000 6590704.010000 62.060000 103.000000 125.000000 146.000000 104.000000 0.523651
547600.500000 6590704.080000 62.300000 96.000000 123.000000 142.000000 104.000000 0.523315
547599.370000 6590703.800000 60.840000 105.000000 130.000000 152.000000 109.000000 0.476990
547599.420000 6590703.580000 61.300000 54.000000 66.000000 90.000000 63.000000 0.485321
547599.630000 6590704.080000 61.130000 93.000000 118.000000 138.000000 92.000000 0.497314
547599.680000 6590703.850000 61.540000 81.000000 106.000000 126.000000 84.000000 0.493988
547599.750000 6590703.600000 61.900000 114.000000 130.000000 155.000000 114.000000 0.489990
547599.880000 6590704.050000 61.720000 98.000000 125.000000 144.000000 98.000000 0.539978
547599.950000 6590703.790000 62.020000 85.000000 107.000000 128.000000 92.000000 0.494324
547599.530000 6590703.680000 61.430000 111.000000 129.000000 153.000000 108.000000 0.463318
547599.590000 6590703.910000 61.200000 77.000000 104.000000 125.000000 85.000000 0.466324
547599.760000 6590703.560000 61.970000 70.000000 86.000000 109.000000 76.000000 0.444656
547599.830000 6590703.830000 61.790000 72.000000 97.000000 117.000000 78.000000 0.483658
547603.920000 6590700.150000 61.730000 47.000000 48.000000 50.000000 60.000000 0.376984
547604.570000 6590700.840000 61.380000 43.000000 44.000000 46.000000 61.000000 0.375320
547604.230000 6590700.310000 61.520000 47.000000 47.000000 49.000000 59.000000 0.399658
547602.400000 6590699.060000 60.930000 61.000000 62.000000 64.000000 65.000000 0.583649
547602.670000 6590699.010000 60.860000 105.000000 105.000000 105.000000 108.000000 0.594650
547602.760000 6590698.680000 60.800000 74.000000 75.000000 79.000000 75.000000 0.565323
547602.890000 6590699.610000 61.800000 66.000000 67.000000 69.000000 72.000000 0.380325
547603.210000 6590699.750000 61.890000 64.000000 64.000000 66.000000 69.000000 0.399658
547603.630000 6590699.930000 61.810000 47.000000 48.000000 50.000000 56.000000 0.332993
547602.610000 6590698.720000 60.860000 61.000000 62.000000 67.000000 64.000000 0.613647
547602.700000 6590699.070000 60.830000 105.000000 105.000000 105.000000 108.000000 0.594650
547602.830000 6590699.580000 61.830000 62.000000 63.000000 65.000000 67.000000 0.433655
547603.250000 6590699.700000 61.840000 64.000000 64.000000 66.000000 69.000000 0.459320
547603.470000 6590699.810000 61.730000 59.000000 60.000000 62.000000 65.000000 0.378647
547603.780000 6590699.930000 61.550000 52.000000 53.000000 55.000000 61.000000 0.415649
547603.110000 6590700.160000 62.380000 52.000000 53.000000 57.000000 57.000000 0.476318
547603.270000 6590700.440000 62.550000 41.000000 42.000000 46.000000 52.000000 0.508316
547603.370000 6590700.030000 62.120000 64.000000 68.000000 69.000000 73.000000 0.417313
547603.520000 6590700.380000 62.360000 45.000000 46.000000 50.000000 54.000000 0.484314
547603.810000 6590700.590000 62.230000 40.000000 39.000000 44.000000 52.000000 0.440979
547604.340000 6590700.820000 61.930000 41.000000 42.000000 46.000000 60.000000 0.446991
547602.940000 6590700.010000 62.340000 56.000000 55.000000 60.000000 60.000000 0.504654
547603.350000 6590700.110000 62.290000 55.000000 59.000000 60.000000 64.000000 0.440659
547603.450000 6590700.480000 62.520000 45.000000 46.000000 50.000000 55.000000 0.500320
547603.570000 6590700.230000 62.210000 45.000000 46.000000 50.000000 54.000000 0.470322
547603.670000 6590700.600000 62.430000 38.000000 37.000000 42.000000 48.000000 0.459991
547603.980000 6590700.700000 62.240000 38.000000 37.000000 42.000000 51.000000 0.506989
547604.470000 6590700.300000 60.940000 48.000000 50.000000 49.000000 60.000000 0.368317
547604.650000 6590700.350000 60.620000 51.000000 53.000000 52.000000 67.000000 0.460983
547604.730000 6590700.670000 60.760000 49.000000 51.000000 50.000000 59.000000 0.463318
547604.900000 6590700.170000 60.380000 60.000000 62.000000 61.000000 73.000000 0.524979
547603.030000 6590699.030000 60.690000 91.000000 87.000000 88.000000 97.000000 0.566650
547603.370000 6590699.120000 60.460000 84.000000 83.000000 81.000000 94.000000 0.537979
547603.450000 6590698.790000 60.360000 94.000000 93.000000 89.000000 99.000000 0.514648
547603.520000 6590698.480000 60.360000 104.000000 103.000000 99.000000 107.000000 0.277328
547603.560000 6590699.270000 60.260000 79.000000 77.000000 78.000000 86.000000 0.403992
547603.640000 6590698.960000 60.170000 92.000000 91.000000 89.000000 101.000000 0.515320
547603.730000 6590698.590000 60.040000 96.000000 95.000000 93.000000 104.000000 0.493988
547603.800000 6590699.250000 60.090000 72.000000 72.000000 74.000000 81.000000 0.417648
547603.890000 6590698.860000 59.830000 86.000000 84.000000 85.000000 95.000000 0.468323
547603.980000 6590698.500000 59.590000 82.000000 81.000000 79.000000 91.000000 0.457993
547604.240000 6590698.860000 58.520000 81.000000 81.000000 81.000000 95.000000 0.482651
547604.320000 6590698.530000 58.580000 81.000000 80.000000 78.000000 95.000000 0.576981
547604.420000 6590699.590000 59.780000 64.000000 64.000000 62.000000 78.000000 0.326660
547604.560000 6590699.020000 58.550000 75.000000 75.000000 73.000000 91.000000 0.631317
547604.640000 6590698.690000 58.530000 79.000000 79.000000 77.000000 95.000000 0.621979
547604.720000 6590698.370000 58.560000 80.000000 80.000000 78.000000 95.000000 0.474655
547604.590000 6590699.800000 59.940000 58.000000 58.000000 58.000000 71.000000 0.403656
547604.840000 6590698.820000 58.550000 78.000000 79.000000 74.000000 90.000000 0.640320
547604.920000 6590698.500000 58.520000 84.000000 85.000000 80.000000 94.000000 0.644653
547602.960000 6590698.520000 60.720000 115.000000 117.000000 116.000000 109.000000 0.533981
547603.250000 6590698.910000 60.520000 92.000000 91.000000 87.000000 98.000000 0.576324
547603.330000 6590699.240000 60.590000 82.000000 78.000000 79.000000 91.000000 0.469315
547603.480000 6590698.710000 60.350000 94.000000 93.000000 89.000000 99.000000 0.552979
547603.550000 6590698.980000 60.310000 94.000000 93.000000 91.000000 101.000000 0.549316
547603.630000 6590699.310000 60.310000 66.000000 64.000000 67.000000 76.000000 0.425659
547603.830000 6590698.680000 59.910000 94.000000 93.000000 91.000000 102.000000 0.504990
547603.900000 6590699.000000 59.840000 86.000000 84.000000 85.000000 93.000000 0.515991
547604.000000 6590699.350000 60.140000 66.000000 68.000000 67.000000 84.000000 0.369659
547604.110000 6590699.820000 60.850000 55.000000 56.000000 58.000000 65.000000 0.357651
547604.210000 6590698.620000 58.590000 77.000000 76.000000 74.000000 94.000000 0.487656
547604.290000 6590698.930000 58.570000 81.000000 81.000000 81.000000 98.000000 0.564651
547604.540000 6590699.920000 60.200000 56.000000 56.000000 56.000000 68.000000 0.411316
547604.490000 6590698.510000 58.510000 84.000000 83.000000 81.000000 99.000000 0.641647
547604.570000 6590698.820000 58.520000 76.000000 76.000000 74.000000 89.000000 0.669312
547604.650000 6590699.150000 58.550000 73.000000 73.000000 71.000000 90.000000 0.630981
547604.810000 6590699.780000 59.960000 66.000000 65.000000 63.000000 75.000000 0.418991
547604.770000 6590698.450000 58.520000 79.000000 78.000000 76.000000 94.000000 0.574310
547604.840000 6590698.750000 58.530000 80.000000 81.000000 76.000000 96.000000 0.663651
547604.320000 6590700.670000 61.770000 42.000000 42.000000 44.000000 59.000000 0.439651
547601.480000 6590702.790000 63.700000 31.000000 32.000000 34.000000 41.000000 0.720642
547601.740000 6590702.810000 63.950000 28.000000 28.000000 30.000000 38.000000 0.791641
547601.280000 6590703.000000 63.230000 23.000000 24.000000 29.000000 33.000000 0.619644
547601.600000 6590702.990000 63.650000 24.000000 25.000000 30.000000 32.000000 0.670975
547601.850000 6590702.930000 63.880000 28.000000 27.000000 32.000000 33.000000 0.715988
547601.530000 6590702.710000 63.840000 31.000000 32.000000 34.000000 39.000000 0.757980
547602.040000 6590702.850000 63.870000 25.000000 26.000000 30.000000 35.000000 0.811646
547601.190000 6590702.830000 63.250000 30.000000 29.000000 34.000000 35.000000 0.656647
547600.780000 6590703.150000 63.000000 32.000000 35.000000 42.000000 41.000000 0.616318
547600.790000 6590703.050000 63.050000 25.000000 28.000000 33.000000 33.000000 0.610321
547600.870000 6590702.740000 63.160000 32.000000 30.000000 35.000000 37.000000 0.625656
547600.950000 6590702.410000 63.230000 22.000000 23.000000 27.000000 35.000000 0.632980
547601.250000 6590702.590000 63.670000 21.000000 25.000000 28.000000 32.000000 0.672318
547601.330000 6590702.290000 63.790000 25.000000 28.000000 33.000000 38.000000 0.632980
547600.700000 6590702.870000 63.050000 32.000000 30.000000 33.000000 42.000000 0.600311
547600.820000 6590702.520000 63.160000 24.000000 25.000000 29.000000 32.000000 0.620651
547600.900000 6590702.830000 63.140000 34.000000 32.000000 33.000000 42.000000 0.646652
547601.050000 6590702.090000 63.320000 32.000000 35.000000 40.000000 42.000000 0.574982
547601.130000 6590702.400000 63.460000 20.000000 24.000000 27.000000 34.000000 0.611649
547601.210000 6590702.720000 63.340000 30.000000 31.000000 35.000000 39.000000 0.597656
547601.640000 6590704.720000 62.150000 62.000000 66.000000 67.000000 60.000000 0.553986
547601.700000 6590704.450000 62.470000 17.000000 22.000000 28.000000 24.000000 0.595657
547601.760000 6590704.200000 62.730000 76.000000 88.000000 102.000000 75.000000 0.581985
547601.830000 6590703.940000 62.930000 108.000000 130.000000 151.000000 114.000000 0.607315
547601.900000 6590703.650000 63.090000 92.000000 111.000000 125.000000 105.000000 0.625656
547601.970000 6590703.370000 63.220000 69.000000 77.000000 90.000000 64.000000 0.644989
547602.080000 6590704.360000 62.620000 28.000000 32.000000 41.000000 39.000000 0.568985
547601.620000 6590704.370000 62.500000 60.000000 68.000000 79.000000 72.000000 0.590652
547601.700000 6590704.660000 62.220000 66.000000 70.000000 71.000000 71.000000 0.566650
547601.800000 6590703.770000 62.990000 119.000000 142.000000 160.000000 122.000000 0.610977
547601.880000 6590704.050000 62.860000 103.000000 128.000000 148.000000 105.000000 0.627319
547601.940000 6590704.300000 62.640000 82.000000 94.000000 106.000000 81.000000 0.575989
547602.000000 6590704.560000 62.360000 46.000000 50.000000 51.000000 56.000000 0.556320
547601.970000 6590703.420000 63.180000 60.000000 68.000000 71.000000 63.000000 0.661987
547602.050000 6590703.720000 63.040000 117.000000 142.000000 162.000000 120.000000 0.604980
547602.110000 6590703.970000 62.880000 107.000000 129.000000 150.000000 113.000000 0.594986
547602.110000 6590703.110000 63.660000 29.000000 32.000000 39.000000 32.000000 0.653976
547601.150000 6590704.160000 62.590000 96.000000 121.000000 141.000000 98.000000 0.562988
547601.220000 6590703.880000 62.830000 112.000000 135.000000 153.000000 121.000000 0.589981
547601.280000 6590703.610000 63.000000 49.000000 66.000000 82.000000 65.000000 0.613312
547601.350000 6590703.320000 63.140000 25.000000 31.000000 43.000000 38.000000 0.629318
547601.420000 6590703.010000 63.280000 29.000000 30.000000 34.000000 35.000000 0.632645
547601.350000 6590704.410000 62.460000 40.000000 49.000000 58.000000 46.000000 0.576324
547601.410000 6590704.140000 62.720000 95.000000 117.000000 140.000000 100.000000 0.587982
547601.490000 6590703.860000 62.920000 111.000000 133.000000 147.000000 118.000000 0.609314
547601.560000 6590703.570000 63.070000 40.000000 55.000000 62.000000 51.000000 0.625320
547601.630000 6590703.290000 63.220000 18.000000 22.000000 34.000000 26.000000 0.652985
547601.670000 6590703.080000 63.610000 29.000000 33.000000 34.000000 33.000000 0.626648
547602.020000 6590703.150000 63.530000 26.000000 29.000000 36.000000 30.000000 0.630310
547602.090000 6590702.880000 63.840000 25.000000 26.000000 30.000000 35.000000 0.818314
547601.200000 6590704.000000 62.690000 107.000000 134.000000 153.000000 111.000000 0.595978
547601.270000 6590704.290000 62.480000 89.000000 108.000000 125.000000 89.000000 0.584976
547601.350000 6590703.290000 63.150000 23.000000 26.000000 35.000000 29.000000 0.653976
547601.420000 6590703.570000 63.030000 42.000000 56.000000 67.000000 52.000000 0.634323
547601.500000 6590703.870000 62.900000 110.000000 131.000000 148.000000 119.000000 0.613647
547601.560000 6590704.130000 62.730000 94.000000 116.000000 137.000000 96.000000 0.592316
547601.660000 6590703.190000 63.260000 30.000000 35.000000 39.000000 34.000000 0.665649
547601.730000 6590703.480000 63.140000 80.000000 88.000000 91.000000 74.000000 0.674988
547601.900000 6590703.130000 63.380000 27.000000 32.000000 36.000000 35.000000 0.632980
547600.650000 6590703.620000 62.740000 67.000000 83.000000 98.000000 77.000000 0.577652
547600.720000 6590703.320000 62.930000 16.000000 16.000000 24.000000 29.000000 0.629990
547600.920000 6590703.950000 62.660000 106.000000 134.000000 155.000000 111.000000 0.590988
547600.990000 6590703.670000 62.890000 53.000000 69.000000 85.000000 64.000000 0.621323
547601.060000 6590703.400000 63.030000 88.000000 105.000000 115.000000 82.000000 0.646652
547601.120000 6590703.130000 63.150000 31.000000 31.000000 39.000000 35.000000 0.668976
547600.610000 6590703.350000 62.850000 12.000000 15.000000 24.000000 25.000000 0.594986
547600.690000 6590703.660000 62.740000 67.000000 83.000000 98.000000 77.000000 0.581650
547600.850000 6590703.460000 62.900000 75.000000 92.000000 102.000000 72.000000 0.624649
547600.920000 6590703.720000 62.790000 75.000000 92.000000 110.000000 82.000000 0.619644
547600.990000 6590704.010000 62.640000 103.000000 130.000000 151.000000 104.000000 0.576981
547600.980000 6590703.140000 63.090000 32.000000 32.000000 40.000000 36.000000 0.645645
547601.050000 6590703.440000 63.020000 88.000000 105.000000 115.000000 82.000000 0.621979
547601.130000 6590703.740000 62.910000 81.000000 98.000000 116.000000 87.000000 0.609985
547603.750000 6590705.530000 60.580000 32.000000 36.000000 37.000000 41.000000 0.579651
547603.890000 6590705.070000 60.500000 33.000000 34.000000 38.000000 41.000000 0.555649
547604.270000 6590705.080000 60.080000 72.000000 86.000000 99.000000 76.000000 0.511658
547604.340000 6590704.770000 60.070000 83.000000 100.000000 116.000000 86.000000 0.463318
547604.400000 6590704.530000 60.360000 74.000000 88.000000 101.000000 80.000000 0.513321
547604.610000 6590704.840000 59.490000 89.000000 115.000000 138.000000 96.000000 0.470978
547604.680000 6590704.570000 59.790000 84.000000 100.000000 115.000000 87.000000 0.487320
547604.740000 6590704.320000 60.060000 66.000000 85.000000 100.000000 66.000000 0.468979
547604.790000 6590704.100000 60.390000 101.000000 120.000000 137.000000 107.000000 0.493652
547604.930000 6590704.590000 59.290000 99.000000 118.000000 133.000000 101.000000 0.482315
547604.990000 6590704.350000 59.530000 96.000000 115.000000 132.000000 98.000000 0.442993
547605.120000 6590703.800000 60.160000 89.000000 106.000000 126.000000 96.000000 0.585312
547605.370000 6590704.470000 58.790000 97.000000 116.000000 133.000000 103.000000 0.519989
547605.410000 6590704.310000 59.480000 101.000000 120.000000 137.000000 100.000000 0.547318
547605.470000 6590704.050000 59.840000 55.000000 74.000000 89.000000 65.000000 0.542648
547605.530000 6590703.800000 60.170000 113.000000 132.000000 147.000000 117.000000 0.562317
547605.580000 6590703.570000 60.440000 87.000000 110.000000 128.000000 83.000000 0.592651
547605.730000 6590704.350000 58.660000 101.000000 120.000000 135.000000 102.000000 0.540649
547603.930000 6590705.190000 60.460000 35.000000 40.000000 44.000000 38.000000 0.592316
547604.460000 6590704.460000 60.430000 64.000000 78.000000 89.000000 63.000000 0.542313
547604.500000 6590704.650000 59.920000 105.000000 124.000000 141.000000 106.000000 0.555313
547604.580000 6590704.940000 59.680000 89.000000 114.000000 136.000000 92.000000 0.504318
547604.710000 6590704.720000 59.450000 87.000000 109.000000 130.000000 92.000000 0.509323
547604.840000 6590704.100000 60.290000 98.000000 119.000000 138.000000 102.000000 0.517654
547604.890000 6590704.300000 59.890000 102.000000 121.000000 138.000000 107.000000 0.529648
547604.950000 6590704.540000 59.400000 99.000000 118.000000 133.000000 101.000000 0.496979
547605.180000 6590704.030000 59.840000 96.000000 113.000000 131.000000 101.000000 0.598312
547605.270000 6590704.400000 58.740000 86.000000 105.000000 122.000000 93.000000 0.534317
547605.490000 6590703.680000 60.260000 109.000000 132.000000 150.000000 109.000000 0.617310
547605.560000 6590703.940000 59.970000 15.000000 34.000000 48.000000 31.000000 0.561646
547605.620000 6590704.180000 59.550000 86.000000 108.000000 122.000000 88.000000 0.524323
547605.660000 6590704.340000 58.850000 101.000000 120.000000 135.000000 103.000000 0.514648
547605.650000 6590703.300000 60.640000 100.000000 127.000000 144.000000 110.000000 0.531647
547605.700000 6590703.320000 60.510000 97.000000 123.000000 140.000000 99.000000 0.393982
547603.960000 6590704.770000 60.660000 23.000000 28.000000 34.000000 29.000000 0.519653
547604.470000 6590704.270000 60.730000 87.000000 107.000000 118.000000 96.000000 0.473984
547604.860000 6590703.810000 60.520000 96.000000 122.000000 135.000000 106.000000 0.467987
547604.940000 6590703.490000 60.660000 95.000000 121.000000 144.000000 89.000000 0.530991
547605.010000 6590703.210000 60.740000 100.000000 123.000000 141.000000 101.000000 0.565643
547605.080000 6590702.920000 60.850000 45.000000 61.000000 84.000000 43.000000 0.617645
547605.180000 6590703.560000 60.430000 106.000000 133.000000 154.000000 102.000000 0.627655
547605.250000 6590703.280000 60.620000 104.000000 127.000000 143.000000 102.000000 0.636642
547605.320000 6590702.990000 60.790000 47.000000 62.000000 83.000000 55.000000 0.654648
547603.860000 6590704.920000 60.540000 37.000000 39.000000 38.000000 44.000000 0.541321
547604.600000 6590704.280000 60.500000 92.000000 111.000000 125.000000 101.000000 0.539978
547604.780000 6590703.870000 60.730000 98.000000 119.000000 136.000000 105.000000 0.514648
547604.980000 6590703.280000 60.660000 97.000000 123.000000 140.000000 103.000000 0.549988
547605.280000 6590702.860000 60.850000 82.000000 98.000000 121.000000 90.000000 0.659653
547605.360000 6590703.160000 60.690000 112.000000 131.000000 148.000000 110.000000 0.649643
547604.180000 6590705.430000 60.200000 57.000000 67.000000 77.000000 58.000000 0.530319
547604.760000 6590705.270000 59.360000 55.000000 67.000000 81.000000 58.000000 0.416321
547605.140000 6590705.380000 58.520000 48.000000 56.000000 67.000000 54.000000 0.661316
547605.220000 6590705.050000 58.520000 69.000000 87.000000 107.000000 80.000000 0.674316
547605.500000 6590705.270000 58.530000 55.000000 71.000000 84.000000 57.000000 0.647308
547605.580000 6590704.940000 58.520000 82.000000 104.000000 127.000000 88.000000 0.698975
547605.660000 6590704.630000 58.530000 95.000000 116.000000 137.000000 98.000000 0.695648
547605.840000 6590704.970000 58.490000 87.000000 108.000000 129.000000 92.000000 0.635315
547604.650000 6590705.230000 59.560000 79.000000 91.000000 105.000000 76.000000 0.501984
547604.840000 6590705.220000 58.880000 32.000000 41.000000 56.000000 38.000000 0.470657
547605.130000 6590705.270000 58.530000 27.000000 39.000000 53.000000 42.000000 0.701309
547605.420000 6590705.010000 58.530000 85.000000 103.000000 125.000000 84.000000 0.672989
547605.500000 6590705.310000 58.490000 46.000000 59.000000 68.000000 50.000000 0.652313
547605.720000 6590704.580000 58.520000 98.000000 117.000000 134.000000 99.000000 0.665314
547605.800000 6590704.910000 58.520000 87.000000 108.000000 129.000000 92.000000 0.630646
547605.770000 6590705.280000 58.510000 52.000000 66.000000 79.000000 55.000000 0.650986
547604.010000 6590705.500000 60.380000 40.000000 49.000000 56.000000 43.000000 0.520645
547604.880000 6590704.810000 58.790000 82.000000 105.000000 123.000000 88.000000 0.493652
547605.310000 6590704.710000 58.520000 88.000000 109.000000 130.000000 95.000000 0.638321
547604.320000 6590705.480000 60.030000 54.000000 66.000000 80.000000 51.000000 0.536652
547604.780000 6590704.980000 59.160000 76.000000 103.000000 124.000000 83.000000 0.462646
547605.000000 6590704.710000 58.780000 85.000000 106.000000 123.000000 93.000000 0.492325
547605.060000 6590704.950000 58.530000 80.000000 98.000000 118.000000 85.000000 0.668320
547605.340000 6590704.690000 58.550000 88.000000 109.000000 130.000000 100.000000 0.618652
547603.680000 6590705.240000 60.640000 37.000000 39.000000 36.000000 41.000000 0.578323
547603.530000 6590705.110000 60.740000 40.000000 39.000000 44.000000 42.000000 0.585983
547604.010000 6590704.570000 61.070000 40.000000 44.000000 53.000000 42.000000 0.493652
547604.070000 6590704.310000 61.430000 33.000000 42.000000 47.000000 46.000000 0.495651
547604.140000 6590704.030000 61.690000 95.000000 117.000000 138.000000 100.000000 0.528992
547604.200000 6590703.790000 61.930000 99.000000 126.000000 145.000000 110.000000 0.463989
547604.270000 6590703.520000 62.070000 104.000000 127.000000 143.000000 111.000000 0.544647
547604.340000 6590703.200000 62.220000 91.000000 109.000000 123.000000 88.000000 0.530655
547604.530000 6590704.000000 61.000000 102.000000 123.000000 142.000000 104.000000 0.446320
547604.590000 6590703.750000 61.320000 103.000000 126.000000 144.000000 107.000000 0.458313
547604.660000 6590703.450000 61.420000 92.000000 115.000000 133.000000 94.000000 0.480652
547604.740000 6590703.130000 61.520000 112.000000 135.000000 151.000000 120.000000 0.506317
547604.810000 6590702.850000 61.550000 99.000000 120.000000 139.000000 106.000000 0.436646
547603.610000 6590704.960000 60.740000 39.000000 40.000000 35.000000 44.000000 0.553314
547603.810000 6590704.720000 61.060000 26.000000 29.000000 34.000000 34.000000 0.517654
547604.000000 6590704.230000 61.660000 78.000000 92.000000 101.000000 75.000000 0.509323
547604.060000 6590704.470000 61.180000 45.000000 52.000000 60.000000 52.000000 0.519989
547604.150000 6590703.280000 62.350000 98.000000 112.000000 125.000000 90.000000 0.522980
547604.230000 6590703.580000 62.100000 104.000000 127.000000 143.000000 111.000000 0.554977
547604.290000 6590703.820000 61.770000 95.000000 122.000000 141.000000 101.000000 0.529312
547604.340000 6590704.020000 61.340000 103.000000 126.000000 142.000000 99.000000 0.518311
547604.400000 6590704.260000 60.930000 87.000000 107.000000 118.000000 96.000000 0.496658
547604.300000 6590703.120000 62.320000 102.000000 116.000000 129.000000 107.000000 0.589310
547604.370000 6590703.390000 62.070000 77.000000 96.000000 111.000000 80.000000 0.514648
547604.430000 6590703.600000 61.800000 106.000000 129.000000 147.000000 112.000000 0.518646
547604.490000 6590703.850000 61.390000 99.000000 121.000000 142.000000 102.000000 0.526321
547604.550000 6590704.090000 60.940000 101.000000 122.000000 139.000000 106.000000 0.511658
547604.600000 6590703.160000 61.860000 111.000000 130.000000 145.000000 116.000000 0.490646
547604.660000 6590703.390000 61.530000 74.000000 97.000000 115.000000 77.000000 0.518311
547604.720000 6590703.640000 61.160000 102.000000 125.000000 143.000000 109.000000 0.484314
547604.860000 6590702.800000 61.380000 107.000000 128.000000 145.000000 113.000000 0.494644
547604.920000 6590703.030000 61.040000 76.000000 97.000000 114.000000 79.000000 0.491989
547594.430000 6590704.060000 52.850000 46.000000 50.000000 53.000000 58.000000 0.640656
547594.500000 6590703.750000 52.950000 38.000000 41.000000 48.000000 48.000000 0.685318
547594.580000 6590703.420000 53.010000 29.000000 33.000000 42.000000 46.000000 0.649979
547594.730000 6590704.160000 52.780000 36.000000 37.000000 41.000000 43.000000 0.642319
547594.810000 6590703.870000 52.870000 35.000000 32.000000 39.000000 45.000000 0.642319
547594.880000 6590703.540000 52.930000 35.000000 32.000000 39.000000 45.000000 0.631317
547594.950000 6590703.250000 52.980000 33.000000 31.000000 36.000000 45.000000 0.594315
547595.030000 6590702.950000 52.990000 41.000000 40.000000 45.000000 49.000000 0.606323
547595.100000 6590702.640000 53.000000 55.000000 54.000000 59.000000 66.000000 0.588989
547595.180000 6590702.310000 52.970000 62.000000 61.000000 66.000000 74.000000 0.593323
547595.020000 6590704.020000 52.810000 27.000000 26.000000 31.000000 39.000000 0.614990
547595.090000 6590703.740000 52.890000 31.000000 31.000000 33.000000 37.000000 0.628311
547595.160000 6590703.450000 52.950000 34.000000 35.000000 37.000000 41.000000 0.623978
547595.240000 6590703.120000 52.990000 35.000000 36.000000 40.000000 44.000000 0.607651
547595.310000 6590702.800000 53.000000 47.000000 48.000000 52.000000 57.000000 0.615982
547595.390000 6590702.490000 52.960000 54.000000 55.000000 59.000000 65.000000 0.582657
547595.260000 6590704.010000 52.810000 30.000000 33.000000 38.000000 42.000000 0.615311
547595.330000 6590703.710000 52.870000 29.000000 30.000000 35.000000 40.000000 0.627319
547595.410000 6590703.400000 52.960000 34.000000 35.000000 40.000000 41.000000 0.613983
547595.480000 6590703.100000 52.990000 32.000000 33.000000 37.000000 41.000000 0.622650
547595.560000 6590702.770000 52.980000 40.000000 41.000000 45.000000 50.000000 0.584976
547595.640000 6590704.070000 52.780000 28.000000 28.000000 36.000000 35.000000 0.612976
547595.710000 6590703.780000 52.880000 29.000000 30.000000 35.000000 38.000000 0.619644
547595.800000 6590703.430000 52.920000 31.000000 32.000000 37.000000 39.000000 0.592316
547595.870000 6590703.120000 52.950000 30.000000 31.000000 36.000000 37.000000 0.630981
547595.940000 6590702.840000 52.970000 28.000000 29.000000 33.000000 37.000000 0.640976
547595.980000 6590704.080000 52.720000 25.000000 24.000000 32.000000 32.000000 0.596313
547596.040000 6590703.810000 52.860000 26.000000 27.000000 32.000000 38.000000 0.620651
547596.120000 6590703.510000 52.900000 31.000000 32.000000 37.000000 36.000000 0.613983
547596.200000 6590703.190000 52.960000 33.000000 34.000000 39.000000 39.000000 0.614990
547596.270000 6590702.880000 52.980000 31.000000 32.000000 37.000000 41.000000 0.613312
547596.310000 6590703.960000 52.800000 30.000000 31.000000 36.000000 36.000000 0.624985
547596.380000 6590703.660000 52.890000 24.000000 25.000000 30.000000 34.000000 0.634323
547596.450000 6590703.350000 52.930000 34.000000 35.000000 40.000000 39.000000 0.627655
547596.540000 6590703.030000 52.950000 33.000000 34.000000 39.000000 41.000000 0.639648
547596.530000 6590704.070000 52.720000 28.000000 32.000000 35.000000 36.000000 0.603989
547596.610000 6590703.780000 52.860000 31.000000 32.000000 37.000000 36.000000 0.647308
547596.690000 6590703.460000 52.910000 30.000000 31.000000 36.000000 36.000000 0.640656
547596.760000 6590703.170000 52.940000 30.000000 31.000000 36.000000 39.000000 0.588318
547596.900000 6590704.030000 52.720000 30.000000 29.000000 27.000000 33.000000 0.616989
547596.970000 6590703.760000 52.820000 25.000000 24.000000 29.000000 32.000000 0.630310
547597.050000 6590703.450000 52.920000 30.000000 31.000000 35.000000 35.000000 0.622650
547597.120000 6590703.130000 52.950000 30.000000 31.000000 36.000000 38.000000 0.601318
547597.270000 6590704.000000 52.710000 92.000000 91.000000 96.000000 104.000000 0.594650
547597.350000 6590703.700000 52.850000 30.000000 29.000000 34.000000 31.000000 0.618317
547597.420000 6590703.400000 52.920000 30.000000 31.000000 35.000000 36.000000 0.630646
547597.580000 6590703.810000 52.790000 23.000000 22.000000 27.000000 34.000000 0.601990
547597.650000 6590703.520000 52.880000 28.000000 29.000000 33.000000 37.000000 0.661987
547597.800000 6590703.890000 52.740000 24.000000 23.000000 28.000000 34.000000 0.633316
547597.870000 6590703.600000 52.840000 31.000000 30.000000 35.000000 38.000000 0.652985
547598.140000 6590703.890000 52.720000 29.000000 28.000000 33.000000 37.000000 0.668655
547594.350000 6590703.960000 52.900000 39.000000 44.000000 47.000000 51.000000 0.628647
547594.430000 6590704.230000 52.760000 50.000000 51.000000 55.000000 56.000000 0.612320
547594.530000 6590703.790000 52.930000 38.000000 41.000000 48.000000 48.000000 0.670319
547594.610000 6590704.080000 52.820000 28.000000 29.000000 33.000000 46.000000 0.645645
547594.670000 6590703.290000 52.990000 35.000000 38.000000 45.000000 45.000000 0.661652
547594.750000 6590703.600000 52.930000 36.000000 33.000000 40.000000 44.000000 0.672653
547594.830000 6590703.890000 52.850000 35.000000 32.000000 39.000000 45.000000 0.672653
547594.900000 6590704.180000 52.710000 27.000000 26.000000 31.000000 45.000000 0.636978
547594.900000 6590702.800000 52.990000 46.000000 44.000000 47.000000 55.000000 0.636642
547594.980000 6590703.110000 53.000000 36.000000 34.000000 39.000000 46.000000 0.623978
547595.060000 6590703.430000 52.940000 32.000000 32.000000 34.000000 38.000000 0.639313
547595.140000 6590703.750000 52.890000 31.000000 32.000000 34.000000 39.000000 0.665649
547595.210000 6590704.040000 52.800000 30.000000 33.000000 38.000000 42.000000 0.583649
547595.200000 6590702.430000 52.970000 56.000000 55.000000 60.000000 64.000000 0.559982
547595.290000 6590702.760000 52.990000 46.000000 47.000000 51.000000 56.000000 0.630310
547595.360000 6590703.070000 52.970000 36.000000 37.000000 41.000000 44.000000 0.612320
547595.440000 6590703.370000 52.950000 31.000000 32.000000 37.000000 39.000000 0.636322
547595.520000 6590703.690000 52.880000 27.000000 28.000000 33.000000 41.000000 0.636642
547595.590000 6590703.980000 52.820000 27.000000 28.000000 33.000000 38.000000 0.612656
547595.490000 6590702.550000 52.970000 52.000000 53.000000 57.000000 63.000000 0.573990
547595.570000 6590702.860000 52.990000 34.000000 35.000000 39.000000 40.000000 0.625656
547595.650000 6590703.180000 52.960000 33.000000 34.000000 38.000000 36.000000 0.622314
547595.720000 6590703.480000 52.910000 31.000000 32.000000 37.000000 37.000000 0.617645
547595.800000 6590703.780000 52.850000 29.000000 30.000000 35.000000 37.000000 0.635315
547595.870000 6590704.070000 52.750000 26.000000 25.000000 33.000000 34.000000 0.630646
547595.800000 6590702.530000 52.980000 35.000000 36.000000 40.000000 48.000000 0.603653
547595.880000 6590702.840000 52.960000 31.000000 32.000000 36.000000 38.000000 0.595978
547595.960000 6590703.180000 52.940000 32.000000 33.000000 38.000000 42.000000 0.632309
547596.040000 6590703.480000 52.910000 30.000000 31.000000 36.000000 36.000000 0.635315
547596.110000 6590703.760000 52.820000 29.000000 30.000000 35.000000 34.000000 0.638657
547596.180000 6590704.060000 52.730000 26.000000 27.000000 32.000000 34.000000 0.597321
547596.290000 6590703.010000 52.960000 29.000000 30.000000 35.000000 39.000000 0.625320
547596.370000 6590703.310000 52.920000 29.000000 30.000000 35.000000 38.000000 0.616989
547596.450000 6590703.640000 52.880000 27.000000 28.000000 33.000000 34.000000 0.635315
547596.530000 6590703.930000 52.810000 27.000000 28.000000 33.000000 34.000000 0.609314
547596.750000 6590703.270000 52.950000 30.000000 31.000000 36.000000 37.000000 0.670654
547596.980000 6590703.260000 52.930000 30.000000 31.000000 36.000000 34.000000 0.585312
547597.060000 6590703.570000 52.870000 28.000000 29.000000 33.000000 32.000000 0.596313
547597.130000 6590703.850000 52.780000 81.000000 80.000000 85.000000 97.000000 0.587646
547597.210000 6590703.170000 52.930000 33.000000 34.000000 39.000000 37.000000 0.633316
547597.280000 6590703.470000 52.910000 28.000000 29.000000 33.000000 34.000000 0.627975
547597.360000 6590703.750000 52.810000 30.000000 29.000000 34.000000 31.000000 0.602310
547597.420000 6590704.020000 52.680000 24.000000 25.000000 29.000000 32.000000 0.575989
547597.700000 6590703.450000 52.890000 33.000000 34.000000 38.000000 42.000000 0.648651
547597.780000 6590703.770000 52.770000 33.000000 32.000000 37.000000 37.000000 0.606644
547597.840000 6590704.020000 52.620000 28.000000 28.000000 30.000000 41.000000 0.617310
547598.190000 6590703.730000 52.810000 30.000000 29.000000 34.000000 37.000000 0.710312
547594.090000 6590702.770000 53.060000 28.000000 29.000000 31.000000 58.000000 0.277328
547594.160000 6590702.470000 53.010000 34.000000 38.000000 41.000000 56.000000 0.469315
547594.210000 6590703.520000 52.990000 19.000000 27.000000 30.000000 44.000000 0.538315
547594.290000 6590703.200000 53.030000 34.000000 42.000000 45.000000 55.000000 0.661652
547594.360000 6590702.910000 53.060000 63.000000 71.000000 74.000000 72.000000 0.686981
547594.450000 6590702.550000 52.990000 63.000000 67.000000 70.000000 73.000000 0.608322
547594.660000 6590703.120000 53.010000 44.000000 47.000000 54.000000 50.000000 0.638321
547594.730000 6590702.800000 53.000000 48.000000 48.000000 50.000000 54.000000 0.627319
547594.810000 6590702.480000 52.990000 60.000000 58.000000 59.000000 68.000000 0.614990
547594.130000 6590703.050000 53.130000 24.000000 28.000000 31.000000 45.000000 0.312653
547594.200000 6590703.370000 53.070000 24.000000 28.000000 31.000000 49.000000 0.485992
547594.280000 6590703.660000 52.960000 51.000000 59.000000 62.000000 63.000000 0.604645
547594.210000 6590702.520000 53.030000 63.000000 68.000000 71.000000 76.000000 0.522644
547594.290000 6590702.830000 53.050000 52.000000 57.000000 61.000000 67.000000 0.686646
547594.370000 6590703.160000 53.030000 63.000000 72.000000 77.000000 73.000000 0.691986
547594.460000 6590703.500000 53.000000 50.000000 57.000000 65.000000 64.000000 0.742981
547594.440000 6590702.360000 53.000000 67.000000 69.000000 68.000000 73.000000 0.636978
547594.510000 6590702.660000 53.020000 60.000000 64.000000 65.000000 67.000000 0.616989
547594.590000 6590702.970000 53.030000 42.000000 47.000000 51.000000 52.000000 0.641312
547594.810000 6590702.450000 52.960000 60.000000 58.000000 59.000000 68.000000 0.620316
547595.640000 6590702.440000 52.980000 51.000000 52.000000 56.000000 59.000000 0.590652
547596.830000 6590702.880000 52.970000 27.000000 28.000000 33.000000 38.000000 0.608978
547597.490000 6590703.100000 52.960000 33.000000 34.000000 38.000000 41.000000 0.643982
547597.740000 6590703.200000 52.930000 34.000000 35.000000 39.000000 42.000000 0.602982
547597.950000 6590703.280000 52.940000 37.000000 38.000000 42.000000 44.000000 0.672318
547598.220000 6590703.580000 52.850000 34.000000 35.000000 39.000000 42.000000 0.710648
547598.510000 6590703.740000 52.790000 34.000000 34.000000 44.000000 38.000000 0.560989
547598.590000 6590703.440000 52.880000 44.000000 52.000000 55.000000 57.000000 0.359314
547596.210000 6590702.690000 53.000000 31.000000 32.000000 37.000000 37.000000 0.595978
547596.890000 6590702.930000 52.970000 31.000000 32.000000 37.000000 39.000000 0.642990
547597.620000 6590703.150000 52.960000 34.000000 35.000000 39.000000 45.000000 0.613647
547598.110000 6590703.420000 52.890000 34.000000 35.000000 39.000000 42.000000 0.720978
547598.470000 6590703.600000 52.800000 37.000000 36.000000 42.000000 49.000000 0.426315
547596.110000 6590702.180000 52.920000 29.000000 28.000000 34.000000 36.000000 0.578979
547596.770000 6590702.060000 52.910000 31.000000 30.000000 35.000000 37.000000 0.591980
547597.730000 6590702.110000 52.970000 30.000000 31.000000 36.000000 34.000000 0.625656
547598.040000 6590701.930000 52.910000 30.000000 31.000000 35.000000 36.000000 0.660645
547598.270000 6590701.990000 52.920000 34.000000 33.000000 38.000000 40.000000 0.655975
547598.070000 6590702.010000 52.920000 32.000000 33.000000 37.000000 42.000000 0.690643
547596.020000 6590702.510000 52.950000 27.000000 28.000000 32.000000 38.000000 0.576981
547596.350000 6590702.560000 52.990000 30.000000 31.000000 36.000000 38.000000 0.617310
547596.430000 6590702.230000 52.980000 33.000000 32.000000 38.000000 40.000000 0.582977
547596.610000 6590702.710000 52.960000 33.000000 34.000000 39.000000 38.000000 0.625656
547596.690000 6590702.420000 52.990000 31.000000 32.000000 37.000000 39.000000 0.594650
547596.910000 6590702.560000 52.990000 30.000000 31.000000 36.000000 36.000000 0.610657
547596.990000 6590702.220000 52.950000 32.000000 31.000000 36.000000 37.000000 0.613312
547597.200000 6590702.840000 52.950000 29.000000 30.000000 35.000000 39.000000 0.635651
547597.280000 6590702.510000 52.980000 32.000000 33.000000 38.000000 39.000000 0.646988
547597.360000 6590702.160000 52.940000 29.000000 30.000000 35.000000 37.000000 0.589981
547597.650000 6590702.440000 52.990000 30.000000 31.000000 36.000000 38.000000 0.639313
547597.810000 6590702.890000 52.980000 34.000000 35.000000 39.000000 42.000000 0.640320
547597.880000 6590702.590000 52.960000 32.000000 33.000000 37.000000 39.000000 0.683655
547597.960000 6590702.300000 52.980000 31.000000 32.000000 37.000000 40.000000 0.649643
547598.030000 6590702.970000 52.950000 35.000000 36.000000 40.000000 42.000000 0.716644
547598.100000 6590702.660000 52.980000 34.000000 35.000000 39.000000 43.000000 0.684982
547598.190000 6590702.320000 52.980000 33.000000 34.000000 39.000000 43.000000 0.675644
547598.290000 6590703.250000 52.920000 33.000000 34.000000 38.000000 44.000000 0.728317
547598.360000 6590702.970000 52.950000 36.000000 37.000000 41.000000 46.000000 0.717316
547598.440000 6590702.660000 53.020000 31.000000 35.000000 38.000000 39.000000 0.525986
547595.410000 6590702.240000 52.940000 65.000000 65.000000 67.000000 75.000000 0.580322
547595.720000 6590702.230000 52.930000 58.000000 58.000000 58.000000 68.000000 0.568649
547596.130000 6590702.340000 52.960000 29.000000 28.000000 34.000000 34.000000 0.599655
547596.510000 6590702.360000 52.970000 33.000000 32.000000 38.000000 40.000000 0.613647
547596.810000 6590702.610000 52.960000 28.000000 29.000000 34.000000 37.000000 0.630981
547596.960000 6590702.210000 52.940000 32.000000 31.000000 36.000000 37.000000 0.571991
547597.050000 6590702.550000 52.960000 31.000000 32.000000 37.000000 36.000000 0.605988
547597.120000 6590702.840000 52.970000 29.000000 30.000000 35.000000 39.000000 0.642654
547597.380000 6590702.200000 52.940000 30.000000 31.000000 35.000000 38.000000 0.637314
547597.470000 6590702.540000 52.970000 30.000000 31.000000 36.000000 34.000000 0.618652
547597.550000 6590702.870000 52.980000 32.000000 33.000000 38.000000 39.000000 0.605316
547597.880000 6590702.490000 52.980000 31.000000 32.000000 36.000000 41.000000 0.671310
547597.960000 6590702.830000 52.970000 36.000000 37.000000 41.000000 42.000000 0.664978
547598.030000 6590703.110000 52.920000 37.000000 38.000000 42.000000 46.000000 0.670654
547598.150000 6590702.340000 52.960000 33.000000 34.000000 39.000000 43.000000 0.674652
547598.230000 6590702.660000 52.980000 37.000000 38.000000 42.000000 45.000000 0.665985
547598.310000 6590702.970000 52.940000 36.000000 37.000000 41.000000 46.000000 0.610657
547598.400000 6590703.300000 52.900000 42.000000 49.000000 59.000000 42.000000 0.557312
547594.290000 6590704.630000 52.500000 24.000000 28.000000 29.000000 48.000000 0.328659
547594.360000 6590704.350000 52.720000 31.000000 35.000000 38.000000 47.000000 0.555649
547594.390000 6590705.550000 51.700000 22.000000 23.000000 25.000000 44.000000 0.341324
547594.460000 6590705.280000 51.980000 31.000000 39.000000 42.000000 50.000000 0.547989
547594.530000 6590705.010000 52.240000 59.000000 70.000000 74.000000 66.000000 0.592987
547594.590000 6590704.740000 52.500000 47.000000 55.000000 58.000000 56.000000 0.593323
547594.660000 6590704.450000 52.670000 31.000000 32.000000 37.000000 38.000000 0.643311
547594.570000 6590705.870000 51.070000 25.000000 34.000000 39.000000 38.000000 0.525650
547594.620000 6590705.640000 51.510000 41.000000 51.000000 60.000000 55.000000 0.569321
547594.680000 6590705.400000 51.850000 66.000000 79.000000 88.000000 79.000000 0.593979
547594.740000 6590705.160000 52.150000 95.000000 109.000000 118.000000 111.000000 0.606979
547594.810000 6590704.870000 52.350000 13.000000 20.000000 28.000000 32.000000 0.598648
547594.870000 6590704.620000 52.530000 23.000000 26.000000 33.000000 33.000000 0.596313
547594.940000 6590704.340000 52.660000 29.000000 28.000000 33.000000 43.000000 0.608978
547594.820000 6590705.830000 50.910000 64.000000 80.000000 93.000000 75.000000 0.509979
547594.870000 6590705.620000 51.350000 70.000000 86.000000 99.000000 84.000000 0.556656
547594.930000 6590705.360000 51.760000 74.000000 93.000000 107.000000 83.000000 0.573318
547594.990000 6590705.110000 52.020000 85.000000 102.000000 112.000000 99.000000 0.584656
547595.120000 6590704.590000 52.510000 32.000000 30.000000 35.000000 43.000000 0.610657
547595.190000 6590704.300000 52.660000 26.000000 25.000000 30.000000 39.000000 0.617645
547595.250000 6590705.680000 51.190000 88.000000 106.000000 126.000000 93.000000 0.511658
547595.310000 6590705.430000 51.590000 84.000000 105.000000 124.000000 87.000000 0.545990
547595.370000 6590705.170000 51.990000 98.000000 118.000000 142.000000 94.000000 0.545990
547595.430000 6590704.940000 52.250000 12.000000 27.000000 34.000000 28.000000 0.585648
547595.500000 6590704.670000 52.440000 29.000000 33.000000 42.000000 46.000000 0.587646
547595.570000 6590704.370000 52.640000 29.000000 30.000000 32.000000 40.000000 0.589981
547595.650000 6590705.440000 51.450000 82.000000 103.000000 120.000000 89.000000 0.539978
547595.710000 6590705.190000 51.860000 89.000000 115.000000 132.000000 95.000000 0.553650
547595.770000 6590704.930000 52.160000 79.000000 97.000000 109.000000 84.000000 0.563324
547595.840000 6590704.660000 52.400000 71.000000 85.000000 98.000000 79.000000 0.576324
547595.910000 6590704.350000 52.540000 27.000000 31.000000 32.000000 42.000000 0.570312
547596.030000 6590705.090000 51.980000 93.000000 118.000000 140.000000 94.000000 0.550323
547596.110000 6590704.800000 52.240000 102.000000 124.000000 147.000000 100.000000 0.586319
547596.170000 6590704.540000 52.480000 41.000000 55.000000 64.000000 53.000000 0.597321
547596.280000 6590705.150000 51.860000 84.000000 109.000000 131.000000 95.000000 0.556656
547596.330000 6590704.910000 52.170000 97.000000 113.000000 129.000000 102.000000 0.594650
547596.400000 6590704.640000 52.370000 120.000000 142.000000 156.000000 117.000000 0.586655
547596.470000 6590704.340000 52.570000 26.000000 29.000000 36.000000 33.000000 0.599976
547596.640000 6590705.100000 51.880000 45.000000 58.000000 74.000000 47.000000 0.573990
547596.700000 6590704.870000 52.140000 14.000000 23.000000 30.000000 32.000000 0.582657
547596.760000 6590704.610000 52.360000 113.000000 132.000000 146.000000 106.000000 0.558655
547596.830000 6590704.320000 52.550000 49.000000 48.000000 54.000000 45.000000 0.619644
547597.070000 6590704.840000 52.160000 91.000000 108.000000 124.000000 98.000000 0.589310
547597.140000 6590704.560000 52.370000 99.000000 118.000000 132.000000 108.000000 0.606323
547597.200000 6590704.290000 52.580000 99.000000 99.000000 101.000000 116.000000 0.579651
547597.430000 6590704.430000 52.480000 34.000000 44.000000 54.000000 47.000000 0.593643
547597.510000 6590704.120000 52.640000 30.000000 31.000000 35.000000 38.000000 0.608978
547597.670000 6590704.430000 52.420000 35.000000 42.000000 52.000000 53.000000 0.598312
547597.740000 6590704.160000 52.610000 31.000000 30.000000 35.000000 39.000000 0.624313
547598.010000 6590704.440000 52.400000 38.000000 41.000000 46.000000 50.000000 0.633652
547598.070000 6590704.160000 52.580000 30.000000 29.000000 34.000000 42.000000 0.652985
547598.440000 6590704.040000 52.660000 21.000000 24.000000 29.000000 31.000000 0.657654
547594.500000 6590704.540000 52.590000 29.000000 33.000000 36.000000 39.000000 0.662323
547594.580000 6590704.830000 52.380000 55.000000 64.000000 69.000000 62.000000 0.627655
547594.640000 6590705.090000 52.140000 79.000000 92.000000 98.000000 93.000000 0.596649
547594.710000 6590705.360000 51.840000 90.000000 107.000000 117.000000 105.000000 0.592316
547594.770000 6590705.600000 51.440000 67.000000 80.000000 89.000000 82.000000 0.573318
547594.820000 6590705.780000 50.970000 70.000000 84.000000 97.000000 80.000000 0.541977
547594.680000 6590704.360000 52.680000 31.000000 32.000000 36.000000 42.000000 0.614319
547594.740000 6590704.630000 52.500000 21.000000 24.000000 31.000000 28.000000 0.670975
547594.820000 6590704.900000 52.290000 48.000000 59.000000 65.000000 64.000000 0.604645
547594.890000 6590705.180000 51.990000 86.000000 100.000000 109.000000 99.000000 0.600647
547594.940000 6590705.410000 51.660000 72.000000 91.000000 106.000000 84.000000 0.586990
547595.000000 6590705.630000 51.170000 87.000000 106.000000 121.000000 94.000000 0.536316
547594.970000 6590704.480000 52.550000 25.000000 24.000000 29.000000 42.000000 0.602310
547595.040000 6590704.750000 52.370000 25.000000 25.000000 33.000000 40.000000 0.641647
547595.120000 6590705.040000 52.130000 65.000000 79.000000 90.000000 66.000000 0.606979
547595.180000 6590705.300000 51.840000 97.000000 114.000000 130.000000 102.000000 0.576981
547595.240000 6590705.520000 51.430000 90.000000 111.000000 128.000000 94.000000 0.523315
547595.280000 6590704.310000 52.640000 30.000000 31.000000 33.000000 43.000000 0.593643
547595.360000 6590704.610000 52.470000 28.000000 32.000000 35.000000 44.000000 0.583984
547595.420000 6590704.860000 52.180000 42.000000 51.000000 56.000000 54.000000 0.543991
547595.480000 6590705.100000 51.970000 106.000000 127.000000 148.000000 105.000000 0.532990
547595.550000 6590705.360000 51.640000 85.000000 103.000000 123.000000 89.000000 0.526321
547595.610000 6590705.600000 51.280000 81.000000 102.000000 123.000000 85.000000 0.575653
547595.660000 6590704.230000 52.680000 27.000000 28.000000 32.000000 38.000000 0.628311
547595.730000 6590704.540000 52.500000 21.000000 26.000000 30.000000 32.000000 0.588989
547595.800000 6590704.810000 52.290000 106.000000 123.000000 139.000000 111.000000 0.589310
547595.860000 6590705.030000 52.040000 93.000000 119.000000 136.000000 101.000000 0.542984
547595.930000 6590705.290000 51.700000 87.000000 114.000000 133.000000 95.000000 0.528992
547595.950000 6590704.370000 52.590000 27.000000 31.000000 32.000000 42.000000 0.577652
547596.010000 6590704.640000 52.360000 92.000000 111.000000 128.000000 94.000000 0.606979
547596.080000 6590704.890000 52.130000 98.000000 116.000000 136.000000 98.000000 0.558655
547596.150000 6590705.160000 51.870000 88.000000 114.000000 137.000000 97.000000 0.555313
547596.260000 6590704.370000 52.540000 27.000000 31.000000 34.000000 33.000000 0.644989
547596.330000 6590704.650000 52.360000 113.000000 136.000000 152.000000 113.000000 0.579315
547596.400000 6590704.920000 52.100000 87.000000 99.000000 113.000000 96.000000 0.593643
547596.470000 6590705.200000 51.800000 87.000000 108.000000 127.000000 90.000000 0.553986
547596.660000 6590704.460000 52.430000 12.000000 18.000000 30.000000 26.000000 0.583649
547596.740000 6590704.760000 52.230000 34.000000 52.000000 64.000000 49.000000 0.564987
547596.800000 6590705.010000 51.940000 45.000000 59.000000 72.000000 55.000000 0.533310
547597.040000 6590704.450000 52.410000 42.000000 52.000000 62.000000 48.000000 0.595978
547597.120000 6590704.760000 52.190000 92.000000 118.000000 135.000000 104.000000 0.585312
547597.200000 6590704.150000 52.630000 103.000000 103.000000 105.000000 121.000000 0.597321
547597.270000 6590704.420000 52.460000 60.000000 73.000000 82.000000 60.000000 0.593323
547597.340000 6590704.700000 52.250000 96.000000 122.000000 139.000000 102.000000 0.583313
547597.500000 6590704.320000 52.500000 19.000000 22.000000 31.000000 26.000000 0.597656
547597.570000 6590704.590000 52.310000 110.000000 127.000000 137.000000 103.000000 0.615646
547597.910000 6590704.320000 52.460000 26.000000 26.000000 34.000000 38.000000 0.637650
547598.220000 6590706.020000 50.770000 47.000000 60.000000 69.000000 52.000000 0.518982
547598.610000 6590705.520000 50.900000 56.000000 72.000000 88.000000 65.000000 0.555649
547598.900000 6590705.820000 50.820000 69.000000 85.000000 101.000000 72.000000 0.775314
547595.050000 6590705.840000 50.590000 84.000000 103.000000 118.000000 89.000000 0.565979
547598.230000 6590705.550000 50.710000 84.000000 106.000000 130.000000 89.000000 0.569977
547598.300000 6590705.820000 50.530000 84.000000 101.000000 119.000000 80.000000 0.518646
547599.040000 6590705.820000 51.270000 68.000000 84.000000 100.000000 66.000000 0.774979
547595.440000 6590706.300000 51.060000 61.000000 77.000000 92.000000 61.000000 0.529984
547595.510000 6590706.020000 51.190000 88.000000 103.000000 122.000000 90.000000 0.539658
547595.580000 6590705.720000 51.250000 85.000000 105.000000 129.000000 89.000000 0.517319
547595.760000 6590706.210000 51.340000 39.000000 51.000000 63.000000 39.000000 0.581985
547595.840000 6590705.890000 51.440000 77.000000 101.000000 125.000000 82.000000 0.562653
547596.050000 6590706.060000 51.520000 57.000000 70.000000 86.000000 61.000000 0.588318
547596.120000 6590705.760000 51.540000 80.000000 102.000000 123.000000 87.000000 0.580978
547596.210000 6590705.430000 51.570000 89.000000 107.000000 131.000000 89.000000 0.576324
547596.430000 6590705.990000 51.600000 82.000000 99.000000 117.000000 78.000000 0.625977
547596.500000 6590705.700000 51.630000 46.000000 59.000000 75.000000 48.000000 0.589981
547596.580000 6590705.360000 51.640000 92.000000 110.000000 124.000000 89.000000 0.609314
547596.860000 6590705.680000 51.630000 37.000000 51.000000 64.000000 46.000000 0.641647
547596.950000 6590705.340000 51.620000 80.000000 103.000000 119.000000 91.000000 0.567978
547597.010000 6590705.090000 51.880000 76.000000 94.000000 108.000000 83.000000 0.588989
547597.100000 6590705.820000 51.570000 68.000000 84.000000 99.000000 70.000000 0.597321
547597.170000 6590705.500000 51.570000 86.000000 105.000000 122.000000 91.000000 0.607315
547597.320000 6590705.900000 51.520000 52.000000 65.000000 81.000000 55.000000 0.616653
547597.400000 6590705.560000 51.480000 86.000000 104.000000 126.000000 86.000000 0.593643
547597.530000 6590704.990000 51.940000 93.000000 114.000000 135.000000 98.000000 0.566650
547597.600000 6590704.720000 52.200000 98.000000 119.000000 136.000000 100.000000 0.609314
547597.670000 6590705.810000 51.340000 78.000000 95.000000 113.000000 80.000000 0.575317
547597.750000 6590705.490000 51.250000 77.000000 98.000000 119.000000 85.000000 0.580322
547597.820000 6590705.230000 51.570000 79.000000 102.000000 120.000000 88.000000 0.565643
547597.870000 6590705.000000 51.920000 88.000000 106.000000 126.000000 96.000000 0.593323
547597.930000 6590704.740000 52.180000 34.000000 48.000000 59.000000 42.000000 0.598984
547597.980000 6590705.950000 51.060000 66.000000 82.000000 97.000000 68.000000 0.553314
547598.060000 6590705.620000 50.930000 81.000000 103.000000 127.000000 86.000000 0.546646
547598.120000 6590705.350000 51.260000 86.000000 109.000000 127.000000 94.000000 0.571991
547598.180000 6590705.120000 51.710000 89.000000 111.000000 132.000000 94.000000 0.599976
547598.240000 6590704.850000 51.990000 93.000000 110.000000 128.000000 91.000000 0.615646
547598.310000 6590704.600000 52.270000 42.000000 49.000000 57.000000 42.000000 0.627319
547598.380000 6590704.300000 52.470000 30.000000 30.000000 38.000000 37.000000 0.653656
547598.370000 6590705.410000 51.030000 84.000000 105.000000 124.000000 95.000000 0.557983
547598.420000 6590705.200000 51.530000 86.000000 105.000000 122.000000 94.000000 0.608978
547598.480000 6590704.960000 51.870000 92.000000 109.000000 125.000000 98.000000 0.646988
547598.540000 6590704.690000 52.130000 11.000000 16.000000 22.000000 19.000000 0.640320
547598.600000 6590704.440000 52.360000 31.000000 30.000000 35.000000 30.000000 0.607986
547598.660000 6590704.180000 52.550000 44.000000 51.000000 61.000000 51.000000 0.536987
547598.670000 6590705.280000 51.380000 58.000000 79.000000 98.000000 69.000000 0.549316
547598.720000 6590705.060000 51.770000 75.000000 98.000000 116.000000 84.000000 0.540985
547598.780000 6590704.810000 52.030000 93.000000 109.000000 124.000000 98.000000 0.290649
547595.290000 6590705.720000 50.960000 85.000000 106.000000 127.000000 90.000000 0.544647
547595.380000 6590706.080000 50.990000 81.000000 98.000000 116.000000 84.000000 0.492645
547595.690000 6590705.900000 51.250000 75.000000 96.000000 117.000000 78.000000 0.534653
547595.770000 6590706.230000 51.330000 39.000000 51.000000 63.000000 39.000000 0.567657
547596.000000 6590705.580000 51.500000 87.000000 107.000000 131.000000 89.000000 0.594650
547596.080000 6590705.900000 51.530000 81.000000 103.000000 124.000000 83.000000 0.567657
547596.210000 6590705.410000 51.550000 89.000000 107.000000 131.000000 89.000000 0.603989
547596.300000 6590705.750000 51.580000 70.000000 89.000000 106.000000 74.000000 0.577988
547596.540000 6590705.460000 51.610000 37.000000 51.000000 64.000000 43.000000 0.605316
547596.860000 6590705.250000 51.630000 97.000000 119.000000 133.000000 102.000000 0.545654
547596.950000 6590705.580000 51.560000 58.000000 71.000000 87.000000 66.000000 0.601318
547597.020000 6590705.900000 51.610000 68.000000 80.000000 94.000000 67.000000 0.615982
547597.180000 6590705.000000 51.920000 98.000000 115.000000 131.000000 102.000000 0.547318
547597.240000 6590705.230000 51.550000 91.000000 118.000000 137.000000 100.000000 0.570984
547597.320000 6590705.570000 51.500000 86.000000 104.000000 124.000000 86.000000 0.589310
547597.400000 6590705.860000 51.490000 82.000000 99.000000 115.000000 83.000000 0.599319
547597.400000 6590704.950000 51.950000 96.000000 114.000000 136.000000 100.000000 0.560318
547597.470000 6590705.200000 51.650000 84.000000 111.000000 132.000000 94.000000 0.575989
547597.530000 6590705.430000 51.360000 84.000000 105.000000 126.000000 86.000000 0.601318
547597.600000 6590705.740000 51.380000 79.000000 100.000000 119.000000 82.000000 0.603989
547597.690000 6590706.070000 51.330000 40.000000 52.000000 64.000000 47.000000 0.574982
547597.630000 6590704.850000 52.090000 98.000000 116.000000 136.000000 102.000000 0.571320
547597.700000 6590705.100000 51.780000 85.000000 107.000000 128.000000 96.000000 0.597977
547597.760000 6590705.340000 51.370000 82.000000 104.000000 125.000000 88.000000 0.575653
547597.820000 6590705.590000 51.190000 73.000000 91.000000 113.000000 80.000000 0.584976
547597.910000 6590705.930000 51.160000 66.000000 82.000000 97.000000 68.000000 0.586990
547597.990000 6590704.610000 52.250000 6.000000 16.000000 25.000000 22.000000 0.606979
547598.050000 6590704.860000 51.990000 96.000000 113.000000 131.000000 99.000000 0.606979
547598.170000 6590705.340000 51.190000 86.000000 109.000000 127.000000 94.000000 0.567657
547598.410000 6590704.590000 52.270000 28.000000 29.000000 33.000000 34.000000 0.626984
547598.480000 6590704.850000 51.980000 106.000000 120.000000 133.000000 107.000000 0.538986
547594.020000 6590701.990000 52.840000 23.000000 31.000000 33.000000 58.000000 0.347992
547594.100000 6590701.640000 52.760000 26.000000 34.000000 36.000000 56.000000 0.450989
547594.200000 6590701.260000 52.560000 58.000000 70.000000 70.000000 76.000000 0.553986
547594.240000 6590702.140000 52.970000 63.000000 72.000000 77.000000 74.000000 0.572647
547594.330000 6590701.770000 52.840000 89.000000 98.000000 97.000000 95.000000 0.585312
547594.420000 6590701.420000 52.680000 149.000000 151.000000 148.000000 149.000000 0.538651
547594.500000 6590701.070000 52.410000 108.000000 110.000000 105.000000 100.000000 0.536652
547594.530000 6590702.210000 52.930000 72.000000 71.000000 69.000000 81.000000 0.590988
547594.620000 6590701.860000 52.790000 76.000000 72.000000 73.000000 81.000000 0.577652
547594.700000 6590701.510000 52.620000 85.000000 84.000000 82.000000 88.000000 0.537979
547594.900000 6590702.120000 52.910000 57.000000 60.000000 53.000000 66.000000 0.591644
547594.120000 6590702.170000 52.970000 43.000000 53.000000 55.000000 66.000000 0.341324
547594.070000 6590700.890000 52.250000 48.000000 60.000000 58.000000 78.000000 0.449646
547594.170000 6590701.290000 52.570000 58.000000 70.000000 70.000000 76.000000 0.485321
547594.260000 6590701.650000 52.760000 66.000000 76.000000 75.000000 71.000000 0.500992
547594.350000 6590702.010000 52.900000 72.000000 80.000000 82.000000 77.000000 0.596313
547594.460000 6590701.070000 52.430000 122.000000 127.000000 121.000000 120.000000 0.539322
547594.560000 6590701.440000 52.660000 144.000000 145.000000 140.000000 146.000000 0.561981
547594.650000 6590701.800000 52.800000 77.000000 75.000000 76.000000 85.000000 0.573318
547594.730000 6590702.120000 52.890000 62.000000 62.000000 64.000000 76.000000 0.590988
547594.670000 6590699.350000 50.980000 117.000000 117.000000 119.000000 128.000000 0.461990
547594.820000 6590699.790000 51.060000 118.000000 119.000000 113.000000 129.000000 0.527649
547594.900000 6590699.480000 51.130000 116.000000 115.000000 110.000000 126.000000 0.531647
547594.970000 6590699.170000 51.240000 104.000000 104.000000 102.000000 123.000000 0.388321
547595.090000 6590699.940000 51.280000 125.000000 121.000000 120.000000 139.000000 0.549316
547595.160000 6590699.650000 51.320000 119.000000 119.000000 117.000000 129.000000 0.559311
547595.230000 6590699.360000 51.400000 115.000000 114.000000 110.000000 129.000000 0.576645
547595.430000 6590699.950000 51.500000 110.000000 109.000000 107.000000 120.000000 0.551651
547595.810000 6590699.780000 51.600000 122.000000 121.000000 119.000000 130.000000 0.619980
547595.880000 6590699.470000 51.620000 119.000000 118.000000 116.000000 129.000000 0.613312
547596.010000 6590699.950000 51.620000 110.000000 109.000000 105.000000 120.000000 0.611313
547596.100000 6590699.590000 51.620000 118.000000 117.000000 113.000000 124.000000 0.610657
547596.180000 6590699.290000 51.610000 119.000000 115.000000 112.000000 126.000000 0.584656
547596.420000 6590699.260000 51.590000 121.000000 117.000000 114.000000 126.000000 0.596649
547596.660000 6590699.930000 51.540000 113.000000 112.000000 110.000000 124.000000 0.597321
547596.730000 6590699.620000 51.490000 125.000000 121.000000 120.000000 136.000000 0.556976
547596.810000 6590699.290000 51.440000 130.000000 122.000000 120.000000 133.000000 0.548325
547596.990000 6590699.950000 51.430000 123.000000 121.000000 122.000000 132.000000 0.532990
547597.070000 6590699.640000 51.330000 136.000000 132.000000 133.000000 149.000000 0.591980
547597.150000 6590699.310000 51.280000 131.000000 127.000000 124.000000 133.000000 0.567322
547597.230000 6590698.990000 51.250000 62.000000 57.000000 61.000000 67.000000 0.312988
547594.750000 6590699.620000 50.980000 103.000000 105.000000 102.000000 112.000000 0.518311
547594.990000 6590699.330000 51.240000 111.000000 110.000000 106.000000 126.000000 0.521317
547595.070000 6590699.660000 51.280000 116.000000 116.000000 114.000000 129.000000 0.538315
547595.160000 6590699.990000 51.310000 121.000000 117.000000 116.000000 134.000000 0.535980
547595.340000 6590699.200000 51.520000 109.000000 105.000000 102.000000 118.000000 0.409653
547595.410000 6590699.490000 51.450000 114.000000 113.000000 111.000000 127.000000 0.560989
547595.710000 6590699.170000 51.600000 110.000000 109.000000 107.000000 123.000000 0.555649
547595.800000 6590699.510000 51.600000 119.000000 118.000000 116.000000 127.000000 0.596649
547595.870000 6590699.810000 51.590000 123.000000 122.000000 120.000000 131.000000 0.580978
547595.940000 6590699.130000 51.630000 108.000000 107.000000 105.000000 121.000000 0.566986
547596.020000 6590699.460000 51.630000 118.000000 117.000000 113.000000 126.000000 0.612320
547596.100000 6590699.790000 51.620000 114.000000 113.000000 109.000000 128.000000 0.629990
547596.330000 6590699.650000 51.600000 122.000000 121.000000 117.000000 132.000000 0.584976
547596.590000 6590699.070000 51.560000 111.000000 107.000000 106.000000 122.000000 0.595657
547596.670000 6590699.400000 51.540000 120.000000 119.000000 117.000000 127.000000 0.587646
547596.750000 6590699.700000 51.490000 122.000000 121.000000 119.000000 135.000000 0.577988
547597.000000 6590699.000000 51.350000 116.000000 112.000000 111.000000 131.000000 0.420319
547597.090000 6590699.340000 51.320000 131.000000 126.000000 123.000000 134.000000 0.576324
547597.160000 6590699.620000 51.290000 103.000000 101.000000 104.000000 114.000000 0.600647
547597.240000 6590699.930000 51.350000 33.000000 32.000000 40.000000 40.000000 0.531311
547597.340000 6590699.080000 51.100000 84.000000 79.000000 85.000000 88.000000 0.463654
547597.410000 6590699.370000 50.980000 36.000000 35.000000 43.000000 47.000000 0.536316
547594.610000 6590700.640000 52.030000 116.000000 121.000000 117.000000 111.000000 0.477646
547594.800000 6590701.120000 52.380000 104.000000 107.000000 100.000000 115.000000 0.509979
547594.890000 6590700.770000 52.110000 124.000000 130.000000 126.000000 115.000000 0.479980
547595.000000 6590700.300000 51.490000 123.000000 119.000000 118.000000 125.000000 0.430313
547594.980000 6590701.820000 52.810000 72.000000 74.000000 69.000000 80.000000 0.543991
547595.060000 6590701.470000 52.700000 88.000000 86.000000 87.000000 99.000000 0.537323
547595.150000 6590701.100000 52.470000 93.000000 91.000000 92.000000 99.000000 0.504318
547595.240000 6590700.750000 52.170000 118.000000 123.000000 117.000000 104.000000 0.486649
547595.350000 6590700.310000 51.650000 116.000000 117.000000 111.000000 127.000000 0.473984
547595.270000 6590701.970000 52.860000 75.000000 73.000000 76.000000 81.000000 0.562653
547595.350000 6590701.630000 52.770000 76.000000 75.000000 73.000000 89.000000 0.584320
547595.440000 6590701.290000 52.600000 88.000000 87.000000 85.000000 98.000000 0.516312
547595.530000 6590700.910000 52.350000 100.000000 100.000000 100.000000 107.000000 0.537643
547595.620000 6590700.540000 52.050000 104.000000 106.000000 105.000000 112.000000 0.470657
547595.730000 6590700.090000 51.570000 122.000000 118.000000 119.000000 127.000000 0.608322
547595.560000 6590701.790000 52.810000 72.000000 71.000000 69.000000 82.000000 0.527313
547595.640000 6590701.470000 52.660000 84.000000 83.000000 81.000000 95.000000 0.551987
547595.730000 6590701.110000 52.460000 96.000000 96.000000 96.000000 103.000000 0.538315
547595.830000 6590700.680000 52.110000 122.000000 127.000000 123.000000 114.000000 0.495316
547595.940000 6590700.260000 51.600000 118.000000 117.000000 115.000000 125.000000 0.555649
547595.900000 6590701.380000 52.660000 83.000000 83.000000 81.000000 91.000000 0.519989
547595.990000 6590701.040000 52.510000 92.000000 92.000000 90.000000 99.000000 0.504318
547596.180000 6590700.250000 51.700000 104.000000 103.000000 99.000000 114.000000 0.497650
547596.450000 6590700.750000 52.240000 89.000000 94.000000 90.000000 101.000000 0.509659
547596.560000 6590700.310000 51.680000 122.000000 123.000000 118.000000 122.000000 0.498322
547594.270000 6590700.300000 51.600000 160.000000 161.000000 156.000000 155.000000 0.424316
547594.750000 6590700.630000 51.980000 133.000000 135.000000 132.000000 125.000000 0.461655
547594.840000 6590701.010000 52.360000 113.000000 115.000000 110.000000 112.000000 0.498978
547594.940000 6590701.410000 52.610000 78.000000 80.000000 75.000000 91.000000 0.528320
547595.040000 6590701.790000 52.790000 82.000000 80.000000 81.000000 93.000000 0.565643
547595.120000 6590702.080000 52.860000 67.000000 65.000000 68.000000 77.000000 0.561310
547594.950000 6590700.430000 51.820000 105.000000 107.000000 104.000000 112.000000 0.446991
547595.060000 6590700.850000 52.280000 102.000000 102.000000 100.000000 109.000000 0.500992
547595.160000 6590701.230000 52.510000 89.000000 87.000000 88.000000 95.000000 0.504654
547595.240000 6590701.570000 52.720000 80.000000 78.000000 79.000000 94.000000 0.534988
547595.330000 6590701.910000 52.850000 73.000000 71.000000 74.000000 82.000000 0.565979
547595.260000 6590700.380000 51.750000 111.000000 110.000000 105.000000 122.000000 0.453979
547595.360000 6590700.790000 52.220000 122.000000 127.000000 121.000000 109.000000 0.487991
547595.460000 6590701.190000 52.520000 91.000000 91.000000 91.000000 100.000000 0.519653
547595.540000 6590701.530000 52.670000 79.000000 78.000000 76.000000 91.000000 0.528320
547595.680000 6590700.570000 52.010000 104.000000 106.000000 105.000000 112.000000 0.473648
547595.770000 6590700.950000 52.420000 95.000000 95.000000 95.000000 106.000000 0.511658
547595.870000 6590701.350000 52.700000 81.000000 81.000000 79.000000 95.000000 0.523987
547595.960000 6590700.140000 51.630000 118.000000 114.000000 113.000000 124.000000 0.562988
547596.060000 6590700.540000 52.030000 123.000000 125.000000 120.000000 123.000000 0.491653
547596.160000 6590700.950000 52.470000 99.000000 100.000000 95.000000 101.000000 0.546646
547596.180000 6590700.120000 51.620000 106.000000 102.000000 99.000000 117.000000 0.597977
547596.290000 6590700.530000 52.080000 142.000000 144.000000 139.000000 134.000000 0.496323
547596.840000 6590700.040000 51.550000 123.000000 122.000000 120.000000 131.000000 0.545654
547597.920000 6590699.910000 51.450000 33.000000 32.000000 40.000000 42.000000 0.477982
547598.270000 6590699.940000 51.780000 33.000000 36.000000 41.000000 38.000000 0.429657
547597.860000 6590699.960000 51.520000 32.000000 31.000000 37.000000 43.000000 0.491989
547595.480000 6590702.140000 52.910000 61.000000 61.000000 63.000000 69.000000 0.557983
547595.730000 6590702.090000 52.920000 63.000000 63.000000 63.000000 75.000000 0.569321
547595.810000 6590701.760000 52.870000 75.000000 75.000000 73.000000 85.000000 0.560318
547596.180000 6590701.850000 52.820000 53.000000 52.000000 57.000000 62.000000 0.541656
547596.270000 6590701.500000 52.710000 76.000000 77.000000 79.000000 90.000000 0.536652
547596.360000 6590701.130000 52.510000 88.000000 88.000000 88.000000 96.000000 0.511322
547596.520000 6590701.870000 52.890000 34.000000 35.000000 40.000000 39.000000 0.557983
547596.600000 6590701.530000 52.820000 30.000000 31.000000 35.000000 39.000000 0.562988
547596.690000 6590701.190000 52.640000 25.000000 24.000000 30.000000 36.000000 0.549652
547596.780000 6590700.810000 52.400000 24.000000 25.000000 30.000000 34.000000 0.560654
547596.870000 6590700.430000 52.060000 44.000000 43.000000 48.000000 47.000000 0.494980
547596.860000 6590701.720000 52.850000 33.000000 32.000000 38.000000 36.000000 0.582977
547596.930000 6590701.420000 52.770000 31.000000 30.000000 36.000000 36.000000 0.548981
547597.010000 6590701.070000 52.580000 31.000000 32.000000 36.000000 39.000000 0.574646
547597.110000 6590700.690000 52.330000 33.000000 36.000000 41.000000 34.000000 0.523651
547597.210000 6590700.270000 51.880000 35.000000 35.000000 43.000000 47.000000 0.508316
547597.060000 6590701.910000 52.910000 28.000000 29.000000 34.000000 36.000000 0.586655
547597.150000 6590701.580000 52.810000 30.000000 31.000000 36.000000 37.000000 0.545654
547597.240000 6590701.210000 52.650000 29.000000 30.000000 35.000000 37.000000 0.563980
547597.320000 6590700.860000 52.420000 32.000000 33.000000 38.000000 40.000000 0.568985
547597.420000 6590700.440000 52.020000 37.000000 38.000000 43.000000 45.000000 0.535980
547597.430000 6590701.870000 52.910000 25.000000 26.000000 31.000000 33.000000 0.604309
547597.510000 6590701.540000 52.830000 28.000000 29.000000 34.000000 36.000000 0.594650
547597.610000 6590701.150000 52.670000 30.000000 31.000000 36.000000 38.000000 0.603989
547597.800000 6590700.390000 52.060000 36.000000 35.000000 40.000000 42.000000 0.546646
547597.820000 6590701.770000 52.880000 31.000000 32.000000 36.000000 38.000000 0.638977
547597.900000 6590701.410000 52.770000 31.000000 32.000000 36.000000 37.000000 0.622650
547597.990000 6590701.070000 52.600000 30.000000 31.000000 36.000000 37.000000 0.623642
547598.080000 6590700.720000 52.370000 32.000000 33.000000 35.000000 41.000000 0.635651
547598.170000 6590700.330000 52.040000 36.000000 37.000000 42.000000 42.000000 0.542984
547598.130000 6590701.600000 52.830000 33.000000 34.000000 36.000000 40.000000 0.659988
547598.210000 6590701.270000 52.710000 34.000000 33.000000 38.000000 41.000000 0.631317
547598.300000 6590700.880000 52.510000 35.000000 36.000000 41.000000 38.000000 0.472321
547598.350000 6590701.650000 52.870000 30.000000 31.000000 33.000000 38.000000 0.495987
547595.630000 6590701.860000 52.850000 71.000000 71.000000 69.000000 85.000000 0.559982
547595.960000 6590701.690000 52.790000 76.000000 76.000000 74.000000 90.000000 0.550323
547596.040000 6590702.010000 52.900000 53.000000 52.000000 57.000000 66.000000 0.568985
547596.260000 6590701.330000 52.690000 95.000000 95.000000 95.000000 104.000000 0.550644
547596.350000 6590701.710000 52.860000 27.000000 28.000000 32.000000 35.000000 0.581650
547596.430000 6590702.040000 52.940000 31.000000 30.000000 36.000000 40.000000 0.592651
547596.560000 6590701.620000 52.840000 29.000000 30.000000 35.000000 37.000000 0.557312
547596.610000 6590700.780000 52.320000 69.000000 73.000000 72.000000 74.000000 0.504318
547596.710000 6590701.190000 52.620000 30.000000 29.000000 37.000000 39.000000 0.510986
547596.800000 6590701.540000 52.780000 32.000000 31.000000 37.000000 39.000000 0.566315
547596.880000 6590701.870000 52.860000 31.000000 30.000000 36.000000 39.000000 0.567657
547596.950000 6590700.490000 52.120000 31.000000 30.000000 36.000000 38.000000 0.505325
547597.040000 6590700.850000 52.460000 32.000000 33.000000 37.000000 40.000000 0.501984
547597.140000 6590701.240000 52.700000 29.000000 30.000000 35.000000 37.000000 0.538315
547597.230000 6590701.600000 52.850000 29.000000 30.000000 35.000000 38.000000 0.586319
547597.300000 6590701.900000 52.910000 30.000000 31.000000 36.000000 38.000000 0.600311
547597.360000 6590700.410000 52.040000 34.000000 37.000000 42.000000 45.000000 0.535980
547597.450000 6590700.790000 52.400000 31.000000 31.000000 39.000000 42.000000 0.575653
547597.540000 6590701.160000 52.670000 29.000000 30.000000 35.000000 36.000000 0.562653
547597.630000 6590701.510000 52.810000 31.000000 32.000000 37.000000 33.000000 0.587646
547597.810000 6590700.970000 52.540000 31.000000 32.000000 37.000000 41.000000 0.619644
547597.900000 6590701.350000 52.740000 30.000000 31.000000 35.000000 38.000000 0.657318
547597.990000 6590701.690000 52.890000 28.000000 29.000000 33.000000 33.000000 0.667984
547597.960000 6590700.380000 52.100000 32.000000 31.000000 36.000000 39.000000 0.542648
547598.050000 6590700.740000 52.410000 32.000000 33.000000 35.000000 41.000000 0.553986
547598.150000 6590701.150000 52.670000 30.000000 31.000000 35.000000 43.000000 0.527985
547598.240000 6590701.490000 52.820000 33.000000 33.000000 35.000000 37.000000 0.434326
547598.370000 6590699.470000 58.510000 47.000000 47.000000 55.000000 50.000000 0.670975
547598.520000 6590699.920000 58.530000 27.000000 32.000000 38.000000 36.000000 0.565979
547598.490000 6590699.540000 58.520000 29.000000 32.000000 41.000000 35.000000 0.661652
547598.580000 6590699.880000 58.510000 30.000000 35.000000 41.000000 35.000000 0.615311
547598.070000 6590699.220000 58.530000 39.000000 39.000000 41.000000 51.000000 0.461655
547598.300000 6590699.770000 58.500000 48.000000 51.000000 56.000000 52.000000 0.601654
547598.450000 6590699.140000 58.500000 27.000000 32.000000 38.000000 37.000000 0.607315
547598.590000 6590699.630000 58.520000 28.000000 31.000000 38.000000 36.000000 0.637985
547598.660000 6590699.340000 58.510000 83.000000 84.000000 79.000000 82.000000 0.647644
547598.750000 6590699.010000 58.530000 110.000000 109.000000 104.000000 100.000000 0.556976
547598.810000 6590699.730000 58.540000 76.000000 76.000000 78.000000 82.000000 0.642990
547598.890000 6590699.410000 58.530000 86.000000 86.000000 86.000000 88.000000 0.637985
547598.970000 6590699.080000 58.530000 71.000000 70.000000 75.000000 74.000000 0.638321
547599.130000 6590699.770000 58.720000 37.000000 35.000000 46.000000 41.000000 0.398651
547599.210000 6590699.430000 58.600000 33.000000 33.000000 41.000000 44.000000 0.538651
547599.320000 6590698.990000 59.420000 43.000000 44.000000 46.000000 54.000000 0.440323
547599.600000 6590699.230000 59.880000 35.000000 41.000000 41.000000 50.000000 0.532318
547599.670000 6590698.950000 60.010000 39.000000 43.000000 44.000000 46.000000 0.525650
547599.740000 6590699.730000 60.080000 35.000000 39.000000 40.000000 49.000000 0.414993
547599.810000 6590699.410000 60.120000 34.000000 37.000000 44.000000 48.000000 0.588654
547599.890000 6590699.100000 60.230000 43.000000 48.000000 51.000000 51.000000 0.567322
547599.950000 6590698.830000 60.450000 40.000000 45.000000 49.000000 49.000000 0.344986
547598.410000 6590699.200000 58.520000 28.000000 31.000000 40.000000 37.000000 0.659988
547598.620000 6590699.010000 58.510000 100.000000 101.000000 96.000000 100.000000 0.610657
547598.700000 6590699.330000 58.510000 83.000000 84.000000 79.000000 82.000000 0.659317
547598.780000 6590699.660000 58.510000 90.000000 92.000000 87.000000 93.000000 0.628983
547598.930000 6590699.180000 58.520000 60.000000 59.000000 64.000000 62.000000 0.674316
547599.020000 6590699.520000 58.540000 24.000000 22.000000 33.000000 31.000000 0.614655
547599.220000 6590698.960000 58.780000 45.000000 46.000000 48.000000 60.000000 0.493988
547599.300000 6590699.300000 59.020000 40.000000 44.000000 47.000000 55.000000 0.430984
547599.510000 6590698.950000 59.820000 40.000000 43.000000 48.000000 50.000000 0.452316
547599.590000 6590699.280000 59.850000 35.000000 41.000000 41.000000 50.000000 0.524323
547599.740000 6590699.040000 60.100000 42.000000 46.000000 45.000000 49.000000 0.533646
547599.820000 6590699.350000 60.150000 36.000000 39.000000 46.000000 46.000000 0.561981
547599.950000 6590699.060000 60.330000 45.000000 50.000000 54.000000 54.000000 0.565979
547600.050000 6590699.540000 60.400000 34.000000 37.000000 42.000000 46.000000 0.552979
547600.120000 6590699.250000 60.470000 36.000000 39.000000 44.000000 42.000000 0.607315
547600.200000 6590698.930000 60.530000 44.000000 47.000000 52.000000 53.000000 0.542984
547600.540000 6590699.020000 60.760000 49.000000 52.000000 57.000000 58.000000 0.590652
547600.800000 6590699.300000 60.860000 33.000000 36.000000 41.000000 39.000000 0.598312
547600.870000 6590698.990000 60.910000 37.000000 38.000000 43.000000 40.000000 0.595322
547600.030000 6590699.360000 60.370000 33.000000 36.000000 43.000000 43.000000 0.593323
547600.260000 6590698.940000 60.570000 43.000000 46.000000 51.000000 51.000000 0.570312
547600.340000 6590699.280000 60.620000 39.000000 42.000000 47.000000 49.000000 0.608978
547600.580000 6590698.880000 60.740000 53.000000 54.000000 56.000000 63.000000 0.588318
547600.660000 6590699.210000 60.760000 38.000000 41.000000 46.000000 44.000000 0.628647
547600.830000 6590698.860000 60.850000 44.000000 45.000000 50.000000 50.000000 0.601318
547600.910000 6590699.170000 60.900000 30.000000 30.000000 38.000000 34.000000 0.607651
547601.020000 6590698.780000 60.910000 33.000000 33.000000 41.000000 37.000000 0.487991
547598.560000 6590700.730000 60.280000 102.000000 106.000000 105.000000 96.000000 0.497650
547598.790000 6590701.140000 60.600000 78.000000 82.000000 83.000000 76.000000 0.526978
547598.460000 6590701.050000 60.480000 74.000000 78.000000 79.000000 64.000000 0.506989
547598.560000 6590701.440000 60.730000 40.000000 44.000000 45.000000 42.000000 0.547989
547598.930000 6590701.290000 60.740000 34.000000 35.000000 39.000000 48.000000 0.602982
547598.360000 6590700.590000 60.030000 36.000000 39.000000 46.000000 39.000000 0.459656
547598.380000 6590701.470000 60.800000 28.000000 29.000000 31.000000 34.000000 0.399323
547598.360000 6590700.630000 60.150000 42.000000 45.000000 52.000000 43.000000 0.411652
547598.660000 6590700.310000 59.800000 82.000000 87.000000 83.000000 78.000000 0.428650
547598.700000 6590701.500000 60.770000 27.000000 28.000000 30.000000 30.000000 0.568314
547598.890000 6590700.760000 60.330000 32.000000 31.000000 36.000000 36.000000 0.525314
547599.000000 6590700.320000 59.760000 34.000000 34.000000 42.000000 37.000000 0.442322
547599.240000 6590700.700000 60.740000 34.000000 35.000000 37.000000 40.000000 0.383316
547599.620000 6590700.180000 60.770000 38.000000 39.000000 43.000000 52.000000 0.343658
547598.840000 6590700.920000 60.510000 35.000000 36.000000 40.000000 42.000000 0.548325
547598.930000 6590700.250000 59.780000 26.000000 26.000000 34.000000 39.000000 0.429321
547599.030000 6590700.670000 60.280000 35.000000 34.000000 40.000000 43.000000 0.453323
547599.170000 6590700.130000 59.940000 34.000000 34.000000 42.000000 40.000000 0.382324
547598.920000 6590702.020000 60.980000 18.000000 23.000000 29.000000 21.000000 0.575989
547599.270000 6590701.620000 61.700000 31.000000 30.000000 36.000000 38.000000 0.467316
547599.570000 6590701.520000 62.090000 36.000000 35.000000 40.000000 48.000000 0.474991
547599.990000 6590701.260000 62.460000 35.000000 36.000000 38.000000 50.000000 0.524979
547598.730000 6590702.130000 61.010000 102.000000 107.000000 111.000000 99.000000 0.602310
547599.270000 6590701.600000 61.660000 31.000000 30.000000 36.000000 38.000000 0.415985
547599.520000 6590701.550000 62.120000 36.000000 35.000000 40.000000 48.000000 0.446991
547599.790000 6590701.250000 62.330000 37.000000 37.000000 39.000000 54.000000 0.482986
547600.070000 6590700.930000 62.420000 37.000000 37.000000 37.000000 50.000000 0.481659
547600.150000 6590700.590000 62.200000 39.000000 39.000000 39.000000 55.000000 0.454987
547600.240000 6590700.230000 62.010000 37.000000 38.000000 40.000000 50.000000 0.419647
547600.400000 6590700.940000 62.660000 39.000000 39.000000 41.000000 56.000000 0.527649
547600.480000 6590700.610000 62.490000 37.000000 37.000000 37.000000 53.000000 0.471649
547600.570000 6590700.240000 62.270000 36.000000 37.000000 39.000000 46.000000 0.442657
547600.030000 6590701.060000 62.390000 37.000000 37.000000 39.000000 52.000000 0.488312
547600.100000 6590700.450000 62.140000 38.000000 38.000000 38.000000 52.000000 0.435318
547600.190000 6590700.810000 62.490000 40.000000 40.000000 40.000000 54.000000 0.451324
547600.300000 6590700.430000 62.230000 37.000000 37.000000 39.000000 54.000000 0.444992
547600.390000 6590700.800000 62.570000 40.000000 40.000000 40.000000 54.000000 0.463654
547600.580000 6590700.240000 62.280000 36.000000 37.000000 39.000000 46.000000 0.438980
547600.670000 6590699.810000 61.800000 35.000000 36.000000 41.000000 44.000000 0.389313
547601.080000 6590699.160000 60.960000 31.000000 31.000000 39.000000 39.000000 0.622986
547600.180000 6590699.970000 61.630000 37.000000 38.000000 42.000000 47.000000 0.316315
547598.990000 6590701.720000 60.970000 21.000000 22.000000 27.000000 28.000000 0.480652
547599.070000 6590701.400000 60.950000 33.000000 32.000000 38.000000 45.000000 0.462646
547599.150000 6590701.070000 60.970000 36.000000 35.000000 40.000000 41.000000 0.434982
547599.340000 6590701.320000 61.650000 33.000000 32.000000 38.000000 44.000000 0.423645
547599.420000 6590701.000000 61.540000 37.000000 36.000000 41.000000 47.000000 0.387650
547599.520000 6590700.610000 61.280000 32.000000 35.000000 40.000000 49.000000 0.381317
547599.650000 6590701.180000 62.070000 32.000000 33.000000 35.000000 47.000000 0.460983
547599.730000 6590700.830000 61.920000 36.000000 37.000000 39.000000 50.000000 0.437988
547599.830000 6590700.450000 61.640000 38.000000 39.000000 41.000000 53.000000 0.392654
547599.940000 6590700.020000 61.140000 37.000000 37.000000 39.000000 51.000000 0.319321
547599.020000 6590701.640000 60.930000 35.000000 36.000000 41.000000 42.000000 0.472321
547599.310000 6590700.680000 61.050000 35.000000 36.000000 38.000000 40.000000 0.371323
547599.430000 6590701.180000 61.780000 36.000000 35.000000 40.000000 46.000000 0.384979
547599.700000 6590700.880000 61.960000 34.000000 35.000000 39.000000 47.000000 0.416992
547599.940000 6590700.690000 62.060000 37.000000 39.000000 38.000000 51.000000 0.390991
