549989.650000 6595200.700000 33.620000 13.000000 22.000000 21.000000
549988.300000 6595201.890000 33.720000 35.000000 38.000000 47.000000
549988.620000 6595201.720000 33.700000 38.000000 38.000000 46.000000
549988.700000 6595202.040000 33.710000 32.000000 35.000000 42.000000
549988.810000 6595201.340000 33.670000 35.000000 35.000000 45.000000
549988.900000 6595201.670000 33.680000 33.000000 32.000000 38.000000
549988.990000 6595201.990000 33.700000 34.000000 38.000000 49.000000
549989.060000 6595202.280000 33.740000 36.000000 36.000000 46.000000
549988.980000 6595201.140000 33.680000 35.000000 35.000000 45.000000
549989.070000 6595201.470000 33.680000 33.000000 38.000000 44.000000
549989.160000 6595201.790000 33.730000 28.000000 31.000000 38.000000
549989.350000 6595200.990000 33.620000 32.000000 37.000000 43.000000
549989.430000 6595201.320000 33.660000 25.000000 35.000000 37.000000
549988.170000 6595201.770000 33.710000 39.000000 43.000000 52.000000
549988.510000 6595202.040000 33.710000 33.000000 36.000000 45.000000
549988.580000 6595201.750000 33.690000 34.000000 34.000000 44.000000
549988.650000 6595201.420000 33.690000 33.000000 36.000000 41.000000
549988.810000 6595202.070000 33.700000 35.000000 34.000000 40.000000
549988.880000 6595201.750000 33.690000 40.000000 39.000000 47.000000
549988.950000 6595201.440000 33.660000 34.000000 37.000000 46.000000
549989.020000 6595201.150000 33.630000 37.000000 37.000000 45.000000
549989.030000 6595202.230000 33.730000 36.000000 36.000000 46.000000
549989.100000 6595201.900000 33.670000 29.000000 36.000000 44.000000
549989.180000 6595201.590000 33.640000 34.000000 39.000000 45.000000
549989.250000 6595201.260000 33.630000 35.000000 38.000000 43.000000
549989.320000 6595200.940000 33.610000 32.000000 37.000000 43.000000
549989.400000 6595200.610000 33.600000 35.000000 36.000000 40.000000
549987.330000 6595201.620000 33.710000 57.000000 66.000000 71.000000
549987.580000 6595201.550000 33.720000 101.000000 113.000000 113.000000
549987.810000 6595201.400000 33.720000 107.000000 116.000000 113.000000
549987.890000 6595201.700000 33.720000 59.000000 64.000000 68.000000
549988.140000 6595201.280000 33.670000 58.000000 66.000000 69.000000
549988.230000 6595201.600000 33.690000 39.000000 42.000000 51.000000
549988.450000 6595201.090000 33.660000 34.000000 39.000000 45.000000
549988.540000 6595201.410000 33.700000 33.000000 36.000000 43.000000
549988.730000 6595201.040000 33.650000 34.000000 34.000000 46.000000
549988.900000 6595200.840000 33.650000 33.000000 33.000000 41.000000
549989.260000 6595200.670000 33.620000 35.000000 39.000000 48.000000
549987.580000 6595201.570000 33.710000 101.000000 113.000000 113.000000
549987.760000 6595201.890000 33.740000 75.000000 80.000000 83.000000
549987.830000 6595201.590000 33.700000 99.000000 108.000000 107.000000
549988.240000 6595201.470000 33.700000 31.000000 35.000000 46.000000
549988.320000 6595201.130000 33.690000 32.000000 37.000000 43.000000
549988.730000 6595201.060000 33.660000 34.000000 34.000000 46.000000
549989.100000 6595200.810000 33.610000 33.000000 32.000000 38.000000
549989.950000 6595198.590000 33.460000 178.000000 180.000000 159.000000
549989.840000 6595198.710000 33.440000 59.000000 59.000000 61.000000
549989.910000 6595198.410000 33.420000 193.000000 204.000000 174.000000
549989.860000 6595199.640000 33.500000 17.000000 27.000000 36.000000
549988.590000 6595198.150000 33.460000 144.000000 162.000000 140.000000
549988.670000 6595198.450000 33.480000 94.000000 106.000000 106.000000
549988.750000 6595198.740000 33.480000 114.000000 123.000000 122.000000
549988.980000 6595198.160000 33.430000 197.000000 200.000000 153.000000
549989.060000 6595198.470000 33.440000 143.000000 154.000000 148.000000
549989.140000 6595198.770000 33.460000 112.000000 123.000000 117.000000
549989.230000 6595199.120000 33.490000 112.000000 121.000000 118.000000
549989.320000 6595199.450000 33.520000 87.000000 93.000000 93.000000
549989.240000 6595198.220000 33.450000 181.000000 183.000000 159.000000
549989.320000 6595198.540000 33.450000 108.000000 122.000000 122.000000
549989.410000 6595198.870000 33.460000 107.000000 117.000000 116.000000
549989.500000 6595199.190000 33.470000 79.000000 88.000000 87.000000
549989.570000 6595199.480000 33.520000 30.000000 33.000000 42.000000
549989.650000 6595199.790000 33.560000 37.000000 41.000000 44.000000
549989.540000 6595198.390000 33.440000 152.000000 166.000000 140.000000
549989.620000 6595198.710000 33.450000 115.000000 124.000000 121.000000
549989.700000 6595199.030000 33.470000 67.000000 76.000000 73.000000
549989.780000 6595199.330000 33.520000 37.000000 42.000000 46.000000
549988.380000 6595198.140000 33.430000 168.000000 177.000000 174.000000
549988.560000 6595198.420000 33.430000 86.000000 101.000000 98.000000
549988.640000 6595198.080000 33.440000 104.000000 103.000000 82.000000
549988.840000 6595198.870000 33.450000 110.000000 120.000000 119.000000
549988.920000 6595198.540000 33.470000 94.000000 109.000000 112.000000
549988.980000 6595198.250000 33.430000 169.000000 177.000000 153.000000
549989.170000 6595199.170000 33.490000 115.000000 124.000000 121.000000
549989.250000 6595198.830000 33.460000 108.000000 118.000000 117.000000
549989.320000 6595198.530000 33.430000 108.000000 122.000000 122.000000
549989.390000 6595198.210000 33.420000 193.000000 196.000000 175.000000
549989.400000 6595199.490000 33.510000 45.000000 48.000000 55.000000
549989.470000 6595199.190000 33.450000 110.000000 119.000000 118.000000
549989.540000 6595198.880000 33.460000 115.000000 124.000000 123.000000
549989.620000 6595198.530000 33.430000 171.000000 181.000000 172.000000
549989.620000 6595199.660000 33.510000 38.000000 41.000000 46.000000
549989.700000 6595199.330000 33.510000 30.000000 35.000000 39.000000
549989.770000 6595199.020000 33.470000 30.000000 38.000000 40.000000
549990.030000 6595198.890000 33.450000 23.000000 36.000000 42.000000
549989.740000 6595200.120000 33.540000 18.000000 22.000000 23.000000
549987.950000 6595199.210000 33.550000 80.000000 89.000000 72.000000
549988.030000 6595199.510000 33.560000 94.000000 101.000000 94.000000
549988.110000 6595199.810000 33.570000 116.000000 131.000000 126.000000
549988.060000 6595198.480000 33.440000 45.000000 50.000000 88.000000
549988.140000 6595198.780000 33.510000 32.000000 36.000000 45.000000
549988.220000 6595199.100000 33.520000 117.000000 129.000000 129.000000
549988.300000 6595199.410000 33.560000 114.000000 126.000000 122.000000
549988.390000 6595199.750000 33.550000 105.000000 117.000000 115.000000
549988.230000 6595198.280000 33.450000 133.000000 145.000000 145.000000
549988.310000 6595198.590000 33.500000 109.000000 121.000000 121.000000
549988.400000 6595198.930000 33.480000 111.000000 122.000000 114.000000
549988.480000 6595199.240000 33.520000 112.000000 128.000000 125.000000
549988.570000 6595199.570000 33.570000 113.000000 123.000000 124.000000
549988.660000 6595199.900000 33.580000 113.000000 125.000000 121.000000
549988.830000 6595199.060000 33.510000 113.000000 123.000000 125.000000
549988.920000 6595199.400000 33.520000 111.000000 123.000000 121.000000
549989.000000 6595199.700000 33.550000 122.000000 130.000000 133.000000
549989.390000 6595199.730000 33.530000 34.000000 34.000000 44.000000
549987.770000 6595199.700000 33.560000 42.000000 44.000000 39.000000
549987.840000 6595199.390000 33.530000 161.000000 170.000000 143.000000
549987.920000 6595199.050000 33.510000 35.000000 40.000000 34.000000
549987.990000 6595198.750000 33.490000 41.000000 46.000000 40.000000
549988.050000 6595198.460000 33.460000 45.000000 50.000000 88.000000
549988.130000 6595198.160000 33.380000 52.000000 47.000000 70.000000
549988.010000 6595199.710000 33.570000 114.000000 123.000000 122.000000
549988.090000 6595199.360000 33.550000 75.000000 85.000000 77.000000
549988.160000 6595199.080000 33.520000 87.000000 95.000000 97.000000
549988.230000 6595198.760000 33.510000 87.000000 96.000000 93.000000
549988.310000 6595198.420000 33.480000 84.000000 100.000000 99.000000
549988.270000 6595199.690000 33.560000 115.000000 125.000000 124.000000
549988.350000 6595199.360000 33.560000 111.000000 125.000000 125.000000
549988.420000 6595199.030000 33.510000 109.000000 124.000000 117.000000
549988.490000 6595198.720000 33.480000 111.000000 121.000000 113.000000
549988.620000 6595199.850000 33.560000 108.000000 120.000000 116.000000
549988.690000 6595199.540000 33.540000 112.000000 122.000000 124.000000
549988.760000 6595199.210000 33.500000 110.000000 124.000000 124.000000
549989.030000 6595199.790000 33.540000 122.000000 130.000000 133.000000
549989.100000 6595199.490000 33.520000 114.000000 127.000000 120.000000
549989.320000 6595199.840000 33.520000 36.000000 34.000000 45.000000
549989.550000 6595199.980000 33.530000 37.000000 38.000000 42.000000
549989.480000 6595200.070000 33.560000 34.000000 37.000000 44.000000
549989.570000 6595200.390000 33.550000 31.000000 36.000000 39.000000
549989.470000 6595200.300000 33.560000 35.000000 40.000000 44.000000
549987.490000 6595201.240000 33.720000 60.000000 70.000000 72.000000
549987.590000 6595200.530000 33.310000 50.000000 56.000000 56.000000
549987.650000 6595200.790000 33.680000 77.000000 85.000000 88.000000
549987.730000 6595201.090000 33.690000 113.000000 123.000000 124.000000
549987.810000 6595200.010000 33.610000 87.000000 96.000000 93.000000
549987.890000 6595200.340000 33.610000 99.000000 110.000000 106.000000
549987.970000 6595200.640000 33.660000 111.000000 126.000000 123.000000
549988.050000 6595200.950000 33.680000 115.000000 127.000000 125.000000
549988.200000 6595200.140000 33.620000 113.000000 124.000000 120.000000
549988.290000 6595200.460000 33.650000 112.000000 123.000000 119.000000
549988.370000 6595200.770000 33.640000 109.000000 118.000000 117.000000
549988.480000 6595200.060000 33.560000 118.000000 130.000000 128.000000
549988.550000 6595200.360000 33.600000 114.000000 122.000000 124.000000
549988.640000 6595200.700000 33.620000 36.000000 36.000000 48.000000
549988.740000 6595200.220000 33.610000 69.000000 75.000000 75.000000
549988.820000 6595200.530000 33.630000 41.000000 41.000000 49.000000
549989.090000 6595200.020000 33.580000 52.000000 57.000000 63.000000
549989.180000 6595200.360000 33.570000 39.000000 42.000000 51.000000
549987.400000 6595201.310000 33.680000 60.000000 69.000000 74.000000
549987.470000 6595200.970000 33.620000 71.000000 76.000000 79.000000
549987.530000 6595200.710000 33.420000 55.000000 60.000000 63.000000
549987.610000 6595200.400000 33.400000 57.000000 63.000000 63.000000
549987.670000 6595200.120000 33.080000 40.000000 46.000000 42.000000
549987.650000 6595201.270000 33.700000 101.000000 111.000000 110.000000
549987.730000 6595200.940000 33.690000 110.000000 120.000000 121.000000
549987.800000 6595200.620000 33.660000 112.000000 124.000000 124.000000
549987.870000 6595200.330000 33.600000 99.000000 110.000000 106.000000
549987.940000 6595200.030000 33.610000 116.000000 126.000000 125.000000
549987.900000 6595201.270000 33.700000 112.000000 122.000000 121.000000
549987.980000 6595200.940000 33.660000 110.000000 125.000000 122.000000
549988.050000 6595200.630000 33.640000 113.000000 128.000000 123.000000
549988.120000 6595200.330000 33.610000 109.000000 121.000000 117.000000
549988.200000 6595200.000000 33.560000 111.000000 126.000000 121.000000
549988.400000 6595200.800000 33.650000 60.000000 65.000000 69.000000
549988.460000 6595200.500000 33.600000 116.000000 125.000000 124.000000
549988.530000 6595200.190000 33.590000 115.000000 125.000000 124.000000
549988.800000 6595200.750000 33.610000 42.000000 42.000000 52.000000
549988.880000 6595200.430000 33.620000 34.000000 35.000000 40.000000
549988.960000 6595200.090000 33.570000 96.000000 100.000000 101.000000
549989.180000 6595200.470000 33.560000 36.000000 36.000000 46.000000
549989.240000 6595200.180000 33.550000 42.000000 43.000000 48.000000
549989.450000 6595201.390000 36.080000 25.000000 35.000000 37.000000
549989.560000 6595201.830000 35.700000 218.000000 237.000000 231.000000
549989.720000 6595200.980000 36.530000 123.000000 134.000000 128.000000
549989.820000 6595201.360000 36.180000 172.000000 186.000000 173.000000
549989.800000 6595200.340000 36.860000 94.000000 100.000000 96.000000
549989.870000 6595200.620000 36.940000 162.000000 167.000000 160.000000
549989.980000 6595201.020000 36.570000 159.000000 169.000000 158.000000
549989.430000 6595201.940000 35.540000 92.000000 109.000000 103.000000
549989.530000 6595201.520000 35.990000 44.000000 54.000000 55.000000
549989.710000 6595200.700000 36.790000 76.000000 85.000000 82.000000
549989.800000 6595200.340000 36.880000 94.000000 100.000000 96.000000
549989.850000 6595200.090000 36.610000 27.000000 37.000000 36.000000
549989.940000 6595201.120000 36.480000 161.000000 173.000000 161.000000
549989.620000 6595201.110000 36.370000 75.000000 85.000000 77.000000
549990.020000 6595200.230000 36.770000 156.000000 164.000000 149.000000
549990.080000 6595200.480000 37.000000 156.000000 164.000000 151.000000
549990.180000 6595200.850000 36.710000 146.000000 158.000000 148.000000
549990.430000 6595200.430000 36.850000 162.000000 170.000000 157.000000
549990.040000 6595200.710000 36.840000 155.000000 165.000000 156.000000
549990.120000 6595200.380000 36.840000 155.000000 163.000000 148.000000
549990.230000 6595200.960000 36.640000 150.000000 160.000000 149.000000
549990.310000 6595200.570000 37.030000 151.000000 161.000000 150.000000
549990.370000 6595200.320000 36.730000 152.000000 162.000000 151.000000
549991.880000 6595200.890000 37.000000 129.000000 137.000000 126.000000
549992.230000 6595200.870000 36.870000 126.000000 132.000000 122.000000
549992.550000 6595200.960000 36.860000 125.000000 130.000000 123.000000
549992.630000 6595201.240000 37.080000 128.000000 136.000000 125.000000
549992.810000 6595200.940000 36.770000 142.000000 150.000000 137.000000
549992.880000 6595201.200000 37.050000 130.000000 138.000000 123.000000
549992.360000 6595201.120000 37.050000 129.000000 136.000000 128.000000
549992.420000 6595200.870000 36.810000 128.000000 133.000000 126.000000
549992.820000 6595201.140000 37.000000 130.000000 138.000000 123.000000
549989.440000 6595202.850000 34.790000 32.000000 30.000000 33.000000
549989.870000 6595202.960000 34.790000 38.000000 31.000000 39.000000
549989.570000 6595202.750000 34.820000 35.000000 33.000000 36.000000
549989.840000 6595202.650000 34.940000 35.000000 32.000000 39.000000
549989.340000 6595202.470000 35.030000 27.000000 30.000000 37.000000
549990.250000 6595202.970000 34.770000 33.000000 34.000000 38.000000
549990.500000 6595203.010000 34.870000 34.000000 33.000000 38.000000
549990.730000 6595202.910000 34.890000 30.000000 30.000000 32.000000
549991.150000 6595203.120000 34.910000 32.000000 35.000000 40.000000
549991.610000 6595203.420000 34.800000 34.000000 33.000000 38.000000
549991.880000 6595203.370000 34.790000 32.000000 31.000000 37.000000
549992.600000 6595203.620000 34.820000 34.000000 33.000000 38.000000
549993.620000 6595203.970000 34.770000 32.000000 31.000000 36.000000
549990.040000 6595202.940000 34.750000 31.000000 29.000000 34.000000
549990.730000 6595203.150000 34.770000 34.000000 33.000000 39.000000
549991.230000 6595203.200000 34.810000 35.000000 36.000000 41.000000
549992.260000 6595203.590000 34.740000 33.000000 32.000000 38.000000
549992.920000 6595203.780000 34.750000 33.000000 32.000000 37.000000
549993.210000 6595203.850000 34.760000 30.000000 29.000000 34.000000
549993.430000 6595201.840000 36.660000 143.000000 157.000000 144.000000
549993.530000 6595202.190000 36.390000 159.000000 169.000000 158.000000
549993.630000 6595202.570000 36.000000 144.000000 154.000000 146.000000
549993.740000 6595202.990000 35.690000 231.000000 251.000000 255.000000
549993.840000 6595203.380000 35.360000 26.000000 26.000000 36.000000
549993.840000 6595201.930000 36.700000 184.000000 192.000000 181.000000
549993.940000 6595202.300000 36.390000 173.000000 185.000000 175.000000
549994.040000 6595202.670000 36.050000 144.000000 152.000000 139.000000
549994.160000 6595203.110000 35.680000 233.000000 251.000000 255.000000
549994.260000 6595203.480000 35.350000 23.000000 30.000000 38.000000
549994.210000 6595201.980000 36.760000 166.000000 174.000000 161.000000
549994.320000 6595202.380000 36.440000 167.000000 179.000000 167.000000
549994.420000 6595202.770000 36.110000 167.000000 175.000000 164.000000
549994.520000 6595203.160000 35.730000 215.000000 232.000000 240.000000
549994.440000 6595201.990000 36.860000 164.000000 172.000000 157.000000
549994.550000 6595202.400000 36.480000 161.000000 173.000000 161.000000
549994.660000 6595202.800000 36.150000 157.000000 167.000000 156.000000
549994.850000 6595202.090000 36.820000 158.000000 164.000000 150.000000
549994.950000 6595202.490000 36.500000 155.000000 168.000000 158.000000
549995.180000 6595201.960000 37.080000 155.000000 161.000000 149.000000
549993.390000 6595201.740000 36.740000 153.000000 161.000000 150.000000
549993.590000 6595202.200000 36.340000 157.000000 171.000000 158.000000
549993.680000 6595201.800000 36.760000 167.000000 177.000000 166.000000
549993.730000 6595202.830000 35.860000 178.000000 193.000000 198.000000
549993.830000 6595202.420000 36.250000 153.000000 165.000000 155.000000
549993.930000 6595201.990000 36.680000 178.000000 186.000000 175.000000
549993.930000 6595203.600000 35.130000 35.000000 36.000000 40.000000
549994.020000 6595203.210000 35.550000 77.000000 88.000000 106.000000
549994.120000 6595202.760000 35.990000 144.000000 152.000000 139.000000
549994.220000 6595202.320000 36.420000 156.000000 168.000000 156.000000
549994.320000 6595201.910000 36.860000 161.000000 169.000000 156.000000
549994.380000 6595203.490000 35.360000 20.000000 27.000000 35.000000
549994.470000 6595203.070000 35.820000 194.000000 208.000000 209.000000
549994.570000 6595202.650000 36.220000 162.000000 173.000000 159.000000
549994.660000 6595202.240000 36.630000 165.000000 177.000000 165.000000
549994.770000 6595203.010000 35.920000 142.000000 154.000000 152.000000
549994.870000 6595202.590000 36.380000 156.000000 168.000000 158.000000
549994.970000 6595202.170000 36.790000 153.000000 161.000000 148.000000
549995.280000 6595202.110000 36.930000 154.000000 162.000000 149.000000
549994.360000 6595203.890000 34.980000 29.000000 32.000000 37.000000
549994.640000 6595203.590000 35.380000 25.000000 28.000000 35.000000
549994.750000 6595204.000000 35.060000 34.000000 34.000000 36.000000
549994.760000 6595203.180000 35.840000 195.000000 210.000000 213.000000
549994.860000 6595203.580000 35.490000 20.000000 28.000000 41.000000
549995.060000 6595202.890000 36.170000 164.000000 172.000000 157.000000
549995.290000 6595202.370000 36.670000 157.000000 168.000000 154.000000
549994.280000 6595203.920000 34.920000 28.000000 33.000000 37.000000
549994.580000 6595203.870000 35.100000 34.000000 33.000000 38.000000
549994.680000 6595203.420000 35.530000 35.000000 45.000000 54.000000
549994.810000 6595204.200000 34.850000 32.000000 31.000000 37.000000
549994.900000 6595203.770000 35.260000 38.000000 38.000000 48.000000
549995.000000 6595203.370000 35.650000 230.000000 253.000000 255.000000
549995.090000 6595202.930000 36.110000 159.000000 170.000000 156.000000
549995.190000 6595202.530000 36.490000 157.000000 169.000000 155.000000
549989.670000 6595202.220000 35.340000 37.000000 43.000000 43.000000
549989.930000 6595201.790000 35.830000 166.000000 177.000000 169.000000
549989.760000 6595201.930000 35.620000 249.000000 255.000000 255.000000
549989.860000 6595201.510000 36.050000 176.000000 188.000000 178.000000
549990.090000 6595201.430000 36.230000 168.000000 180.000000 170.000000
549990.190000 6595201.820000 35.890000 152.000000 167.000000 162.000000
549990.290000 6595201.270000 36.350000 159.000000 169.000000 158.000000
549990.400000 6595201.680000 35.990000 178.000000 188.000000 179.000000
549990.510000 6595200.740000 36.980000 154.000000 162.000000 149.000000
549990.630000 6595201.140000 36.590000 145.000000 156.000000 140.000000
549990.730000 6595201.530000 36.250000 161.000000 171.000000 160.000000
549990.830000 6595201.930000 35.940000 179.000000 189.000000 178.000000
549990.800000 6595200.370000 36.690000 31.000000 34.000000 41.000000
549990.880000 6595200.670000 36.940000 34.000000 39.000000 42.000000
549990.970000 6595201.020000 36.790000 134.000000 143.000000 140.000000
549991.070000 6595201.400000 36.450000 154.000000 164.000000 153.000000
549991.180000 6595201.820000 36.140000 177.000000 185.000000 172.000000
549991.100000 6595200.440000 36.700000 133.000000 141.000000 130.000000
549991.160000 6595200.680000 36.920000 136.000000 145.000000 128.000000
549991.260000 6595201.060000 36.820000 142.000000 152.000000 143.000000
549991.370000 6595201.450000 36.470000 148.000000 157.000000 152.000000
549991.410000 6595200.650000 36.770000 124.000000 131.000000 124.000000
549991.470000 6595200.890000 37.030000 121.000000 128.000000 121.000000
549991.580000 6595201.280000 36.740000 145.000000 155.000000 146.000000
549991.680000 6595201.680000 36.400000 148.000000 160.000000 150.000000
549992.310000 6595201.140000 37.060000 129.000000 136.000000 128.000000
549990.030000 6595201.810000 35.840000 161.000000 170.000000 167.000000
549990.120000 6595201.410000 36.240000 163.000000 173.000000 162.000000
549990.340000 6595201.650000 36.060000 177.000000 187.000000 176.000000
549990.430000 6595201.260000 36.430000 150.000000 160.000000 151.000000
549990.520000 6595200.870000 36.810000 153.000000 161.000000 148.000000
549990.600000 6595200.510000 36.870000 159.000000 167.000000 154.000000
549990.660000 6595200.250000 36.590000 147.000000 152.000000 148.000000
549990.640000 6595201.940000 35.850000 168.000000 180.000000 170.000000
549990.740000 6595201.490000 36.280000 158.000000 168.000000 157.000000
549990.840000 6595201.060000 36.700000 82.000000 91.000000 86.000000
549990.920000 6595200.700000 36.990000 125.000000 130.000000 133.000000
549990.980000 6595200.440000 36.720000 76.000000 81.000000 84.000000
549991.120000 6595201.500000 36.410000 158.000000 168.000000 159.000000
549991.210000 6595201.080000 36.830000 142.000000 152.000000 143.000000
549991.290000 6595200.750000 36.920000 127.000000 135.000000 122.000000
549991.350000 6595200.460000 36.630000 123.000000 131.000000 120.000000
549991.330000 6595201.760000 36.190000 158.000000 170.000000 156.000000
549991.420000 6595201.340000 36.630000 135.000000 145.000000 136.000000
549991.520000 6595200.920000 37.030000 141.000000 148.000000 141.000000
549991.590000 6595200.640000 36.790000 123.000000 130.000000 123.000000
549991.620000 6595201.530000 36.480000 143.000000 153.000000 144.000000
549991.710000 6595201.130000 36.910000 140.000000 148.000000 137.000000
549991.780000 6595200.810000 36.900000 132.000000 140.000000 127.000000
549991.950000 6595201.510000 36.580000 151.000000 161.000000 150.000000
549992.050000 6595201.080000 37.010000 142.000000 150.000000 139.000000
549992.270000 6595201.530000 36.640000 142.000000 152.000000 143.000000
549992.570000 6595201.240000 37.060000 129.000000 137.000000 126.000000
549989.760000 6595202.580000 35.020000 31.000000 32.000000 36.000000
549989.660000 6595202.360000 35.170000 30.000000 36.000000 34.000000
549989.940000 6595202.200000 35.390000 23.000000 24.000000 29.000000
549989.330000 6595202.390000 35.080000 26.000000 34.000000 37.000000
549990.040000 6595202.190000 35.450000 147.000000 156.000000 161.000000
549990.140000 6595202.560000 35.090000 34.000000 37.000000 42.000000
549990.290000 6595202.220000 35.510000 80.000000 90.000000 102.000000
549990.400000 6595202.620000 35.180000 42.000000 37.000000 44.000000
549990.510000 6595202.090000 35.630000 216.000000 223.000000 216.000000
549990.620000 6595202.510000 35.240000 34.000000 32.000000 35.000000
549990.930000 6595202.300000 35.570000 240.000000 255.000000 255.000000
549991.040000 6595202.690000 35.250000 30.000000 33.000000 40.000000
549991.290000 6595202.230000 35.740000 226.000000 236.000000 237.000000
549991.400000 6595202.630000 35.360000 22.000000 26.000000 35.000000
549991.500000 6595203.020000 35.060000 31.000000 34.000000 39.000000
549991.470000 6595201.840000 36.110000 177.000000 189.000000 177.000000
549991.570000 6595202.220000 35.750000 175.000000 186.000000 188.000000
549991.680000 6595202.630000 35.420000 34.000000 46.000000 58.000000
549991.780000 6595203.000000 35.100000 38.000000 38.000000 46.000000
549991.790000 6595202.060000 36.070000 151.000000 158.000000 150.000000
549991.890000 6595202.450000 35.700000 230.000000 250.000000 248.000000
549992.000000 6595202.870000 35.340000 28.000000 32.000000 43.000000
549992.110000 6595203.260000 34.990000 32.000000 36.000000 39.000000
549992.080000 6595201.640000 36.490000 152.000000 162.000000 153.000000
549992.190000 6595202.060000 36.120000 154.000000 165.000000 149.000000
549992.290000 6595202.430000 35.750000 170.000000 186.000000 186.000000
549992.390000 6595202.830000 35.420000 33.000000 42.000000 59.000000
549992.510000 6595203.260000 35.050000 38.000000 37.000000 42.000000
549992.420000 6595201.590000 36.620000 132.000000 142.000000 131.000000
549992.530000 6595202.000000 36.260000 162.000000 169.000000 161.000000
549992.640000 6595202.390000 35.950000 178.000000 190.000000 178.000000
549992.750000 6595202.800000 35.570000 238.000000 255.000000 255.000000
549992.850000 6595203.210000 35.270000 39.000000 38.000000 44.000000
549992.960000 6595203.580000 34.880000 31.000000 32.000000 36.000000
549992.730000 6595201.620000 36.700000 129.000000 141.000000 127.000000
549992.820000 6595201.980000 36.390000 167.000000 174.000000 167.000000
549992.940000 6595202.420000 36.030000 158.000000 171.000000 161.000000
549993.050000 6595202.830000 35.660000 224.000000 255.000000 255.000000
549993.150000 6595203.200000 35.310000 32.000000 35.000000 44.000000
549993.260000 6595203.620000 34.950000 33.000000 32.000000 37.000000
549992.980000 6595201.560000 36.790000 152.000000 163.000000 147.000000
549993.080000 6595201.960000 36.440000 164.000000 171.000000 163.000000
549993.200000 6595202.390000 36.070000 171.000000 184.000000 174.000000
549993.310000 6595202.810000 35.690000 238.000000 255.000000 255.000000
549993.410000 6595203.180000 35.370000 22.000000 38.000000 63.000000
549993.520000 6595203.590000 35.020000 35.000000 34.000000 39.000000
549993.950000 6595203.760000 35.020000 36.000000 37.000000 39.000000
549994.040000 6595204.130000 34.810000 31.000000 32.000000 37.000000
549990.130000 6595202.530000 35.150000 34.000000 37.000000 42.000000
549990.230000 6595202.110000 35.570000 239.000000 240.000000 245.000000
549990.450000 6595202.780000 34.940000 38.000000 32.000000 42.000000
549990.540000 6595202.360000 35.390000 45.000000 75.000000 75.000000
549990.830000 6595202.740000 35.140000 30.000000 31.000000 35.000000
549990.920000 6595202.350000 35.530000 216.000000 237.000000 240.000000
549991.010000 6595201.940000 35.970000 176.000000 182.000000 172.000000
549991.040000 6595203.020000 34.940000 29.000000 30.000000 35.000000
549991.130000 6595202.640000 35.310000 26.000000 29.000000 34.000000
549991.230000 6595202.200000 35.730000 226.000000 236.000000 237.000000
549991.330000 6595202.770000 35.230000 41.000000 32.000000 37.000000
549991.430000 6595202.360000 35.640000 230.000000 250.000000 255.000000
549991.520000 6595201.940000 36.080000 174.000000 184.000000 173.000000
549991.580000 6595203.160000 34.950000 28.000000 32.000000 35.000000
549991.670000 6595202.740000 35.360000 23.000000 25.000000 38.000000
549991.760000 6595202.340000 35.760000 187.000000 211.000000 215.000000
549991.860000 6595201.920000 36.200000 152.000000 163.000000 149.000000
549991.880000 6595203.230000 34.950000 33.000000 30.000000 37.000000
549991.980000 6595202.790000 35.300000 18.000000 36.000000 58.000000
549992.070000 6595202.390000 35.760000 136.000000 151.000000 148.000000
549992.170000 6595201.960000 36.210000 154.000000 167.000000 157.000000
549992.090000 6595203.360000 34.920000 33.000000 34.000000 39.000000
549992.180000 6595202.960000 35.320000 34.000000 33.000000 38.000000
549992.280000 6595202.530000 35.740000 230.000000 250.000000 255.000000
549992.380000 6595202.090000 36.170000 176.000000 186.000000 175.000000
549992.480000 6595201.670000 36.600000 134.000000 146.000000 134.000000
549992.350000 6595203.190000 35.060000 33.000000 37.000000 38.000000
549992.440000 6595202.780000 35.460000 191.000000 217.000000 230.000000
549992.530000 6595202.370000 35.900000 153.000000 167.000000 154.000000
549992.730000 6595201.530000 36.720000 127.000000 138.000000 124.000000
549992.630000 6595203.510000 34.930000 26.000000 27.000000 31.000000
549992.730000 6595203.080000 35.360000 28.000000 32.000000 44.000000
549992.820000 6595202.660000 35.740000 210.000000 219.000000 224.000000
549992.930000 6595202.230000 36.200000 169.000000 181.000000 169.000000
549993.020000 6595201.810000 36.640000 160.000000 170.000000 161.000000
549993.010000 6595203.400000 35.100000 33.000000 32.000000 37.000000
549993.110000 6595202.970000 35.500000 175.000000 203.000000 214.000000
549993.210000 6595202.550000 35.950000 174.000000 179.000000 172.000000
549993.300000 6595202.130000 36.390000 159.000000 169.000000 158.000000
549993.300000 6595203.420000 35.120000 37.000000 35.000000 40.000000
549993.400000 6595203.040000 35.510000 149.000000 174.000000 196.000000
549993.480000 6595202.650000 35.930000 165.000000 170.000000 166.000000
549993.540000 6595203.670000 35.030000 36.000000 35.000000 40.000000
549993.630000 6595203.270000 35.420000 23.000000 28.000000 34.000000
549993.840000 6595204.000000 34.760000 33.000000 32.000000 37.000000
549984.420000 6595201.590000 34.070000 155.000000 164.000000 161.000000
549984.500000 6595201.860000 34.200000 149.000000 164.000000 157.000000
549984.680000 6595201.090000 33.740000 138.000000 155.000000 147.000000
549984.760000 6595201.380000 33.860000 151.000000 163.000000 161.000000
549984.830000 6595201.660000 34.040000 154.000000 169.000000 164.000000
549984.910000 6595201.950000 34.200000 147.000000 162.000000 159.000000
549984.880000 6595201.030000 33.640000 218.000000 223.000000 227.000000
549984.950000 6595201.310000 33.790000 144.000000 164.000000 153.000000
549985.030000 6595201.600000 33.980000 147.000000 163.000000 160.000000
549985.110000 6595201.900000 34.110000 156.000000 172.000000 171.000000
549985.160000 6595201.030000 33.620000 251.000000 255.000000 255.000000
549985.230000 6595201.330000 33.740000 151.000000 166.000000 161.000000
549985.310000 6595201.630000 33.920000 152.000000 168.000000 165.000000
549985.390000 6595201.910000 34.070000 152.000000 168.000000 165.000000
549985.550000 6595201.330000 33.700000 131.000000 154.000000 146.000000
549985.630000 6595201.630000 33.820000 151.000000 166.000000 163.000000
549985.690000 6595201.880000 34.030000 151.000000 167.000000 164.000000
549985.960000 6595201.410000 33.680000 140.000000 152.000000 148.000000
549986.030000 6595201.670000 33.820000 150.000000 165.000000 160.000000
549986.180000 6595201.310000 33.580000 85.000000 103.000000 107.000000
549986.260000 6595201.610000 33.720000 143.000000 158.000000 153.000000
549986.490000 6595201.410000 33.560000 105.000000 121.000000 121.000000
549986.560000 6595201.670000 33.760000 139.000000 154.000000 151.000000
549984.340000 6595202.120000 34.390000 156.000000 171.000000 168.000000
549984.400000 6595201.830000 34.220000 154.000000 169.000000 164.000000
549984.470000 6595201.560000 34.030000 155.000000 164.000000 161.000000
549984.530000 6595201.300000 33.810000 149.000000 164.000000 157.000000
549984.600000 6595200.980000 33.650000 121.000000 135.000000 122.000000
549984.710000 6595202.060000 34.290000 153.000000 170.000000 164.000000
549984.770000 6595201.790000 34.090000 153.000000 168.000000 161.000000
549984.830000 6595201.520000 33.940000 151.000000 168.000000 162.000000
549984.900000 6595201.230000 33.770000 143.000000 160.000000 152.000000
549985.000000 6595202.000000 34.160000 151.000000 167.000000 166.000000
549985.070000 6595201.710000 33.980000 148.000000 164.000000 163.000000
549985.140000 6595201.420000 33.810000 145.000000 162.000000 156.000000
549985.200000 6595201.150000 33.650000 193.000000 202.000000 197.000000
549985.260000 6595202.010000 34.130000 151.000000 167.000000 164.000000
549985.320000 6595201.720000 33.950000 151.000000 167.000000 164.000000
549985.390000 6595201.430000 33.790000 150.000000 164.000000 164.000000
549985.460000 6595201.140000 33.600000 243.000000 255.000000 249.000000
549985.660000 6595201.800000 33.980000 150.000000 166.000000 163.000000
549985.720000 6595201.540000 33.770000 155.000000 165.000000 164.000000
549985.790000 6595201.250000 33.600000 165.000000 181.000000 181.000000
549986.040000 6595201.690000 33.780000 150.000000 165.000000 160.000000
549986.100000 6595201.420000 33.630000 142.000000 157.000000 152.000000
549986.290000 6595201.770000 33.850000 146.000000 161.000000 158.000000
549986.360000 6595201.480000 33.670000 130.000000 146.000000 145.000000
549986.570000 6595201.750000 33.750000 138.000000 153.000000 150.000000
549986.640000 6595201.450000 33.560000 81.000000 94.000000 100.000000
549984.580000 6595202.170000 34.390000 149.000000 164.000000 159.000000
549984.990000 6595202.270000 34.350000 152.000000 168.000000 165.000000
549985.170000 6595202.150000 34.280000 154.000000 170.000000 169.000000
549985.250000 6595202.430000 34.410000 156.000000 172.000000 169.000000
549985.460000 6595202.200000 34.250000 151.000000 167.000000 164.000000
549985.540000 6595202.490000 34.400000 149.000000 165.000000 162.000000
549985.770000 6595202.180000 34.190000 146.000000 162.000000 159.000000
549985.850000 6595202.470000 34.330000 148.000000 163.000000 160.000000
549985.920000 6595202.740000 34.430000 151.000000 166.000000 163.000000
549986.100000 6595201.950000 33.960000 150.000000 165.000000 162.000000
549986.190000 6595202.260000 34.130000 145.000000 160.000000 157.000000
549986.260000 6595202.530000 34.280000 145.000000 160.000000 157.000000
549986.320000 6595202.780000 34.470000 142.000000 156.000000 156.000000
549986.340000 6595201.900000 33.870000 145.000000 160.000000 157.000000
549986.420000 6595202.190000 34.060000 144.000000 160.000000 157.000000
549986.480000 6595202.460000 34.220000 142.000000 158.000000 155.000000
549986.560000 6595202.760000 34.390000 146.000000 162.000000 159.000000
549986.640000 6595201.990000 33.890000 141.000000 156.000000 153.000000
549986.720000 6595202.280000 34.050000 143.000000 159.000000 156.000000
549986.800000 6595202.570000 34.220000 140.000000 155.000000 152.000000
549986.870000 6595202.860000 34.410000 146.000000 158.000000 156.000000
549986.920000 6595201.710000 33.680000 137.000000 149.000000 145.000000
549986.990000 6595201.960000 33.850000 142.000000 154.000000 150.000000
549987.060000 6595202.260000 34.020000 149.000000 161.000000 157.000000
549987.140000 6595202.540000 34.150000 127.000000 137.000000 136.000000
549987.210000 6595202.820000 34.300000 40.000000 44.000000 53.000000
549987.400000 6595201.900000 33.780000 108.000000 116.000000 118.000000
549987.480000 6595202.220000 33.920000 91.000000 94.000000 99.000000
549987.560000 6595202.520000 34.090000 34.000000 37.000000 44.000000
549987.640000 6595202.800000 34.230000 38.000000 41.000000 48.000000
549987.710000 6595203.090000 34.390000 41.000000 45.000000 54.000000
549987.750000 6595202.190000 33.850000 31.000000 36.000000 40.000000
549987.810000 6595202.450000 33.970000 41.000000 44.000000 51.000000
549987.890000 6595202.740000 34.190000 39.000000 42.000000 51.000000
549987.960000 6595203.030000 34.280000 41.000000 44.000000 53.000000
549988.030000 6595203.280000 34.450000 37.000000 41.000000 50.000000
549988.200000 6595202.880000 34.170000 37.000000 39.000000 51.000000
549988.280000 6595203.160000 34.380000 35.000000 37.000000 49.000000
549984.630000 6595202.370000 34.460000 153.000000 170.000000 164.000000
549984.940000 6595202.270000 34.340000 152.000000 168.000000 165.000000
549985.190000 6595202.300000 34.340000 152.000000 168.000000 165.000000
549985.520000 6595202.400000 34.330000 149.000000 165.000000 162.000000
549985.590000 6595202.100000 34.130000 147.000000 164.000000 158.000000
549985.850000 6595202.520000 34.330000 147.000000 162.000000 159.000000
549985.910000 6595202.240000 34.140000 149.000000 164.000000 161.000000
549985.980000 6595201.950000 33.960000 148.000000 163.000000 160.000000
549986.100000 6595202.610000 34.360000 148.000000 162.000000 162.000000
549986.160000 6595202.340000 34.190000 147.000000 162.000000 159.000000
549986.220000 6595202.090000 34.020000 148.000000 163.000000 160.000000
549986.380000 6595202.580000 34.290000 142.000000 157.000000 154.000000
549986.440000 6595202.290000 34.100000 136.000000 152.000000 149.000000
549986.510000 6595202.010000 33.940000 142.000000 158.000000 155.000000
549986.690000 6595202.860000 34.410000 143.000000 158.000000 155.000000
549986.750000 6595202.590000 34.250000 137.000000 153.000000 150.000000
549986.820000 6595202.290000 34.050000 142.000000 157.000000 154.000000
549986.890000 6595201.990000 33.860000 142.000000 154.000000 150.000000
549986.950000 6595201.730000 33.660000 137.000000 149.000000 145.000000
549987.060000 6595202.790000 34.340000 155.000000 167.000000 165.000000
549987.110000 6595202.530000 34.160000 127.000000 137.000000 136.000000
549987.190000 6595202.220000 33.970000 98.000000 108.000000 107.000000
549987.260000 6595201.920000 33.820000 20.000000 28.000000 30.000000
549987.320000 6595201.650000 33.700000 57.000000 66.000000 71.000000
549987.230000 6595203.090000 34.430000 34.000000 38.000000 47.000000
549987.310000 6595202.770000 34.270000 37.000000 40.000000 49.000000
549987.370000 6595202.470000 34.070000 70.000000 73.000000 80.000000
549987.440000 6595202.200000 33.900000 91.000000 94.000000 99.000000
549987.510000 6595201.910000 33.770000 117.000000 125.000000 127.000000
549987.500000 6595203.020000 34.360000 43.000000 47.000000 56.000000
549987.560000 6595202.750000 34.190000 45.000000 48.000000 57.000000
549987.630000 6595202.450000 34.020000 35.000000 38.000000 45.000000
549987.690000 6595202.180000 33.840000 43.000000 48.000000 52.000000
549987.830000 6595203.230000 34.430000 41.000000 45.000000 54.000000
549987.900000 6595202.940000 34.250000 42.000000 45.000000 54.000000
549987.960000 6595202.660000 34.070000 35.000000 38.000000 47.000000
549988.240000 6595203.210000 34.340000 33.000000 36.000000 45.000000
549988.300000 6595202.930000 34.150000 36.000000 39.000000 48.000000
549988.530000 6595203.260000 34.350000 35.000000 38.000000 47.000000
549987.980000 6595202.020000 33.750000 33.000000 36.000000 41.000000
549988.470000 6595202.520000 33.940000 31.000000 34.000000 43.000000
549988.540000 6595202.790000 34.050000 31.000000 34.000000 41.000000
549988.610000 6595203.060000 34.210000 38.000000 39.000000 44.000000
549988.870000 6595202.670000 33.890000 31.000000 29.000000 40.000000
549988.940000 6595202.940000 34.100000 30.000000 29.000000 37.000000
549988.100000 6595202.090000 33.760000 38.000000 41.000000 50.000000
549988.370000 6595202.640000 34.000000 33.000000 35.000000 47.000000
549988.440000 6595202.340000 33.810000 33.000000 36.000000 45.000000
549988.600000 6595202.970000 34.150000 30.000000 33.000000 40.000000
549988.670000 6595202.660000 33.970000 31.000000 34.000000 41.000000
549988.770000 6595203.360000 34.380000 37.000000 37.000000 47.000000
549988.830000 6595203.080000 34.200000 34.000000 35.000000 39.000000
549988.890000 6595202.810000 34.020000 31.000000 29.000000 40.000000
549988.390000 6595202.210000 33.790000 32.000000 35.000000 44.000000
549988.790000 6595202.370000 33.780000 29.000000 32.000000 39.000000
549988.740000 6595202.370000 33.810000 29.000000 32.000000 39.000000
549988.960000 6595202.530000 33.840000 32.000000 31.000000 39.000000
549987.660000 6595201.880000 33.770000 111.000000 116.000000 119.000000
549988.060000 6595202.320000 33.890000 35.000000 38.000000 47.000000
549988.130000 6595202.590000 34.040000 32.000000 35.000000 44.000000
549988.030000 6595202.390000 33.890000 35.000000 38.000000 47.000000
549992.880000 6595200.900000 36.680000 142.000000 150.000000 137.000000
549993.170000 6595199.380000 35.260000 152.000000 162.000000 151.000000
549993.240000 6595199.640000 35.480000 164.000000 174.000000 163.000000
549993.310000 6595199.940000 35.740000 182.000000 192.000000 181.000000
549993.470000 6595199.190000 35.010000 152.000000 162.000000 151.000000
549993.550000 6595199.480000 35.210000 160.000000 170.000000 159.000000
549993.620000 6595199.730000 35.460000 153.000000 164.000000 150.000000
549993.680000 6595199.970000 35.660000 168.000000 178.000000 169.000000
549993.700000 6595199.190000 34.930000 162.000000 169.000000 161.000000
549993.770000 6595199.450000 35.170000 151.000000 162.000000 148.000000
549993.850000 6595199.730000 35.370000 162.000000 173.000000 159.000000
549994.110000 6595199.290000 34.970000 159.000000 167.000000 156.000000
549994.170000 6595199.530000 35.220000 159.000000 167.000000 152.000000
549994.470000 6595199.250000 34.800000 159.000000 167.000000 154.000000
549994.530000 6595199.490000 35.120000 157.000000 165.000000 152.000000
549994.770000 6595199.350000 34.780000 150.000000 161.000000 145.000000
549995.070000 6595199.390000 34.760000 151.000000 162.000000 146.000000
549993.130000 6595199.810000 35.660000 176.000000 186.000000 175.000000
549993.190000 6595199.530000 35.390000 161.000000 171.000000 160.000000
549993.250000 6595199.270000 35.140000 146.000000 156.000000 145.000000
549993.320000 6595198.990000 34.870000 151.000000 161.000000 150.000000
549993.490000 6595199.800000 35.530000 174.000000 184.000000 173.000000
549993.550000 6595199.520000 35.280000 158.000000 169.000000 155.000000
549993.610000 6595199.260000 35.030000 162.000000 172.000000 163.000000
549993.850000 6595199.780000 35.460000 162.000000 173.000000 159.000000
549993.910000 6595199.510000 35.220000 158.000000 169.000000 153.000000
549993.970000 6595199.240000 34.950000 168.000000 176.000000 165.000000
549994.140000 6595199.830000 35.460000 166.000000 176.000000 167.000000
549994.200000 6595199.580000 35.200000 159.000000 167.000000 152.000000
549994.260000 6595199.280000 34.920000 155.000000 163.000000 152.000000
549994.460000 6595199.680000 35.250000 155.000000 165.000000 154.000000
549994.520000 6595199.430000 35.020000 157.000000 165.000000 152.000000
549994.900000 6595199.410000 34.910000 153.000000 164.000000 150.000000
549992.960000 6595200.060000 35.970000 156.000000 166.000000 155.000000
549993.070000 6595200.060000 35.900000 155.000000 165.000000 154.000000
549993.430000 6595200.050000 35.760000 168.000000 176.000000 165.000000
549993.180000 6595200.900000 36.630000 152.000000 163.000000 149.000000
549993.250000 6595201.140000 36.840000 160.000000 170.000000 159.000000
549993.590000 6595201.000000 36.640000 162.000000 172.000000 163.000000
549993.660000 6595201.230000 36.850000 173.000000 185.000000 173.000000
549994.040000 6595201.340000 36.810000 167.000000 177.000000 166.000000
549994.270000 6595201.340000 36.770000 167.000000 177.000000 166.000000
549994.340000 6595201.620000 37.040000 157.000000 169.000000 159.000000
549994.750000 6595201.720000 37.080000 155.000000 167.000000 153.000000
549992.940000 6595200.610000 36.430000 141.000000 149.000000 136.000000
549993.190000 6595201.100000 36.800000 158.000000 169.000000 153.000000
549993.240000 6595200.850000 36.530000 158.000000 169.000000 155.000000
549993.490000 6595201.340000 37.020000 159.000000 171.000000 161.000000
549993.540000 6595201.100000 36.740000 167.000000 179.000000 169.000000
549993.770000 6595201.430000 37.030000 148.000000 160.000000 148.000000
549993.830000 6595201.160000 36.730000 159.000000 169.000000 158.000000
549994.080000 6595201.330000 36.800000 167.000000 177.000000 166.000000
549994.400000 6595201.550000 36.980000 152.000000 162.000000 151.000000
549995.060000 6595201.760000 37.020000 156.000000 164.000000 153.000000
549995.430000 6595199.490000 34.650000 151.000000 161.000000 150.000000
549995.490000 6595199.700000 35.090000 159.000000 167.000000 154.000000
549995.570000 6595199.990000 35.290000 167.000000 175.000000 160.000000
549995.900000 6595199.690000 35.030000 176.000000 186.000000 177.000000
549995.490000 6595199.910000 35.290000 164.000000 172.000000 157.000000
549995.540000 6595199.680000 35.040000 172.000000 180.000000 165.000000
549995.790000 6595199.930000 35.240000 149.000000 157.000000 146.000000
549995.850000 6595199.670000 34.990000 160.000000 172.000000 162.000000
549995.340000 6595200.450000 35.810000 165.000000 177.000000 163.000000
549995.410000 6595200.700000 36.030000 154.000000 162.000000 149.000000
549995.490000 6595200.980000 36.240000 156.000000 163.000000 155.000000
549995.550000 6595201.230000 36.460000 150.000000 157.000000 150.000000
549995.630000 6595200.240000 35.530000 155.000000 163.000000 148.000000
549995.700000 6595200.500000 35.770000 167.000000 175.000000 160.000000
549995.360000 6595200.450000 35.790000 165.000000 177.000000 163.000000
549995.430000 6595200.180000 35.540000 165.000000 175.000000 164.000000
549995.420000 6595201.520000 36.720000 150.000000 158.000000 147.000000
549995.480000 6595201.260000 36.460000 144.000000 151.000000 143.000000
549995.540000 6595201.000000 36.260000 152.000000 159.000000 151.000000
549995.600000 6595200.730000 35.980000 141.000000 149.000000 136.000000
549995.660000 6595200.470000 35.730000 167.000000 175.000000 160.000000
549995.720000 6595200.220000 35.490000 160.000000 168.000000 153.000000
549993.910000 6595199.980000 35.610000 167.000000 177.000000 168.000000
549994.250000 6595199.830000 35.460000 168.000000 175.000000 167.000000
549994.610000 6595199.780000 35.350000 145.000000 155.000000 144.000000
549994.840000 6595199.620000 35.120000 151.000000 161.000000 150.000000
549994.910000 6595199.880000 35.320000 161.000000 171.000000 160.000000
549995.130000 6595199.630000 35.110000 158.000000 168.000000 159.000000
549995.200000 6595199.920000 35.320000 159.000000 171.000000 157.000000
549994.400000 6595199.970000 35.500000 177.000000 187.000000 178.000000
549994.770000 6595199.950000 35.430000 153.000000 163.000000 152.000000
549994.830000 6595199.690000 35.180000 151.000000 161.000000 150.000000
549995.190000 6595199.940000 35.340000 159.000000 171.000000 157.000000
549995.260000 6595199.640000 35.090000 152.000000 163.000000 155.000000
549993.110000 6595200.620000 36.370000 162.000000 173.000000 159.000000
549993.380000 6595200.190000 35.960000 160.000000 168.000000 155.000000
549993.450000 6595200.450000 36.190000 146.000000 154.000000 143.000000
549993.530000 6595200.740000 36.410000 161.000000 171.000000 160.000000
549993.750000 6595200.270000 35.900000 154.000000 166.000000 154.000000
549993.830000 6595200.540000 36.120000 165.000000 175.000000 164.000000
549993.890000 6595200.780000 36.350000 167.000000 177.000000 166.000000
549993.960000 6595201.050000 36.600000 155.000000 165.000000 154.000000
549993.990000 6595200.270000 35.860000 156.000000 166.000000 155.000000
549994.060000 6595200.550000 36.090000 154.000000 164.000000 153.000000
549994.120000 6595200.800000 36.330000 166.000000 174.000000 163.000000
549994.190000 6595201.060000 36.550000 162.000000 172.000000 161.000000
549994.320000 6595200.100000 35.670000 187.000000 197.000000 186.000000
549994.390000 6595200.370000 35.920000 144.000000 154.000000 143.000000
549994.470000 6595200.660000 36.150000 151.000000 159.000000 148.000000
549994.550000 6595200.950000 36.400000 155.000000 163.000000 152.000000
549994.610000 6595201.210000 36.600000 164.000000 174.000000 163.000000
549994.680000 6595201.450000 36.820000 160.000000 170.000000 159.000000
549994.680000 6595200.050000 35.560000 160.000000 170.000000 159.000000
549994.750000 6595200.310000 35.740000 159.000000 169.000000 158.000000
549994.810000 6595200.550000 36.010000 155.000000 163.000000 150.000000
549994.890000 6595200.850000 36.250000 171.000000 179.000000 166.000000
549994.960000 6595201.110000 36.480000 164.000000 172.000000 159.000000
549995.030000 6595201.370000 36.690000 149.000000 160.000000 146.000000
549995.110000 6595201.670000 36.940000 154.000000 164.000000 153.000000
549994.980000 6595200.140000 35.570000 173.000000 184.000000 170.000000
549995.060000 6595200.450000 35.790000 159.000000 170.000000 156.000000
549995.130000 6595200.720000 36.060000 150.000000 158.000000 145.000000
549995.190000 6595200.950000 36.290000 150.000000 158.000000 145.000000
549995.270000 6595201.250000 36.510000 154.000000 165.000000 149.000000
549995.350000 6595201.520000 36.730000 154.000000 163.000000 146.000000
549995.410000 6595201.780000 36.940000 157.000000 167.000000 158.000000
549995.270000 6595200.170000 35.570000 159.000000 171.000000 161.000000
549993.010000 6595200.340000 36.170000 139.000000 150.000000 136.000000
549993.310000 6595200.580000 36.300000 146.000000 157.000000 143.000000
549993.380000 6595200.290000 36.030000 161.000000 169.000000 156.000000
549993.600000 6595200.850000 36.470000 159.000000 169.000000 160.000000
549993.670000 6595200.570000 36.230000 158.000000 168.000000 157.000000
549993.730000 6595200.300000 35.960000 154.000000 166.000000 154.000000
549993.780000 6595200.070000 35.710000 188.000000 200.000000 188.000000
549993.890000 6595200.890000 36.470000 164.000000 174.000000 163.000000
549993.950000 6595200.630000 36.230000 156.000000 166.000000 155.000000
549994.010000 6595200.350000 35.960000 147.000000 157.000000 146.000000
549994.080000 6595200.080000 35.700000 173.000000 183.000000 174.000000
549994.140000 6595201.060000 36.570000 162.000000 172.000000 161.000000
549994.210000 6595200.790000 36.320000 153.000000 161.000000 150.000000
549994.270000 6595200.510000 36.050000 146.000000 154.000000 143.000000
549994.330000 6595200.240000 35.770000 148.000000 158.000000 147.000000
549994.470000 6595201.260000 36.680000 158.000000 166.000000 155.000000
549994.520000 6595201.020000 36.440000 156.000000 164.000000 153.000000
549994.580000 6595200.770000 36.200000 157.000000 165.000000 154.000000
549994.650000 6595200.480000 35.970000 146.000000 154.000000 143.000000
549994.710000 6595200.220000 35.680000 185.000000 195.000000 184.000000
549994.820000 6595201.550000 36.850000 160.000000 171.000000 157.000000
549994.890000 6595201.260000 36.600000 165.000000 176.000000 162.000000
549994.940000 6595201.020000 36.360000 161.000000 169.000000 156.000000
549995.010000 6595200.740000 36.120000 162.000000 170.000000 157.000000
549995.070000 6595200.450000 35.860000 159.000000 170.000000 156.000000
549995.140000 6595200.190000 35.580000 169.000000 179.000000 168.000000
549995.120000 6595201.510000 36.780000 149.000000 160.000000 146.000000
549995.180000 6595201.250000 36.530000 151.000000 162.000000 148.000000
549995.240000 6595200.980000 36.260000 149.000000 160.000000 146.000000
549995.300000 6595200.700000 36.030000 151.000000 162.000000 148.000000
549995.360000 6595201.780000 36.960000 157.000000 165.000000 154.000000
549991.810000 6595200.630000 36.740000 134.000000 142.000000 131.000000
549992.160000 6595200.610000 36.650000 139.000000 145.000000 135.000000
549992.480000 6595200.680000 36.630000 118.000000 125.000000 117.000000
549992.730000 6595200.640000 36.570000 125.000000 133.000000 122.000000
549991.840000 6595200.540000 36.650000 133.000000 141.000000 128.000000
549992.170000 6595200.550000 36.570000 137.000000 145.000000 132.000000
549992.480000 6595200.590000 36.570000 120.000000 127.000000 119.000000
549992.700000 6595200.710000 36.570000 126.000000 134.000000 123.000000
549992.760000 6595200.460000 36.350000 124.000000 134.000000 123.000000
549990.880000 6595199.590000 36.070000 157.000000 169.000000 155.000000
549990.990000 6595199.040000 35.400000 155.000000 165.000000 154.000000
549991.030000 6595199.240000 35.960000 165.000000 177.000000 165.000000
549991.110000 6595199.520000 36.140000 168.000000 180.000000 168.000000
549991.280000 6595198.630000 35.840000 155.000000 165.000000 154.000000
549991.360000 6595198.930000 35.920000 150.000000 160.000000 149.000000
549991.430000 6595199.190000 36.020000 156.000000 166.000000 155.000000
549991.510000 6595199.490000 36.130000 192.000000 204.000000 194.000000
549991.700000 6595198.860000 35.880000 153.000000 163.000000 152.000000
549991.780000 6595199.140000 35.980000 167.000000 177.000000 166.000000
549991.860000 6595199.440000 36.080000 162.000000 173.000000 165.000000
549992.010000 6595198.900000 35.880000 164.000000 172.000000 161.000000
549992.090000 6595199.210000 35.960000 160.000000 170.000000 159.000000
549992.270000 6595198.870000 35.870000 162.000000 170.000000 159.000000
549992.350000 6595199.190000 35.960000 152.000000 160.000000 147.000000
549992.710000 6595199.110000 35.890000 149.000000 159.000000 148.000000
549991.180000 6595199.580000 36.150000 168.000000 180.000000 168.000000
549991.260000 6595199.270000 36.040000 156.000000 168.000000 156.000000
549991.320000 6595198.980000 35.940000 150.000000 160.000000 149.000000
549991.390000 6595198.690000 35.820000 156.000000 166.000000 155.000000
549991.550000 6595199.600000 36.130000 211.000000 222.000000 214.000000
549991.630000 6595199.280000 36.030000 164.000000 176.000000 164.000000
549991.690000 6595199.010000 35.910000 155.000000 165.000000 154.000000
549991.760000 6595198.700000 35.800000 161.000000 171.000000 160.000000
549991.910000 6595199.250000 36.010000 143.000000 155.000000 143.000000
549991.980000 6595198.940000 35.880000 150.000000 160.000000 149.000000
549992.180000 6595199.100000 35.950000 157.000000 165.000000 152.000000
549992.250000 6595198.790000 35.810000 156.000000 164.000000 153.000000
549992.520000 6595199.060000 35.900000 154.000000 164.000000 153.000000
549990.730000 6595200.110000 36.460000 51.000000 55.000000 58.000000
549991.030000 6595200.160000 36.460000 107.000000 112.000000 105.000000
549991.270000 6595200.120000 36.350000 132.000000 140.000000 127.000000
549991.340000 6595200.390000 36.560000 118.000000 126.000000 113.000000
549991.740000 6595200.350000 36.520000 141.000000 148.000000 140.000000
549992.090000 6595200.330000 36.420000 145.000000 153.000000 140.000000
549992.410000 6595200.420000 36.390000 120.000000 127.000000 119.000000
549991.050000 6595200.160000 36.430000 107.000000 112.000000 105.000000
549991.420000 6595200.180000 36.390000 132.000000 140.000000 127.000000
549991.640000 6595200.400000 36.550000 126.000000 133.000000 125.000000
549991.910000 6595200.280000 36.390000 135.000000 143.000000 128.000000
549990.940000 6595199.850000 36.280000 174.000000 186.000000 172.000000
549991.190000 6595199.820000 36.230000 144.000000 156.000000 144.000000
549991.590000 6595199.800000 36.190000 184.000000 195.000000 187.000000
549991.940000 6595199.750000 36.190000 204.000000 215.000000 209.000000
549992.170000 6595199.510000 36.070000 175.000000 187.000000 177.000000
549992.240000 6595199.790000 36.170000 203.000000 216.000000 207.000000
549992.430000 6595199.510000 36.050000 161.000000 171.000000 162.000000
549992.510000 6595199.810000 36.140000 212.000000 223.000000 215.000000
549992.790000 6595199.390000 35.980000 161.000000 171.000000 160.000000
549992.870000 6595199.710000 36.030000 179.000000 189.000000 178.000000
549991.110000 6595199.900000 36.270000 147.000000 157.000000 146.000000
549991.480000 6595199.900000 36.260000 131.000000 141.000000 132.000000
549991.780000 6595199.810000 36.210000 152.000000 163.000000 157.000000
549991.840000 6595199.530000 36.090000 197.000000 208.000000 200.000000
549992.040000 6595199.700000 36.150000 204.000000 217.000000 208.000000
549992.110000 6595199.390000 36.040000 165.000000 175.000000 164.000000
549992.310000 6595199.970000 36.210000 171.000000 182.000000 174.000000
549992.380000 6595199.680000 36.100000 184.000000 197.000000 188.000000
549992.450000 6595199.380000 35.980000 160.000000 170.000000 159.000000
549992.690000 6595199.690000 36.100000 182.000000 192.000000 183.000000
549992.770000 6595199.360000 35.970000 161.000000 171.000000 160.000000
549992.900000 6595199.850000 36.020000 179.000000 189.000000 180.000000
549992.960000 6595199.580000 35.890000 151.000000 161.000000 150.000000
549993.030000 6595199.250000 35.810000 169.000000 179.000000 168.000000
549992.830000 6595199.090000 35.860000 153.000000 163.000000 152.000000
549991.670000 6595200.080000 36.310000 126.000000 133.000000 126.000000
549992.020000 6595200.050000 36.280000 121.000000 131.000000 120.000000
549992.330000 6595200.110000 36.260000 127.000000 137.000000 126.000000
549992.590000 6595200.090000 36.250000 143.000000 155.000000 145.000000
549992.670000 6595200.390000 36.350000 140.000000 150.000000 141.000000
549991.710000 6595200.120000 36.310000 140.000000 147.000000 139.000000
549991.970000 6595200.000000 36.240000 128.000000 139.000000 131.000000
549992.240000 6595200.260000 36.320000 137.000000 147.000000 136.000000
549992.560000 6595200.290000 36.320000 132.000000 142.000000 133.000000
549992.620000 6595200.010000 36.200000 150.000000 162.000000 152.000000
549992.820000 6595200.150000 36.170000 125.000000 135.000000 124.000000
549995.780000 6595199.240000 34.240000 151.000000 163.000000 151.000000
549995.990000 6595199.110000 34.030000 156.000000 167.000000 151.000000
549996.190000 6595198.770000 33.670000 34.000000 38.000000 47.000000
549995.310000 6595199.430000 34.640000 149.000000 159.000000 150.000000
549995.660000 6595199.190000 34.210000 162.000000 172.000000 161.000000
549995.960000 6595199.190000 34.130000 156.000000 167.000000 151.000000
549996.020000 6595198.930000 33.870000 118.000000 127.000000 124.000000
549990.580000 6595197.490000 33.530000 73.000000 105.000000 56.000000
549991.060000 6595197.780000 33.770000 52.000000 64.000000 42.000000
549991.980000 6595197.780000 33.580000 80.000000 112.000000 63.000000
549992.420000 6595197.990000 33.700000 87.000000 113.000000 68.000000
549990.770000 6595197.540000 33.540000 88.000000 113.000000 74.000000
549990.980000 6595197.720000 33.710000 58.000000 67.000000 50.000000
549991.950000 6595197.900000 33.690000 75.000000 93.000000 67.000000
549992.230000 6595197.850000 33.600000 88.000000 115.000000 64.000000
549992.440000 6595197.970000 33.640000 87.000000 113.000000 68.000000
549992.780000 6595197.940000 33.520000 103.000000 124.000000 81.000000
549991.410000 6595197.760000 33.680000 88.000000 115.000000 74.000000
549991.480000 6595198.030000 33.950000 156.000000 167.000000 153.000000
549991.720000 6595197.800000 33.640000 83.000000 117.000000 67.000000
549991.790000 6595198.060000 33.850000 136.000000 144.000000 131.000000
549992.050000 6595198.040000 33.850000 88.000000 103.000000 84.000000
549992.110000 6595198.290000 34.120000 147.000000 154.000000 146.000000
549992.490000 6595198.270000 33.900000 145.000000 158.000000 141.000000
549992.550000 6595198.510000 34.170000 142.000000 152.000000 143.000000
549992.620000 6595198.770000 34.420000 148.000000 158.000000 147.000000
549992.830000 6595198.100000 33.710000 88.000000 101.000000 73.000000
549992.900000 6595198.380000 33.990000 137.000000 145.000000 130.000000
549992.970000 6595198.610000 34.240000 147.000000 157.000000 146.000000
549993.040000 6595198.900000 34.520000 172.000000 182.000000 171.000000
549993.210000 6595198.200000 33.720000 92.000000 104.000000 80.000000
549993.280000 6595198.470000 33.970000 153.000000 161.000000 148.000000
549993.360000 6595198.750000 34.220000 149.000000 157.000000 146.000000
549993.420000 6595199.000000 34.490000 158.000000 166.000000 155.000000
549993.440000 6595198.200000 33.680000 98.000000 114.000000 87.000000
549993.510000 6595198.470000 33.900000 138.000000 146.000000 133.000000
549993.580000 6595198.730000 34.120000 148.000000 156.000000 145.000000
549993.650000 6595198.990000 34.420000 151.000000 159.000000 146.000000
549993.850000 6595198.300000 33.690000 99.000000 114.000000 73.000000
549993.910000 6595198.540000 33.900000 152.000000 159.000000 151.000000
549993.980000 6595198.810000 34.190000 157.000000 165.000000 152.000000
549994.260000 6595198.470000 33.800000 100.000000 109.000000 88.000000
549994.330000 6595198.730000 34.040000 144.000000 152.000000 137.000000
549994.500000 6595198.340000 33.600000 97.000000 111.000000 76.000000
549994.580000 6595198.620000 33.830000 136.000000 145.000000 126.000000
549994.860000 6595198.610000 33.830000 96.000000 109.000000 83.000000
549995.170000 6595198.470000 33.550000 95.000000 110.000000 69.000000
549995.230000 6595198.710000 33.810000 118.000000 126.000000 103.000000
549991.260000 6595197.650000 33.620000 96.000000 118.000000 80.000000
549991.590000 6595197.840000 33.710000 76.000000 100.000000 68.000000
549991.890000 6595198.170000 33.940000 149.000000 152.000000 145.000000
549992.110000 6595198.360000 34.140000 148.000000 153.000000 146.000000
549992.180000 6595198.090000 33.860000 84.000000 103.000000 81.000000
549992.320000 6595198.500000 34.220000 147.000000 157.000000 148.000000
549992.380000 6595198.240000 33.940000 145.000000 157.000000 143.000000
549992.600000 6595198.720000 34.390000 148.000000 158.000000 147.000000
549992.660000 6595198.450000 34.100000 136.000000 146.000000 135.000000
549992.720000 6595198.210000 33.830000 116.000000 128.000000 108.000000
549992.900000 6595198.780000 34.410000 155.000000 165.000000 154.000000
549992.970000 6595198.500000 34.130000 141.000000 152.000000 138.000000
549993.030000 6595198.250000 33.850000 98.000000 107.000000 86.000000
549993.120000 6595198.900000 34.430000 153.000000 163.000000 152.000000
549993.180000 6595198.640000 34.170000 154.000000 164.000000 153.000000
549993.240000 6595198.360000 33.880000 133.000000 144.000000 128.000000
549993.300000 6595198.120000 33.590000 112.000000 127.000000 86.000000
549993.360000 6595198.800000 34.340000 149.000000 157.000000 146.000000
549993.420000 6595198.560000 34.060000 145.000000 151.000000 141.000000
549993.480000 6595198.290000 33.790000 98.000000 114.000000 87.000000
549993.720000 6595198.800000 34.220000 144.000000 152.000000 139.000000
549993.780000 6595198.550000 33.950000 147.000000 154.000000 147.000000
549993.840000 6595198.290000 33.670000 99.000000 114.000000 73.000000
549994.080000 6595198.770000 34.100000 162.000000 170.000000 155.000000
549994.140000 6595198.520000 33.850000 141.000000 149.000000 136.000000
549994.200000 6595198.250000 33.600000 104.000000 119.000000 80.000000
549994.370000 6595198.800000 34.080000 144.000000 152.000000 137.000000
549994.440000 6595198.530000 33.770000 103.000000 112.000000 91.000000
549994.680000 6595198.720000 33.910000 148.000000 157.000000 140.000000
549994.750000 6595198.440000 33.630000 93.000000 107.000000 71.000000
549995.070000 6595198.660000 33.800000 97.000000 110.000000 84.000000
549995.490000 6595198.660000 33.730000 105.000000 118.000000 88.000000
549990.410000 6595197.820000 33.930000 147.000000 155.000000 140.000000
549990.390000 6595197.790000 33.890000 126.000000 133.000000 126.000000
549990.450000 6595197.530000 33.600000 81.000000 107.000000 68.000000
549990.480000 6595198.070000 34.230000 153.000000 165.000000 151.000000
549990.550000 6595198.340000 34.480000 143.000000 155.000000 141.000000
549990.720000 6595198.030000 34.080000 145.000000 152.000000 144.000000
549990.790000 6595198.290000 34.340000 146.000000 158.000000 146.000000
549990.260000 6595198.330000 34.490000 122.000000 135.000000 117.000000
549990.320000 6595198.090000 34.200000 154.000000 169.000000 150.000000
549990.590000 6595198.340000 34.440000 143.000000 155.000000 141.000000
549990.650000 6595198.070000 34.150000 150.000000 157.000000 149.000000
549990.860000 6595198.210000 34.240000 151.000000 163.000000 153.000000
549990.720000 6595199.970000 36.320000 152.000000 162.000000 153.000000
549990.360000 6595200.140000 36.600000 149.000000 159.000000 148.000000
549994.060000 6595199.100000 34.460000 153.000000 160.000000 152.000000
549994.410000 6595199.030000 34.320000 146.000000 154.000000 143.000000
549994.650000 6595198.880000 34.100000 142.000000 150.000000 139.000000
549994.710000 6595199.120000 34.350000 147.000000 155.000000 142.000000
549994.940000 6595198.890000 34.080000 146.000000 157.000000 143.000000
549995.010000 6595199.160000 34.340000 145.000000 155.000000 144.000000
549995.300000 6595198.980000 34.050000 151.000000 159.000000 144.000000
549995.370000 6595199.260000 34.350000 150.000000 160.000000 149.000000
549995.630000 6595198.680000 33.720000 112.000000 121.000000 92.000000
549995.710000 6595198.980000 33.980000 151.000000 159.000000 148.000000
549995.920000 6595198.850000 33.780000 50.000000 55.000000 51.000000
549993.650000 6595199.070000 34.510000 156.000000 164.000000 153.000000
549994.020000 6595199.050000 34.390000 155.000000 162.000000 154.000000
549994.320000 6595199.060000 34.370000 150.000000 158.000000 147.000000
549994.570000 6595199.230000 34.490000 156.000000 164.000000 151.000000
549994.630000 6595198.970000 34.200000 146.000000 153.000000 145.000000
549994.950000 6595199.210000 34.360000 153.000000 164.000000 148.000000
549995.010000 6595198.940000 34.060000 146.000000 156.000000 147.000000
549995.370000 6595199.180000 34.280000 150.000000 158.000000 145.000000
549995.430000 6595198.930000 33.990000 143.000000 154.000000 138.000000
549995.710000 6595198.950000 33.940000 151.000000 159.000000 148.000000
549995.770000 6595198.690000 33.670000 102.000000 106.000000 81.000000
549996.080000 6595198.680000 33.600000 38.000000 43.000000 37.000000
549989.940000 6595199.950000 36.500000 108.000000 120.000000 118.000000
549989.910000 6595199.830000 36.380000 85.000000 97.000000 97.000000
549989.970000 6595199.580000 36.090000 32.000000 42.000000 44.000000
549990.080000 6595199.090000 35.610000 52.000000 64.000000 60.000000
549990.150000 6595199.330000 35.860000 164.000000 173.000000 156.000000
549990.220000 6595199.610000 36.100000 152.000000 160.000000 147.000000
549990.290000 6595199.890000 36.350000 149.000000 160.000000 143.000000
549990.300000 6595198.490000 35.000000 153.000000 162.000000 141.000000
549990.380000 6595198.780000 35.230000 158.000000 168.000000 160.000000
549990.450000 6595199.060000 35.490000 150.000000 162.000000 148.000000
549990.520000 6595199.310000 35.760000 168.000000 178.000000 167.000000
549990.590000 6595199.600000 36.010000 162.000000 173.000000 159.000000
549990.670000 6595199.870000 36.250000 160.000000 171.000000 157.000000
549990.030000 6595199.310000 35.860000 113.000000 121.000000 110.000000
549990.090000 6595199.060000 35.550000 52.000000 64.000000 60.000000
549990.150000 6595198.800000 35.300000 92.000000 108.000000 107.000000
549990.220000 6595198.530000 35.030000 182.000000 192.000000 168.000000
549990.240000 6595199.870000 36.350000 149.000000 160.000000 143.000000
549990.300000 6595199.580000 36.060000 146.000000 156.000000 148.000000
549990.360000 6595199.330000 35.810000 155.000000 167.000000 155.000000
549990.420000 6595199.060000 35.550000 150.000000 162.000000 148.000000
549990.500000 6595199.770000 36.200000 159.000000 170.000000 156.000000
549990.560000 6595199.520000 35.950000 157.000000 168.000000 154.000000
549990.180000 6595200.110000 36.590000 155.000000 164.000000 147.000000
549990.440000 6595200.020000 36.470000 156.000000 164.000000 151.000000
549990.650000 6595197.770000 33.800000 107.000000 115.000000 100.000000
549990.720000 6595197.790000 33.840000 93.000000 101.000000 86.000000
549990.920000 6595197.980000 33.980000 153.000000 156.000000 147.000000
549991.130000 6595198.050000 34.060000 156.000000 163.000000 155.000000
549991.200000 6595198.310000 34.340000 144.000000 156.000000 146.000000
549991.550000 6595198.280000 34.190000 151.000000 163.000000 151.000000
549991.620000 6595198.520000 34.430000 151.000000 161.000000 150.000000
549991.850000 6595198.320000 34.130000 145.000000 152.000000 144.000000
549991.930000 6595198.590000 34.380000 145.000000 155.000000 144.000000
549992.180000 6595198.550000 34.360000 154.000000 161.000000 153.000000
549991.080000 6595198.440000 34.470000 157.000000 167.000000 156.000000
549991.150000 6595198.170000 34.190000 150.000000 160.000000 152.000000
549991.200000 6595197.920000 33.890000 144.000000 152.000000 139.000000
549991.470000 6595198.380000 34.260000 148.000000 160.000000 148.000000
549991.520000 6595198.110000 34.010000 153.000000 161.000000 150.000000
549991.780000 6595198.650000 34.490000 146.000000 156.000000 145.000000
549991.830000 6595198.400000 34.240000 148.000000 158.000000 147.000000
549992.050000 6595198.630000 34.440000 144.000000 152.000000 141.000000
549992.260000 6595198.750000 34.500000 156.000000 164.000000 153.000000
549990.600000 6595198.540000 35.020000 156.000000 168.000000 158.000000
549990.660000 6595198.780000 35.230000 151.000000 163.000000 151.000000
549990.740000 6595199.050000 35.490000 158.000000 170.000000 158.000000
549990.810000 6595199.360000 35.730000 173.000000 185.000000 173.000000
549990.850000 6595198.510000 34.850000 163.000000 173.000000 162.000000
549990.920000 6595198.780000 35.110000 155.000000 165.000000 154.000000
549990.490000 6595198.790000 35.240000 150.000000 162.000000 152.000000
549990.550000 6595198.520000 34.980000 156.000000 168.000000 158.000000
549990.620000 6595199.260000 35.650000 162.000000 172.000000 161.000000
549990.690000 6595198.960000 35.390000 157.000000 169.000000 157.000000
549990.750000 6595198.710000 35.110000 156.000000 168.000000 156.000000
549990.800000 6595198.470000 34.660000 155.000000 165.000000 154.000000
549990.790000 6595199.700000 36.060000 152.000000 163.000000 149.000000
549990.850000 6595199.420000 35.810000 168.000000 180.000000 166.000000
549990.910000 6595199.170000 35.550000 159.000000 169.000000 158.000000
549991.030000 6595198.660000 35.020000 156.000000 166.000000 155.000000
549993.530000 6595209.580000 33.070000 81.000000 86.000000 90.000000
549993.570000 6595208.810000 33.340000 77.000000 84.000000 90.000000
549993.720000 6595207.810000 33.630000 76.000000 84.000000 87.000000
549993.800000 6595208.120000 33.500000 78.000000 86.000000 88.000000
549993.880000 6595207.040000 33.850000 73.000000 81.000000 84.000000
549993.970000 6595207.410000 33.730000 77.000000 87.000000 88.000000
549993.910000 6595206.070000 34.160000 76.000000 84.000000 87.000000
549994.000000 6595206.390000 34.100000 83.000000 91.000000 93.000000
549994.080000 6595206.720000 33.950000 74.000000 83.000000 82.000000
549993.970000 6595205.320000 34.370000 75.000000 79.000000 82.000000
549994.060000 6595205.650000 34.270000 68.000000 78.000000 77.000000
549994.160000 6595206.010000 34.200000 80.000000 88.000000 90.000000
549994.240000 6595206.330000 34.110000 77.000000 87.000000 86.000000
549994.140000 6595204.510000 34.680000 32.000000 30.000000 31.000000
549994.230000 6595204.820000 34.530000 27.000000 31.000000 32.000000
549994.320000 6595205.180000 34.450000 21.000000 25.000000 26.000000
549994.420000 6595205.540000 34.380000 74.000000 75.000000 79.000000
549994.470000 6595204.280000 34.760000 33.000000 27.000000 37.000000
549994.560000 6595204.630000 34.640000 31.000000 32.000000 34.000000
549994.640000 6595204.940000 34.570000 28.000000 25.000000 34.000000
549994.020000 6595205.030000 34.450000 32.000000 33.000000 37.000000
549994.100000 6595204.680000 34.580000 28.000000 30.000000 29.000000
549994.180000 6595204.320000 34.720000 35.000000 30.000000 36.000000
549993.670000 6595207.770000 33.610000 74.000000 79.000000 82.000000
549993.750000 6595207.460000 33.720000 80.000000 88.000000 90.000000
549993.830000 6595207.090000 33.850000 73.000000 81.000000 84.000000
549993.920000 6595206.740000 33.920000 75.000000 84.000000 81.000000
549994.000000 6595206.380000 34.060000 83.000000 91.000000 93.000000
549994.080000 6595206.020000 34.150000 78.000000 86.000000 88.000000
549994.160000 6595205.650000 34.290000 69.000000 79.000000 78.000000
549994.240000 6595205.300000 34.420000 58.000000 62.000000 63.000000
549994.320000 6595204.960000 34.520000 30.000000 34.000000 35.000000
549994.400000 6595204.600000 34.620000 32.000000 33.000000 35.000000
549994.480000 6595204.260000 34.770000 33.000000 27.000000 37.000000
549993.660000 6595209.160000 33.220000 73.000000 84.000000 88.000000
549993.740000 6595208.820000 33.320000 80.000000 84.000000 93.000000
549993.820000 6595208.450000 33.440000 76.000000 86.000000 87.000000
549993.900000 6595208.100000 33.530000 79.000000 87.000000 90.000000
549993.990000 6595207.740000 33.660000 77.000000 87.000000 88.000000
549994.070000 6595207.370000 33.760000 76.000000 86.000000 88.000000
549994.160000 6595207.020000 33.880000 69.000000 79.000000 81.000000
549994.240000 6595206.680000 33.980000 75.000000 84.000000 83.000000
549994.310000 6595206.340000 34.090000 75.000000 87.000000 85.000000
549994.390000 6595206.000000 34.210000 78.000000 87.000000 86.000000
549994.470000 6595205.640000 34.310000 74.000000 78.000000 81.000000
549994.560000 6595205.270000 34.470000 38.000000 39.000000 44.000000
549994.640000 6595204.930000 34.560000 28.000000 25.000000 34.000000
549994.720000 6595204.570000 34.690000 33.000000 32.000000 37.000000
549989.020000 6595203.240000 34.330000 28.000000 27.000000 35.000000
549989.090000 6595203.510000 34.520000 34.000000 33.000000 38.000000
549989.180000 6595202.740000 34.680000 31.000000 30.000000 36.000000
549989.270000 6595203.060000 34.640000 29.000000 34.000000 40.000000
549989.350000 6595203.370000 34.570000 33.000000 32.000000 38.000000
549989.530000 6595203.190000 34.670000 32.000000 31.000000 39.000000
549989.620000 6595203.540000 34.560000 34.000000 34.000000 36.000000
549989.960000 6595203.300000 34.710000 35.000000 34.000000 40.000000
549989.070000 6595203.500000 34.500000 36.000000 35.000000 41.000000
549989.150000 6595203.160000 34.570000 35.000000 38.000000 45.000000
549989.230000 6595202.780000 34.700000 32.000000 33.000000 37.000000
549989.400000 6595203.480000 34.540000 34.000000 33.000000 39.000000
549989.490000 6595203.100000 34.660000 34.000000 32.000000 43.000000
549989.680000 6595203.340000 34.610000 31.000000 30.000000 36.000000
549989.750000 6595203.020000 34.720000 31.000000 32.000000 37.000000
549989.880000 6595203.640000 34.530000 32.000000 31.000000 36.000000
549989.960000 6595203.300000 34.650000 35.000000 34.000000 40.000000
549990.050000 6595203.650000 34.560000 38.000000 37.000000 42.000000
549990.340000 6595203.310000 34.700000 33.000000 32.000000 37.000000
549990.430000 6595203.650000 34.600000 33.000000 32.000000 37.000000
549990.590000 6595203.350000 34.700000 33.000000 34.000000 38.000000
549990.690000 6595203.720000 34.610000 31.000000 30.000000 35.000000
549990.820000 6595203.260000 34.710000 31.000000 30.000000 35.000000
549990.910000 6595203.610000 34.590000 33.000000 32.000000 37.000000
549991.240000 6595203.460000 34.720000 33.000000 32.000000 37.000000
549991.330000 6595203.810000 34.600000 33.000000 32.000000 37.000000
549991.690000 6595203.730000 34.700000 31.000000 31.000000 33.000000
549991.980000 6595203.750000 34.700000 32.000000 30.000000 33.000000
549992.200000 6595203.640000 34.760000 31.000000 30.000000 35.000000
549993.050000 6595203.930000 34.710000 32.000000 31.000000 36.000000
549993.360000 6595204.020000 34.740000 33.000000 32.000000 37.000000
549990.270000 6595203.520000 34.600000 32.000000 32.000000 34.000000
549990.350000 6595203.190000 34.710000 31.000000 32.000000 37.000000
549990.650000 6595203.530000 34.630000 31.000000 30.000000 35.000000
549990.950000 6595203.400000 34.710000 29.000000 28.000000 33.000000
549991.150000 6595203.550000 34.670000 34.000000 33.000000 38.000000
549991.490000 6595203.510000 34.740000 29.000000 28.000000 33.000000
549991.790000 6595203.590000 34.710000 31.000000 30.000000 35.000000
549992.000000 6595203.740000 34.750000 36.000000 35.000000 40.000000
549992.550000 6595203.870000 34.720000 31.000000 30.000000 35.000000
549984.320000 6595202.650000 34.430000 150.000000 167.000000 161.000000
549984.420000 6595202.990000 34.320000 154.000000 170.000000 169.000000
549984.510000 6595203.340000 34.200000 94.000000 106.000000 106.000000
549984.590000 6595203.660000 34.160000 80.000000 86.000000 86.000000
549984.690000 6595204.020000 34.040000 82.000000 88.000000 88.000000
549984.780000 6595204.380000 33.930000 80.000000 89.000000 88.000000
549984.870000 6595204.710000 33.860000 81.000000 87.000000 87.000000
549984.960000 6595205.040000 33.730000 83.000000 89.000000 89.000000
549985.060000 6595205.400000 33.650000 81.000000 87.000000 87.000000
549985.140000 6595205.730000 33.580000 80.000000 89.000000 88.000000
549985.240000 6595206.100000 33.490000 81.000000 90.000000 89.000000
549985.340000 6595206.460000 33.330000 83.000000 89.000000 89.000000
549985.430000 6595206.810000 33.260000 82.000000 90.000000 92.000000
549985.510000 6595207.120000 33.220000 90.000000 96.000000 94.000000
549985.600000 6595207.460000 33.100000 54.000000 55.000000 50.000000
549985.690000 6595207.810000 33.000000 59.000000 58.000000 53.000000
549984.660000 6595202.480000 34.500000 153.000000 169.000000 166.000000
549984.740000 6595202.800000 34.380000 148.000000 164.000000 163.000000
549984.830000 6595203.140000 34.320000 159.000000 175.000000 172.000000
549984.930000 6595203.510000 34.180000 71.000000 81.000000 80.000000
549985.020000 6595203.830000 34.120000 81.000000 87.000000 85.000000
549985.110000 6595204.200000 34.010000 81.000000 90.000000 89.000000
549985.210000 6595204.560000 33.960000 83.000000 92.000000 91.000000
549985.300000 6595204.890000 33.830000 76.000000 85.000000 84.000000
549985.390000 6595205.220000 33.760000 81.000000 85.000000 86.000000
549985.480000 6595205.590000 33.590000 79.000000 85.000000 83.000000
549985.560000 6595205.890000 33.560000 82.000000 92.000000 91.000000
549985.650000 6595206.240000 33.460000 82.000000 91.000000 90.000000
549985.760000 6595206.610000 33.370000 78.000000 88.000000 87.000000
549985.840000 6595206.930000 33.300000 84.000000 93.000000 92.000000
549985.930000 6595207.280000 33.170000 84.000000 90.000000 90.000000
549985.070000 6595202.560000 34.470000 155.000000 171.000000 168.000000
549985.160000 6595202.900000 34.390000 154.000000 171.000000 165.000000
549985.250000 6595203.240000 34.310000 153.000000 169.000000 166.000000
549985.340000 6595203.570000 34.190000 116.000000 128.000000 126.000000
549985.420000 6595203.890000 34.110000 82.000000 88.000000 86.000000
549985.520000 6595204.260000 34.030000 78.000000 84.000000 84.000000
549985.610000 6595204.620000 33.920000 83.000000 92.000000 91.000000
549985.700000 6595204.930000 33.840000 77.000000 82.000000 85.000000
549985.790000 6595205.280000 33.740000 80.000000 85.000000 88.000000
549985.890000 6595205.660000 33.670000 80.000000 88.000000 90.000000
549985.980000 6595205.990000 33.550000 84.000000 93.000000 92.000000
549986.070000 6595206.320000 33.460000 79.000000 88.000000 87.000000
549986.170000 6595206.700000 33.380000 82.000000 91.000000 90.000000
549986.250000 6595207.020000 33.290000 81.000000 89.000000 91.000000
549985.330000 6595202.760000 34.440000 151.000000 167.000000 164.000000
549985.430000 6595203.130000 34.360000 152.000000 168.000000 167.000000
549985.510000 6595203.440000 34.240000 151.000000 166.000000 163.000000
549985.610000 6595203.800000 34.170000 66.000000 76.000000 75.000000
549985.710000 6595204.160000 34.090000 84.000000 88.000000 89.000000
549985.790000 6595204.500000 34.010000 84.000000 90.000000 90.000000
549985.880000 6595204.840000 33.900000 81.000000 87.000000 87.000000
549985.980000 6595205.210000 33.820000 81.000000 86.000000 89.000000
549986.070000 6595205.520000 33.710000 80.000000 86.000000 86.000000
549986.160000 6595205.860000 33.620000 82.000000 91.000000 90.000000
549986.250000 6595206.210000 33.540000 83.000000 91.000000 93.000000
549986.340000 6595206.540000 33.430000 100.000000 106.000000 104.000000
549986.420000 6595206.870000 33.320000 86.000000 95.000000 94.000000
549985.630000 6595202.820000 34.430000 149.000000 165.000000 162.000000
549985.710000 6595203.130000 34.370000 147.000000 163.000000 160.000000
549985.810000 6595203.500000 34.250000 146.000000 162.000000 159.000000
549985.900000 6595203.830000 34.150000 65.000000 75.000000 74.000000
549985.990000 6595204.180000 34.090000 78.000000 82.000000 83.000000
549986.080000 6595204.510000 33.960000 84.000000 90.000000 90.000000
549986.160000 6595204.840000 33.910000 84.000000 90.000000 90.000000
549986.250000 6595205.180000 33.800000 79.000000 85.000000 85.000000
549986.340000 6595205.510000 33.710000 78.000000 87.000000 86.000000
549986.430000 6595205.860000 33.620000 85.000000 93.000000 95.000000
549986.530000 6595206.210000 33.500000 93.000000 101.000000 103.000000
549986.610000 6595206.530000 33.420000 90.000000 96.000000 96.000000
549986.010000 6595203.060000 34.400000 148.000000 162.000000 162.000000
549986.100000 6595203.400000 34.320000 146.000000 162.000000 159.000000
549986.190000 6595203.750000 34.220000 131.000000 143.000000 141.000000
549986.280000 6595204.090000 34.120000 79.000000 85.000000 85.000000
549986.360000 6595204.410000 34.060000 81.000000 87.000000 87.000000
549986.450000 6595204.770000 33.950000 79.000000 88.000000 87.000000
549986.540000 6595205.090000 33.840000 81.000000 90.000000 89.000000
549986.640000 6595205.460000 33.750000 82.000000 90.000000 92.000000
549986.740000 6595205.820000 33.640000 95.000000 103.000000 105.000000
549986.810000 6595206.120000 33.590000 87.000000 95.000000 97.000000
549986.420000 6595203.130000 34.410000 144.000000 158.000000 158.000000
549986.510000 6595203.470000 34.350000 143.000000 157.000000 157.000000
549986.600000 6595203.810000 34.220000 130.000000 142.000000 140.000000
549986.690000 6595204.170000 34.140000 75.000000 84.000000 83.000000
549986.780000 6595204.510000 34.040000 81.000000 89.000000 91.000000
549986.870000 6595204.840000 33.920000 84.000000 92.000000 94.000000
549986.960000 6595205.180000 33.830000 80.000000 88.000000 91.000000
549987.060000 6595205.550000 33.750000 81.000000 89.000000 92.000000
549987.150000 6595205.900000 33.620000 80.000000 88.000000 90.000000
549986.640000 6595203.060000 34.450000 142.000000 157.000000 154.000000
549986.730000 6595203.380000 34.350000 148.000000 160.000000 160.000000
549986.830000 6595203.750000 34.250000 142.000000 156.000000 156.000000
549986.920000 6595204.110000 34.190000 77.000000 87.000000 88.000000
549987.010000 6595204.460000 34.060000 80.000000 90.000000 91.000000
549987.110000 6595204.820000 33.930000 81.000000 89.000000 92.000000
549987.200000 6595205.170000 33.850000 79.000000 87.000000 90.000000
549987.280000 6595205.470000 33.790000 80.000000 85.000000 88.000000
549986.960000 6595203.180000 34.450000 151.000000 161.000000 160.000000
549987.040000 6595203.510000 34.330000 62.000000 73.000000 75.000000
549987.130000 6595203.840000 34.270000 147.000000 158.000000 160.000000
549987.220000 6595204.180000 34.160000 82.000000 94.000000 92.000000
549987.310000 6595204.520000 34.100000 77.000000 87.000000 88.000000
549987.410000 6595204.890000 33.950000 84.000000 92.000000 95.000000
549987.500000 6595205.210000 33.910000 79.000000 87.000000 90.000000
549987.390000 6595203.470000 34.400000 48.000000 52.000000 63.000000
549987.470000 6595203.800000 34.280000 23.000000 30.000000 36.000000
549987.560000 6595204.150000 34.210000 117.000000 132.000000 127.000000
549987.660000 6595204.520000 34.110000 80.000000 90.000000 91.000000
549987.750000 6595204.840000 34.010000 82.000000 92.000000 93.000000
549987.800000 6595203.420000 34.400000 41.000000 45.000000 56.000000
549987.890000 6595203.740000 34.330000 38.000000 45.000000 53.000000
549987.980000 6595204.090000 34.230000 137.000000 148.000000 150.000000
549988.070000 6595204.440000 34.160000 77.000000 87.000000 88.000000
549988.120000 6595203.620000 34.380000 40.000000 44.000000 55.000000
549988.210000 6595203.960000 34.340000 25.000000 33.000000 36.000000
549988.300000 6595204.300000 34.210000 147.000000 159.000000 159.000000
549988.360000 6595203.470000 34.380000 37.000000 40.000000 49.000000
549988.450000 6595203.830000 34.310000 38.000000 43.000000 49.000000
549984.260000 6595202.430000 34.480000 155.000000 172.000000 166.000000
549984.480000 6595203.050000 34.250000 155.000000 171.000000 170.000000
549984.560000 6595202.720000 34.390000 148.000000 164.000000 163.000000
549984.620000 6595203.650000 34.150000 80.000000 86.000000 86.000000
549984.700000 6595203.300000 34.250000 148.000000 160.000000 158.000000
549984.780000 6595202.950000 34.360000 153.000000 169.000000 168.000000
549984.870000 6595202.580000 34.450000 151.000000 167.000000 164.000000
549984.720000 6595204.340000 33.940000 80.000000 89.000000 88.000000
549984.800000 6595203.980000 34.050000 83.000000 89.000000 89.000000
549984.880000 6595203.620000 34.150000 81.000000 87.000000 87.000000
549984.970000 6595203.250000 34.300000 153.000000 168.000000 165.000000
549985.040000 6595202.930000 34.340000 151.000000 168.000000 162.000000
549985.120000 6595202.590000 34.450000 152.000000 168.000000 165.000000
549984.890000 6595205.120000 33.700000 80.000000 86.000000 86.000000
549984.970000 6595204.800000 33.800000 81.000000 87.000000 87.000000
549985.040000 6595204.470000 33.890000 83.000000 92.000000 91.000000
549985.130000 6595204.110000 34.000000 83.000000 89.000000 87.000000
549985.210000 6595203.760000 34.130000 81.000000 90.000000 89.000000
549985.290000 6595203.410000 34.240000 149.000000 161.000000 159.000000
549985.370000 6595203.050000 34.350000 152.000000 168.000000 165.000000
549985.450000 6595202.690000 34.440000 151.000000 167.000000 166.000000
549985.130000 6595205.630000 33.600000 82.000000 91.000000 90.000000
549985.210000 6595205.260000 33.700000 78.000000 82.000000 83.000000
549985.280000 6595204.950000 33.780000 82.000000 91.000000 90.000000
549985.370000 6595204.570000 33.930000 85.000000 94.000000 93.000000
549985.460000 6595204.200000 34.030000 79.000000 85.000000 85.000000
549985.540000 6595203.860000 34.110000 81.000000 90.000000 87.000000
549985.620000 6595203.520000 34.260000 152.000000 166.000000 166.000000
549985.700000 6595203.140000 34.340000 151.000000 167.000000 164.000000
549985.780000 6595202.820000 34.460000 147.000000 163.000000 160.000000
549985.220000 6595206.430000 33.360000 81.000000 87.000000 87.000000
549985.300000 6595206.050000 33.480000 85.000000 94.000000 93.000000
549985.390000 6595205.690000 33.570000 82.000000 91.000000 88.000000
549985.460000 6595205.370000 33.690000 81.000000 85.000000 86.000000
549985.550000 6595204.980000 33.820000 79.000000 87.000000 89.000000
549985.620000 6595204.650000 33.890000 83.000000 92.000000 91.000000
549985.700000 6595204.310000 33.990000 84.000000 90.000000 90.000000
549985.780000 6595203.960000 34.100000 78.000000 87.000000 86.000000
549985.860000 6595203.610000 34.210000 143.000000 155.000000 153.000000
549985.940000 6595203.270000 34.350000 143.000000 159.000000 158.000000
549986.020000 6595202.950000 34.400000 145.000000 159.000000 159.000000
549985.430000 6595206.660000 33.310000 84.000000 92.000000 94.000000
549985.510000 6595206.350000 33.390000 82.000000 91.000000 90.000000
549985.590000 6595205.970000 33.540000 83.000000 93.000000 92.000000
549985.670000 6595205.630000 33.640000 79.000000 87.000000 89.000000
549985.750000 6595205.300000 33.710000 80.000000 85.000000 88.000000
549985.830000 6595204.950000 33.860000 80.000000 86.000000 86.000000
549985.910000 6595204.610000 33.960000 83.000000 92.000000 91.000000
549985.990000 6595204.260000 34.040000 82.000000 86.000000 87.000000
549986.070000 6595203.920000 34.160000 75.000000 81.000000 81.000000
549986.150000 6595203.580000 34.240000 147.000000 163.000000 160.000000
549986.230000 6595203.220000 34.350000 144.000000 160.000000 159.000000
549985.570000 6595207.710000 33.030000 56.000000 52.000000 49.000000
549985.650000 6595207.370000 33.130000 74.000000 76.000000 75.000000
549985.720000 6595207.050000 33.230000 82.000000 88.000000 88.000000
549985.800000 6595206.720000 33.320000 84.000000 94.000000 93.000000
549985.890000 6595206.350000 33.410000 79.000000 88.000000 87.000000
549985.960000 6595206.020000 33.510000 79.000000 88.000000 87.000000
549986.040000 6595205.680000 33.650000 80.000000 88.000000 90.000000
549986.130000 6595205.290000 33.770000 81.000000 87.000000 87.000000
549986.200000 6595204.970000 33.880000 81.000000 87.000000 87.000000
549986.280000 6595204.620000 33.970000 80.000000 89.000000 88.000000
549986.370000 6595204.240000 34.080000 80.000000 86.000000 86.000000
549986.450000 6595203.900000 34.190000 69.000000 79.000000 78.000000
549986.520000 6595203.580000 34.280000 144.000000 158.000000 158.000000
549986.610000 6595203.210000 34.420000 147.000000 159.000000 159.000000
549985.930000 6595207.640000 33.050000 63.000000 65.000000 64.000000
549986.010000 6595207.320000 33.160000 86.000000 91.000000 94.000000
549986.090000 6595206.960000 33.260000 81.000000 90.000000 89.000000
549986.170000 6595206.620000 33.310000 82.000000 91.000000 90.000000
549986.260000 6595206.250000 33.450000 83.000000 91.000000 93.000000
549986.330000 6595205.910000 33.570000 83.000000 91.000000 93.000000
549986.420000 6595205.560000 33.680000 80.000000 88.000000 90.000000
549986.500000 6595205.200000 33.810000 79.000000 88.000000 87.000000
549986.570000 6595204.870000 33.890000 82.000000 91.000000 90.000000
549986.660000 6595204.500000 34.000000 80.000000 88.000000 90.000000
549986.740000 6595204.130000 34.110000 78.000000 88.000000 87.000000
549986.830000 6595203.780000 34.220000 142.000000 156.000000 156.000000
549986.910000 6595203.420000 34.330000 147.000000 158.000000 160.000000
549986.990000 6595203.080000 34.430000 155.000000 167.000000 165.000000
549986.340000 6595206.940000 33.260000 82.000000 91.000000 90.000000
549986.420000 6595206.580000 33.410000 92.000000 98.000000 96.000000
549986.510000 6595206.210000 33.540000 93.000000 101.000000 103.000000
549986.600000 6595205.840000 33.640000 84.000000 92.000000 94.000000
549986.670000 6595205.510000 33.720000 82.000000 90.000000 92.000000
549986.760000 6595205.130000 33.860000 81.000000 89.000000 91.000000
549986.840000 6595204.780000 33.940000 82.000000 92.000000 93.000000
549986.910000 6595204.460000 34.040000 78.000000 86.000000 88.000000
549986.990000 6595204.130000 34.180000 77.000000 87.000000 88.000000
549987.080000 6595203.760000 34.240000 92.000000 106.000000 107.000000
549987.160000 6595203.390000 34.420000 44.000000 51.000000 57.000000
549986.690000 6595206.500000 33.430000 88.000000 94.000000 94.000000
549986.770000 6595206.160000 33.530000 87.000000 95.000000 97.000000
549986.850000 6595205.830000 33.640000 79.000000 87.000000 89.000000
549986.930000 6595205.460000 33.760000 83.000000 91.000000 94.000000
549987.020000 6595205.100000 33.880000 80.000000 88.000000 91.000000
549987.100000 6595204.760000 33.960000 82.000000 92.000000 93.000000
549987.180000 6595204.410000 34.090000 79.000000 89.000000 90.000000
549987.260000 6595204.060000 34.140000 128.000000 140.000000 138.000000
549987.340000 6595203.690000 34.290000 38.000000 45.000000 51.000000
549987.420000 6595203.340000 34.430000 44.000000 48.000000 57.000000
549987.280000 6595205.640000 33.730000 81.000000 86.000000 89.000000
549987.360000 6595205.280000 33.850000 80.000000 88.000000 91.000000
549987.440000 6595204.920000 33.950000 78.000000 88.000000 89.000000
549987.520000 6595204.610000 34.040000 77.000000 85.000000 88.000000
549987.600000 6595204.240000 34.140000 74.000000 88.000000 88.000000
549987.680000 6595203.890000 34.260000 44.000000 53.000000 60.000000
549987.760000 6595203.560000 34.350000 45.000000 49.000000 60.000000
549987.850000 6595204.900000 33.990000 82.000000 92.000000 93.000000
549987.920000 6595204.570000 34.120000 77.000000 87.000000 88.000000
549988.010000 6595204.200000 34.180000 124.000000 136.000000 136.000000
549988.090000 6595203.860000 34.280000 40.000000 47.000000 53.000000
549988.160000 6595203.540000 34.410000 40.000000 43.000000 52.000000
549988.300000 6595204.270000 34.210000 147.000000 159.000000 159.000000
549988.370000 6595203.930000 34.290000 36.000000 44.000000 47.000000
549988.460000 6595203.580000 34.370000 40.000000 40.000000 50.000000
549988.690000 6595203.690000 34.390000 39.000000 38.000000 52.000000
549982.960000 6595206.940000 33.040000 25.000000 19.000000 23.000000
549983.050000 6595207.260000 32.970000 26.000000 22.000000 23.000000
549983.120000 6595206.360000 33.170000 76.000000 82.000000 82.000000
549983.210000 6595206.710000 33.130000 22.000000 20.000000 25.000000
549983.310000 6595207.070000 33.040000 25.000000 20.000000 24.000000
549983.390000 6595207.400000 32.940000 62.000000 61.000000 57.000000
549983.280000 6595205.570000 33.450000 81.000000 85.000000 84.000000
549983.380000 6595205.930000 33.360000 84.000000 86.000000 85.000000
549983.460000 6595206.260000 33.250000 51.000000 52.000000 54.000000
549983.550000 6595206.620000 33.170000 34.000000 37.000000 44.000000
549983.650000 6595206.960000 33.060000 32.000000 30.000000 33.000000
549983.730000 6595207.270000 33.000000 62.000000 61.000000 57.000000
549983.370000 6595205.160000 33.590000 79.000000 83.000000 84.000000
549983.460000 6595205.490000 33.520000 81.000000 85.000000 84.000000
549983.540000 6595205.800000 33.420000 77.000000 83.000000 81.000000
549983.640000 6595206.170000 33.330000 38.000000 43.000000 46.000000
549983.740000 6595206.540000 33.210000 35.000000 43.000000 45.000000
549983.820000 6595206.840000 33.150000 47.000000 49.000000 48.000000
549983.920000 6595207.210000 33.000000 56.000000 55.000000 51.000000
549984.020000 6595207.580000 32.920000 60.000000 57.000000 52.000000
549983.500000 6595204.630000 33.760000 80.000000 84.000000 83.000000
549983.590000 6595204.980000 33.680000 80.000000 86.000000 86.000000
549983.680000 6595205.320000 33.540000 79.000000 88.000000 87.000000
549983.770000 6595205.670000 33.470000 77.000000 86.000000 85.000000
549983.870000 6595206.030000 33.390000 18.000000 29.000000 31.000000
549983.960000 6595206.380000 33.270000 126.000000 138.000000 136.000000
549984.050000 6595206.720000 33.180000 63.000000 68.000000 64.000000
549984.140000 6595207.070000 33.090000 60.000000 60.000000 58.000000
549984.230000 6595207.400000 32.980000 60.000000 55.000000 51.000000
549984.320000 6595207.750000 32.880000 61.000000 58.000000 53.000000
549983.760000 6595204.340000 33.880000 78.000000 83.000000 86.000000
549983.860000 6595204.690000 33.760000 80.000000 86.000000 84.000000
549983.940000 6595205.010000 33.670000 80.000000 85.000000 88.000000
549984.210000 6595206.030000 33.420000 192.000000 200.000000 187.000000
549984.300000 6595206.360000 33.330000 114.000000 118.000000 103.000000
549984.390000 6595206.710000 33.230000 85.000000 91.000000 87.000000
549984.480000 6595207.040000 33.110000 67.000000 69.000000 68.000000
549984.570000 6595207.370000 33.060000 56.000000 52.000000 51.000000
549984.670000 6595207.730000 32.910000 62.000000 57.000000 54.000000
549983.920000 6595203.480000 34.160000 83.000000 87.000000 86.000000
549984.010000 6595203.800000 34.060000 80.000000 86.000000 84.000000
549984.100000 6595204.140000 33.980000 79.000000 88.000000 87.000000
549984.190000 6595204.500000 33.870000 82.000000 91.000000 90.000000
549984.280000 6595204.830000 33.800000 80.000000 89.000000 88.000000
549984.630000 6595206.150000 33.440000 145.000000 152.000000 144.000000
549984.720000 6595206.490000 33.320000 82.000000 91.000000 86.000000
549984.820000 6595206.870000 33.230000 82.000000 91.000000 90.000000
549984.910000 6595207.190000 33.110000 76.000000 80.000000 79.000000
549985.000000 6595207.530000 33.030000 58.000000 54.000000 51.000000
549985.100000 6595207.910000 32.940000 60.000000 55.000000 52.000000
549984.110000 6595202.960000 34.280000 161.000000 178.000000 168.000000
549984.200000 6595203.270000 34.200000 79.000000 91.000000 89.000000
549984.280000 6595203.600000 34.100000 81.000000 87.000000 87.000000
549984.380000 6595203.970000 34.000000 83.000000 89.000000 89.000000
549984.470000 6595204.290000 33.940000 84.000000 93.000000 92.000000
549984.550000 6595204.610000 33.830000 81.000000 86.000000 89.000000
549984.650000 6595204.990000 33.750000 82.000000 88.000000 86.000000
549984.740000 6595205.320000 33.630000 83.000000 87.000000 88.000000
549984.820000 6595205.650000 33.550000 79.000000 88.000000 87.000000
549984.920000 6595206.000000 33.470000 86.000000 95.000000 92.000000
549985.010000 6595206.350000 33.380000 85.000000 91.000000 91.000000
549985.090000 6595206.670000 33.280000 83.000000 91.000000 93.000000
549985.190000 6595207.020000 33.180000 84.000000 90.000000 90.000000
549985.290000 6595207.390000 33.080000 55.000000 55.000000 53.000000
549985.380000 6595207.740000 32.980000 59.000000 54.000000 51.000000
549983.140000 6595207.300000 32.920000 23.000000 19.000000 20.000000
549983.220000 6595206.960000 33.060000 21.000000 16.000000 22.000000
549983.300000 6595206.610000 33.170000 36.000000 37.000000 42.000000
549983.390000 6595206.230000 33.280000 68.000000 69.000000 71.000000
549983.460000 6595205.900000 33.380000 82.000000 86.000000 85.000000
549983.550000 6595205.520000 33.510000 79.000000 85.000000 83.000000
549983.630000 6595205.180000 33.590000 88.000000 94.000000 94.000000
549983.710000 6595204.840000 33.690000 76.000000 82.000000 82.000000
549983.790000 6595204.500000 33.830000 79.000000 85.000000 85.000000
549983.870000 6595204.110000 33.960000 84.000000 90.000000 90.000000
549983.950000 6595203.790000 34.020000 82.000000 87.000000 81.000000
549984.020000 6595203.470000 34.130000 80.000000 89.000000 88.000000
549984.110000 6595203.120000 34.230000 143.000000 158.000000 151.000000
549984.180000 6595202.770000 34.330000 162.000000 179.000000 171.000000
549983.520000 6595207.210000 32.990000 59.000000 55.000000 52.000000
549983.600000 6595206.870000 33.110000 21.000000 20.000000 25.000000
549983.690000 6595206.490000 33.220000 31.000000 36.000000 42.000000
549983.760000 6595206.160000 33.340000 21.000000 31.000000 32.000000
549983.840000 6595205.810000 33.450000 73.000000 83.000000 84.000000
549984.080000 6595204.790000 33.750000 83.000000 89.000000 89.000000
549984.150000 6595204.450000 33.840000 82.000000 91.000000 90.000000
549984.240000 6595204.080000 33.960000 82.000000 91.000000 90.000000
549984.320000 6595203.750000 34.090000 79.000000 85.000000 85.000000
549984.390000 6595203.430000 34.150000 72.000000 81.000000 80.000000
549983.740000 6595207.480000 32.930000 58.000000 57.000000 52.000000
549983.820000 6595207.120000 33.060000 58.000000 57.000000 53.000000
549983.900000 6595206.780000 33.160000 43.000000 47.000000 46.000000
549983.980000 6595206.450000 33.240000 171.000000 182.000000 178.000000
549984.060000 6595206.090000 33.370000 143.000000 153.000000 142.000000
549984.310000 6595204.990000 33.990000 78.000000 87.000000 86.000000
549984.380000 6595204.690000 33.790000 81.000000 86.000000 89.000000
549984.460000 6595204.340000 33.930000 85.000000 94.000000 93.000000
549984.540000 6595204.010000 34.010000 83.000000 92.000000 91.000000
549983.990000 6595207.500000 32.930000 58.000000 57.000000 53.000000
549984.070000 6595207.160000 33.060000 55.000000 54.000000 52.000000
549984.150000 6595206.800000 33.150000 77.000000 84.000000 77.000000
549984.230000 6595206.450000 33.280000 54.000000 61.000000 53.000000
549984.320000 6595206.090000 33.400000 195.000000 203.000000 190.000000
549984.560000 6595205.030000 33.790000 82.000000 88.000000 88.000000
549984.630000 6595204.700000 33.830000 81.000000 87.000000 87.000000
549984.320000 6595207.610000 32.930000 62.000000 59.000000 54.000000
549984.390000 6595207.280000 33.010000 61.000000 60.000000 56.000000
549984.470000 6595206.950000 33.130000 84.000000 88.000000 87.000000
549984.550000 6595206.580000 33.240000 125.000000 135.000000 127.000000
549984.640000 6595206.200000 33.390000 101.000000 106.000000 99.000000
549984.720000 6595205.860000 33.500000 84.000000 93.000000 88.000000
549984.810000 6595205.500000 33.590000 84.000000 90.000000 90.000000
549984.650000 6595207.720000 32.950000 62.000000 57.000000 54.000000
549984.730000 6595207.360000 33.080000 59.000000 58.000000 56.000000
549984.810000 6595207.020000 33.150000 87.000000 91.000000 92.000000
549984.890000 6595206.660000 33.270000 82.000000 91.000000 90.000000
549984.970000 6595206.330000 33.350000 87.000000 92.000000 88.000000
549985.040000 6595206.000000 33.500000 83.000000 92.000000 91.000000
549984.890000 6595207.850000 32.900000 64.000000 58.000000 58.000000
549984.970000 6595207.490000 33.030000 58.000000 54.000000 51.000000
549985.060000 6595207.110000 33.120000 85.000000 89.000000 90.000000
549985.130000 6595206.780000 33.200000 83.000000 91.000000 93.000000
549985.180000 6595207.750000 32.940000 61.000000 56.000000 53.000000
549985.270000 6595207.370000 33.100000 55.000000 55.000000 53.000000
549985.350000 6595207.030000 33.170000 83.000000 89.000000 87.000000
549985.490000 6595208.060000 32.930000 69.000000 60.000000 61.000000
549985.810000 6595209.390000 32.760000 143.000000 140.000000 131.000000
549986.160000 6595209.560000 32.520000 81.000000 80.000000 75.000000
549986.570000 6595209.690000 32.500000 71.000000 77.000000 75.000000
549987.240000 6595209.960000 32.470000 73.000000 77.000000 78.000000
549985.710000 6595209.650000 32.720000 127.000000 128.000000 112.000000
549985.960000 6595209.670000 32.500000 131.000000 131.000000 119.000000
549986.720000 6595209.790000 32.460000 67.000000 76.000000 73.000000
549987.010000 6595209.840000 32.470000 64.000000 70.000000 70.000000
549987.240000 6595209.970000 32.480000 73.000000 77.000000 78.000000
549986.480000 6595209.360000 32.590000 37.000000 38.000000 43.000000
549986.880000 6595209.380000 32.610000 66.000000 71.000000 75.000000
549986.970000 6595209.710000 32.510000 65.000000 74.000000 73.000000
549987.160000 6595209.640000 32.520000 69.000000 78.000000 77.000000
549987.340000 6595209.300000 32.650000 78.000000 86.000000 88.000000
549987.440000 6595209.660000 32.560000 74.000000 79.000000 82.000000
549987.740000 6595209.590000 32.600000 67.000000 71.000000 74.000000
549986.050000 6595209.320000 32.580000 88.000000 87.000000 83.000000
549986.390000 6595209.510000 32.530000 43.000000 45.000000 44.000000
549986.790000 6595209.460000 32.580000 59.000000 62.000000 67.000000
549987.100000 6595209.460000 32.610000 74.000000 83.000000 82.000000
549987.320000 6595209.620000 32.570000 73.000000 79.000000 79.000000
549987.400000 6595209.280000 32.670000 78.000000 83.000000 86.000000
549987.620000 6595209.800000 32.540000 71.000000 75.000000 78.000000
549987.690000 6595209.470000 32.640000 72.000000 73.000000 75.000000
549987.540000 6595210.020000 32.460000 52.000000 61.000000 60.000000
549988.280000 6595209.250000 32.790000 68.000000 73.000000 76.000000
549988.490000 6595208.980000 32.860000 87.000000 93.000000 93.000000
549988.590000 6595209.330000 32.750000 81.000000 78.000000 73.000000
549988.830000 6595208.920000 32.930000 82.000000 88.000000 88.000000
549988.920000 6595209.270000 32.810000 75.000000 80.000000 83.000000
549989.140000 6595208.480000 33.040000 79.000000 87.000000 89.000000
549989.240000 6595208.850000 32.930000 79.000000 87.000000 89.000000
549989.340000 6595209.210000 32.830000 90.000000 95.000000 98.000000
549989.430000 6595209.540000 32.740000 71.000000 76.000000 79.000000
549989.410000 6595208.470000 33.070000 76.000000 84.000000 86.000000
549989.490000 6595208.780000 33.020000 83.000000 91.000000 93.000000
549989.580000 6595209.100000 32.920000 79.000000 84.000000 87.000000
549989.670000 6595209.470000 32.830000 73.000000 79.000000 79.000000
549989.640000 6595208.310000 33.140000 75.000000 83.000000 85.000000
549989.730000 6595208.630000 33.050000 76.000000 84.000000 86.000000
549989.820000 6595208.980000 32.960000 83.000000 91.000000 93.000000
549989.910000 6595209.330000 32.850000 82.000000 88.000000 88.000000
549989.880000 6595207.840000 33.340000 78.000000 85.000000 93.000000
549989.960000 6595208.160000 33.230000 76.000000 84.000000 86.000000
549988.310000 6595209.300000 32.740000 64.000000 68.000000 69.000000
549988.590000 6595209.240000 32.770000 68.000000 67.000000 63.000000
549988.670000 6595208.880000 32.890000 84.000000 90.000000 90.000000
549988.910000 6595209.440000 32.740000 74.000000 79.000000 82.000000
549988.990000 6595209.100000 32.860000 84.000000 89.000000 92.000000
549989.070000 6595208.750000 32.950000 81.000000 89.000000 91.000000
549989.150000 6595208.380000 33.040000 79.000000 87.000000 89.000000
549989.280000 6595209.470000 32.780000 72.000000 77.000000 80.000000
549989.360000 6595209.140000 32.860000 86.000000 91.000000 94.000000
549989.440000 6595208.780000 32.980000 83.000000 91.000000 93.000000
549989.520000 6595208.430000 33.070000 77.000000 85.000000 87.000000
549989.590000 6595208.120000 33.180000 76.000000 84.000000 86.000000
549989.570000 6595209.370000 32.840000 77.000000 82.000000 85.000000
549989.650000 6595209.020000 32.930000 85.000000 90.000000 93.000000
549989.730000 6595208.710000 33.020000 82.000000 90.000000 92.000000
549989.810000 6595208.350000 33.130000 73.000000 81.000000 83.000000
549989.890000 6595208.000000 33.240000 72.000000 79.000000 85.000000
549989.970000 6595207.640000 33.330000 76.000000 83.000000 91.000000
549989.770000 6595209.560000 32.780000 66.000000 72.000000 72.000000
549989.850000 6595209.190000 32.910000 78.000000 84.000000 84.000000
549989.930000 6595208.860000 32.990000 78.000000 86.000000 88.000000
549990.010000 6595209.690000 32.780000 69.000000 74.000000 77.000000
549990.060000 6595208.520000 33.090000 82.000000 90.000000 92.000000
549990.150000 6595208.860000 33.040000 79.000000 87.000000 89.000000
549990.240000 6595209.210000 32.930000 85.000000 91.000000 91.000000
549990.330000 6595209.530000 32.840000 80.000000 86.000000 86.000000
549990.190000 6595207.640000 33.360000 78.000000 86.000000 88.000000
549990.280000 6595207.970000 33.310000 78.000000 84.000000 82.000000
549990.360000 6595208.290000 33.230000 76.000000 84.000000 86.000000
549990.450000 6595208.620000 33.120000 78.000000 86.000000 89.000000
549990.540000 6595208.960000 33.050000 78.000000 86.000000 89.000000
549990.630000 6595209.310000 32.950000 81.000000 89.000000 91.000000
549990.710000 6595209.630000 32.880000 87.000000 93.000000 93.000000
549990.450000 6595207.510000 33.420000 73.000000 81.000000 84.000000
549990.530000 6595207.820000 33.350000 80.000000 85.000000 89.000000
549990.620000 6595208.160000 33.240000 83.000000 91.000000 93.000000
549990.720000 6595208.530000 33.190000 73.000000 81.000000 83.000000
549990.800000 6595208.840000 33.070000 74.000000 82.000000 84.000000
549990.900000 6595209.210000 32.920000 84.000000 93.000000 92.000000
549991.000000 6595209.580000 32.870000 79.000000 88.000000 87.000000
549991.080000 6595209.890000 32.800000 69.000000 77.000000 79.000000
549990.610000 6595207.270000 33.520000 81.000000 89.000000 91.000000
549990.700000 6595207.610000 33.450000 79.000000 84.000000 88.000000
549990.800000 6595207.970000 33.350000 78.000000 83.000000 87.000000
549990.880000 6595208.300000 33.260000 76.000000 84.000000 86.000000
549990.970000 6595208.630000 33.200000 74.000000 82.000000 84.000000
549991.060000 6595208.980000 33.120000 77.000000 85.000000 87.000000
549991.160000 6595209.330000 33.010000 82.000000 91.000000 90.000000
549991.250000 6595209.700000 32.910000 78.000000 87.000000 86.000000
549990.950000 6595207.070000 33.590000 77.000000 85.000000 87.000000
549991.050000 6595207.430000 33.510000 86.000000 94.000000 96.000000
549991.150000 6595207.800000 33.420000 79.000000 84.000000 88.000000
549991.240000 6595208.140000 33.320000 69.000000 77.000000 79.000000
549991.320000 6595208.460000 33.240000 72.000000 80.000000 82.000000
549991.420000 6595208.810000 33.150000 76.000000 84.000000 86.000000
549991.510000 6595209.150000 33.030000 75.000000 83.000000 85.000000
549991.590000 6595209.470000 32.970000 76.000000 85.000000 84.000000
549991.690000 6595209.840000 32.870000 82.000000 88.000000 88.000000
549991.260000 6595206.770000 33.730000 82.000000 90.000000 93.000000
549991.350000 6595207.100000 33.580000 75.000000 83.000000 86.000000
549991.430000 6595207.430000 33.540000 85.000000 93.000000 96.000000
549991.530000 6595207.790000 33.460000 75.000000 80.000000 83.000000
549991.620000 6595208.130000 33.380000 77.000000 85.000000 87.000000
549991.710000 6595208.460000 33.250000 87.000000 95.000000 97.000000
549991.810000 6595208.840000 33.140000 78.000000 86.000000 89.000000
549991.900000 6595209.180000 33.080000 72.000000 80.000000 82.000000
549991.990000 6595209.520000 32.980000 76.000000 84.000000 86.000000
549992.080000 6595209.860000 32.920000 78.000000 83.000000 86.000000
549991.430000 6595206.490000 33.830000 78.000000 86.000000 89.000000
549991.510000 6595206.800000 33.710000 80.000000 88.000000 91.000000
549991.610000 6595207.180000 33.660000 78.000000 86.000000 89.000000
549991.700000 6595207.520000 33.580000 77.000000 85.000000 88.000000
549991.790000 6595207.860000 33.460000 79.000000 84.000000 87.000000
549991.880000 6595208.200000 33.350000 73.000000 81.000000 83.000000
549991.980000 6595208.570000 33.260000 79.000000 87.000000 90.000000
549992.060000 6595208.890000 33.190000 78.000000 86.000000 88.000000
549992.150000 6595209.240000 33.110000 79.000000 84.000000 87.000000
549992.250000 6595209.590000 33.000000 78.000000 83.000000 86.000000
549992.330000 6595209.910000 32.930000 78.000000 83.000000 86.000000
549991.650000 6595206.370000 33.830000 79.000000 87.000000 90.000000
549991.740000 6595206.720000 33.750000 79.000000 87.000000 90.000000
549991.830000 6595207.050000 33.620000 80.000000 88.000000 91.000000
549991.920000 6595207.410000 33.560000 74.000000 82.000000 85.000000
549992.010000 6595207.740000 33.440000 79.000000 87.000000 90.000000
549992.100000 6595208.080000 33.340000 75.000000 83.000000 85.000000
549992.190000 6595208.400000 33.270000 76.000000 84.000000 86.000000
549992.280000 6595208.730000 33.200000 74.000000 82.000000 84.000000
549992.370000 6595209.080000 33.130000 74.000000 82.000000 84.000000
549992.460000 6595209.430000 33.000000 81.000000 86.000000 89.000000
549992.540000 6595209.750000 32.930000 77.000000 83.000000 83.000000
549991.980000 6595206.240000 33.900000 77.000000 85.000000 88.000000
549992.060000 6595206.570000 33.850000 76.000000 84.000000 86.000000
549992.150000 6595206.900000 33.740000 76.000000 84.000000 87.000000
549992.240000 6595207.230000 33.640000 75.000000 83.000000 86.000000
549992.340000 6595207.600000 33.550000 76.000000 84.000000 87.000000
549992.420000 6595207.930000 33.470000 75.000000 83.000000 85.000000
549992.510000 6595208.240000 33.370000 72.000000 80.000000 83.000000
549992.610000 6595208.610000 33.270000 76.000000 84.000000 86.000000
549992.700000 6595208.950000 33.200000 74.000000 82.000000 84.000000
549992.790000 6595209.280000 33.120000 72.000000 77.000000 80.000000
549992.880000 6595209.640000 33.010000 80.000000 85.000000 88.000000
549992.970000 6595209.980000 32.950000 80.000000 86.000000 86.000000
549992.230000 6595205.770000 34.120000 80.000000 89.000000 88.000000
549992.320000 6595206.110000 33.970000 74.000000 82.000000 84.000000
549992.420000 6595206.460000 33.900000 81.000000 89.000000 91.000000
549992.510000 6595206.810000 33.820000 77.000000 85.000000 88.000000
549992.590000 6595207.120000 33.710000 74.000000 82.000000 85.000000
549992.690000 6595207.490000 33.610000 75.000000 83.000000 86.000000
549992.790000 6595207.860000 33.520000 81.000000 89.000000 92.000000
549992.870000 6595208.170000 33.420000 75.000000 83.000000 86.000000
549992.960000 6595208.500000 33.360000 72.000000 80.000000 83.000000
549993.060000 6595208.880000 33.220000 74.000000 82.000000 85.000000
549993.140000 6595209.210000 33.160000 75.000000 80.000000 83.000000
549993.240000 6595209.560000 33.060000 76.000000 81.000000 84.000000
549993.340000 6595209.940000 32.970000 85.000000 91.000000 89.000000
549992.520000 6595205.790000 34.080000 78.000000 86.000000 88.000000
549992.610000 6595206.140000 33.960000 76.000000 84.000000 87.000000
549992.700000 6595206.470000 33.870000 79.000000 87.000000 90.000000
549992.790000 6595206.800000 33.800000 70.000000 78.000000 81.000000
549992.880000 6595207.160000 33.750000 74.000000 82.000000 85.000000
549992.980000 6595207.530000 33.620000 77.000000 85.000000 88.000000
549993.070000 6595207.860000 33.520000 75.000000 83.000000 86.000000
549993.170000 6595208.240000 33.440000 76.000000 84.000000 87.000000
549993.260000 6595208.560000 33.340000 77.000000 85.000000 88.000000
549993.340000 6595208.880000 33.270000 78.000000 86.000000 89.000000
549993.430000 6595209.220000 33.180000 79.000000 84.000000 88.000000
549992.660000 6595205.360000 34.260000 67.000000 72.000000 75.000000
549992.750000 6595205.710000 34.160000 77.000000 85.000000 87.000000
549992.850000 6595206.080000 34.050000 84.000000 92.000000 95.000000
549992.940000 6595206.430000 33.950000 67.000000 75.000000 78.000000
549993.030000 6595206.770000 33.850000 74.000000 82.000000 85.000000
549993.120000 6595207.090000 33.800000 74.000000 81.000000 87.000000
549993.210000 6595207.430000 33.690000 76.000000 84.000000 87.000000
549993.300000 6595207.780000 33.600000 72.000000 80.000000 83.000000
549993.400000 6595208.130000 33.510000 74.000000 82.000000 85.000000
549993.480000 6595208.460000 33.420000 72.000000 80.000000 83.000000
549993.070000 6595205.380000 34.260000 76.000000 79.000000 84.000000
549993.160000 6595205.710000 34.180000 77.000000 85.000000 87.000000
549993.250000 6595206.040000 34.050000 82.000000 90.000000 92.000000
549993.340000 6595206.410000 33.990000 75.000000 83.000000 86.000000
549993.430000 6595206.740000 33.890000 73.000000 81.000000 84.000000
549993.530000 6595207.080000 33.770000 72.000000 79.000000 85.000000
549993.620000 6595207.430000 33.710000 79.000000 84.000000 88.000000
549993.320000 6595204.970000 34.420000 28.000000 28.000000 36.000000
549993.420000 6595205.330000 34.340000 77.000000 81.000000 84.000000
549993.510000 6595205.690000 34.220000 71.000000 80.000000 79.000000
549993.600000 6595206.020000 34.150000 75.000000 83.000000 85.000000
549993.690000 6595206.360000 34.040000 81.000000 86.000000 90.000000
549993.790000 6595206.740000 33.930000 71.000000 79.000000 81.000000
549993.540000 6595204.690000 34.540000 33.000000 32.000000 37.000000
549993.640000 6595205.060000 34.460000 31.000000 32.000000 37.000000
549993.720000 6595205.370000 34.360000 70.000000 74.000000 77.000000
549993.820000 6595205.720000 34.230000 73.000000 77.000000 80.000000
549993.800000 6595204.660000 34.550000 33.000000 32.000000 37.000000
549993.890000 6595204.990000 34.490000 31.000000 36.000000 40.000000
549990.010000 6595208.520000 33.110000 82.000000 90.000000 92.000000
549990.090000 6595208.160000 33.200000 75.000000 83.000000 85.000000
549990.170000 6595207.800000 33.320000 79.000000 88.000000 87.000000
549990.260000 6595207.440000 33.430000 83.000000 91.000000 94.000000
549990.110000 6595209.500000 32.810000 85.000000 91.000000 91.000000
549990.190000 6595209.160000 32.920000 79.000000 85.000000 85.000000
549990.280000 6595208.780000 33.060000 74.000000 82.000000 84.000000
549990.360000 6595208.420000 33.110000 77.000000 85.000000 87.000000
549990.440000 6595208.080000 33.270000 75.000000 83.000000 85.000000
549990.520000 6595207.760000 33.360000 78.000000 83.000000 87.000000
549990.600000 6595207.400000 33.440000 76.000000 84.000000 86.000000
549990.680000 6595207.040000 33.560000 76.000000 84.000000 86.000000
549990.420000 6595209.540000 32.820000 89.000000 94.000000 97.000000
549990.500000 6595209.210000 32.910000 81.000000 89.000000 91.000000
549990.580000 6595208.840000 33.040000 76.000000 84.000000 87.000000
549990.670000 6595208.470000 33.180000 73.000000 81.000000 83.000000
549990.740000 6595208.150000 33.260000 78.000000 86.000000 88.000000
549990.830000 6595207.780000 33.400000 75.000000 80.000000 84.000000
549990.910000 6595207.410000 33.480000 82.000000 90.000000 92.000000
549990.990000 6595207.070000 33.560000 77.000000 85.000000 87.000000
549991.070000 6595206.730000 33.700000 78.000000 86.000000 88.000000
549990.630000 6595209.680000 32.860000 84.000000 90.000000 90.000000
549990.720000 6595209.300000 32.950000 80.000000 88.000000 90.000000
549990.800000 6595208.960000 33.060000 76.000000 84.000000 86.000000
549990.870000 6595208.620000 33.170000 74.000000 82.000000 84.000000
549990.960000 6595208.260000 33.260000 77.000000 85.000000 87.000000
549991.040000 6595207.900000 33.380000 78.000000 83.000000 87.000000
549991.110000 6595207.580000 33.480000 82.000000 90.000000 92.000000
549991.200000 6595207.230000 33.590000 79.000000 87.000000 89.000000
549991.270000 6595206.880000 33.670000 77.000000 85.000000 88.000000
549991.350000 6595206.550000 33.810000 80.000000 88.000000 91.000000
549990.800000 6595209.890000 32.760000 73.000000 78.000000 81.000000
549990.880000 6595209.530000 32.860000 85.000000 94.000000 93.000000
549990.970000 6595209.190000 32.970000 82.000000 90.000000 92.000000
549991.040000 6595208.850000 33.090000 76.000000 84.000000 86.000000
549991.120000 6595208.510000 33.200000 78.000000 86.000000 88.000000
549991.200000 6595208.180000 33.270000 70.000000 78.000000 80.000000
549991.280000 6595207.810000 33.390000 77.000000 82.000000 85.000000
549991.360000 6595207.470000 33.490000 86.000000 94.000000 97.000000
549991.440000 6595207.140000 33.580000 76.000000 84.000000 87.000000
549991.520000 6595206.770000 33.710000 80.000000 88.000000 91.000000
549991.600000 6595206.440000 33.810000 79.000000 87.000000 90.000000
549991.170000 6595209.840000 32.820000 69.000000 77.000000 79.000000
549991.260000 6595209.470000 32.930000 75.000000 84.000000 83.000000
549991.330000 6595209.160000 33.030000 75.000000 83.000000 85.000000
549991.410000 6595208.810000 33.170000 76.000000 84.000000 86.000000
549991.500000 6595208.440000 33.270000 74.000000 82.000000 84.000000
549991.570000 6595208.120000 33.320000 75.000000 83.000000 85.000000
549991.650000 6595207.770000 33.410000 78.000000 83.000000 86.000000
549991.740000 6595207.380000 33.560000 79.000000 87.000000 90.000000
549991.810000 6595207.050000 33.650000 80.000000 88.000000 91.000000
549991.890000 6595206.730000 33.770000 81.000000 89.000000 92.000000
549991.980000 6595206.350000 33.860000 78.000000 86.000000 89.000000
549992.060000 6595205.980000 34.000000 82.000000 90.000000 92.000000
549991.540000 6595209.790000 32.840000 78.000000 86.000000 88.000000
549991.620000 6595209.440000 32.970000 77.000000 86.000000 85.000000
549991.700000 6595209.110000 33.090000 76.000000 84.000000 86.000000
549991.780000 6595208.770000 33.150000 76.000000 84.000000 87.000000
549991.860000 6595208.400000 33.260000 87.000000 95.000000 98.000000
549991.940000 6595208.050000 33.400000 78.000000 86.000000 88.000000
549992.020000 6595207.690000 33.490000 78.000000 86.000000 89.000000
549992.110000 6595207.320000 33.610000 75.000000 83.000000 86.000000
549992.190000 6595206.970000 33.730000 76.000000 84.000000 87.000000
549992.270000 6595206.630000 33.840000 78.000000 86.000000 89.000000
549992.350000 6595206.280000 33.930000 75.000000 83.000000 86.000000
549992.430000 6595205.940000 34.040000 82.000000 90.000000 92.000000
549992.510000 6595205.590000 34.190000 75.000000 83.000000 85.000000
549991.830000 6595209.830000 32.880000 81.000000 87.000000 87.000000
549991.920000 6595209.440000 33.000000 80.000000 88.000000 90.000000
549992.000000 6595209.090000 33.090000 77.000000 85.000000 87.000000
549992.080000 6595208.740000 33.220000 76.000000 84.000000 86.000000
549992.160000 6595208.400000 33.330000 76.000000 84.000000 86.000000
549992.240000 6595208.060000 33.380000 71.000000 79.000000 82.000000
549992.310000 6595207.720000 33.500000 75.000000 83.000000 86.000000
549992.400000 6595207.370000 33.590000 75.000000 83.000000 86.000000
549992.480000 6595206.990000 33.710000 80.000000 88.000000 91.000000
549992.560000 6595206.650000 33.840000 78.000000 86.000000 89.000000
549992.640000 6595206.310000 33.950000 77.000000 85.000000 88.000000
549992.730000 6595205.940000 34.060000 84.000000 92.000000 94.000000
549992.820000 6595205.560000 34.200000 80.000000 85.000000 88.000000
549992.890000 6595205.240000 34.300000 77.000000 82.000000 86.000000
549992.160000 6595209.650000 32.970000 78.000000 84.000000 84.000000
549992.240000 6595209.310000 33.050000 75.000000 80.000000 83.000000
549992.320000 6595208.960000 33.160000 77.000000 85.000000 87.000000
549992.400000 6595208.600000 33.280000 79.000000 87.000000 89.000000
549992.480000 6595208.260000 33.380000 74.000000 82.000000 85.000000
549992.570000 6595207.890000 33.500000 76.000000 84.000000 86.000000
549992.650000 6595207.540000 33.590000 76.000000 84.000000 87.000000
549992.730000 6595207.180000 33.690000 78.000000 86.000000 89.000000
549992.810000 6595206.840000 33.820000 74.000000 82.000000 85.000000
549992.890000 6595206.480000 33.910000 69.000000 77.000000 80.000000
549992.970000 6595206.140000 34.030000 82.000000 90.000000 93.000000
549993.060000 6595205.770000 34.140000 76.000000 84.000000 86.000000
549993.130000 6595205.440000 34.250000 69.000000 74.000000 77.000000
549993.210000 6595205.090000 34.380000 42.000000 45.000000 50.000000
549992.470000 6595209.950000 32.890000 75.000000 80.000000 83.000000
549992.550000 6595209.580000 32.950000 79.000000 84.000000 87.000000
549992.630000 6595209.220000 33.130000 73.000000 78.000000 81.000000
549992.710000 6595208.900000 33.210000 75.000000 83.000000 85.000000
549992.800000 6595208.520000 33.300000 74.000000 82.000000 85.000000
549992.870000 6595208.190000 33.400000 75.000000 83.000000 86.000000
549992.950000 6595207.830000 33.540000 75.000000 83.000000 86.000000
549993.030000 6595207.470000 33.650000 75.000000 83.000000 86.000000
549993.110000 6595207.130000 33.740000 75.000000 82.000000 88.000000
549993.190000 6595206.820000 33.840000 77.000000 85.000000 88.000000
549993.270000 6595206.470000 33.950000 76.000000 84.000000 87.000000
549993.350000 6595206.100000 34.040000 86.000000 94.000000 96.000000
549993.430000 6595205.770000 34.180000 80.000000 89.000000 88.000000
549993.500000 6595205.450000 34.290000 70.000000 75.000000 78.000000
549993.590000 6595205.050000 34.420000 32.000000 33.000000 38.000000
549993.670000 6595204.720000 34.560000 33.000000 32.000000 38.000000
549992.900000 6595209.900000 32.930000 80.000000 86.000000 86.000000
549992.980000 6595209.540000 33.030000 78.000000 83.000000 86.000000
549993.060000 6595209.210000 33.160000 75.000000 80.000000 83.000000
549993.140000 6595208.860000 33.250000 78.000000 86.000000 89.000000
549993.220000 6595208.510000 33.340000 77.000000 85.000000 88.000000
549993.290000 6595208.180000 33.470000 74.000000 82.000000 85.000000
549993.380000 6595207.830000 33.560000 76.000000 84.000000 87.000000
549993.450000 6595207.480000 33.680000 73.000000 81.000000 84.000000
549993.530000 6595207.140000 33.780000 75.000000 82.000000 88.000000
549993.610000 6595206.800000 33.900000 74.000000 82.000000 85.000000
549993.690000 6595206.450000 34.010000 73.000000 82.000000 89.000000
549993.780000 6595206.060000 34.140000 75.000000 83.000000 85.000000
549993.860000 6595205.720000 34.240000 73.000000 77.000000 80.000000
549993.940000 6595205.370000 34.380000 75.000000 79.000000 82.000000
549993.190000 6595209.880000 33.000000 80.000000 86.000000 86.000000
549993.270000 6595209.540000 33.080000 76.000000 81.000000 84.000000
549993.350000 6595209.190000 33.150000 74.000000 82.000000 85.000000
549993.430000 6595208.830000 33.300000 75.000000 83.000000 86.000000
549993.500000 6595208.520000 33.380000 78.000000 86.000000 89.000000
549993.590000 6595208.130000 33.510000 77.000000 85.000000 88.000000
549991.350000 6595210.050000 32.780000 67.000000 75.000000 77.000000
549992.170000 6595210.220000 32.810000 66.000000 72.000000 72.000000
549992.420000 6595210.240000 32.820000 67.000000 73.000000 73.000000
549992.630000 6595210.090000 32.840000 76.000000 84.000000 87.000000
549993.060000 6595210.310000 32.830000 74.000000 82.000000 85.000000
549992.080000 6595210.000000 32.820000 81.000000 86.000000 89.000000
549992.810000 6595210.250000 32.830000 79.000000 87.000000 90.000000
549993.110000 6595210.230000 32.850000 80.000000 88.000000 91.000000
549985.450000 6595209.230000 32.790000 144.000000 132.000000 116.000000
549985.650000 6595208.760000 32.830000 60.000000 64.000000 63.000000
549985.730000 6595209.060000 32.780000 67.000000 69.000000 64.000000
549985.620000 6595208.990000 32.820000 73.000000 73.000000 73.000000
549985.700000 6595208.670000 32.770000 55.000000 60.000000 56.000000
549988.110000 6595208.590000 32.950000 76.000000 85.000000 84.000000
549988.190000 6595208.910000 32.850000 77.000000 87.000000 86.000000
549988.230000 6595207.960000 33.190000 30.000000 33.000000 42.000000
549988.310000 6595208.300000 33.060000 78.000000 84.000000 84.000000
549988.410000 6595208.650000 32.940000 79.000000 87.000000 89.000000
549988.380000 6595207.200000 33.330000 33.000000 36.000000 45.000000
549988.470000 6595207.570000 33.230000 31.000000 35.000000 44.000000
549988.560000 6595207.900000 33.200000 57.000000 65.000000 68.000000
549988.640000 6595208.230000 33.090000 76.000000 85.000000 90.000000
549988.730000 6595208.560000 33.010000 81.000000 91.000000 93.000000
549988.510000 6595206.100000 33.700000 73.000000 79.000000 79.000000
549988.600000 6595206.430000 33.610000 36.000000 36.000000 44.000000
549988.700000 6595206.810000 33.510000 31.000000 31.000000 41.000000
549988.780000 6595207.120000 33.410000 25.000000 29.000000 38.000000
549988.880000 6595207.470000 33.320000 87.000000 97.000000 86.000000
549988.970000 6595207.840000 33.200000 77.000000 87.000000 79.000000
549989.060000 6595208.160000 33.170000 78.000000 86.000000 88.000000
549988.580000 6595205.350000 33.910000 80.000000 88.000000 91.000000
549988.670000 6595205.680000 33.810000 79.000000 87.000000 89.000000
549988.760000 6595206.010000 33.780000 82.000000 87.000000 90.000000
549988.840000 6595206.320000 33.860000 17.000000 22.000000 26.000000
549989.040000 6595207.060000 33.450000 173.000000 180.000000 172.000000
549989.130000 6595207.430000 33.370000 108.000000 114.000000 110.000000
549989.220000 6595207.760000 33.300000 156.000000 163.000000 147.000000
549989.310000 6595208.110000 33.190000 75.000000 83.000000 85.000000
549988.720000 6595204.830000 34.080000 78.000000 86.000000 89.000000
549988.810000 6595205.180000 34.000000 81.000000 86.000000 89.000000
549988.910000 6595205.530000 33.880000 81.000000 89.000000 92.000000
549988.980000 6595205.820000 34.090000 73.000000 84.000000 88.000000
549989.360000 6595207.250000 33.430000 127.000000 133.000000 119.000000
549989.450000 6595207.600000 33.310000 85.000000 90.000000 83.000000
549989.550000 6595207.940000 33.230000 79.000000 84.000000 88.000000
549988.870000 6595204.020000 34.360000 31.000000 35.000000 44.000000
549988.970000 6595204.400000 34.230000 89.000000 95.000000 95.000000
549989.060000 6595204.730000 34.170000 77.000000 82.000000 85.000000
549989.140000 6595205.030000 34.200000 78.000000 88.000000 87.000000
549989.600000 6595206.780000 33.600000 145.000000 147.000000 133.000000
549989.690000 6595207.120000 33.510000 72.000000 78.000000 76.000000
549989.780000 6595207.480000 33.400000 75.000000 83.000000 86.000000
549989.180000 6595203.820000 34.440000 37.000000 40.000000 49.000000
549989.260000 6595204.150000 34.350000 79.000000 84.000000 90.000000
549989.360000 6595204.530000 34.240000 84.000000 90.000000 88.000000
549989.450000 6595204.860000 34.170000 82.000000 91.000000 90.000000
549989.510000 6595205.080000 34.530000 85.000000 91.000000 89.000000
549989.730000 6595205.910000 33.860000 90.000000 101.000000 95.000000
549989.820000 6595206.240000 33.770000 67.000000 73.000000 69.000000
549989.910000 6595206.590000 33.700000 87.000000 90.000000 95.000000
549989.450000 6595203.750000 34.460000 37.000000 38.000000 43.000000
549989.550000 6595204.110000 34.340000 64.000000 67.000000 74.000000
549989.630000 6595204.430000 34.250000 79.000000 85.000000 83.000000
549989.730000 6595204.780000 34.170000 75.000000 83.000000 85.000000
549989.820000 6595205.140000 34.090000 79.000000 88.000000 87.000000
549989.900000 6595205.450000 34.000000 76.000000 81.000000 85.000000
549989.710000 6595203.880000 34.470000 37.000000 37.000000 45.000000
549989.800000 6595204.230000 34.390000 73.000000 77.000000 80.000000
549989.890000 6595204.550000 34.290000 78.000000 84.000000 84.000000
549989.980000 6595204.900000 34.200000 79.000000 88.000000 87.000000
549988.510000 6595205.940000 33.750000 84.000000 89.000000 92.000000
549988.580000 6595205.590000 33.850000 83.000000 91.000000 94.000000
549988.670000 6595205.220000 33.940000 77.000000 85.000000 88.000000
549988.750000 6595204.890000 34.090000 78.000000 86.000000 89.000000
549988.820000 6595204.560000 34.160000 88.000000 93.000000 96.000000
549988.910000 6595204.210000 34.300000 30.000000 35.000000 39.000000
549988.990000 6595203.840000 34.380000 32.000000 35.000000 44.000000
549988.100000 6595209.120000 32.780000 70.000000 75.000000 78.000000
549988.190000 6595208.760000 32.900000 82.000000 91.000000 90.000000
549988.260000 6595208.410000 32.990000 81.000000 87.000000 87.000000
549988.350000 6595208.060000 33.120000 40.000000 43.000000 48.000000
549988.430000 6595207.680000 33.220000 35.000000 40.000000 46.000000
549988.520000 6595207.320000 33.340000 34.000000 36.000000 48.000000
549988.600000 6595206.980000 33.440000 41.000000 41.000000 51.000000
549988.680000 6595206.620000 33.550000 35.000000 35.000000 45.000000
549988.760000 6595206.270000 33.640000 88.000000 93.000000 96.000000
549988.830000 6595205.950000 33.800000 77.000000 86.000000 91.000000
549988.920000 6595205.590000 33.880000 81.000000 89.000000 92.000000
549989.000000 6595205.220000 33.980000 78.000000 84.000000 84.000000
549989.080000 6595204.890000 34.070000 78.000000 86.000000 88.000000
549989.160000 6595204.540000 34.210000 85.000000 91.000000 91.000000
549989.250000 6595204.160000 34.310000 79.000000 84.000000 90.000000
549989.330000 6595203.800000 34.430000 38.000000 39.000000 44.000000
549988.380000 6595208.950000 32.840000 82.000000 91.000000 90.000000
549988.470000 6595208.590000 32.980000 79.000000 89.000000 90.000000
549988.550000 6595208.240000 33.070000 74.000000 84.000000 85.000000
549988.620000 6595207.910000 33.170000 75.000000 83.000000 86.000000
549988.700000 6595207.590000 33.260000 27.000000 31.000000 40.000000
549988.780000 6595207.210000 33.380000 32.000000 37.000000 41.000000
549989.290000 6595205.040000 34.330000 81.000000 91.000000 93.000000
549989.360000 6595204.720000 34.130000 78.000000 83.000000 86.000000
549989.430000 6595204.400000 34.220000 76.000000 82.000000 80.000000
549989.520000 6595204.050000 34.390000 28.000000 31.000000 40.000000
549989.600000 6595203.690000 34.470000 27.000000 28.000000 32.000000
549988.750000 6595208.510000 33.030000 81.000000 91.000000 93.000000
549988.830000 6595208.170000 33.110000 78.000000 86.000000 89.000000
549988.910000 6595207.810000 33.220000 77.000000 87.000000 79.000000
549989.000000 6595207.450000 33.350000 99.000000 105.000000 101.000000
549989.080000 6595207.100000 33.400000 131.000000 139.000000 128.000000
549989.560000 6595205.000000 34.160000 77.000000 86.000000 83.000000
549989.640000 6595204.680000 34.180000 78.000000 86.000000 88.000000
549989.720000 6595204.330000 34.300000 82.000000 88.000000 88.000000
549989.800000 6595203.980000 34.440000 40.000000 40.000000 50.000000
549989.230000 6595208.050000 33.210000 76.000000 84.000000 86.000000
549989.310000 6595207.700000 33.270000 149.000000 155.000000 143.000000
549989.400000 6595207.330000 33.390000 167.000000 173.000000 161.000000
549989.470000 6595207.020000 33.450000 195.000000 199.000000 185.000000
549989.540000 6595206.690000 33.580000 110.000000 111.000000 97.000000
549989.630000 6595206.320000 33.730000 207.000000 216.000000 195.000000
549989.710000 6595205.950000 33.830000 90.000000 101.000000 95.000000
549989.790000 6595205.630000 33.950000 73.000000 81.000000 84.000000
549989.870000 6595205.280000 34.050000 82.000000 87.000000 90.000000
549989.950000 6595204.920000 34.120000 79.000000 88.000000 87.000000
549989.680000 6595207.740000 33.300000 77.000000 83.000000 79.000000
549989.760000 6595207.390000 33.430000 81.000000 87.000000 83.000000
549989.830000 6595207.080000 33.490000 82.000000 88.000000 88.000000
549989.910000 6595206.710000 33.620000 89.000000 94.000000 100.000000
549990.000000 6595206.950000 33.600000 79.000000 87.000000 89.000000
549990.090000 6595207.260000 33.490000 83.000000 93.000000 92.000000
549990.000000 6595205.820000 33.900000 92.000000 97.000000 101.000000
549990.090000 6595206.160000 33.800000 85.000000 94.000000 93.000000
549990.180000 6595206.490000 33.700000 80.000000 86.000000 84.000000
549990.260000 6595206.810000 33.620000 78.000000 86.000000 88.000000
549990.360000 6595207.170000 33.480000 80.000000 89.000000 86.000000
549990.070000 6595205.220000 34.120000 86.000000 90.000000 93.000000
549990.160000 6595205.560000 33.980000 77.000000 85.000000 88.000000
549990.250000 6595205.910000 33.890000 77.000000 87.000000 88.000000
549990.340000 6595206.240000 33.820000 76.000000 82.000000 82.000000
549990.430000 6595206.580000 33.730000 78.000000 86.000000 88.000000
549990.520000 6595206.940000 33.580000 76.000000 84.000000 86.000000
549990.130000 6595203.970000 34.480000 39.000000 39.000000 49.000000
549990.230000 6595204.330000 34.350000 68.000000 72.000000 75.000000
549990.320000 6595204.670000 34.260000 78.000000 86.000000 88.000000
549990.400000 6595204.980000 34.170000 80.000000 89.000000 88.000000
549990.500000 6595205.360000 34.070000 85.000000 93.000000 95.000000
549990.600000 6595205.730000 33.950000 76.000000 84.000000 87.000000
549990.680000 6595206.020000 33.890000 78.000000 86.000000 88.000000
549990.770000 6595206.370000 33.790000 76.000000 85.000000 84.000000
549990.870000 6595206.750000 33.660000 77.000000 85.000000 87.000000
549990.520000 6595203.990000 34.480000 31.000000 30.000000 36.000000
549990.620000 6595204.350000 34.410000 30.000000 33.000000 40.000000
549990.700000 6595204.670000 34.320000 82.000000 87.000000 90.000000
549990.790000 6595205.010000 34.200000 81.000000 90.000000 89.000000
549990.890000 6595205.380000 34.110000 82.000000 90.000000 92.000000
549990.980000 6595205.730000 33.990000 75.000000 83.000000 86.000000
549991.070000 6595206.080000 33.890000 77.000000 85.000000 87.000000
549991.170000 6595206.450000 33.770000 77.000000 85.000000 87.000000
549990.790000 6595204.090000 34.490000 33.000000 33.000000 41.000000
549990.880000 6595204.410000 34.410000 42.000000 47.000000 51.000000
549990.970000 6595204.780000 34.280000 79.000000 84.000000 87.000000
549991.070000 6595205.130000 34.210000 76.000000 85.000000 84.000000
549991.150000 6595205.430000 34.130000 83.000000 91.000000 93.000000
549991.230000 6595205.760000 34.040000 76.000000 84.000000 86.000000
549991.340000 6595206.140000 33.930000 78.000000 86.000000 89.000000
549991.000000 6595203.930000 34.540000 29.000000 28.000000 34.000000
549991.090000 6595204.290000 34.400000 37.000000 37.000000 45.000000
549991.180000 6595204.630000 34.320000 79.000000 84.000000 87.000000
549991.280000 6595204.970000 34.220000 78.000000 87.000000 86.000000
549991.370000 6595205.320000 34.150000 79.000000 87.000000 89.000000
549991.460000 6595205.670000 34.050000 84.000000 92.000000 94.000000
549991.560000 6595206.030000 33.930000 75.000000 83.000000 86.000000
549991.430000 6595204.170000 34.540000 34.000000 33.000000 39.000000
549991.530000 6595204.550000 34.390000 30.000000 30.000000 38.000000
549991.610000 6595204.850000 34.320000 78.000000 83.000000 86.000000
549991.710000 6595205.210000 34.230000 81.000000 90.000000 89.000000
549991.800000 6595205.570000 34.130000 84.000000 93.000000 92.000000
549991.890000 6595205.900000 34.000000 81.000000 89.000000 92.000000
549991.790000 6595204.100000 34.570000 31.000000 30.000000 36.000000
549991.880000 6595204.440000 34.480000 36.000000 36.000000 44.000000
549991.960000 6595204.760000 34.370000 46.000000 49.000000 54.000000
549992.050000 6595205.100000 34.260000 81.000000 86.000000 89.000000
549992.150000 6595205.460000 34.170000 85.000000 94.000000 93.000000
549992.060000 6595204.070000 34.570000 32.000000 30.000000 35.000000
549992.150000 6595204.390000 34.460000 34.000000 33.000000 38.000000
549992.240000 6595204.760000 34.390000 29.000000 32.000000 39.000000
549992.340000 6595205.100000 34.300000 85.000000 90.000000 93.000000
549992.430000 6595205.430000 34.170000 79.000000 87.000000 89.000000
549992.300000 6595203.990000 34.670000 29.000000 27.000000 32.000000
549992.380000 6595204.320000 34.570000 31.000000 30.000000 35.000000
549992.470000 6595204.660000 34.460000 39.000000 39.000000 47.000000
549992.570000 6595205.020000 34.340000 73.000000 78.000000 82.000000
549992.700000 6595203.990000 34.680000 27.000000 26.000000 31.000000
549992.800000 6595204.360000 34.580000 33.000000 31.000000 36.000000
549992.890000 6595204.700000 34.450000 34.000000 33.000000 39.000000
549992.980000 6595205.030000 34.350000 32.000000 35.000000 40.000000
549993.150000 6595204.300000 34.620000 31.000000 30.000000 35.000000
549993.240000 6595204.650000 34.510000 29.000000 28.000000 33.000000
549993.450000 6595204.340000 34.650000 35.000000 34.000000 39.000000
549993.710000 6595204.320000 34.640000 36.000000 34.000000 37.000000
549990.030000 6595204.600000 34.250000 73.000000 81.000000 83.000000
549990.110000 6595204.230000 34.390000 45.000000 48.000000 53.000000
549990.200000 6595203.840000 34.530000 34.000000 34.000000 42.000000
549990.000000 6595206.350000 33.720000 83.000000 87.000000 86.000000
549990.080000 6595206.000000 33.840000 93.000000 98.000000 102.000000
549990.160000 6595205.650000 33.960000 76.000000 86.000000 88.000000
549990.240000 6595205.290000 34.060000 86.000000 92.000000 92.000000
549990.320000 6595204.960000 34.160000 80.000000 86.000000 86.000000
549990.400000 6595204.610000 34.310000 79.000000 87.000000 89.000000
549990.490000 6595204.230000 34.430000 28.000000 31.000000 38.000000
549990.570000 6595203.850000 34.550000 32.000000 31.000000 37.000000
549990.050000 6595207.290000 33.450000 83.000000 93.000000 92.000000
549990.140000 6595206.930000 33.580000 77.000000 86.000000 85.000000
549990.210000 6595206.590000 33.690000 77.000000 83.000000 81.000000
549990.290000 6595206.250000 33.790000 82.000000 88.000000 88.000000
549990.380000 6595205.870000 33.920000 76.000000 86.000000 87.000000
549990.460000 6595205.510000 33.980000 73.000000 81.000000 84.000000
549990.550000 6595205.160000 34.130000 78.000000 87.000000 86.000000
549990.630000 6595204.790000 34.260000 76.000000 82.000000 82.000000
549990.710000 6595204.430000 34.370000 52.000000 57.000000 61.000000
549990.780000 6595204.120000 34.460000 38.000000 38.000000 46.000000
549990.860000 6595203.790000 34.580000 29.000000 28.000000 33.000000
549990.340000 6595207.070000 33.560000 75.000000 84.000000 81.000000
549990.430000 6595206.710000 33.640000 79.000000 87.000000 89.000000
549990.500000 6595206.380000 33.730000 74.000000 83.000000 82.000000
549990.580000 6595206.050000 33.850000 78.000000 86.000000 88.000000
549990.660000 6595205.690000 33.990000 75.000000 83.000000 86.000000
549990.740000 6595205.340000 34.080000 85.000000 93.000000 95.000000
549990.820000 6595204.980000 34.180000 73.000000 82.000000 81.000000
549990.910000 6595204.630000 34.310000 81.000000 86.000000 89.000000
549990.990000 6595204.270000 34.470000 36.000000 39.000000 46.000000
549991.070000 6595203.910000 34.560000 29.000000 28.000000 34.000000
549990.760000 6595206.680000 33.710000 77.000000 85.000000 87.000000
549990.840000 6595206.340000 33.820000 77.000000 85.000000 87.000000
549990.920000 6595205.980000 33.890000 77.000000 85.000000 88.000000
549991.000000 6595205.630000 34.040000 78.000000 86.000000 89.000000
549991.090000 6595205.270000 34.100000 76.000000 84.000000 86.000000
549991.170000 6595204.910000 34.230000 78.000000 87.000000 86.000000
549991.250000 6595204.570000 34.390000 42.000000 45.000000 52.000000
549991.330000 6595204.220000 34.490000 32.000000 32.000000 40.000000
549991.420000 6595203.840000 34.610000 32.000000 31.000000 36.000000
549991.160000 6595206.340000 33.780000 76.000000 84.000000 86.000000
549991.240000 6595206.010000 33.910000 78.000000 86.000000 89.000000
549991.320000 6595205.670000 34.010000 78.000000 86.000000 88.000000
549991.400000 6595205.310000 34.140000 78.000000 87.000000 86.000000
549991.470000 6595204.980000 34.220000 80.000000 89.000000 88.000000
549991.550000 6595204.640000 34.370000 48.000000 51.000000 56.000000
549991.630000 6595204.300000 34.460000 35.000000 34.000000 42.000000
549991.720000 6595203.930000 34.600000 33.000000 31.000000 36.000000
549991.430000 6595206.200000 33.930000 76.000000 84.000000 87.000000
549991.510000 6595205.840000 34.020000 79.000000 87.000000 90.000000
549991.590000 6595205.510000 34.110000 83.000000 91.000000 93.000000
549991.670000 6595205.160000 34.250000 77.000000 86.000000 85.000000
549991.750000 6595204.800000 34.350000 66.000000 69.000000 74.000000
549991.840000 6595204.440000 34.460000 36.000000 36.000000 44.000000
549991.910000 6595204.100000 34.600000 32.000000 31.000000 37.000000
549991.680000 6595206.070000 33.940000 75.000000 83.000000 86.000000
549991.760000 6595205.720000 34.030000 85.000000 93.000000 95.000000
549991.840000 6595205.390000 34.090000 84.000000 93.000000 92.000000
549991.920000 6595205.040000 34.260000 86.000000 95.000000 94.000000
549992.010000 6595204.680000 34.370000 33.000000 36.000000 43.000000
549992.090000 6595204.310000 34.510000 33.000000 32.000000 38.000000
549992.170000 6595203.950000 34.630000 31.000000 29.000000 32.000000
549992.140000 6595205.640000 34.140000 84.000000 93.000000 92.000000
549992.220000 6595205.280000 34.200000 81.000000 86.000000 89.000000
549992.320000 6595204.890000 34.360000 43.000000 46.000000 51.000000
549992.390000 6595204.570000 34.480000 38.000000 39.000000 44.000000
549992.470000 6595204.230000 34.600000 21.000000 20.000000 25.000000
549992.590000 6595205.220000 34.270000 80.000000 85.000000 88.000000
549992.680000 6595204.870000 34.400000 28.000000 31.000000 36.000000
549992.750000 6595204.530000 34.520000 33.000000 32.000000 38.000000
549992.840000 6595204.150000 34.650000 31.000000 30.000000 35.000000
549992.970000 6595204.870000 34.420000 36.000000 36.000000 44.000000
549993.050000 6595204.520000 34.520000 31.000000 30.000000 35.000000
549993.130000 6595204.180000 34.640000 36.000000 35.000000 40.000000
549993.290000 6595204.750000 34.520000 30.000000 29.000000 35.000000
549993.370000 6595204.410000 34.620000 33.000000 32.000000 37.000000
549993.450000 6595204.050000 34.740000 34.000000 33.000000 38.000000
549993.750000 6595204.370000 34.650000 36.000000 34.000000 37.000000
549985.790000 6595208.150000 32.910000 57.000000 57.000000 57.000000
549986.030000 6595207.650000 33.080000 73.000000 77.000000 78.000000
549986.120000 6595208.010000 32.990000 75.000000 81.000000 79.000000
549986.200000 6595208.310000 32.910000 80.000000 86.000000 84.000000
549986.340000 6595207.370000 33.130000 79.000000 87.000000 89.000000
549986.430000 6595207.700000 33.110000 75.000000 83.000000 86.000000
549986.520000 6595208.040000 32.990000 75.000000 80.000000 83.000000
549986.600000 6595208.360000 32.900000 75.000000 80.000000 83.000000
549986.520000 6595207.220000 33.210000 82.000000 90.000000 92.000000
549986.610000 6595207.570000 33.130000 81.000000 89.000000 92.000000
549986.690000 6595207.870000 33.050000 81.000000 86.000000 92.000000
549986.780000 6595208.210000 32.960000 36.000000 39.000000 44.000000
549986.880000 6595208.600000 32.870000 36.000000 36.000000 46.000000
549986.700000 6595206.880000 33.330000 86.000000 95.000000 94.000000
549986.790000 6595207.220000 33.220000 80.000000 88.000000 90.000000
549986.890000 6595207.560000 33.160000 83.000000 88.000000 92.000000
549986.980000 6595207.920000 33.080000 33.000000 36.000000 43.000000
549987.070000 6595208.260000 32.950000 35.000000 38.000000 47.000000
549987.160000 6595208.590000 32.860000 33.000000 36.000000 45.000000
549986.910000 6595206.460000 33.480000 88.000000 97.000000 96.000000
549987.010000 6595206.840000 33.370000 87.000000 96.000000 95.000000
549987.090000 6595207.160000 33.290000 79.000000 87.000000 89.000000
549987.190000 6595207.530000 33.180000 51.000000 54.000000 59.000000
549987.280000 6595207.890000 33.100000 36.000000 39.000000 48.000000
549987.370000 6595208.230000 33.020000 36.000000 39.000000 46.000000
549987.460000 6595208.560000 32.870000 35.000000 39.000000 48.000000
549987.560000 6595208.920000 32.820000 80.000000 85.000000 89.000000
549987.240000 6595206.240000 33.550000 80.000000 89.000000 88.000000
549987.340000 6595206.620000 33.430000 86.000000 95.000000 94.000000
549987.420000 6595206.930000 33.380000 90.000000 96.000000 96.000000
549987.510000 6595207.250000 33.280000 51.000000 54.000000 59.000000
549987.600000 6595207.590000 33.210000 37.000000 40.000000 47.000000
549987.690000 6595207.960000 33.100000 38.000000 38.000000 50.000000
549987.780000 6595208.290000 32.990000 40.000000 42.000000 54.000000
549987.870000 6595208.630000 32.910000 79.000000 84.000000 88.000000
549987.970000 6595209.010000 32.820000 71.000000 76.000000 79.000000
549987.370000 6595205.790000 33.690000 82.000000 87.000000 90.000000
549987.470000 6595206.170000 33.600000 81.000000 90.000000 89.000000
549987.560000 6595206.510000 33.520000 87.000000 96.000000 93.000000
549987.640000 6595206.830000 33.400000 86.000000 91.000000 94.000000
549987.740000 6595207.190000 33.350000 39.000000 44.000000 48.000000
549987.840000 6595207.550000 33.250000 35.000000 35.000000 45.000000
549987.920000 6595207.880000 33.120000 34.000000 34.000000 46.000000
549988.020000 6595208.230000 33.030000 40.000000 43.000000 48.000000
549987.590000 6595205.570000 33.790000 83.000000 88.000000 92.000000
549987.680000 6595205.920000 33.710000 80.000000 88.000000 90.000000
549987.780000 6595206.270000 33.600000 74.000000 82.000000 84.000000
549987.870000 6595206.600000 33.520000 89.000000 95.000000 95.000000
549987.960000 6595206.960000 33.410000 46.000000 51.000000 54.000000
549988.050000 6595207.300000 33.310000 37.000000 40.000000 49.000000
549988.140000 6595207.650000 33.210000 34.000000 34.000000 46.000000
549987.840000 6595205.180000 33.910000 81.000000 89.000000 91.000000
549987.930000 6595205.520000 33.840000 80.000000 88.000000 91.000000
549988.020000 6595205.880000 33.730000 82.000000 90.000000 93.000000
549988.100000 6595206.180000 33.650000 77.000000 85.000000 88.000000
549988.200000 6595206.540000 33.550000 92.000000 98.000000 98.000000
549988.290000 6595206.900000 33.450000 27.000000 30.000000 37.000000
549988.160000 6595204.760000 34.040000 80.000000 88.000000 91.000000
549988.250000 6595205.090000 33.900000 79.000000 87.000000 89.000000
549988.340000 6595205.440000 33.840000 80.000000 88.000000 91.000000
549988.430000 6595205.780000 33.760000 75.000000 83.000000 85.000000
549988.390000 6595204.630000 34.120000 81.000000 89.000000 91.000000
549988.490000 6595204.990000 34.040000 70.000000 75.000000 78.000000
549988.550000 6595204.180000 34.200000 90.000000 99.000000 104.000000
549988.630000 6595204.490000 34.180000 107.000000 117.000000 118.000000
549988.780000 6595203.690000 34.410000 34.000000 34.000000 46.000000
549985.850000 6595208.000000 32.930000 54.000000 55.000000 50.000000
549986.110000 6595207.970000 33.000000 77.000000 83.000000 81.000000
549986.180000 6595207.630000 33.090000 82.000000 88.000000 88.000000
549986.270000 6595207.270000 33.170000 83.000000 91.000000 93.000000
549986.280000 6595208.280000 32.910000 70.000000 79.000000 78.000000
549986.370000 6595207.920000 32.980000 71.000000 79.000000 81.000000
549986.450000 6595207.540000 33.120000 79.000000 87.000000 90.000000
549986.530000 6595207.210000 33.190000 82.000000 90.000000 92.000000
549986.620000 6595206.840000 33.350000 86.000000 95.000000 94.000000
549986.630000 6595208.440000 32.860000 35.000000 38.000000 45.000000
549986.710000 6595208.110000 33.000000 50.000000 53.000000 58.000000
549986.780000 6595207.770000 33.050000 84.000000 89.000000 93.000000
549986.870000 6595207.390000 33.200000 80.000000 85.000000 88.000000
549986.950000 6595207.050000 33.320000 80.000000 88.000000 90.000000
549987.030000 6595206.710000 33.400000 84.000000 93.000000 92.000000
549987.120000 6595206.330000 33.520000 86.000000 94.000000 96.000000
549987.200000 6595206.000000 33.610000 80.000000 88.000000 90.000000
549986.970000 6595208.710000 32.840000 39.000000 39.000000 49.000000
549987.040000 6595208.380000 32.930000 33.000000 36.000000 45.000000
549987.120000 6595208.040000 33.020000 34.000000 37.000000 46.000000
549987.210000 6595207.660000 33.140000 35.000000 38.000000 45.000000
549987.290000 6595207.300000 33.250000 81.000000 86.000000 90.000000
549987.370000 6595206.980000 33.340000 89.000000 98.000000 97.000000
549987.450000 6595206.620000 33.430000 86.000000 95.000000 94.000000
549987.530000 6595206.270000 33.560000 74.000000 83.000000 82.000000
549987.610000 6595205.930000 33.660000 80.000000 88.000000 90.000000
549987.690000 6595205.590000 33.750000 79.000000 87.000000 90.000000
549987.770000 6595205.220000 33.900000 79.000000 87.000000 90.000000
549987.260000 6595208.770000 32.830000 33.000000 37.000000 46.000000
549987.340000 6595208.430000 32.920000 36.000000 40.000000 49.000000
549987.420000 6595208.050000 33.030000 36.000000 39.000000 48.000000
549987.500000 6595207.740000 33.140000 32.000000 35.000000 44.000000
549987.580000 6595207.390000 33.250000 37.000000 40.000000 45.000000
549987.660000 6595207.030000 33.350000 81.000000 86.000000 90.000000
549987.730000 6595206.720000 33.450000 87.000000 96.000000 95.000000
549987.820000 6595206.360000 33.550000 77.000000 85.000000 88.000000
549987.890000 6595206.010000 33.650000 80.000000 88.000000 91.000000
549987.970000 6595205.670000 33.770000 84.000000 92.000000 95.000000
549988.050000 6595205.330000 33.880000 80.000000 88.000000 91.000000
549988.130000 6595204.970000 33.970000 78.000000 86.000000 88.000000
549988.220000 6595204.600000 34.110000 80.000000 88.000000 90.000000
549987.480000 6595208.950000 32.770000 78.000000 83.000000 89.000000
549987.560000 6595208.610000 32.880000 44.000000 48.000000 57.000000
549987.630000 6595208.270000 33.020000 42.000000 44.000000 56.000000
549987.720000 6595207.910000 33.090000 40.000000 40.000000 52.000000
549987.800000 6595207.560000 33.220000 35.000000 35.000000 45.000000
549987.870000 6595207.230000 33.310000 34.000000 37.000000 44.000000
549987.960000 6595206.860000 33.420000 73.000000 78.000000 81.000000
549988.030000 6595206.530000 33.500000 89.000000 95.000000 95.000000
549988.120000 6595206.160000 33.650000 77.000000 85.000000 88.000000
549988.200000 6595205.800000 33.740000 82.000000 90.000000 93.000000
549988.280000 6595205.460000 33.850000 80.000000 88.000000 91.000000
549988.360000 6595205.140000 33.920000 83.000000 91.000000 93.000000
549988.440000 6595204.770000 34.080000 77.000000 85.000000 87.000000
549988.520000 6595204.410000 34.170000 89.000000 99.000000 100.000000
549988.610000 6595204.050000 34.300000 24.000000 31.000000 39.000000
549987.770000 6595209.140000 32.770000 72.000000 76.000000 79.000000
549987.860000 6595208.760000 32.870000 81.000000 86.000000 89.000000
549987.940000 6595208.420000 32.970000 62.000000 67.000000 71.000000
549988.010000 6595208.070000 33.100000 36.000000 36.000000 44.000000
549988.100000 6595207.710000 33.200000 35.000000 35.000000 47.000000
549988.180000 6595207.360000 33.280000 34.000000 37.000000 46.000000
549988.250000 6595207.040000 33.390000 31.000000 34.000000 43.000000
549988.340000 6595206.680000 33.500000 36.000000 39.000000 44.000000
549988.420000 6595206.310000 33.590000 81.000000 85.000000 86.000000
549985.880000 6595208.510000 32.820000 76.000000 82.000000 80.000000
549985.960000 6595208.820000 32.820000 79.000000 85.000000 85.000000
549986.060000 6595209.190000 32.650000 77.000000 78.000000 80.000000
549986.300000 6595208.660000 32.810000 70.000000 77.000000 83.000000
549986.400000 6595209.040000 32.690000 35.000000 37.000000 49.000000
549986.690000 6595208.700000 32.810000 38.000000 38.000000 48.000000
549986.790000 6595209.070000 32.710000 40.000000 40.000000 52.000000
549986.960000 6595208.910000 32.760000 34.000000 37.000000 46.000000
549987.050000 6595209.250000 32.660000 78.000000 83.000000 87.000000
549987.250000 6595208.940000 32.780000 47.000000 54.000000 62.000000
549987.640000 6595209.230000 32.730000 75.000000 76.000000 78.000000
549985.770000 6595208.360000 32.840000 59.000000 61.000000 60.000000
549985.790000 6595209.320000 32.760000 151.000000 149.000000 136.000000
549985.870000 6595209.010000 32.790000 82.000000 84.000000 81.000000
549985.940000 6595208.690000 32.760000 79.000000 85.000000 85.000000
549986.020000 6595208.330000 32.850000 80.000000 86.000000 84.000000
549986.120000 6595208.980000 32.690000 76.000000 81.000000 85.000000
549986.200000 6595208.640000 32.790000 75.000000 83.000000 85.000000
549986.460000 6595209.170000 32.620000 37.000000 40.000000 49.000000
549986.550000 6595208.780000 32.760000 33.000000 36.000000 45.000000
549986.880000 6595209.090000 32.710000 36.000000 39.000000 48.000000
549987.180000 6595209.120000 32.700000 73.000000 78.000000 82.000000
