543423.060000 6581200.150000 45.970000 174.000000 188.000000 189.000000 182.000000 0.689987
543423.140000 6581200.460000 46.090000 212.000000 225.000000 231.000000 180.000000 0.665314
543423.380000 6581200.300000 45.930000 101.000000 111.000000 102.000000 161.000000 0.684982
543423.450000 6581200.580000 46.010000 218.000000 229.000000 233.000000 201.000000 0.650650
543423.530000 6581200.880000 46.140000 210.000000 223.000000 232.000000 180.000000 0.656311
543423.830000 6581200.530000 45.860000 25.000000 30.000000 34.000000 66.000000 0.661316
543423.910000 6581200.840000 45.960000 154.000000 167.000000 176.000000 152.000000 0.681320
543423.980000 6581201.110000 46.080000 205.000000 221.000000 221.000000 176.000000 0.643311
543424.050000 6581201.370000 46.190000 206.000000 220.000000 223.000000 183.000000 0.670654
543424.130000 6581201.670000 46.300000 208.000000 223.000000 230.000000 177.000000 0.671310
543424.200000 6581201.960000 46.410000 208.000000 223.000000 228.000000 182.000000 0.649323
543424.270000 6581202.230000 46.530000 208.000000 223.000000 226.000000 181.000000 0.683975
543424.370000 6581201.050000 45.910000 62.000000 73.000000 77.000000 105.000000 0.672989
543424.440000 6581201.310000 45.970000 212.000000 229.000000 236.000000 187.000000 0.661987
543424.510000 6581201.590000 46.130000 218.000000 231.000000 237.000000 185.000000 0.692642
543424.590000 6581201.900000 46.210000 209.000000 224.000000 229.000000 181.000000 0.670319
543424.660000 6581202.170000 46.330000 208.000000 223.000000 228.000000 178.000000 0.681656
543424.730000 6581202.460000 46.460000 206.000000 221.000000 226.000000 183.000000 0.655975
543424.820000 6581202.780000 46.560000 207.000000 222.000000 225.000000 180.000000 0.697647
543424.890000 6581203.040000 46.690000 208.000000 223.000000 228.000000 179.000000 0.684982
543424.960000 6581203.310000 46.790000 208.000000 223.000000 228.000000 182.000000 0.636322
543424.720000 6581201.350000 45.880000 46.000000 63.000000 53.000000 108.000000 0.656647
543424.800000 6581201.650000 46.010000 201.000000 215.000000 216.000000 193.000000 0.673309
543424.870000 6581201.900000 46.090000 207.000000 220.000000 228.000000 179.000000 0.670654
543424.940000 6581202.210000 46.210000 210.000000 224.000000 233.000000 181.000000 0.653656
543425.030000 6581202.510000 46.360000 208.000000 223.000000 230.000000 178.000000 0.669312
543425.090000 6581202.790000 46.490000 207.000000 222.000000 225.000000 182.000000 0.669312
543425.170000 6581203.090000 46.560000 208.000000 223.000000 226.000000 180.000000 0.650650
543425.250000 6581203.410000 46.690000 208.000000 221.000000 227.000000 179.000000 0.655319
543425.330000 6581203.670000 46.810000 206.000000 219.000000 225.000000 178.000000 0.670319
543425.400000 6581203.940000 46.920000 208.000000 221.000000 227.000000 178.000000 0.660309
543425.470000 6581204.240000 47.030000 207.000000 222.000000 227.000000 181.000000 0.633652
543425.060000 6581201.550000 45.860000 75.000000 97.000000 76.000000 166.000000 0.666641
543425.140000 6581201.840000 45.970000 179.000000 192.000000 185.000000 183.000000 0.693985
543425.210000 6581202.110000 46.080000 217.000000 228.000000 234.000000 182.000000 0.667984
543425.280000 6581202.400000 46.190000 207.000000 221.000000 230.000000 180.000000 0.683319
543425.350000 6581202.670000 46.300000 209.000000 224.000000 231.000000 184.000000 0.674316
543425.430000 6581202.970000 46.420000 208.000000 223.000000 228.000000 181.000000 0.651321
543425.510000 6581203.270000 46.530000 206.000000 219.000000 225.000000 179.000000 0.690979
543425.580000 6581203.540000 46.650000 209.000000 222.000000 228.000000 179.000000 0.676315
543425.660000 6581203.850000 46.750000 206.000000 221.000000 226.000000 180.000000 0.656647
543425.810000 6581204.440000 47.000000 209.000000 222.000000 228.000000 180.000000 0.682648
543425.960000 6581205.020000 47.200000 208.000000 221.000000 227.000000 180.000000 0.681656
543426.030000 6581205.290000 47.310000 208.000000 223.000000 228.000000 180.000000 0.668655
543425.570000 6581202.000000 45.870000 100.000000 113.000000 87.000000 184.000000 0.659988
543425.640000 6581202.260000 46.020000 176.000000 186.000000 188.000000 195.000000 0.658646
543425.720000 6581202.550000 46.100000 218.000000 231.000000 237.000000 183.000000 0.671982
543425.790000 6581202.870000 46.230000 206.000000 221.000000 226.000000 180.000000 0.654984
543425.870000 6581203.160000 46.350000 207.000000 222.000000 225.000000 178.000000 0.654312
543425.940000 6581203.420000 46.480000 207.000000 222.000000 227.000000 177.000000 0.680984
543426.020000 6581203.740000 46.570000 209.000000 224.000000 229.000000 182.000000 0.674316
543426.090000 6581204.020000 46.690000 209.000000 224.000000 229.000000 185.000000 0.675308
543426.170000 6581204.310000 46.760000 205.000000 220.000000 225.000000 175.000000 0.627975
543426.240000 6581204.600000 46.880000 208.000000 223.000000 228.000000 180.000000 0.649643
543426.310000 6581204.870000 47.040000 209.000000 224.000000 229.000000 182.000000 0.670319
543426.380000 6581205.140000 47.160000 208.000000 223.000000 228.000000 181.000000 0.667984
543426.460000 6581205.410000 47.250000 208.000000 223.000000 228.000000 179.000000 0.672989
543426.600000 6581206.000000 47.470000 206.000000 221.000000 226.000000 179.000000 0.648651
543426.670000 6581206.260000 47.610000 209.000000 222.000000 228.000000 178.000000 0.645645
543426.010000 6581202.360000 45.840000 98.000000 114.000000 85.000000 194.000000 0.672653
543426.080000 6581202.620000 45.970000 205.000000 218.000000 224.000000 188.000000 0.660980
543426.170000 6581202.940000 46.080000 211.000000 226.000000 231.000000 182.000000 0.678314
543426.240000 6581203.230000 46.170000 209.000000 224.000000 231.000000 185.000000 0.681320
543426.310000 6581203.490000 46.310000 209.000000 224.000000 231.000000 184.000000 0.683655
543426.380000 6581203.770000 46.410000 208.000000 223.000000 230.000000 180.000000 0.663651
543426.460000 6581204.060000 46.520000 207.000000 222.000000 229.000000 179.000000 0.661652
543426.530000 6581204.350000 46.630000 208.000000 223.000000 228.000000 182.000000 0.655319
543426.600000 6581204.620000 46.760000 207.000000 222.000000 227.000000 180.000000 0.638977
543426.680000 6581204.920000 46.880000 209.000000 224.000000 229.000000 182.000000 0.668976
543426.760000 6581205.210000 46.990000 206.000000 221.000000 226.000000 178.000000 0.652985
543426.820000 6581205.480000 47.050000 205.000000 220.000000 225.000000 177.000000 0.658981
543426.900000 6581205.790000 47.210000 207.000000 222.000000 227.000000 179.000000 0.683975
543426.980000 6581206.080000 47.320000 208.000000 221.000000 227.000000 180.000000 0.657990
543427.050000 6581206.350000 47.430000 209.000000 222.000000 228.000000 180.000000 0.634323
543427.120000 6581206.630000 47.550000 207.000000 220.000000 226.000000 177.000000 0.675644
543427.200000 6581206.940000 47.690000 206.000000 219.000000 225.000000 177.000000 0.667984
543427.280000 6581207.220000 47.790000 207.000000 222.000000 229.000000 177.000000 0.686310
543426.440000 6581202.920000 46.000000 203.000000 215.000000 213.000000 193.000000 0.654984
543426.520000 6581203.200000 46.110000 212.000000 227.000000 232.000000 179.000000 0.688980
543426.600000 6581203.520000 46.230000 205.000000 220.000000 225.000000 178.000000 0.687317
543426.670000 6581203.790000 46.340000 203.000000 218.000000 223.000000 180.000000 0.691650
543426.740000 6581204.080000 46.450000 208.000000 223.000000 230.000000 179.000000 0.675308
543426.830000 6581204.390000 46.560000 208.000000 223.000000 230.000000 181.000000 0.669312
543426.900000 6581204.670000 46.680000 209.000000 224.000000 229.000000 181.000000 0.659653
543426.960000 6581204.920000 46.790000 207.000000 222.000000 227.000000 178.000000 0.678650
543427.040000 6581205.230000 46.920000 206.000000 221.000000 226.000000 179.000000 0.646988
543427.120000 6581205.540000 47.050000 206.000000 221.000000 226.000000 178.000000 0.697311
543427.190000 6581205.810000 47.150000 210.000000 223.000000 229.000000 182.000000 0.654648
543427.270000 6581206.120000 47.270000 208.000000 221.000000 227.000000 179.000000 0.632980
543427.360000 6581206.440000 47.380000 205.000000 220.000000 223.000000 178.000000 0.656982
543427.420000 6581206.700000 47.490000 207.000000 222.000000 227.000000 182.000000 0.656647
543427.490000 6581206.970000 47.600000 206.000000 221.000000 226.000000 182.000000 0.673309
543427.570000 6581207.260000 47.760000 210.000000 225.000000 230.000000 180.000000 0.649979
543427.640000 6581207.550000 47.830000 207.000000 222.000000 227.000000 181.000000 0.688980
543427.720000 6581207.840000 47.980000 205.000000 220.000000 225.000000 173.000000 0.468658
543426.680000 6581202.920000 45.890000 139.000000 150.000000 133.000000 189.000000 0.675308
543426.750000 6581203.220000 46.020000 206.000000 220.000000 220.000000 192.000000 0.674316
543426.830000 6581203.510000 46.100000 204.000000 218.000000 221.000000 175.000000 0.667313
543426.900000 6581203.780000 46.200000 207.000000 222.000000 225.000000 176.000000 0.659653
543426.980000 6581204.080000 46.330000 207.000000 222.000000 229.000000 182.000000 0.663315
543427.060000 6581204.380000 46.460000 209.000000 224.000000 231.000000 182.000000 0.676651
543427.130000 6581204.670000 46.570000 206.000000 221.000000 226.000000 178.000000 0.646317
543427.210000 6581204.970000 46.670000 208.000000 221.000000 227.000000 179.000000 0.642654
543427.290000 6581205.260000 46.830000 208.000000 221.000000 227.000000 179.000000 0.685989
543427.360000 6581205.540000 46.930000 209.000000 222.000000 228.000000 182.000000 0.678650
543427.430000 6581205.830000 47.020000 209.000000 222.000000 228.000000 180.000000 0.654312
543427.500000 6581206.100000 47.160000 206.000000 219.000000 225.000000 177.000000 0.678650
543427.580000 6581206.400000 47.270000 207.000000 222.000000 227.000000 175.000000 0.639313
543427.660000 6581206.690000 47.390000 207.000000 222.000000 227.000000 180.000000 0.657318
543427.730000 6581206.960000 47.510000 209.000000 224.000000 229.000000 177.000000 0.641647
543427.800000 6581207.270000 47.620000 207.000000 222.000000 227.000000 177.000000 0.665985
543427.880000 6581207.570000 47.740000 207.000000 222.000000 227.000000 179.000000 0.629654
543427.110000 6581203.170000 45.860000 100.000000 116.000000 80.000000 199.000000 0.680313
543427.190000 6581203.460000 45.940000 170.000000 182.000000 178.000000 189.000000 0.641647
543427.260000 6581203.740000 46.080000 212.000000 227.000000 234.000000 185.000000 0.704987
543427.340000 6581204.040000 46.190000 205.000000 222.000000 229.000000 180.000000 0.643646
543427.410000 6581204.310000 46.300000 202.000000 220.000000 222.000000 176.000000 0.654648
543427.480000 6581204.580000 46.370000 207.000000 222.000000 229.000000 174.000000 0.667984
543427.560000 6581204.890000 46.500000 208.000000 221.000000 227.000000 179.000000 0.650986
543427.640000 6581205.200000 46.630000 210.000000 223.000000 229.000000 182.000000 0.650650
543427.700000 6581205.450000 46.770000 208.000000 221.000000 227.000000 180.000000 0.679321
543427.780000 6581205.760000 46.880000 207.000000 220.000000 226.000000 178.000000 0.643646
543427.870000 6581206.080000 46.960000 207.000000 220.000000 226.000000 176.000000 0.683655
543427.930000 6581206.350000 47.090000 207.000000 220.000000 226.000000 177.000000 0.680984
543428.090000 6581206.940000 47.340000 208.000000 223.000000 228.000000 184.000000 0.663315
543428.160000 6581207.210000 47.430000 206.000000 221.000000 226.000000 178.000000 0.654312
543427.650000 6581203.710000 45.860000 124.000000 130.000000 118.000000 183.000000 0.664642
543427.720000 6581204.000000 46.000000 177.000000 183.000000 183.000000 190.000000 0.688980
543427.800000 6581204.300000 46.130000 216.000000 227.000000 233.000000 184.000000 0.668320
543427.870000 6581204.580000 46.240000 204.000000 219.000000 224.000000 177.000000 0.657318
543427.950000 6581204.890000 46.350000 208.000000 221.000000 227.000000 180.000000 0.659317
543428.030000 6581205.180000 46.460000 207.000000 220.000000 226.000000 180.000000 0.641312
543428.100000 6581205.460000 46.570000 206.000000 219.000000 225.000000 179.000000 0.673645
543428.170000 6581205.730000 46.700000 207.000000 220.000000 226.000000 178.000000 0.669647
543428.260000 6581206.050000 46.800000 209.000000 222.000000 228.000000 179.000000 0.652985
543428.320000 6581206.330000 46.920000 208.000000 221.000000 227.000000 180.000000 0.647644
543428.390000 6581206.590000 47.030000 208.000000 221.000000 229.000000 180.000000 0.672318
543428.470000 6581206.880000 47.190000 206.000000 219.000000 225.000000 174.000000 0.610321
543427.940000 6581203.790000 45.810000 115.000000 130.000000 91.000000 192.000000 0.670654
543428.080000 6581204.350000 46.010000 212.000000 227.000000 232.000000 189.000000 0.678314
543428.160000 6581204.650000 46.110000 209.000000 223.000000 232.000000 181.000000 0.650986
543428.230000 6581204.950000 46.280000 207.000000 220.000000 226.000000 178.000000 0.664322
543428.300000 6581205.200000 46.390000 207.000000 220.000000 226.000000 178.000000 0.660309
543428.450000 6581205.780000 46.600000 208.000000 221.000000 227.000000 180.000000 0.669983
543428.520000 6581206.050000 46.710000 209.000000 222.000000 228.000000 180.000000 0.667648
543428.600000 6581206.360000 46.750000 207.000000 220.000000 226.000000 179.000000 0.648651
543428.670000 6581206.640000 46.960000 207.000000 220.000000 226.000000 177.000000 0.611984
543428.360000 6581204.210000 45.850000 116.000000 128.000000 104.000000 185.000000 0.650650
543428.430000 6581204.480000 45.930000 137.000000 153.000000 143.000000 188.000000 0.670654
543428.510000 6581204.790000 46.050000 217.000000 227.000000 229.000000 191.000000 0.672653
543428.580000 6581205.050000 46.210000 207.000000 220.000000 226.000000 178.000000 0.680649
543428.650000 6581205.330000 46.290000 208.000000 221.000000 227.000000 178.000000 0.650986
543428.730000 6581205.640000 46.440000 207.000000 220.000000 228.000000 181.000000 0.672318
543428.800000 6581205.900000 46.540000 206.000000 221.000000 224.000000 180.000000 0.673309
543428.880000 6581206.200000 46.630000 204.000000 220.000000 220.000000 179.000000 0.673309
543428.760000 6581204.560000 45.830000 111.000000 119.000000 96.000000 185.000000 0.661652
543428.820000 6581204.820000 45.950000 174.000000 185.000000 181.000000 194.000000 0.648651
543428.900000 6581205.110000 46.060000 217.000000 229.000000 229.000000 186.000000 0.661316
543428.980000 6581205.420000 46.210000 206.000000 221.000000 226.000000 172.000000 0.673309
543429.050000 6581205.690000 46.330000 205.000000 220.000000 225.000000 174.000000 0.709656
543429.130000 6581206.000000 46.450000 203.000000 220.000000 228.000000 176.000000 0.623322
543429.330000 6581205.140000 45.890000 116.000000 130.000000 113.000000 177.000000 0.662643
543429.410000 6581205.430000 46.020000 211.000000 229.000000 231.000000 198.000000 0.678314
543429.470000 6581205.690000 46.130000 211.000000 222.000000 228.000000 180.000000 0.566986
543429.610000 6581205.240000 45.880000 90.000000 114.000000 82.000000 189.000000 0.676315
543422.990000 6581200.130000 46.010000 215.000000 230.000000 235.000000 191.000000 0.728653
543423.230000 6581200.340000 46.020000 201.000000 213.000000 213.000000 194.000000 0.711655
543423.470000 6581200.880000 46.180000 207.000000 222.000000 229.000000 179.000000 0.708313
543423.540000 6581200.620000 46.010000 223.000000 234.000000 240.000000 195.000000 0.704651
543423.760000 6581201.270000 46.260000 206.000000 221.000000 224.000000 180.000000 0.710312
543423.830000 6581200.950000 46.080000 225.000000 238.000000 246.000000 186.000000 0.708313
543423.900000 6581200.680000 45.930000 19.000000 24.000000 30.000000 74.000000 0.719315
543423.930000 6581201.680000 46.410000 207.000000 221.000000 230.000000 180.000000 0.710312
543424.000000 6581201.390000 46.240000 206.000000 220.000000 223.000000 183.000000 0.707642
543424.070000 6581201.140000 46.080000 217.000000 231.000000 232.000000 182.000000 0.717987
543424.130000 6581200.870000 45.900000 25.000000 36.000000 42.000000 67.000000 0.708649
543424.140000 6581201.940000 46.440000 208.000000 223.000000 228.000000 182.000000 0.693985
543424.210000 6581201.650000 46.280000 209.000000 224.000000 231.000000 180.000000 0.709320
543424.280000 6581201.360000 46.120000 212.000000 225.000000 231.000000 183.000000 0.732986
543424.350000 6581201.070000 45.940000 62.000000 73.000000 77.000000 105.000000 0.715317
543424.440000 6581202.260000 46.460000 209.000000 224.000000 227.000000 184.000000 0.697647
543424.510000 6581201.980000 46.320000 209.000000 224.000000 229.000000 181.000000 0.701309
543424.580000 6581201.680000 46.150000 210.000000 225.000000 230.000000 182.000000 0.684982
543424.640000 6581201.410000 45.980000 177.000000 191.000000 192.000000 160.000000 0.714645
543424.690000 6581202.840000 46.650000 207.000000 222.000000 227.000000 177.000000 0.712646
543424.760000 6581202.550000 46.510000 206.000000 221.000000 226.000000 182.000000 0.713974
543424.830000 6581202.270000 46.310000 206.000000 220.000000 229.000000 181.000000 0.724319
543424.900000 6581201.970000 46.130000 210.000000 223.000000 231.000000 180.000000 0.712646
543424.970000 6581201.700000 45.990000 205.000000 219.000000 220.000000 194.000000 0.693985
543424.840000 6581203.250000 46.830000 208.000000 223.000000 228.000000 180.000000 0.718979
543424.900000 6581203.010000 46.680000 208.000000 223.000000 228.000000 179.000000 0.712646
543424.980000 6581202.710000 46.500000 207.000000 222.000000 225.000000 180.000000 0.721649
543425.050000 6581202.420000 46.330000 207.000000 221.000000 230.000000 177.000000 0.722977
543425.110000 6581202.150000 46.180000 209.000000 222.000000 230.000000 176.000000 0.746643
543425.180000 6581201.890000 46.000000 179.000000 192.000000 185.000000 183.000000 0.694321
543425.080000 6581203.430000 46.820000 210.000000 225.000000 230.000000 182.000000 0.695648
543425.150000 6581203.170000 46.640000 209.000000 224.000000 227.000000 182.000000 0.698975
543425.210000 6581202.900000 46.460000 208.000000 223.000000 228.000000 180.000000 0.701981
543425.280000 6581202.620000 46.360000 209.000000 224.000000 229.000000 184.000000 0.716980
543425.340000 6581202.360000 46.160000 206.000000 219.000000 228.000000 178.000000 0.747314
543425.410000 6581202.100000 45.850000 207.000000 219.000000 219.000000 196.000000 0.805649
543425.350000 6581203.740000 46.850000 207.000000 220.000000 226.000000 178.000000 0.720322
543425.410000 6581203.490000 46.700000 207.000000 220.000000 226.000000 177.000000 0.713974
543425.480000 6581203.210000 46.530000 207.000000 220.000000 226.000000 179.000000 0.710648
543425.560000 6581202.910000 46.360000 207.000000 222.000000 227.000000 183.000000 0.695648
543425.620000 6581202.650000 46.210000 208.000000 223.000000 226.000000 176.000000 0.694321
543425.690000 6581202.370000 46.030000 219.000000 230.000000 236.000000 198.000000 0.671982
543425.770000 6581202.060000 45.880000 113.000000 123.000000 96.000000 196.000000 0.695648
543425.600000 6581204.200000 46.970000 207.000000 222.000000 227.000000 180.000000 0.698318
543425.670000 6581203.920000 46.850000 206.000000 221.000000 226.000000 180.000000 0.694641
543425.740000 6581203.650000 46.660000 207.000000 222.000000 227.000000 180.000000 0.698975
543425.810000 6581203.360000 46.490000 208.000000 223.000000 228.000000 176.000000 0.712311
543425.880000 6581203.080000 46.340000 206.000000 221.000000 224.000000 179.000000 0.698654
543425.940000 6581202.820000 46.150000 209.000000 222.000000 230.000000 180.000000 0.716980
543426.010000 6581202.540000 45.990000 165.000000 176.000000 172.000000 191.000000 0.725647
543425.790000 6581204.480000 47.050000 209.000000 222.000000 230.000000 183.000000 0.702652
543425.850000 6581204.210000 46.870000 209.000000 224.000000 229.000000 180.000000 0.725983
543425.930000 6581203.920000 46.720000 209.000000 224.000000 229.000000 184.000000 0.706985
543426.000000 6581203.610000 46.530000 208.000000 223.000000 228.000000 181.000000 0.676651
543426.070000 6581203.340000 46.350000 207.000000 222.000000 229.000000 177.000000 0.697647
543426.130000 6581203.070000 46.180000 206.000000 221.000000 224.000000 180.000000 0.705643
543426.200000 6581202.780000 46.020000 211.000000 225.000000 228.000000 196.000000 0.685318
543426.270000 6581202.520000 45.870000 109.000000 125.000000 99.000000 190.000000 0.700989
543425.930000 6581204.900000 47.190000 208.000000 221.000000 227.000000 179.000000 0.695648
543426.000000 6581204.610000 47.040000 208.000000 221.000000 227.000000 179.000000 0.706985
543426.070000 6581204.320000 46.860000 206.000000 221.000000 226.000000 176.000000 0.727310
543426.140000 6581204.060000 46.690000 209.000000 224.000000 229.000000 184.000000 0.707977
543426.210000 6581203.780000 46.550000 209.000000 224.000000 231.000000 180.000000 0.713974
543426.270000 6581203.510000 46.370000 209.000000 224.000000 231.000000 184.000000 0.704315
543426.340000 6581203.220000 46.200000 210.000000 225.000000 232.000000 186.000000 0.700317
543426.420000 6581202.940000 46.040000 203.000000 215.000000 213.000000 193.000000 0.706650
543426.480000 6581202.670000 45.870000 108.000000 123.000000 90.000000 196.000000 0.703308
543426.180000 6581205.210000 47.270000 208.000000 223.000000 228.000000 180.000000 0.680649
543426.250000 6581204.920000 47.080000 208.000000 223.000000 228.000000 180.000000 0.708649
543426.320000 6581204.640000 46.910000 208.000000 223.000000 228.000000 181.000000 0.732651
543426.390000 6581204.370000 46.750000 207.000000 222.000000 227.000000 182.000000 0.694977
543426.460000 6581204.070000 46.560000 207.000000 222.000000 229.000000 179.000000 0.690308
543426.530000 6581203.790000 46.420000 207.000000 222.000000 229.000000 180.000000 0.780319
543426.600000 6581203.520000 46.230000 205.000000 220.000000 225.000000 178.000000 0.705322
543426.670000 6581203.230000 46.080000 213.000000 227.000000 230.000000 184.000000 0.736649
543426.740000 6581202.940000 45.910000 111.000000 125.000000 100.000000 190.000000 0.714310
543426.370000 6581205.650000 47.420000 208.000000 223.000000 228.000000 178.000000 0.706985
543426.440000 6581205.380000 47.210000 209.000000 224.000000 229.000000 181.000000 0.700317
543426.520000 6581205.070000 47.040000 208.000000 223.000000 228.000000 181.000000 0.699646
543426.580000 6581204.810000 46.880000 208.000000 223.000000 228.000000 182.000000 0.692978
543426.650000 6581204.520000 46.720000 207.000000 222.000000 227.000000 182.000000 0.694641
543426.720000 6581204.240000 46.550000 207.000000 222.000000 227.000000 180.000000 0.684982
543426.790000 6581203.960000 46.370000 208.000000 223.000000 230.000000 184.000000 0.693985
543426.850000 6581203.710000 46.220000 208.000000 223.000000 228.000000 180.000000 0.700653
543426.920000 6581203.440000 45.960000 216.000000 230.000000 231.000000 197.000000 0.766312
543426.990000 6581203.150000 45.910000 114.000000 128.000000 105.000000 189.000000 0.701981
543426.550000 6581205.790000 47.380000 205.000000 220.000000 225.000000 176.000000 0.691315
543426.630000 6581205.500000 47.240000 204.000000 219.000000 224.000000 177.000000 0.708649
543426.690000 6581205.230000 47.070000 207.000000 222.000000 227.000000 180.000000 0.684311
543426.760000 6581204.960000 46.890000 209.000000 224.000000 229.000000 181.000000 0.686981
543426.830000 6581204.670000 46.760000 208.000000 223.000000 228.000000 181.000000 0.711655
543426.890000 6581204.420000 46.560000 208.000000 223.000000 228.000000 184.000000 0.690308
543426.950000 6581204.170000 46.420000 208.000000 223.000000 230.000000 180.000000 0.711319
543427.030000 6581203.850000 46.240000 206.000000 221.000000 226.000000 185.000000 0.700989
543427.100000 6581203.580000 46.080000 217.000000 231.000000 232.000000 188.000000 0.713318
543427.160000 6581203.330000 45.900000 119.000000 132.000000 123.000000 186.000000 0.672318
543426.680000 6581206.190000 47.580000 206.000000 221.000000 226.000000 178.000000 0.711655
543426.740000 6581205.930000 47.420000 207.000000 222.000000 227.000000 178.000000 0.699310
543426.810000 6581205.660000 47.240000 207.000000 222.000000 227.000000 181.000000 0.690979
543426.880000 6581205.370000 47.060000 205.000000 220.000000 225.000000 176.000000 0.722321
543426.940000 6581205.110000 46.880000 204.000000 219.000000 224.000000 177.000000 0.701645
543427.010000 6581204.830000 46.750000 205.000000 220.000000 225.000000 178.000000 0.688309
543427.090000 6581204.540000 46.570000 208.000000 223.000000 228.000000 184.000000 0.704315
543427.150000 6581204.270000 46.400000 207.000000 224.000000 231.000000 181.000000 0.723312
543427.220000 6581203.980000 46.240000 209.000000 222.000000 230.000000 185.000000 0.681656
543427.290000 6581203.700000 46.030000 212.000000 227.000000 234.000000 185.000000 0.713654
543427.360000 6581203.430000 45.880000 103.000000 115.000000 93.000000 177.000000 0.703979
543426.940000 6581206.560000 47.620000 210.000000 223.000000 229.000000 181.000000 0.722977
543427.010000 6581206.280000 47.460000 209.000000 222.000000 228.000000 181.000000 0.712982
543427.080000 6581205.990000 47.310000 209.000000 222.000000 228.000000 182.000000 0.688980
543427.150000 6581205.700000 47.110000 207.000000 222.000000 227.000000 180.000000 0.720322
543427.220000 6581205.430000 46.960000 207.000000 220.000000 226.000000 179.000000 0.700653
543427.290000 6581205.140000 46.780000 210.000000 223.000000 229.000000 180.000000 0.701981
543427.350000 6581204.870000 46.620000 209.000000 222.000000 228.000000 180.000000 0.704987
543427.420000 6581204.600000 46.450000 207.000000 220.000000 226.000000 183.000000 0.715652
543427.500000 6581204.300000 46.270000 208.000000 222.000000 225.000000 174.000000 0.689316
543427.570000 6581204.000000 46.110000 216.000000 231.000000 238.000000 186.000000 0.705322
543427.630000 6581203.740000 45.910000 124.000000 130.000000 118.000000 183.000000 0.718643
543427.180000 6581206.810000 47.670000 205.000000 218.000000 224.000000 176.000000 0.696976
543427.240000 6581206.540000 47.490000 204.000000 219.000000 222.000000 178.000000 0.701981
543427.310000 6581206.270000 47.340000 207.000000 220.000000 226.000000 178.000000 0.709976
543427.380000 6581205.980000 47.180000 209.000000 222.000000 228.000000 180.000000 0.705322
543427.450000 6581205.710000 46.990000 209.000000 222.000000 228.000000 180.000000 0.711975
543427.520000 6581205.420000 46.830000 209.000000 222.000000 228.000000 180.000000 0.711975
543427.590000 6581205.120000 46.650000 209.000000 222.000000 228.000000 180.000000 0.716309
543427.660000 6581204.840000 46.480000 207.000000 220.000000 226.000000 180.000000 0.702988
543427.730000 6581204.570000 46.320000 208.000000 222.000000 225.000000 177.000000 0.703308
543427.800000 6581204.280000 46.130000 216.000000 227.000000 233.000000 184.000000 0.709976
543427.870000 6581204.010000 45.960000 186.000000 196.000000 195.000000 187.000000 0.713318
543427.340000 6581207.220000 47.770000 207.000000 222.000000 229.000000 179.000000 0.710648
543427.410000 6581206.940000 47.640000 206.000000 221.000000 226.000000 182.000000 0.703979
543427.480000 6581206.640000 47.460000 207.000000 222.000000 227.000000 181.000000 0.735321
543427.560000 6581206.360000 47.270000 206.000000 219.000000 225.000000 178.000000 0.699646
543427.620000 6581206.090000 47.100000 206.000000 219.000000 225.000000 176.000000 0.694321
543427.690000 6581205.800000 46.930000 208.000000 221.000000 227.000000 179.000000 0.704315
543427.760000 6581205.530000 46.800000 209.000000 222.000000 228.000000 179.000000 0.709976
543427.820000 6581205.280000 46.610000 207.000000 220.000000 226.000000 181.000000 0.713974
543427.890000 6581204.990000 46.430000 209.000000 222.000000 228.000000 181.000000 0.686310
543427.970000 6581204.680000 46.240000 210.000000 225.000000 232.000000 180.000000 0.692978
543428.030000 6581204.430000 46.090000 211.000000 224.000000 230.000000 185.000000 0.714310
543428.100000 6581204.140000 45.910000 167.000000 177.000000 168.000000 192.000000 0.721985
543427.520000 6581207.420000 47.850000 207.000000 222.000000 227.000000 180.000000 0.711655
543427.590000 6581207.150000 47.700000 209.000000 224.000000 229.000000 179.000000 0.688644
543427.660000 6581206.880000 47.530000 207.000000 222.000000 227.000000 180.000000 0.708649
543427.720000 6581206.610000 47.350000 207.000000 222.000000 227.000000 180.000000 0.708649
543427.790000 6581206.330000 47.180000 208.000000 221.000000 227.000000 176.000000 0.706985
543427.860000 6581206.050000 46.970000 207.000000 220.000000 226.000000 176.000000 0.729645
543427.930000 6581205.770000 46.860000 206.000000 219.000000 225.000000 176.000000 0.721313
543428.000000 6581205.490000 46.650000 206.000000 219.000000 225.000000 179.000000 0.724976
543428.070000 6581205.190000 46.490000 207.000000 220.000000 226.000000 180.000000 0.708984
543428.140000 6581204.900000 46.340000 208.000000 221.000000 227.000000 180.000000 0.690308
543428.210000 6581204.630000 46.160000 208.000000 223.000000 230.000000 184.000000 0.698654
543428.280000 6581204.350000 45.980000 178.000000 189.000000 183.000000 182.000000 0.686981
543427.810000 6581207.780000 47.900000 205.000000 220.000000 225.000000 174.000000 0.547653
543427.880000 6581207.530000 47.720000 207.000000 222.000000 227.000000 179.000000 0.673309
543427.950000 6581207.240000 47.580000 208.000000 223.000000 228.000000 179.000000 0.690308
543428.020000 6581206.940000 47.410000 208.000000 223.000000 228.000000 184.000000 0.723312
543428.090000 6581206.670000 47.220000 207.000000 222.000000 227.000000 183.000000 0.708649
543428.160000 6581206.380000 47.070000 209.000000 222.000000 228.000000 177.000000 0.705322
543428.220000 6581206.130000 46.720000 209.000000 222.000000 228.000000 179.000000 0.772308
543428.300000 6581205.810000 46.720000 208.000000 221.000000 227.000000 179.000000 0.706650
543428.360000 6581205.570000 46.540000 207.000000 220.000000 226.000000 180.000000 0.680649
543428.430000 6581205.250000 46.380000 207.000000 220.000000 226.000000 178.000000 0.692978
543428.500000 6581204.990000 46.180000 207.000000 220.000000 226.000000 176.000000 0.666321
543428.560000 6581204.730000 46.050000 217.000000 227.000000 229.000000 191.000000 0.780319
543428.630000 6581204.460000 45.860000 104.000000 114.000000 87.000000 186.000000 0.726974
543428.340000 6581207.110000 47.290000 208.000000 221.000000 227.000000 179.000000 0.502991
543428.420000 6581206.820000 47.150000 206.000000 219.000000 225.000000 174.000000 0.678650
543428.480000 6581206.570000 47.000000 207.000000 220.000000 228.000000 179.000000 0.739655
543428.550000 6581206.270000 46.850000 207.000000 220.000000 226.000000 179.000000 0.713974
543428.610000 6581206.010000 46.670000 207.000000 220.000000 226.000000 179.000000 0.701981
543428.680000 6581205.750000 46.520000 208.000000 221.000000 227.000000 180.000000 0.700653
543428.750000 6581205.450000 46.330000 209.000000 222.000000 228.000000 181.000000 0.685318
543428.820000 6581205.180000 46.160000 211.000000 223.000000 223.000000 178.000000 0.666977
543428.880000 6581204.920000 46.000000 217.000000 228.000000 232.000000 207.000000 0.705978
543428.960000 6581204.630000 45.820000 102.000000 112.000000 77.000000 188.000000 0.708313
543428.750000 6581206.730000 47.010000 207.000000 220.000000 226.000000 178.000000 0.322647
543428.820000 6581206.440000 46.840000 206.000000 220.000000 223.000000 178.000000 0.637650
543428.880000 6581206.190000 46.690000 206.000000 220.000000 221.000000 177.000000 0.690308
543428.950000 6581205.890000 46.480000 204.000000 222.000000 226.000000 179.000000 0.672653
543429.020000 6581205.600000 46.300000 205.000000 220.000000 225.000000 174.000000 0.685654
543429.090000 6581205.340000 46.150000 209.000000 222.000000 230.000000 176.000000 0.723648
543429.150000 6581205.070000 46.000000 152.000000 167.000000 162.000000 183.000000 0.695984
543429.130000 6581206.270000 46.580000 211.000000 220.000000 227.000000 181.000000 0.410980
543429.200000 6581205.980000 46.440000 203.000000 220.000000 228.000000 176.000000 0.669983
543429.270000 6581205.700000 46.240000 209.000000 222.000000 228.000000 178.000000 0.678986
543429.340000 6581205.420000 46.060000 209.000000 227.000000 231.000000 187.000000 0.678986
543429.410000 6581205.120000 45.910000 95.000000 110.000000 89.000000 177.000000 0.688980
543429.760000 6581205.400000 45.900000 119.000000 138.000000 119.000000 187.000000 0.528992
543422.980000 6581199.860000 45.860000 67.000000 76.000000 59.000000 166.000000 0.659317
543422.770000 6581199.710000 45.890000 49.000000 64.000000 43.000000 118.000000 0.693985
543420.400000 6581202.500000 48.230000 48.000000 68.000000 69.000000 71.000000 0.678986
543420.680000 6581202.200000 47.910000 64.000000 88.000000 88.000000 73.000000 0.665314
543420.760000 6581202.510000 48.070000 107.000000 134.000000 153.000000 99.000000 0.678650
543420.830000 6581202.780000 48.190000 83.000000 113.000000 147.000000 66.000000 0.684311
543420.890000 6581201.810000 47.690000 33.000000 46.000000 39.000000 72.000000 0.694641
543420.970000 6581202.120000 47.800000 126.000000 156.000000 158.000000 121.000000 0.659317
543421.050000 6581202.410000 47.920000 85.000000 118.000000 149.000000 65.000000 0.680313
543421.120000 6581202.700000 48.040000 91.000000 124.000000 157.000000 71.000000 0.698654
543421.200000 6581203.010000 48.160000 85.000000 116.000000 147.000000 66.000000 0.677979
543421.270000 6581203.280000 48.270000 91.000000 122.000000 150.000000 77.000000 0.679321
543421.040000 6581201.540000 47.490000 34.000000 44.000000 36.000000 72.000000 0.678314
543421.110000 6581201.820000 47.600000 98.000000 117.000000 123.000000 91.000000 0.699982
543421.190000 6581202.100000 47.700000 83.000000 111.000000 148.000000 63.000000 0.662979
543421.260000 6581202.390000 47.800000 129.000000 164.000000 192.000000 107.000000 0.661316
543421.340000 6581202.670000 47.950000 90.000000 123.000000 158.000000 71.000000 0.673981
543421.420000 6581202.980000 48.010000 82.000000 116.000000 153.000000 68.000000 0.682312
543421.480000 6581203.250000 48.160000 82.000000 117.000000 149.000000 70.000000 0.640656
543421.390000 6581201.370000 47.270000 34.000000 51.000000 59.000000 59.000000 0.661652
543421.470000 6581201.680000 47.370000 74.000000 104.000000 138.000000 65.000000 0.652985
543421.540000 6581201.960000 47.460000 100.000000 135.000000 163.000000 85.000000 0.690979
543421.620000 6581202.240000 47.590000 100.000000 132.000000 157.000000 82.000000 0.652649
543421.700000 6581202.560000 47.690000 85.000000 116.000000 147.000000 71.000000 0.686981
543421.780000 6581202.850000 47.810000 87.000000 121.000000 156.000000 75.000000 0.670319
543421.840000 6581203.120000 47.900000 89.000000 122.000000 153.000000 74.000000 0.679977
543421.920000 6581203.420000 48.040000 151.000000 182.000000 202.000000 122.000000 0.665649
543421.990000 6581203.710000 48.180000 161.000000 183.000000 196.000000 127.000000 0.673645
543421.630000 6581200.890000 46.910000 14.000000 29.000000 32.000000 48.000000 0.660980
543421.710000 6581201.180000 47.020000 155.000000 188.000000 203.000000 123.000000 0.679642
543421.780000 6581201.470000 47.150000 95.000000 132.000000 150.000000 82.000000 0.687653
543421.860000 6581201.770000 47.260000 153.000000 185.000000 206.000000 124.000000 0.659988
543421.930000 6581202.050000 47.390000 102.000000 128.000000 151.000000 83.000000 0.678314
543422.010000 6581202.330000 47.470000 138.000000 170.000000 185.000000 110.000000 0.658646
543422.080000 6581202.640000 47.610000 92.000000 128.000000 154.000000 69.000000 0.660309
543422.160000 6581202.910000 47.730000 104.000000 136.000000 159.000000 83.000000 0.674652
543422.230000 6581203.180000 47.810000 142.000000 171.000000 187.000000 109.000000 0.685654
543422.300000 6581203.470000 47.940000 194.000000 211.000000 218.000000 160.000000 0.686646
543422.380000 6581203.750000 48.050000 207.000000 224.000000 232.000000 180.000000 0.673645
543422.450000 6581204.030000 48.150000 208.000000 222.000000 225.000000 175.000000 0.694977
543421.810000 6581200.570000 46.680000 16.000000 34.000000 36.000000 54.000000 0.655319
543421.880000 6581200.850000 46.780000 96.000000 123.000000 132.000000 80.000000 0.685318
543421.960000 6581201.130000 46.910000 195.000000 219.000000 229.000000 166.000000 0.674316
543422.030000 6581201.420000 47.030000 189.000000 211.000000 224.000000 156.000000 0.658646
543422.100000 6581201.690000 47.130000 165.000000 187.000000 198.000000 131.000000 0.653976
543422.170000 6581201.970000 47.210000 188.000000 206.000000 216.000000 155.000000 0.663651
543422.260000 6581202.280000 47.370000 186.000000 205.000000 211.000000 151.000000 0.670975
543422.330000 6581202.560000 47.450000 185.000000 209.000000 219.000000 159.000000 0.657654
543422.390000 6581202.820000 47.550000 143.000000 172.000000 190.000000 114.000000 0.674316
543422.470000 6581203.130000 47.680000 140.000000 173.000000 192.000000 117.000000 0.692642
543422.550000 6581203.410000 47.800000 110.000000 137.000000 158.000000 78.000000 0.657318
543422.610000 6581203.680000 47.940000 153.000000 175.000000 188.000000 120.000000 0.654648
543422.690000 6581203.990000 48.030000 208.000000 223.000000 228.000000 173.000000 0.646988
543422.770000 6581204.290000 48.140000 209.000000 223.000000 226.000000 180.000000 0.684982
543422.020000 6581200.360000 46.490000 26.000000 50.000000 52.000000 53.000000 0.675308
543422.100000 6581200.630000 46.610000 169.000000 199.000000 209.000000 139.000000 0.654648
543422.180000 6581200.950000 46.660000 205.000000 223.000000 227.000000 177.000000 0.664322
543422.240000 6581201.210000 46.840000 209.000000 224.000000 229.000000 177.000000 0.679321
543422.320000 6581201.490000 46.950000 211.000000 225.000000 228.000000 183.000000 0.658310
543422.390000 6581201.790000 47.050000 209.000000 224.000000 227.000000 177.000000 0.672653
543422.470000 6581202.060000 47.190000 208.000000 223.000000 228.000000 176.000000 0.661987
543422.540000 6581202.370000 47.290000 208.000000 223.000000 226.000000 178.000000 0.662323
543422.620000 6581202.660000 47.360000 212.000000 227.000000 230.000000 183.000000 0.626312
543422.690000 6581202.930000 47.510000 178.000000 205.000000 216.000000 151.000000 0.669312
543422.760000 6581203.220000 47.630000 130.000000 161.000000 179.000000 107.000000 0.638977
543422.840000 6581203.510000 47.710000 162.000000 186.000000 198.000000 128.000000 0.647308
543422.910000 6581203.800000 47.880000 190.000000 207.000000 215.000000 158.000000 0.679321
543422.990000 6581204.110000 47.980000 208.000000 223.000000 228.000000 178.000000 0.666977
543423.070000 6581204.400000 48.110000 206.000000 224.000000 228.000000 181.000000 0.668976
543423.150000 6581204.690000 48.230000 205.000000 223.000000 227.000000 179.000000 0.714310
543422.370000 6581200.230000 46.290000 202.000000 222.000000 229.000000 172.000000 0.659653
543422.440000 6581200.500000 46.420000 203.000000 218.000000 221.000000 174.000000 0.694977
543422.530000 6581200.830000 46.520000 208.000000 222.000000 231.000000 182.000000 0.667313
543422.600000 6581201.110000 46.650000 208.000000 224.000000 224.000000 178.000000 0.678650
543422.670000 6581201.390000 46.720000 207.000000 222.000000 227.000000 179.000000 0.658310
543422.750000 6581201.670000 46.870000 207.000000 220.000000 226.000000 177.000000 0.674316
543422.820000 6581201.970000 46.990000 206.000000 224.000000 228.000000 179.000000 0.683975
543422.900000 6581202.250000 47.080000 207.000000 224.000000 231.000000 180.000000 0.665314
543422.980000 6581202.560000 47.210000 206.000000 220.000000 223.000000 180.000000 0.684982
543423.060000 6581202.870000 47.340000 209.000000 224.000000 229.000000 181.000000 0.667648
543423.120000 6581203.140000 47.450000 205.000000 222.000000 229.000000 180.000000 0.667648
543423.200000 6581203.440000 47.580000 206.000000 221.000000 228.000000 178.000000 0.664322
543423.280000 6581203.740000 47.660000 210.000000 223.000000 229.000000 179.000000 0.662323
543423.350000 6581203.990000 47.750000 210.000000 225.000000 232.000000 179.000000 0.661652
543423.420000 6581204.280000 47.910000 206.000000 221.000000 226.000000 179.000000 0.700653
543423.510000 6581204.600000 48.030000 211.000000 222.000000 228.000000 179.000000 0.674652
543423.570000 6581204.870000 48.100000 209.000000 222.000000 228.000000 180.000000 0.652313
543422.750000 6581200.120000 46.060000 203.000000 218.000000 225.000000 171.000000 0.664978
543422.820000 6581200.400000 46.190000 205.000000 220.000000 227.000000 184.000000 0.655655
543422.900000 6581200.710000 46.300000 208.000000 224.000000 224.000000 187.000000 0.665649
543422.980000 6581201.010000 46.450000 206.000000 221.000000 224.000000 179.000000 0.686981
543423.060000 6581201.290000 46.540000 206.000000 221.000000 228.000000 177.000000 0.664978
543423.140000 6581201.600000 46.630000 209.000000 223.000000 226.000000 179.000000 0.663651
543423.210000 6581201.890000 46.760000 209.000000 224.000000 229.000000 181.000000 0.659653
543423.280000 6581202.150000 46.870000 206.000000 223.000000 230.000000 181.000000 0.654312
543423.350000 6581202.420000 47.000000 207.000000 222.000000 227.000000 179.000000 0.658981
543423.430000 6581202.740000 47.120000 208.000000 223.000000 228.000000 180.000000 0.700989
543423.500000 6581203.030000 47.230000 209.000000 223.000000 226.000000 179.000000 0.649979
543423.580000 6581203.300000 47.330000 204.000000 224.000000 225.000000 180.000000 0.668976
543423.660000 6581203.610000 47.450000 209.000000 224.000000 229.000000 181.000000 0.675308
543423.730000 6581203.900000 47.570000 207.000000 220.000000 226.000000 179.000000 0.674652
543423.800000 6581204.190000 47.690000 208.000000 223.000000 228.000000 182.000000 0.655655
543423.880000 6581204.480000 47.820000 207.000000 225.000000 229.000000 181.000000 0.678986
543423.960000 6581204.780000 47.920000 207.000000 225.000000 229.000000 180.000000 0.666977
543424.030000 6581205.040000 48.020000 210.000000 223.000000 229.000000 181.000000 0.640976
543424.110000 6581205.350000 48.150000 207.000000 220.000000 226.000000 178.000000 0.697983
543423.210000 6581200.740000 46.210000 210.000000 225.000000 228.000000 177.000000 0.675980
543423.280000 6581201.000000 46.330000 206.000000 221.000000 226.000000 179.000000 0.680649
543423.350000 6581201.290000 46.440000 207.000000 222.000000 229.000000 181.000000 0.690643
543423.430000 6581201.590000 46.550000 208.000000 224.000000 224.000000 180.000000 0.684311
543423.510000 6581201.880000 46.620000 208.000000 223.000000 228.000000 181.000000 0.650314
543423.580000 6581202.160000 46.740000 208.000000 223.000000 228.000000 181.000000 0.641983
543423.660000 6581202.470000 46.900000 209.000000 224.000000 229.000000 180.000000 0.668655
543423.730000 6581202.750000 47.000000 206.000000 223.000000 230.000000 181.000000 0.687653
543423.810000 6581203.050000 47.100000 207.000000 225.000000 229.000000 182.000000 0.655655
543423.880000 6581203.350000 47.210000 209.000000 224.000000 229.000000 184.000000 0.665649
543423.960000 6581203.630000 47.360000 207.000000 220.000000 226.000000 178.000000 0.676315
543424.030000 6581203.900000 47.470000 208.000000 223.000000 228.000000 182.000000 0.676987
543424.110000 6581204.210000 47.590000 208.000000 223.000000 228.000000 181.000000 0.662323
543424.180000 6581204.490000 47.700000 206.000000 224.000000 228.000000 180.000000 0.658646
543424.250000 6581204.750000 47.800000 209.000000 224.000000 229.000000 180.000000 0.641312
543424.330000 6581205.050000 47.910000 207.000000 220.000000 226.000000 177.000000 0.667984
543424.400000 6581205.330000 48.020000 209.000000 222.000000 228.000000 180.000000 0.670319
543424.470000 6581205.610000 48.110000 208.000000 223.000000 228.000000 180.000000 0.677643
543423.680000 6581201.470000 46.390000 205.000000 220.000000 223.000000 181.000000 0.677643
543423.750000 6581201.750000 46.490000 208.000000 223.000000 230.000000 179.000000 0.663986
543423.830000 6581202.040000 46.620000 209.000000 222.000000 228.000000 179.000000 0.708313
543423.900000 6581202.330000 46.700000 209.000000 223.000000 226.000000 179.000000 0.672989
543423.980000 6581202.620000 46.850000 207.000000 224.000000 231.000000 181.000000 0.684647
543424.050000 6581202.900000 46.960000 210.000000 225.000000 230.000000 177.000000 0.663651
543424.120000 6581203.180000 47.050000 207.000000 222.000000 227.000000 182.000000 0.691315
543424.200000 6581203.460000 47.160000 207.000000 222.000000 227.000000 179.000000 0.672318
543424.270000 6581203.730000 47.300000 209.000000 224.000000 229.000000 182.000000 0.672989
543424.350000 6581204.030000 47.390000 207.000000 222.000000 227.000000 181.000000 0.669312
543424.420000 6581204.310000 47.510000 209.000000 224.000000 229.000000 181.000000 0.657990
543424.490000 6581204.590000 47.620000 208.000000 223.000000 228.000000 179.000000 0.656647
543424.560000 6581204.880000 47.740000 206.000000 219.000000 225.000000 178.000000 0.677322
543424.640000 6581205.170000 47.820000 209.000000 222.000000 228.000000 181.000000 0.696976
543424.720000 6581205.460000 47.940000 209.000000 224.000000 229.000000 181.000000 0.663986
543424.790000 6581205.750000 48.100000 209.000000 224.000000 229.000000 181.000000 0.663651
543424.340000 6581202.510000 46.650000 209.000000 224.000000 229.000000 179.000000 0.670654
543424.420000 6581202.820000 46.760000 207.000000 222.000000 229.000000 179.000000 0.697311
543424.500000 6581203.110000 46.860000 208.000000 223.000000 230.000000 183.000000 0.660309
543424.560000 6581203.370000 46.970000 208.000000 223.000000 228.000000 180.000000 0.683975
543424.650000 6581203.690000 47.060000 208.000000 223.000000 228.000000 181.000000 0.631989
543424.730000 6581203.980000 47.200000 209.000000 224.000000 229.000000 182.000000 0.669312
543424.790000 6581204.240000 47.310000 207.000000 220.000000 226.000000 178.000000 0.703308
543424.870000 6581204.530000 47.420000 208.000000 221.000000 227.000000 179.000000 0.670654
543424.950000 6581204.840000 47.540000 207.000000 222.000000 227.000000 180.000000 0.661652
543425.020000 6581205.110000 47.660000 208.000000 223.000000 228.000000 181.000000 0.645645
543425.100000 6581205.410000 47.790000 208.000000 223.000000 228.000000 180.000000 0.677979
543425.180000 6581205.730000 47.890000 206.000000 221.000000 226.000000 178.000000 0.681656
543425.250000 6581206.000000 48.030000 206.000000 221.000000 226.000000 178.000000 0.662323
543425.320000 6581206.280000 48.110000 208.000000 223.000000 228.000000 180.000000 0.659988
543425.040000 6581203.620000 46.930000 208.000000 223.000000 228.000000 181.000000 0.654312
543425.120000 6581203.930000 47.020000 206.000000 221.000000 226.000000 177.000000 0.684647
543425.190000 6581204.200000 47.150000 208.000000 221.000000 227.000000 178.000000 0.676651
543425.270000 6581204.510000 47.260000 207.000000 222.000000 227.000000 180.000000 0.657318
543425.350000 6581204.820000 47.390000 208.000000 223.000000 228.000000 179.000000 0.648987
543425.420000 6581205.080000 47.460000 207.000000 222.000000 227.000000 179.000000 0.647980
543425.490000 6581205.350000 47.620000 205.000000 220.000000 225.000000 177.000000 0.713654
543425.560000 6581205.650000 47.740000 206.000000 221.000000 226.000000 178.000000 0.686310
543425.640000 6581205.950000 47.800000 208.000000 223.000000 228.000000 181.000000 0.676315
543425.710000 6581206.230000 47.960000 209.000000 224.000000 229.000000 181.000000 0.644653
543425.780000 6581206.510000 48.100000 207.000000 222.000000 227.000000 180.000000 0.676315
543425.550000 6581204.540000 47.140000 209.000000 224.000000 229.000000 184.000000 0.666321
543425.620000 6581204.820000 47.260000 207.000000 220.000000 226.000000 178.000000 0.684982
543425.690000 6581205.090000 47.390000 207.000000 220.000000 226.000000 177.000000 0.658310
543425.780000 6581205.410000 47.500000 208.000000 223.000000 228.000000 180.000000 0.686981
543425.850000 6581205.700000 47.600000 208.000000 223.000000 228.000000 180.000000 0.672653
543425.930000 6581206.000000 47.700000 209.000000 224.000000 229.000000 180.000000 0.661316
543426.000000 6581206.290000 47.820000 206.000000 221.000000 226.000000 179.000000 0.672318
543426.080000 6581206.570000 47.960000 206.000000 221.000000 226.000000 179.000000 0.686310
543426.140000 6581206.840000 48.080000 208.000000 223.000000 228.000000 180.000000 0.654312
543426.110000 6581205.590000 47.460000 209.000000 224.000000 229.000000 181.000000 0.674988
543426.180000 6581205.860000 47.560000 209.000000 224.000000 229.000000 180.000000 0.679977
543426.250000 6581206.140000 47.710000 206.000000 221.000000 226.000000 177.000000 0.689651
543426.320000 6581206.420000 47.800000 207.000000 222.000000 227.000000 179.000000 0.675308
543426.400000 6581206.700000 47.890000 208.000000 223.000000 228.000000 180.000000 0.658310
543426.470000 6581206.990000 48.030000 208.000000 223.000000 228.000000 181.000000 0.677979
543426.750000 6581206.580000 47.710000 209.000000 224.000000 229.000000 180.000000 0.702988
543426.830000 6581206.870000 47.810000 209.000000 222.000000 228.000000 180.000000 0.665985
543426.900000 6581207.130000 47.940000 206.000000 219.000000 225.000000 176.000000 0.686646
543426.980000 6581207.430000 48.060000 208.000000 221.000000 227.000000 179.000000 0.653656
543427.350000 6581207.520000 47.920000 209.000000 224.000000 231.000000 180.000000 0.678314
543427.430000 6581207.830000 48.050000 208.000000 223.000000 228.000000 179.000000 0.673981
543420.390000 6581202.520000 48.240000 42.000000 61.000000 59.000000 61.000000 0.705322
543420.450000 6581202.260000 48.080000 11.000000 20.000000 19.000000 42.000000 0.732986
543420.670000 6581202.860000 48.270000 75.000000 102.000000 129.000000 68.000000 0.658646
543420.740000 6581202.590000 48.150000 107.000000 134.000000 153.000000 99.000000 0.692322
543420.800000 6581202.320000 47.980000 119.000000 153.000000 154.000000 111.000000 0.721313
543420.880000 6581202.010000 47.820000 132.000000 158.000000 149.000000 138.000000 0.701981
543420.950000 6581201.720000 47.630000 66.000000 79.000000 72.000000 111.000000 0.722977
543420.930000 6581202.980000 48.250000 81.000000 115.000000 152.000000 68.000000 0.732986
543421.000000 6581202.700000 48.080000 86.000000 119.000000 152.000000 67.000000 0.708649
543421.070000 6581202.410000 47.910000 85.000000 118.000000 149.000000 65.000000 0.730988
543421.140000 6581202.120000 47.770000 83.000000 111.000000 148.000000 63.000000 0.710648
543421.200000 6581201.870000 47.580000 98.000000 117.000000 123.000000 91.000000 0.701645
543421.270000 6581201.600000 47.370000 65.000000 83.000000 97.000000 72.000000 0.777985
543421.340000 6581201.320000 47.280000 34.000000 51.000000 59.000000 59.000000 0.680984
543421.400000 6581201.070000 47.100000 26.000000 34.000000 36.000000 60.000000 0.706985
543421.180000 6581203.070000 48.210000 85.000000 116.000000 147.000000 66.000000 0.717651
543421.250000 6581202.800000 48.030000 95.000000 128.000000 163.000000 73.000000 0.718307
543421.320000 6581202.520000 47.860000 91.000000 124.000000 159.000000 73.000000 0.707642
543421.390000 6581202.250000 47.720000 132.000000 167.000000 189.000000 113.000000 0.758987
543421.450000 6581201.970000 47.540000 106.000000 140.000000 168.000000 89.000000 0.738647
543421.520000 6581201.710000 47.370000 92.000000 128.000000 162.000000 75.000000 0.716309
543421.590000 6581201.430000 47.230000 77.000000 108.000000 129.000000 69.000000 0.700317
543421.660000 6581201.140000 47.040000 97.000000 126.000000 140.000000 82.000000 0.700653
543421.720000 6581200.880000 46.870000 43.000000 64.000000 69.000000 56.000000 0.712311
543421.790000 6581200.590000 46.710000 31.000000 42.000000 36.000000 66.000000 0.710312
543421.500000 6581203.350000 48.210000 86.000000 120.000000 155.000000 72.000000 0.687988
543421.570000 6581203.090000 48.050000 80.000000 117.000000 144.000000 66.000000 0.701981
543421.640000 6581202.790000 47.890000 87.000000 120.000000 155.000000 70.000000 0.723312
543421.700000 6581202.510000 47.710000 85.000000 116.000000 147.000000 71.000000 0.711975
543421.770000 6581202.250000 47.550000 107.000000 139.000000 164.000000 82.000000 0.708984
543421.840000 6581201.950000 47.370000 99.000000 129.000000 155.000000 73.000000 0.730316
543421.910000 6581201.660000 47.200000 137.000000 164.000000 181.000000 106.000000 0.729309
543421.970000 6581201.410000 47.060000 139.000000 168.000000 182.000000 111.000000 0.698975
543422.040000 6581201.130000 46.880000 205.000000 223.000000 227.000000 177.000000 0.690308
543422.120000 6581200.830000 46.710000 195.000000 214.000000 220.000000 163.000000 0.705978
543422.190000 6581200.560000 46.550000 192.000000 219.000000 228.000000 164.000000 0.715317
543422.260000 6581200.270000 46.340000 131.000000 154.000000 160.000000 117.000000 0.698318
543421.810000 6581203.630000 48.240000 117.000000 144.000000 161.000000 78.000000 0.722321
543421.880000 6581203.350000 48.080000 91.000000 126.000000 156.000000 68.000000 0.712646
543421.950000 6581203.060000 47.890000 97.000000 128.000000 159.000000 74.000000 0.705978
543422.020000 6581202.790000 47.700000 104.000000 139.000000 167.000000 89.000000 0.706985
543422.090000 6581202.530000 47.570000 107.000000 143.000000 167.000000 85.000000 0.711975
543422.150000 6581202.250000 47.400000 181.000000 205.000000 217.000000 144.000000 0.707321
543422.230000 6581201.940000 47.220000 209.000000 224.000000 229.000000 179.000000 0.710648
543422.300000 6581201.660000 47.040000 208.000000 223.000000 226.000000 176.000000 0.695312
543422.360000 6581201.390000 46.870000 207.000000 222.000000 225.000000 175.000000 0.686310
543422.440000 6581201.080000 46.700000 208.000000 223.000000 226.000000 179.000000 0.702652
543422.500000 6581200.800000 46.530000 210.000000 224.000000 233.000000 184.000000 0.680313
543422.570000 6581200.550000 46.350000 205.000000 220.000000 225.000000 176.000000 0.708984
543422.640000 6581200.270000 46.230000 200.000000 215.000000 220.000000 169.000000 0.695984
543422.090000 6581203.780000 48.190000 195.000000 215.000000 224.000000 165.000000 0.705643
543422.160000 6581203.490000 47.990000 215.000000 235.000000 242.000000 182.000000 0.689651
543422.240000 6581203.180000 47.840000 142.000000 171.000000 187.000000 109.000000 0.727646
543422.300000 6581202.920000 47.680000 117.000000 148.000000 166.000000 93.000000 0.702316
543422.370000 6581202.640000 47.490000 143.000000 170.000000 181.000000 106.000000 0.730652
543422.440000 6581202.350000 47.330000 208.000000 223.000000 226.000000 175.000000 0.704315
543422.500000 6581202.100000 47.160000 206.000000 223.000000 230.000000 178.000000 0.692322
543422.570000 6581201.820000 47.010000 204.000000 221.000000 228.000000 176.000000 0.702316
543422.650000 6581201.510000 46.830000 206.000000 221.000000 228.000000 179.000000 0.712311
543422.710000 6581201.250000 46.680000 207.000000 222.000000 225.000000 179.000000 0.704315
543422.780000 6581200.970000 46.500000 208.000000 223.000000 226.000000 181.000000 0.700989
543422.850000 6581200.670000 46.340000 204.000000 219.000000 222.000000 181.000000 0.726974
543422.920000 6581200.380000 46.160000 210.000000 225.000000 232.000000 174.000000 0.691650
543422.340000 6581203.970000 48.180000 207.000000 222.000000 227.000000 177.000000 0.706650
543422.400000 6581203.710000 48.030000 208.000000 225.000000 235.000000 183.000000 0.690643
543422.470000 6581203.450000 47.870000 148.000000 171.000000 189.000000 117.000000 0.664978
543422.540000 6581203.160000 47.720000 117.000000 152.000000 171.000000 95.000000 0.711655
543422.610000 6581202.880000 47.540000 210.000000 233.000000 241.000000 188.000000 0.694641
543422.680000 6581202.590000 47.370000 210.000000 224.000000 225.000000 181.000000 0.723984
543422.750000 6581202.320000 47.210000 208.000000 223.000000 228.000000 180.000000 0.706650
543422.810000 6581202.030000 47.020000 205.000000 222.000000 229.000000 179.000000 0.703644
543422.880000 6581201.740000 46.860000 208.000000 221.000000 227.000000 180.000000 0.716309
543422.960000 6581201.450000 46.690000 206.000000 221.000000 228.000000 179.000000 0.711319
543423.020000 6581201.180000 46.530000 207.000000 222.000000 229.000000 179.000000 0.688644
543423.090000 6581200.900000 46.350000 206.000000 222.000000 222.000000 179.000000 0.729645
543423.160000 6581200.630000 46.150000 207.000000 222.000000 225.000000 179.000000 0.689987
543422.650000 6581204.240000 48.170000 209.000000 223.000000 226.000000 180.000000 0.703308
543422.720000 6581203.960000 47.990000 208.000000 223.000000 228.000000 177.000000 0.708313
543422.790000 6581203.660000 47.850000 144.000000 166.000000 179.000000 113.000000 0.731644
543422.860000 6581203.390000 47.680000 138.000000 166.000000 180.000000 108.000000 0.715988
543422.920000 6581203.120000 47.510000 197.000000 219.000000 230.000000 176.000000 0.703644
543423.000000 6581202.810000 47.340000 209.000000 224.000000 229.000000 181.000000 0.708649
543423.060000 6581202.540000 47.170000 205.000000 220.000000 225.000000 178.000000 0.694641
543423.130000 6581202.260000 46.990000 208.000000 225.000000 232.000000 181.000000 0.690643
543423.200000 6581201.990000 46.850000 210.000000 225.000000 230.000000 181.000000 0.707321
543423.280000 6581201.690000 46.660000 210.000000 224.000000 227.000000 183.000000 0.712646
543423.330000 6581201.440000 46.490000 208.000000 224.000000 224.000000 180.000000 0.695648
543423.400000 6581201.170000 46.340000 208.000000 222.000000 231.000000 176.000000 0.714645
543423.020000 6581204.290000 48.060000 207.000000 225.000000 229.000000 181.000000 0.720322
543423.080000 6581204.020000 47.920000 207.000000 225.000000 229.000000 181.000000 0.693314
543423.160000 6581203.720000 47.730000 200.000000 213.000000 221.000000 165.000000 0.689651
543423.220000 6581203.450000 47.590000 209.000000 222.000000 228.000000 179.000000 0.694641
543423.290000 6581203.170000 47.420000 211.000000 224.000000 230.000000 180.000000 0.703644
543423.360000 6581202.890000 47.240000 209.000000 223.000000 226.000000 179.000000 0.698975
543423.420000 6581202.620000 47.100000 207.000000 222.000000 227.000000 178.000000 0.702652
543423.490000 6581202.360000 46.910000 207.000000 222.000000 229.000000 181.000000 0.723312
543423.560000 6581202.080000 46.750000 208.000000 223.000000 228.000000 181.000000 0.701981
543423.630000 6581201.790000 46.590000 208.000000 223.000000 230.000000 180.000000 0.702652
543423.690000 6581201.530000 46.420000 211.000000 226.000000 229.000000 185.000000 0.700317
543423.180000 6581204.730000 48.200000 205.000000 220.000000 225.000000 177.000000 0.770981
543423.250000 6581204.450000 48.050000 205.000000 223.000000 227.000000 177.000000 0.704651
543423.320000 6581204.170000 47.890000 205.000000 224.000000 230.000000 179.000000 0.722977
543423.390000 6581203.910000 47.750000 210.000000 225.000000 232.000000 179.000000 0.739319
543423.450000 6581203.650000 47.580000 208.000000 223.000000 228.000000 179.000000 0.690979
543423.520000 6581203.350000 47.400000 206.000000 226.000000 227.000000 181.000000 0.733643
543423.590000 6581203.070000 47.250000 209.000000 223.000000 226.000000 179.000000 0.716980
543423.650000 6581202.820000 47.090000 208.000000 223.000000 228.000000 181.000000 0.700653
543423.730000 6581202.510000 46.920000 209.000000 224.000000 229.000000 180.000000 0.690979
543423.790000 6581202.240000 46.730000 208.000000 221.000000 227.000000 179.000000 0.703644
543423.860000 6581201.980000 46.560000 208.000000 221.000000 227.000000 179.000000 0.702652
543423.450000 6581204.720000 48.120000 211.000000 222.000000 228.000000 180.000000 0.725983
543423.520000 6581204.450000 47.970000 208.000000 221.000000 227.000000 177.000000 0.717987
543423.590000 6581204.170000 47.810000 206.000000 221.000000 228.000000 178.000000 0.700653
543423.650000 6581203.900000 47.610000 207.000000 220.000000 226.000000 180.000000 0.726974
543423.720000 6581203.620000 47.480000 208.000000 223.000000 228.000000 180.000000 0.681656
543423.790000 6581203.340000 47.270000 207.000000 227.000000 228.000000 183.000000 0.708649
543423.870000 6581203.050000 47.130000 207.000000 225.000000 229.000000 182.000000 0.747650
543423.930000 6581202.770000 46.980000 207.000000 224.000000 231.000000 181.000000 0.712982
543424.000000 6581202.510000 46.780000 209.000000 224.000000 229.000000 182.000000 0.696655
543424.070000 6581202.210000 46.630000 208.000000 223.000000 228.000000 182.000000 0.712982
543423.750000 6581205.060000 48.160000 209.000000 224.000000 229.000000 181.000000 0.721313
543423.820000 6581204.750000 47.990000 208.000000 223.000000 228.000000 180.000000 0.693314
543423.890000 6581204.470000 47.830000 207.000000 225.000000 229.000000 181.000000 0.705978
543423.950000 6581204.220000 47.670000 207.000000 225.000000 229.000000 183.000000 0.694321
543424.020000 6581203.940000 47.500000 208.000000 223.000000 228.000000 182.000000 0.694641
543424.100000 6581203.630000 47.330000 207.000000 222.000000 227.000000 178.000000 0.711975
543424.160000 6581203.360000 47.150000 208.000000 221.000000 227.000000 177.000000 0.729309
543424.230000 6581203.080000 46.970000 207.000000 222.000000 229.000000 182.000000 0.718643
543424.310000 6581202.780000 46.800000 208.000000 223.000000 228.000000 177.000000 0.722641
543424.370000 6581202.510000 46.650000 209.000000 224.000000 229.000000 179.000000 0.691315
543424.070000 6581205.360000 48.190000 207.000000 220.000000 226.000000 179.000000 0.698975
543424.140000 6581205.080000 48.030000 209.000000 222.000000 228.000000 179.000000 0.714981
543424.210000 6581204.770000 47.830000 209.000000 224.000000 229.000000 180.000000 0.697647
543424.280000 6581204.500000 47.660000 208.000000 223.000000 228.000000 181.000000 0.703308
543424.350000 6581204.230000 47.490000 208.000000 223.000000 228.000000 180.000000 0.713654
543424.420000 6581203.950000 47.340000 208.000000 223.000000 228.000000 181.000000 0.686646
543424.480000 6581203.680000 47.180000 208.000000 223.000000 228.000000 181.000000 0.720322
543424.550000 6581203.410000 47.020000 208.000000 223.000000 228.000000 182.000000 0.689651
543424.620000 6581203.110000 46.840000 209.000000 224.000000 231.000000 181.000000 0.707642
543424.290000 6581205.520000 48.180000 208.000000 223.000000 228.000000 180.000000 0.697311
543424.360000 6581205.230000 48.000000 208.000000 221.000000 227.000000 178.000000 0.718307
543424.420000 6581204.970000 47.840000 206.000000 219.000000 225.000000 178.000000 0.678314
543424.490000 6581204.700000 47.690000 206.000000 221.000000 226.000000 176.000000 0.700317
543424.570000 6581204.390000 47.530000 209.000000 224.000000 229.000000 181.000000 0.726974
543424.630000 6581204.130000 47.360000 209.000000 224.000000 229.000000 181.000000 0.686310
543424.700000 6581203.850000 47.190000 209.000000 224.000000 229.000000 181.000000 0.689987
543424.770000 6581203.550000 47.000000 207.000000 222.000000 227.000000 180.000000 0.717651
543424.530000 6581205.670000 48.160000 209.000000 224.000000 229.000000 181.000000 0.705978
543424.590000 6581205.420000 48.000000 208.000000 223.000000 228.000000 180.000000 0.725311
543424.660000 6581205.120000 47.800000 209.000000 222.000000 228.000000 181.000000 0.695648
543424.730000 6581204.840000 47.630000 208.000000 221.000000 227.000000 180.000000 0.689316
543424.800000 6581204.560000 47.450000 208.000000 221.000000 227.000000 179.000000 0.708984
543424.870000 6581204.280000 47.340000 205.000000 218.000000 224.000000 176.000000 0.711655
543424.940000 6581204.000000 47.150000 207.000000 222.000000 227.000000 178.000000 0.741653
543425.000000 6581203.740000 46.980000 207.000000 222.000000 227.000000 180.000000 0.722641
543424.880000 6581205.660000 48.030000 208.000000 223.000000 228.000000 182.000000 0.743652
543424.940000 6581205.410000 47.860000 208.000000 223.000000 228.000000 181.000000 0.719315
543425.010000 6581205.130000 47.670000 208.000000 223.000000 228.000000 181.000000 0.698975
543425.080000 6581204.840000 47.500000 208.000000 223.000000 228.000000 180.000000 0.700317
543425.150000 6581204.570000 47.370000 208.000000 221.000000 227.000000 179.000000 0.718307
543425.210000 6581204.310000 47.200000 208.000000 223.000000 228.000000 179.000000 0.703644
543425.280000 6581204.030000 47.030000 208.000000 223.000000 228.000000 179.000000 0.726654
543425.130000 6581206.130000 48.140000 206.000000 221.000000 226.000000 178.000000 0.703644
543425.200000 6581205.850000 48.000000 206.000000 221.000000 226.000000 178.000000 0.674988
543425.260000 6581205.590000 47.820000 206.000000 221.000000 226.000000 178.000000 0.710648
543425.330000 6581205.320000 47.680000 206.000000 221.000000 226.000000 178.000000 0.730652
543425.400000 6581205.020000 47.480000 207.000000 222.000000 227.000000 179.000000 0.701645
543425.470000 6581204.760000 47.300000 208.000000 223.000000 228.000000 183.000000 0.700989
543425.530000 6581204.500000 47.180000 210.000000 225.000000 230.000000 184.000000 0.710648
543425.370000 6581206.160000 48.060000 208.000000 223.000000 228.000000 180.000000 0.721985
543425.440000 6581205.900000 47.920000 208.000000 223.000000 228.000000 179.000000 0.733643
543425.510000 6581205.600000 47.730000 206.000000 221.000000 226.000000 178.000000 0.712311
543425.580000 6581205.310000 47.550000 205.000000 220.000000 225.000000 177.000000 0.729309
543425.640000 6581205.060000 47.390000 207.000000 220.000000 226.000000 177.000000 0.707977
543425.710000 6581204.780000 47.220000 208.000000 221.000000 229.000000 179.000000 0.705978
543425.590000 6581206.300000 48.070000 208.000000 223.000000 228.000000 180.000000 0.703308
543425.650000 6581206.030000 47.890000 209.000000 224.000000 229.000000 182.000000 0.684982
543425.720000 6581205.770000 47.710000 207.000000 222.000000 227.000000 180.000000 0.721313
543425.790000 6581205.480000 47.550000 208.000000 223.000000 228.000000 180.000000 0.687653
543425.860000 6581205.190000 47.380000 208.000000 221.000000 227.000000 179.000000 0.695312
543425.840000 6581206.590000 48.090000 206.000000 221.000000 226.000000 178.000000 0.719986
543425.910000 6581206.320000 47.930000 208.000000 223.000000 228.000000 180.000000 0.699646
543425.980000 6581206.020000 47.740000 208.000000 223.000000 228.000000 180.000000 0.719650
543426.050000 6581205.750000 47.570000 209.000000 224.000000 229.000000 180.000000 0.711655
543426.110000 6581205.500000 47.430000 209.000000 224.000000 229.000000 181.000000 0.694321
543426.090000 6581206.780000 48.090000 208.000000 223.000000 228.000000 180.000000 0.707977
543426.160000 6581206.510000 47.910000 207.000000 222.000000 227.000000 179.000000 0.705643
543426.240000 6581206.210000 47.740000 206.000000 221.000000 226.000000 177.000000 0.700989
543426.310000 6581205.940000 47.580000 205.000000 220.000000 225.000000 176.000000 0.721313
543426.270000 6581206.920000 48.080000 208.000000 223.000000 228.000000 180.000000 0.700989
543426.350000 6581206.620000 47.900000 207.000000 222.000000 227.000000 177.000000 0.708313
543426.420000 6581206.340000 47.740000 208.000000 223.000000 228.000000 180.000000 0.714310
543426.480000 6581206.070000 47.610000 205.000000 220.000000 225.000000 178.000000 0.725311
543426.470000 6581207.030000 48.050000 207.000000 222.000000 227.000000 180.000000 0.693314
543426.540000 6581206.740000 47.910000 208.000000 223.000000 228.000000 179.000000 0.688644
543426.610000 6581206.460000 47.720000 208.000000 223.000000 228.000000 181.000000 0.699646
543426.820000 6581207.060000 47.940000 207.000000 220.000000 226.000000 178.000000 0.669983
543426.880000 6581206.820000 47.780000 209.000000 222.000000 228.000000 180.000000 0.703644
543427.030000 6581207.380000 48.000000 207.000000 220.000000 226.000000 178.000000 0.701309
543427.110000 6581207.100000 47.860000 208.000000 221.000000 227.000000 180.000000 0.714310
543427.270000 6581207.510000 47.960000 208.000000 223.000000 230.000000 180.000000 0.688644
543427.450000 6581207.710000 48.040000 207.000000 222.000000 227.000000 180.000000 0.707321
543422.300000 6581199.950000 46.190000 49.000000 68.000000 66.000000 93.000000 0.684647
543422.680000 6581199.850000 45.960000 166.000000 186.000000 184.000000 151.000000 0.672653
543422.330000 6581199.960000 46.200000 49.000000 68.000000 66.000000 93.000000 0.683975
543422.710000 6581199.970000 46.030000 201.000000 219.000000 221.000000 177.000000 0.716644
543420.900000 6581203.050000 48.270000 81.000000 118.000000 147.000000 66.000000 0.664978
543421.560000 6581203.560000 48.250000 123.000000 153.000000 177.000000 99.000000 0.692978
543422.070000 6581203.980000 48.300000 180.000000 200.000000 209.000000 150.000000 0.679321
543422.520000 6581204.320000 48.270000 207.000000 225.000000 227.000000 181.000000 0.679321
543422.840000 6581204.550000 48.250000 209.000000 222.000000 228.000000 181.000000 0.670975
543423.640000 6581205.140000 48.250000 209.000000 224.000000 229.000000 180.000000 0.666321
543424.180000 6581205.640000 48.270000 208.000000 223.000000 228.000000 179.000000 0.671982
543424.540000 6581205.880000 48.270000 209.000000 224.000000 229.000000 180.000000 0.686981
543424.860000 6581206.030000 48.210000 207.000000 222.000000 227.000000 179.000000 0.657990
543424.930000 6581206.310000 48.300000 207.000000 222.000000 227.000000 180.000000 0.673981
543425.400000 6581206.580000 48.250000 206.000000 223.000000 230.000000 180.000000 0.673645
543425.860000 6581206.810000 48.190000 207.000000 222.000000 227.000000 178.000000 0.655975
543425.940000 6581207.100000 48.300000 208.000000 223.000000 228.000000 179.000000 0.686646
543426.220000 6581207.150000 48.200000 209.000000 224.000000 229.000000 180.000000 0.695648
543426.300000 6581207.440000 48.280000 208.000000 223.000000 228.000000 180.000000 0.662979
543426.550000 6581207.270000 48.130000 208.000000 223.000000 228.000000 180.000000 0.674988
543426.610000 6581207.550000 48.260000 205.000000 220.000000 225.000000 177.000000 0.720642
543427.050000 6581207.740000 48.160000 209.000000 222.000000 228.000000 180.000000 0.661316
543427.120000 6581207.990000 48.280000 209.000000 224.000000 229.000000 182.000000 0.650314
543427.510000 6581208.120000 48.170000 209.000000 222.000000 228.000000 180.000000 0.558990
543422.950000 6581204.560000 48.260000 208.000000 221.000000 227.000000 180.000000 0.738312
543423.380000 6581205.010000 48.280000 208.000000 223.000000 228.000000 180.000000 0.734650
543423.680000 6581205.330000 48.260000 210.000000 225.000000 230.000000 182.000000 0.644989
543424.800000 6581205.970000 48.170000 208.000000 223.000000 228.000000 180.000000 0.707642
543425.060000 6581206.410000 48.290000 208.000000 223.000000 228.000000 180.000000 0.703308
543425.310000 6581206.440000 48.250000 208.000000 223.000000 230.000000 180.000000 0.717316
543425.520000 6581206.580000 48.230000 207.000000 224.000000 231.000000 179.000000 0.733307
543425.770000 6581206.870000 48.280000 206.000000 221.000000 226.000000 178.000000 0.731308
543426.030000 6581207.060000 48.260000 208.000000 223.000000 228.000000 179.000000 0.728989
543426.210000 6581207.200000 48.280000 209.000000 224.000000 229.000000 180.000000 0.771988
543426.410000 6581207.300000 48.240000 208.000000 223.000000 228.000000 180.000000 0.724655
543426.670000 6581207.640000 48.300000 206.000000 221.000000 226.000000 179.000000 0.761978
543426.730000 6581207.400000 48.120000 206.000000 221.000000 226.000000 176.000000 0.712311
543426.900000 6581207.930000 48.300000 210.000000 223.000000 229.000000 181.000000 0.618652
543426.970000 6581207.650000 48.190000 208.000000 221.000000 227.000000 180.000000 0.686310
543427.140000 6581208.050000 48.310000 206.000000 224.000000 228.000000 179.000000 0.719986
543427.210000 6581207.780000 48.140000 208.000000 223.000000 230.000000 182.000000 0.674988
543427.380000 6581208.000000 48.210000 209.000000 224.000000 229.000000 180.000000 0.710983
543426.650000 6581209.800000 45.780000 151.000000 171.000000 180.000000 130.000000 0.668320
543426.840000 6581209.470000 45.810000 149.000000 172.000000 180.000000 124.000000 0.508652
543426.920000 6581209.800000 45.770000 162.000000 180.000000 192.000000 137.000000 0.629318
543427.090000 6581209.340000 45.780000 161.000000 181.000000 188.000000 130.000000 0.580643
543426.710000 6581209.840000 45.810000 151.000000 171.000000 182.000000 125.000000 0.678314
543426.780000 6581209.540000 45.840000 149.000000 171.000000 182.000000 126.000000 0.687653
543426.950000 6581209.780000 45.770000 162.000000 180.000000 192.000000 137.000000 0.702652
543427.020000 6581209.470000 45.800000 146.000000 169.000000 177.000000 122.000000 0.699646
543427.110000 6581209.150000 45.810000 210.000000 227.000000 235.000000 176.000000 0.675644
543425.620000 6581211.140000 45.810000 149.000000 167.000000 181.000000 117.000000 0.677979
543425.830000 6581210.820000 45.800000 141.000000 160.000000 167.000000 111.000000 0.661316
543425.910000 6581211.110000 45.760000 52.000000 69.000000 85.000000 62.000000 0.667313
543425.990000 6581211.440000 45.680000 56.000000 73.000000 91.000000 75.000000 0.643311
543426.060000 6581210.630000 45.820000 139.000000 158.000000 165.000000 114.000000 0.691986
543426.150000 6581210.950000 45.760000 51.000000 67.000000 83.000000 66.000000 0.648651
543426.230000 6581211.290000 45.680000 62.000000 74.000000 96.000000 73.000000 0.679642
543426.320000 6581211.610000 45.600000 49.000000 66.000000 92.000000 69.000000 0.657318
543426.350000 6581210.230000 45.830000 157.000000 177.000000 188.000000 125.000000 0.681976
543426.440000 6581210.560000 45.760000 71.000000 89.000000 103.000000 76.000000 0.648315
543426.520000 6581210.860000 45.660000 56.000000 73.000000 93.000000 79.000000 0.636978
543426.740000 6581210.150000 45.710000 115.000000 134.000000 149.000000 103.000000 0.647980
543426.820000 6581210.460000 45.650000 54.000000 71.000000 91.000000 81.000000 0.649643
543425.510000 6581210.960000 45.860000 135.000000 152.000000 160.000000 104.000000 0.651642
543425.780000 6581211.320000 45.760000 58.000000 74.000000 97.000000 67.000000 0.638321
543425.860000 6581211.000000 45.830000 150.000000 168.000000 178.000000 120.000000 0.711319
543425.940000 6581210.660000 45.860000 136.000000 155.000000 159.000000 112.000000 0.692642
543426.020000 6581210.330000 45.870000 127.000000 146.000000 152.000000 108.000000 0.675308
543426.010000 6581211.590000 45.660000 56.000000 77.000000 96.000000 79.000000 0.627319
543426.090000 6581211.280000 45.700000 52.000000 67.000000 88.000000 72.000000 0.687988
543426.160000 6581210.970000 45.740000 51.000000 67.000000 83.000000 66.000000 0.672653
543426.240000 6581210.640000 45.750000 113.000000 131.000000 143.000000 107.000000 0.703979
543426.320000 6581210.310000 45.790000 155.000000 175.000000 184.000000 128.000000 0.677979
543426.400000 6581210.000000 45.840000 146.000000 169.000000 177.000000 122.000000 0.680984
543426.240000 6581211.750000 45.610000 52.000000 74.000000 95.000000 70.000000 0.647644
543426.320000 6581211.430000 45.650000 58.000000 75.000000 93.000000 78.000000 0.696976
543426.400000 6581211.110000 45.660000 58.000000 72.000000 98.000000 74.000000 0.691315
543426.470000 6581210.800000 45.720000 54.000000 71.000000 87.000000 77.000000 0.655975
543426.550000 6581210.480000 45.760000 72.000000 90.000000 104.000000 83.000000 0.690979
543426.630000 6581210.150000 45.780000 148.000000 167.000000 182.000000 128.000000 0.696655
543426.630000 6581211.080000 45.600000 54.000000 70.000000 93.000000 78.000000 0.695984
543426.710000 6581210.770000 45.640000 55.000000 72.000000 90.000000 80.000000 0.666321
543426.790000 6581210.430000 45.700000 53.000000 70.000000 88.000000 79.000000 0.697311
543426.870000 6581210.110000 45.700000 73.000000 90.000000 108.000000 71.000000 0.701981
543427.720000 6581208.920000 45.730000 197.000000 214.000000 221.000000 162.000000 0.592651
543427.810000 6581209.260000 45.650000 28.000000 40.000000 54.000000 31.000000 0.636642
543427.890000 6581209.560000 45.620000 40.000000 47.000000 66.000000 47.000000 0.686981
543427.980000 6581209.890000 45.550000 40.000000 53.000000 69.000000 51.000000 0.696320
543427.930000 6581208.630000 45.750000 192.000000 206.000000 215.000000 161.000000 0.633987
543428.020000 6581208.970000 45.700000 25.000000 35.000000 44.000000 55.000000 0.613647
543428.100000 6581209.290000 45.610000 40.000000 50.000000 60.000000 58.000000 0.622650
543428.190000 6581209.630000 45.540000 31.000000 43.000000 57.000000 41.000000 0.667984
543428.250000 6581208.950000 45.660000 17.000000 22.000000 25.000000 55.000000 0.616653
543428.330000 6581209.270000 45.590000 28.000000 38.000000 40.000000 61.000000 0.642654
543427.550000 6581208.880000 45.790000 206.000000 224.000000 228.000000 177.000000 0.616989
543427.630000 6581208.560000 45.840000 206.000000 225.000000 231.000000 176.000000 0.593323
543427.800000 6581209.360000 45.670000 41.000000 50.000000 67.000000 42.000000 0.689316
543427.880000 6581209.040000 45.720000 49.000000 61.000000 77.000000 59.000000 0.637314
543427.960000 6581208.700000 45.740000 142.000000 159.000000 169.000000 112.000000 0.625320
543427.990000 6581209.810000 45.550000 40.000000 53.000000 69.000000 51.000000 0.670319
543428.070000 6581209.520000 45.580000 39.000000 53.000000 66.000000 42.000000 0.655655
543428.160000 6581209.160000 45.620000 62.000000 73.000000 77.000000 79.000000 0.631317
543428.230000 6581208.840000 45.660000 22.000000 28.000000 28.000000 58.000000 0.650650
543428.390000 6581209.290000 45.580000 28.000000 38.000000 40.000000 61.000000 0.608978
543428.470000 6581208.960000 45.630000 26.000000 31.000000 27.000000 57.000000 0.619644
543427.650000 6581208.630000 45.770000 206.000000 224.000000 228.000000 179.000000 0.456314
543427.170000 6581209.650000 45.720000 150.000000 168.000000 182.000000 126.000000 0.676315
543427.250000 6581209.970000 45.690000 45.000000 62.000000 82.000000 69.000000 0.668320
543427.440000 6581209.180000 45.770000 213.000000 228.000000 231.000000 179.000000 0.691315
543427.520000 6581209.500000 45.700000 119.000000 130.000000 152.000000 93.000000 0.665649
543427.610000 6581209.830000 45.630000 55.000000 71.000000 87.000000 69.000000 0.663651
543427.310000 6581209.840000 45.700000 56.000000 72.000000 95.000000 75.000000 0.687317
543427.400000 6581209.490000 45.730000 219.000000 232.000000 249.000000 177.000000 0.680984
543427.480000 6581209.170000 45.760000 213.000000 228.000000 231.000000 179.000000 0.710648
543427.720000 6581209.680000 45.610000 36.000000 50.000000 63.000000 43.000000 0.669983
543426.680000 6581211.510000 45.560000 60.000000 76.000000 99.000000 88.000000 0.666321
543426.900000 6581210.770000 45.590000 56.000000 73.000000 91.000000 74.000000 0.658310
543426.990000 6581211.100000 45.540000 55.000000 73.000000 93.000000 81.000000 0.657654
543427.010000 6581210.120000 45.710000 49.000000 66.000000 86.000000 77.000000 0.667648
543427.090000 6581210.430000 45.630000 56.000000 73.000000 93.000000 74.000000 0.645645
543427.180000 6581210.790000 45.550000 58.000000 75.000000 93.000000 76.000000 0.671310
543427.340000 6581210.300000 45.590000 55.000000 72.000000 90.000000 78.000000 0.648315
543427.700000 6581210.200000 45.530000 54.000000 72.000000 94.000000 75.000000 0.682312
543426.480000 6581211.710000 45.540000 45.000000 63.000000 87.000000 71.000000 0.662323
543426.550000 6581211.410000 45.590000 55.000000 72.000000 92.000000 79.000000 0.682312
543426.990000 6581211.150000 45.580000 55.000000 73.000000 93.000000 81.000000 0.673645
543427.070000 6581210.830000 45.590000 55.000000 72.000000 90.000000 78.000000 0.721985
543427.150000 6581210.490000 45.610000 56.000000 73.000000 93.000000 79.000000 0.702988
543427.240000 6581210.150000 45.660000 57.000000 74.000000 94.000000 79.000000 0.690979
543427.560000 6581210.340000 45.550000 55.000000 73.000000 93.000000 75.000000 0.690643
543427.640000 6581210.010000 45.600000 58.000000 75.000000 95.000000 80.000000 0.711655
543428.160000 6581208.620000 45.670000 14.000000 22.000000 35.000000 34.000000 0.473984
543418.840000 6581205.550000 46.340000 121.000000 142.000000 145.000000 103.000000 0.641312
543418.910000 6581205.840000 46.540000 154.000000 165.000000 171.000000 118.000000 0.652313
543418.990000 6581206.140000 46.700000 242.000000 254.000000 252.000000 216.000000 0.646988
543419.050000 6581206.400000 46.850000 212.000000 224.000000 224.000000 182.000000 0.652985
543419.060000 6581205.330000 46.390000 143.000000 154.000000 158.000000 121.000000 0.679977
543419.130000 6581205.630000 46.520000 115.000000 130.000000 137.000000 97.000000 0.650986
543419.210000 6581205.910000 46.700000 162.000000 177.000000 182.000000 122.000000 0.662323
543419.270000 6581206.190000 46.880000 227.000000 238.000000 240.000000 201.000000 0.647980
543419.360000 6581206.530000 46.870000 226.000000 237.000000 229.000000 202.000000 0.601318
543419.340000 6581205.190000 46.500000 125.000000 140.000000 145.000000 102.000000 0.597977
543419.410000 6581205.470000 46.610000 114.000000 129.000000 132.000000 98.000000 0.661987
543419.480000 6581205.750000 46.770000 162.000000 180.000000 184.000000 129.000000 0.664642
543419.550000 6581206.010000 46.910000 199.000000 215.000000 215.000000 161.000000 0.609650
543419.640000 6581206.350000 46.790000 208.000000 220.000000 218.000000 188.000000 0.621643
543419.660000 6581205.000000 46.700000 154.000000 177.000000 185.000000 128.000000 0.616318
543419.730000 6581205.290000 46.710000 127.000000 148.000000 153.000000 105.000000 0.638321
543419.810000 6581205.580000 46.830000 105.000000 124.000000 128.000000 95.000000 0.640320
543419.990000 6581206.260000 46.690000 210.000000 220.000000 221.000000 172.000000 0.580643
543418.440000 6581206.050000 46.380000 205.000000 221.000000 220.000000 180.000000 0.655655
543418.720000 6581206.220000 46.590000 244.000000 254.000000 255.000000 219.000000 0.631653
543418.790000 6581205.950000 46.520000 174.000000 187.000000 193.000000 140.000000 0.651321
543418.870000 6581205.630000 46.440000 126.000000 140.000000 149.000000 105.000000 0.623978
543418.930000 6581206.180000 46.700000 242.000000 254.000000 252.000000 216.000000 0.612976
543419.010000 6581205.870000 46.590000 147.000000 164.000000 171.000000 113.000000 0.656647
543419.080000 6581205.570000 46.480000 121.000000 132.000000 138.000000 92.000000 0.618317
543419.150000 6581205.290000 46.400000 150.000000 164.000000 167.000000 119.000000 0.607651
543419.140000 6581206.270000 46.810000 223.000000 230.000000 236.000000 195.000000 0.636978
543419.210000 6581205.980000 46.710000 162.000000 177.000000 182.000000 122.000000 0.617645
543419.290000 6581205.680000 46.660000 109.000000 124.000000 129.000000 91.000000 0.646652
543419.360000 6581205.380000 46.560000 107.000000 121.000000 124.000000 91.000000 0.637985
543419.430000 6581205.080000 46.570000 116.000000 133.000000 140.000000 100.000000 0.580322
543419.520000 6581204.730000 46.760000 152.000000 170.000000 180.000000 126.000000 0.545990
543419.390000 6581206.620000 46.840000 219.000000 230.000000 224.000000 197.000000 0.613647
543419.480000 6581206.270000 46.970000 222.000000 234.000000 234.000000 194.000000 0.623978
543419.550000 6581205.960000 46.900000 162.000000 180.000000 182.000000 127.000000 0.614319
543419.620000 6581205.670000 46.820000 117.000000 135.000000 139.000000 98.000000 0.596985
543419.690000 6581205.360000 46.730000 124.000000 142.000000 146.000000 107.000000 0.636322
543419.770000 6581205.060000 46.700000 153.000000 176.000000 182.000000 126.000000 0.580643
543419.730000 6581206.710000 46.610000 231.000000 244.000000 252.000000 214.000000 0.612656
543419.820000 6581206.370000 46.710000 208.000000 218.000000 217.000000 179.000000 0.616653
543419.900000 6581206.020000 46.800000 213.000000 225.000000 225.000000 171.000000 0.602646
543419.980000 6581205.690000 46.890000 112.000000 130.000000 134.000000 92.000000 0.606979
543420.130000 6581205.170000 46.850000 149.000000 171.000000 182.000000 123.000000 0.637650
543420.210000 6581205.450000 46.890000 159.000000 177.000000 187.000000 133.000000 0.602982
543420.300000 6581205.830000 46.710000 105.000000 120.000000 125.000000 85.000000 0.576981
543420.390000 6581206.160000 46.560000 187.000000 202.000000 209.000000 159.000000 0.616653
543420.550000 6581206.770000 46.460000 166.000000 185.000000 192.000000 128.000000 0.621323
543420.550000 6581205.630000 46.750000 154.000000 172.000000 182.000000 126.000000 0.612976
543420.710000 6581206.250000 46.630000 135.000000 157.000000 168.000000 113.000000 0.604309
543420.800000 6581206.580000 46.570000 112.000000 133.000000 138.000000 87.000000 0.595322
543420.890000 6581206.910000 46.510000 124.000000 139.000000 142.000000 99.000000 0.619324
543420.870000 6581205.720000 46.770000 150.000000 170.000000 177.000000 126.000000 0.550644
543420.950000 6581206.050000 46.720000 152.000000 172.000000 181.000000 127.000000 0.634323
543421.040000 6581206.370000 46.650000 119.000000 139.000000 148.000000 97.000000 0.584976
543421.120000 6581206.680000 46.610000 115.000000 134.000000 140.000000 92.000000 0.609985
543421.200000 6581207.020000 46.540000 143.000000 158.000000 163.000000 116.000000 0.628647
543421.380000 6581206.260000 46.760000 153.000000 173.000000 184.000000 123.000000 0.631653
543421.460000 6581206.580000 46.700000 144.000000 163.000000 170.000000 121.000000 0.605652
543421.550000 6581206.920000 46.630000 137.000000 154.000000 162.000000 119.000000 0.599655
543421.630000 6581207.220000 46.580000 136.000000 153.000000 160.000000 105.000000 0.570312
543421.800000 6581206.510000 46.780000 155.000000 173.000000 183.000000 124.000000 0.581650
543421.880000 6581206.840000 46.720000 150.000000 170.000000 177.000000 128.000000 0.607315
543421.970000 6581207.180000 46.660000 124.000000 143.000000 150.000000 102.000000 0.559311
543422.060000 6581207.500000 46.580000 152.000000 165.000000 171.000000 120.000000 0.589981
543422.250000 6581207.020000 46.720000 156.000000 175.000000 182.000000 128.000000 0.593323
543422.340000 6581207.380000 46.660000 120.000000 135.000000 142.000000 99.000000 0.626984
543422.420000 6581207.690000 46.600000 126.000000 138.000000 136.000000 98.000000 0.626984
543422.620000 6581207.600000 46.680000 127.000000 139.000000 129.000000 104.000000 0.591644
543422.700000 6581207.920000 46.630000 123.000000 139.000000 136.000000 96.000000 0.624313
543423.040000 6581207.710000 46.760000 66.000000 67.000000 62.000000 57.000000 0.579315
543423.130000 6581208.040000 46.700000 114.000000 124.000000 123.000000 99.000000 0.655975
543423.510000 6581208.120000 46.700000 81.000000 96.000000 117.000000 77.000000 0.598648
543423.830000 6581208.330000 46.740000 83.000000 98.000000 119.000000 78.000000 0.620651
543424.120000 6581208.440000 46.790000 76.000000 94.000000 116.000000 73.000000 0.595322
543424.190000 6581208.710000 46.930000 73.000000 95.000000 108.000000 76.000000 0.608322
543424.620000 6581208.880000 46.860000 148.000000 167.000000 181.000000 121.000000 0.640656
543420.060000 6581205.360000 46.900000 156.000000 176.000000 183.000000 135.000000 0.636322
543420.080000 6581206.480000 46.540000 194.000000 208.000000 217.000000 176.000000 0.610977
543420.160000 6581206.160000 46.640000 224.000000 235.000000 237.000000 199.000000 0.561646
543420.240000 6581205.820000 46.750000 107.000000 120.000000 126.000000 85.000000 0.606323
543420.320000 6581205.500000 46.840000 155.000000 175.000000 184.000000 128.000000 0.574982
543420.330000 6581206.570000 46.490000 108.000000 125.000000 132.000000 90.000000 0.618988
543420.410000 6581206.240000 46.590000 66.000000 83.000000 91.000000 60.000000 0.611649
543420.490000 6581205.920000 46.650000 144.000000 159.000000 166.000000 130.000000 0.552658
543420.580000 6581205.580000 46.760000 152.000000 172.000000 183.000000 126.000000 0.589310
543420.660000 6581206.820000 46.480000 166.000000 184.000000 186.000000 126.000000 0.601318
543420.740000 6581206.480000 46.600000 146.000000 166.000000 173.000000 117.000000 0.612656
543420.820000 6581206.140000 46.670000 133.000000 153.000000 162.000000 108.000000 0.601318
543420.910000 6581205.800000 46.780000 151.000000 171.000000 178.000000 123.000000 0.571320
543420.970000 6581207.100000 46.480000 144.000000 162.000000 164.000000 113.000000 0.639313
543421.050000 6581206.770000 46.590000 120.000000 137.000000 144.000000 98.000000 0.620987
543421.130000 6581206.440000 46.640000 113.000000 134.000000 139.000000 99.000000 0.590988
543421.210000 6581206.110000 46.710000 150.000000 170.000000 181.000000 126.000000 0.577988
543421.330000 6581206.930000 46.600000 133.000000 148.000000 155.000000 105.000000 0.602982
543421.410000 6581206.600000 46.650000 128.000000 147.000000 154.000000 102.000000 0.591324
543421.490000 6581206.270000 46.780000 151.000000 171.000000 182.000000 123.000000 0.617981
543421.560000 6581207.180000 46.570000 122.000000 139.000000 146.000000 99.000000 0.568649
543421.640000 6581206.840000 46.650000 119.000000 138.000000 145.000000 100.000000 0.567657
543421.720000 6581206.490000 46.780000 151.000000 169.000000 179.000000 122.000000 0.591980
543421.870000 6581207.440000 46.570000 148.000000 163.000000 168.000000 117.000000 0.556656
543421.960000 6581207.080000 46.660000 118.000000 137.000000 144.000000 97.000000 0.539322
543422.040000 6581206.720000 46.800000 150.000000 170.000000 179.000000 124.000000 0.590988
543422.250000 6581207.420000 46.640000 97.000000 108.000000 114.000000 80.000000 0.619980
543422.330000 6581207.100000 46.710000 159.000000 176.000000 184.000000 134.000000 0.576645
543422.490000 6581207.570000 46.650000 83.000000 93.000000 103.000000 83.000000 0.611313
543422.570000 6581207.250000 46.760000 131.000000 150.000000 144.000000 111.000000 0.598984
543422.700000 6581207.820000 46.620000 118.000000 134.000000 131.000000 92.000000 0.589981
543423.380000 6581208.190000 46.680000 79.000000 93.000000 104.000000 74.000000 0.649643
543423.460000 6581207.860000 46.760000 59.000000 69.000000 78.000000 69.000000 0.565643
543423.600000 6581208.360000 46.650000 86.000000 99.000000 116.000000 76.000000 0.650314
543423.670000 6581208.050000 46.760000 81.000000 98.000000 118.000000 77.000000 0.575317
543424.200000 6581208.470000 46.870000 76.000000 94.000000 116.000000 73.000000 0.597656
543424.710000 6581208.890000 46.840000 149.000000 171.000000 182.000000 123.000000 0.586990
543424.890000 6581209.900000 46.400000 169.000000 189.000000 190.000000 136.000000 0.629654
543424.450000 6581211.730000 45.750000 109.000000 123.000000 134.000000 92.000000 0.595978
543424.520000 6581211.000000 46.030000 96.000000 117.000000 120.000000 81.000000 0.605652
543424.810000 6581211.100000 45.860000 128.000000 146.000000 150.000000 106.000000 0.622314
543424.490000 6581212.150000 45.600000 94.000000 112.000000 122.000000 77.000000 0.313660
543424.570000 6581211.810000 45.640000 114.000000 131.000000 141.000000 96.000000 0.603653
543424.650000 6581211.480000 45.790000 105.000000 124.000000 131.000000 82.000000 0.565323
543424.730000 6581211.160000 45.870000 115.000000 133.000000 143.000000 103.000000 0.592987
543424.810000 6581210.840000 45.970000 149.000000 167.000000 169.000000 121.000000 0.599655
543417.320000 6581206.400000 45.950000 237.000000 253.000000 243.000000 216.000000 0.629318
543417.610000 6581206.110000 45.950000 237.000000 252.000000 245.000000 220.000000 0.665985
543417.680000 6581206.370000 46.130000 225.000000 230.000000 233.000000 192.000000 0.639648
543417.800000 6581205.940000 45.980000 198.000000 208.000000 207.000000 183.000000 0.676987
543417.870000 6581206.200000 46.150000 215.000000 227.000000 225.000000 194.000000 0.677643
543418.110000 6581205.740000 46.050000 132.000000 150.000000 154.000000 115.000000 0.643311
543418.190000 6581206.030000 46.200000 236.000000 246.000000 245.000000 213.000000 0.648315
543417.260000 6581206.480000 45.960000 235.000000 252.000000 242.000000 217.000000 0.621979
543417.710000 6581205.950000 45.960000 189.000000 204.000000 197.000000 175.000000 0.660645
543417.780000 6581205.670000 45.910000 180.000000 192.000000 170.000000 201.000000 0.659653
543417.880000 6581206.180000 46.160000 230.000000 242.000000 238.000000 204.000000 0.615311
543417.960000 6581205.850000 46.050000 122.000000 132.000000 131.000000 102.000000 0.651321
543418.100000 6581206.100000 46.240000 241.000000 252.000000 248.000000 212.000000 0.655319
543417.100000 6581206.800000 45.720000 216.000000 231.000000 226.000000 190.000000 0.604309
543417.400000 6581206.700000 45.950000 225.000000 230.000000 236.000000 198.000000 0.567322
543417.490000 6581207.060000 45.810000 213.000000 229.000000 228.000000 187.000000 0.600983
543417.760000 6581206.690000 46.150000 228.000000 240.000000 240.000000 202.000000 0.601990
543417.850000 6581207.040000 46.000000 243.000000 254.000000 255.000000 220.000000 0.597321
543417.940000 6581207.390000 45.830000 206.000000 220.000000 221.000000 183.000000 0.618652
543417.960000 6581206.510000 46.310000 219.000000 231.000000 231.000000 190.000000 0.615646
543418.040000 6581206.840000 46.180000 215.000000 227.000000 227.000000 186.000000 0.598648
543418.130000 6581207.180000 46.030000 210.000000 224.000000 224.000000 184.000000 0.601318
543418.220000 6581207.530000 45.890000 129.000000 145.000000 145.000000 99.000000 0.615982
543418.250000 6581206.290000 46.390000 234.000000 244.000000 245.000000 222.000000 0.655319
543418.330000 6581206.590000 46.480000 216.000000 230.000000 230.000000 185.000000 0.610657
543418.420000 6581206.910000 46.340000 215.000000 227.000000 227.000000 183.000000 0.596313
543418.500000 6581207.250000 46.160000 222.000000 236.000000 236.000000 196.000000 0.593979
543418.600000 6581207.610000 45.990000 150.000000 170.000000 171.000000 126.000000 0.618317
543418.680000 6581207.940000 45.860000 140.000000 161.000000 164.000000 115.000000 0.622986
543418.750000 6581206.860000 46.550000 221.000000 233.000000 231.000000 197.000000 0.589981
543418.840000 6581207.200000 46.410000 232.000000 244.000000 242.000000 205.000000 0.597321
543418.930000 6581207.530000 46.250000 135.000000 151.000000 151.000000 116.000000 0.613312
543419.020000 6581207.890000 46.070000 163.000000 184.000000 187.000000 142.000000 0.580978
543419.110000 6581208.240000 45.920000 151.000000 170.000000 176.000000 119.000000 0.620651
543419.200000 6581208.570000 45.760000 125.000000 144.000000 150.000000 106.000000 0.623322
543419.320000 6581207.420000 46.510000 124.000000 139.000000 146.000000 103.000000 0.591644
543419.410000 6581207.780000 46.320000 110.000000 128.000000 138.000000 86.000000 0.593643
543419.510000 6581208.150000 46.150000 120.000000 138.000000 148.000000 96.000000 0.575653
543419.600000 6581208.500000 45.980000 104.000000 123.000000 129.000000 91.000000 0.578323
543419.680000 6581208.810000 45.860000 101.000000 121.000000 128.000000 81.000000 0.660645
543419.630000 6581207.540000 46.320000 110.000000 128.000000 138.000000 93.000000 0.603653
543419.720000 6581207.910000 46.130000 124.000000 144.000000 151.000000 101.000000 0.586990
543419.810000 6581208.250000 46.020000 118.000000 138.000000 145.000000 98.000000 0.587982
543419.890000 6581208.560000 45.940000 135.000000 156.000000 157.000000 102.000000 0.568649
543419.990000 6581208.920000 45.890000 165.000000 186.000000 189.000000 128.000000 0.650650
543417.490000 6581206.880000 45.910000 216.000000 223.000000 231.000000 187.000000 0.585312
543417.570000 6581206.540000 46.140000 216.000000 227.000000 231.000000 191.000000 0.612320
543417.640000 6581207.170000 45.820000 212.000000 226.000000 227.000000 184.000000 0.598312
543417.730000 6581206.790000 46.100000 219.000000 231.000000 231.000000 193.000000 0.576324
543417.810000 6581206.450000 46.240000 222.000000 234.000000 234.000000 199.000000 0.596649
543417.860000 6581207.090000 45.950000 243.000000 254.000000 255.000000 220.000000 0.599655
543417.960000 6581206.700000 46.230000 214.000000 226.000000 226.000000 187.000000 0.590317
543418.030000 6581206.370000 46.300000 206.000000 220.000000 221.000000 183.000000 0.636978
543418.100000 6581207.440000 45.870000 140.000000 155.000000 158.000000 105.000000 0.608322
543418.190000 6581207.060000 46.120000 218.000000 232.000000 232.000000 195.000000 0.585312
543418.280000 6581206.690000 46.390000 217.000000 231.000000 231.000000 191.000000 0.585648
543418.370000 6581206.330000 46.490000 207.000000 215.000000 217.000000 182.000000 0.658981
543418.380000 6581207.610000 45.920000 138.000000 156.000000 158.000000 112.000000 0.598312
543418.470000 6581207.260000 46.210000 214.000000 228.000000 228.000000 188.000000 0.610321
543418.560000 6581206.910000 46.460000 220.000000 232.000000 232.000000 191.000000 0.615646
543418.500000 6581207.940000 45.740000 152.000000 173.000000 176.000000 124.000000 0.608643
543418.590000 6581207.580000 46.030000 150.000000 168.000000 168.000000 120.000000 0.612656
543418.680000 6581207.210000 46.300000 234.000000 246.000000 246.000000 207.000000 0.612656
543418.720000 6581208.020000 45.870000 132.000000 152.000000 153.000000 103.000000 0.602310
543418.810000 6581207.650000 46.070000 143.000000 161.000000 163.000000 111.000000 0.606644
543418.890000 6581207.290000 46.360000 232.000000 244.000000 242.000000 205.000000 0.603989
543418.990000 6581206.910000 46.630000 212.000000 222.000000 221.000000 193.000000 0.596649
543419.040000 6581208.040000 45.960000 152.000000 170.000000 174.000000 122.000000 0.606323
543419.130000 6581207.680000 46.260000 135.000000 153.000000 157.000000 108.000000 0.587982
543419.230000 6581207.280000 46.510000 234.000000 244.000000 245.000000 211.000000 0.595322
543419.320000 6581208.430000 45.870000 142.000000 159.000000 166.000000 114.000000 0.565643
543419.400000 6581208.050000 46.160000 113.000000 131.000000 143.000000 94.000000 0.590988
543419.490000 6581207.720000 46.310000 110.000000 128.000000 138.000000 86.000000 0.588989
543419.580000 6581208.530000 45.960000 97.000000 116.000000 120.000000 82.000000 0.610321
543419.660000 6581208.210000 46.050000 112.000000 133.000000 138.000000 97.000000 0.583313
543419.750000 6581207.830000 46.190000 126.000000 146.000000 155.000000 103.000000 0.580978
543419.760000 6581208.920000 45.840000 122.000000 142.000000 149.000000 97.000000 0.648315
543419.840000 6581208.580000 45.900000 135.000000 156.000000 157.000000 102.000000 0.592316
543419.930000 6581208.230000 46.030000 139.000000 158.000000 165.000000 112.000000 0.592316
543420.070000 6581209.230000 45.830000 134.000000 153.000000 157.000000 109.000000 0.633316
543420.090000 6581208.090000 46.080000 144.000000 162.000000 166.000000 117.000000 0.630981
543420.170000 6581208.400000 46.030000 152.000000 171.000000 175.000000 115.000000 0.642654
543420.260000 6581208.740000 46.010000 146.000000 164.000000 166.000000 107.000000 0.621643
543420.340000 6581209.060000 45.910000 156.000000 174.000000 178.000000 118.000000 0.610657
543420.430000 6581209.380000 45.860000 140.000000 160.000000 161.000000 101.000000 0.642319
543420.580000 6581208.530000 46.090000 177.000000 195.000000 199.000000 139.000000 0.578323
543420.660000 6581208.840000 46.020000 176.000000 197.000000 200.000000 136.000000 0.570648
543420.750000 6581209.200000 45.950000 158.000000 177.000000 181.000000 124.000000 0.609650
543420.830000 6581209.510000 45.890000 160.000000 180.000000 181.000000 118.000000 0.589981
543420.910000 6581209.800000 45.880000 147.000000 168.000000 169.000000 113.000000 0.600983
543421.230000 6581209.380000 45.990000 152.000000 172.000000 173.000000 110.000000 0.629990
543421.300000 6581209.680000 45.960000 162.000000 177.000000 180.000000 127.000000 0.627655
543421.390000 6581209.990000 45.940000 157.000000 175.000000 177.000000 124.000000 0.621323
543421.640000 6581209.830000 46.150000 150.000000 172.000000 170.000000 123.000000 0.656311
543420.010000 6581207.900000 46.130000 132.000000 151.000000 155.000000 110.000000 0.627975
543420.090000 6581209.140000 45.850000 125.000000 144.000000 150.000000 99.000000 0.611313
543420.160000 6581208.840000 45.930000 126.000000 145.000000 152.000000 102.000000 0.613647
543420.240000 6581208.510000 46.000000 134.000000 152.000000 154.000000 100.000000 0.633316
543420.400000 6581209.450000 45.800000 144.000000 164.000000 163.000000 102.000000 0.622650
543420.470000 6581209.130000 45.910000 161.000000 180.000000 184.000000 124.000000 0.585983
543420.560000 6581208.790000 46.010000 170.000000 189.000000 195.000000 133.000000 0.600647
543420.680000 6581209.570000 45.840000 154.000000 174.000000 175.000000 111.000000 0.577652
543420.760000 6581209.250000 45.940000 158.000000 177.000000 181.000000 124.000000 0.594315
543420.850000 6581208.890000 46.040000 164.000000 184.000000 185.000000 130.000000 0.596649
543420.910000 6581209.810000 45.820000 147.000000 168.000000 171.000000 117.000000 0.593323
543421.000000 6581209.480000 45.920000 165.000000 183.000000 185.000000 123.000000 0.601318
543421.070000 6581209.160000 46.030000 155.000000 175.000000 176.000000 115.000000 0.639313
543421.310000 6581209.740000 46.010000 179.000000 194.000000 197.000000 136.000000 0.624313
543421.480000 6581210.360000 45.810000 189.000000 207.000000 207.000000 150.000000 0.640320
543421.730000 6581210.160000 46.070000 169.000000 184.000000 187.000000 127.000000 0.595657
543421.820000 6581210.500000 45.880000 201.000000 212.000000 216.000000 179.000000 0.589645
543422.140000 6581210.600000 45.990000 241.000000 244.000000 249.000000 209.000000 0.569977
543422.230000 6581210.960000 45.800000 147.000000 169.000000 167.000000 123.000000 0.605652
543422.650000 6581211.140000 45.920000 160.000000 179.000000 183.000000 128.000000 0.593323
543423.060000 6581211.360000 45.990000 157.000000 178.000000 181.000000 127.000000 0.618652
543423.150000 6581211.700000 45.810000 154.000000 173.000000 179.000000 124.000000 0.602982
543423.510000 6581211.880000 45.880000 148.000000 169.000000 174.000000 125.000000 0.632645
543423.810000 6581212.180000 45.810000 101.000000 121.000000 130.000000 78.000000 0.551315
543421.230000 6581210.060000 45.880000 171.000000 186.000000 189.000000 140.000000 0.627975
543421.600000 6581210.100000 45.980000 179.000000 194.000000 199.000000 139.000000 0.628983
543421.840000 6581210.250000 46.060000 215.000000 231.000000 230.000000 183.000000 0.627319
543422.040000 6581210.490000 45.970000 214.000000 224.000000 225.000000 185.000000 0.602982
543422.340000 6581210.850000 45.930000 151.000000 169.000000 169.000000 116.000000 0.606323
543422.660000 6581211.140000 45.890000 160.000000 179.000000 183.000000 128.000000 0.574310
543422.860000 6581211.370000 45.850000 129.000000 153.000000 157.000000 104.000000 0.579651
543423.100000 6581211.540000 45.880000 140.000000 159.000000 165.000000 111.000000 0.585312
543423.370000 6581211.840000 45.810000 135.000000 156.000000 161.000000 112.000000 0.590652
543423.880000 6581212.300000 45.790000 96.000000 116.000000 125.000000 76.000000 0.556656
543418.600000 6581206.240000 46.510000 223.000000 232.000000 231.000000 199.000000 0.659653
543418.660000 6581206.500000 46.650000 212.000000 226.000000 226.000000 185.000000 0.632309
543419.230000 6581207.070000 46.700000 217.000000 226.000000 225.000000 192.000000 0.600647
543419.450000 6581206.870000 46.710000 240.000000 251.000000 245.000000 217.000000 0.584976
543419.540000 6581207.190000 46.520000 159.000000 172.000000 178.000000 142.000000 0.593979
543419.740000 6581206.730000 46.590000 231.000000 244.000000 252.000000 214.000000 0.564651
543419.820000 6581207.050000 46.460000 94.000000 111.000000 121.000000 84.000000 0.590652
543419.920000 6581207.420000 46.240000 108.000000 128.000000 137.000000 91.000000 0.580322
543418.650000 6581206.530000 46.710000 216.000000 230.000000 230.000000 189.000000 0.607651
543418.870000 6581206.460000 46.760000 220.000000 234.000000 234.000000 197.000000 0.623642
543419.310000 6581206.930000 46.740000 209.000000 218.000000 217.000000 192.000000 0.597321
543419.570000 6581207.350000 46.440000 96.000000 110.000000 121.000000 76.000000 0.606644
543419.660000 6581207.020000 46.520000 151.000000 164.000000 170.000000 129.000000 0.629654
543419.830000 6581207.520000 46.270000 121.000000 141.000000 150.000000 100.000000 0.572311
543419.910000 6581207.160000 46.370000 114.000000 134.000000 143.000000 97.000000 0.608978
543420.170000 6581206.940000 46.390000 100.000000 119.000000 125.000000 73.000000 0.625977
543420.250000 6581207.270000 46.330000 132.000000 152.000000 163.000000 100.000000 0.694977
543420.330000 6581207.590000 46.260000 170.000000 191.000000 194.000000 127.000000 0.625320
543420.410000 6581207.900000 46.230000 132.000000 150.000000 154.000000 106.000000 0.650986
543420.640000 6581207.100000 46.400000 141.000000 159.000000 161.000000 110.000000 0.594315
543420.720000 6581207.420000 46.340000 165.000000 183.000000 185.000000 125.000000 0.646652
543420.800000 6581207.730000 46.270000 167.000000 185.000000 189.000000 128.000000 0.648315
543420.890000 6581208.060000 46.240000 157.000000 175.000000 179.000000 121.000000 0.607315
543420.980000 6581208.410000 46.150000 182.000000 202.000000 203.000000 142.000000 0.574982
543421.050000 6581208.700000 46.110000 148.000000 168.000000 169.000000 114.000000 0.577652
543421.140000 6581209.050000 46.030000 156.000000 176.000000 177.000000 115.000000 0.665649
543420.960000 6581207.210000 46.470000 152.000000 172.000000 173.000000 121.000000 0.638321
543421.050000 6581207.560000 46.410000 175.000000 194.000000 198.000000 137.000000 0.657318
543421.140000 6581207.900000 46.350000 175.000000 190.000000 195.000000 133.000000 0.571991
543421.220000 6581208.190000 46.280000 179.000000 197.000000 201.000000 144.000000 0.583313
543421.300000 6581208.520000 46.230000 146.000000 166.000000 167.000000 109.000000 0.599319
543421.390000 6581208.870000 46.160000 163.000000 183.000000 184.000000 124.000000 0.642654
543421.470000 6581209.180000 46.110000 155.000000 175.000000 174.000000 118.000000 0.622650
543421.560000 6581209.520000 46.070000 163.000000 181.000000 181.000000 125.000000 0.642319
543421.290000 6581207.350000 46.470000 164.000000 183.000000 187.000000 132.000000 0.614319
543421.380000 6581207.690000 46.390000 151.000000 170.000000 174.000000 115.000000 0.589310
543421.470000 6581208.020000 46.350000 162.000000 180.000000 184.000000 128.000000 0.604645
543421.550000 6581208.350000 46.290000 150.000000 168.000000 172.000000 114.000000 0.609985
543421.640000 6581208.680000 46.220000 165.000000 185.000000 186.000000 122.000000 0.624313
543421.710000 6581208.980000 46.200000 154.000000 174.000000 175.000000 118.000000 0.631989
543421.800000 6581209.290000 46.140000 173.000000 191.000000 191.000000 132.000000 0.661316
543421.880000 6581209.610000 46.200000 164.000000 182.000000 186.000000 123.000000 0.683655
543421.960000 6581209.900000 46.320000 176.000000 197.000000 198.000000 136.000000 0.629654
543421.720000 6581207.540000 46.500000 157.000000 175.000000 179.000000 117.000000 0.567322
543421.810000 6581207.900000 46.450000 121.000000 141.000000 140.000000 96.000000 0.618317
543421.890000 6581208.210000 46.400000 149.000000 167.000000 167.000000 115.000000 0.622650
543421.970000 6581208.530000 46.340000 160.000000 178.000000 178.000000 116.000000 0.613647
543422.060000 6581208.890000 46.270000 176.000000 196.000000 195.000000 134.000000 0.630646
543422.150000 6581209.230000 46.220000 164.000000 182.000000 184.000000 121.000000 0.615646
543422.230000 6581209.510000 46.300000 156.000000 171.000000 174.000000 122.000000 0.650650
543422.300000 6581209.780000 46.470000 176.000000 191.000000 196.000000 132.000000 0.663986
543422.150000 6581207.850000 46.520000 143.000000 162.000000 160.000000 118.000000 0.636978
543422.230000 6581208.160000 46.490000 164.000000 183.000000 181.000000 125.000000 0.603317
543422.310000 6581208.490000 46.400000 173.000000 192.000000 190.000000 139.000000 0.633987
543422.390000 6581208.800000 46.320000 173.000000 191.000000 191.000000 136.000000 0.628983
543422.480000 6581209.140000 46.340000 147.000000 165.000000 165.000000 108.000000 0.576645
543422.560000 6581209.420000 46.410000 162.000000 178.000000 178.000000 128.000000 0.645309
543422.620000 6581209.670000 46.610000 179.000000 198.000000 202.000000 140.000000 0.626984
543422.700000 6581209.980000 46.670000 197.000000 211.000000 211.000000 163.000000 0.576981
543422.500000 6581207.990000 46.530000 136.000000 150.000000 151.000000 101.000000 0.609314
543422.580000 6581208.310000 46.500000 173.000000 189.000000 188.000000 125.000000 0.667313
543422.670000 6581208.640000 46.420000 168.000000 184.000000 183.000000 135.000000 0.656982
543422.820000 6581209.240000 46.500000 169.000000 188.000000 192.000000 131.000000 0.654312
543422.900000 6581209.520000 46.620000 176.000000 194.000000 194.000000 137.000000 0.631317
543422.970000 6581209.810000 46.760000 222.000000 236.000000 236.000000 194.000000 0.641983
543422.790000 6581208.250000 46.550000 164.000000 179.000000 172.000000 123.000000 0.616653
543422.870000 6581208.570000 46.460000 141.000000 155.000000 155.000000 105.000000 0.628647
543422.960000 6581208.900000 46.440000 147.000000 166.000000 173.000000 115.000000 0.632645
543423.040000 6581209.200000 46.540000 153.000000 174.000000 179.000000 125.000000 0.621979
543423.100000 6581209.470000 46.700000 159.000000 179.000000 180.000000 122.000000 0.624649
543423.170000 6581209.740000 46.860000 218.000000 232.000000 235.000000 191.000000 0.624649
543423.200000 6581208.340000 46.610000 129.000000 144.000000 141.000000 104.000000 0.615646
543423.290000 6581208.680000 46.560000 138.000000 154.000000 154.000000 108.000000 0.635651
543423.380000 6581209.000000 46.640000 141.000000 161.000000 162.000000 106.000000 0.724655
543423.440000 6581209.280000 46.780000 154.000000 172.000000 174.000000 123.000000 0.660309
543423.520000 6581209.550000 46.950000 210.000000 224.000000 225.000000 183.000000 0.622986
543423.610000 6581209.910000 46.870000 213.000000 223.000000 222.000000 186.000000 0.599976
543423.590000 6581208.420000 46.650000 101.000000 115.000000 128.000000 90.000000 0.682312
543423.670000 6581208.730000 46.710000 112.000000 129.000000 137.000000 91.000000 0.654984
543423.740000 6581209.010000 46.840000 131.000000 148.000000 155.000000 109.000000 0.680649
543423.810000 6581209.270000 46.990000 170.000000 183.000000 189.000000 124.000000 0.614319
543423.900000 6581209.610000 46.850000 207.000000 219.000000 217.000000 181.000000 0.616653
543423.910000 6581208.660000 46.770000 68.000000 85.000000 101.000000 65.000000 0.633652
543423.980000 6581208.930000 46.940000 41.000000 55.000000 68.000000 33.000000 0.656647
543424.060000 6581209.250000 46.920000 145.000000 159.000000 168.000000 112.000000 0.589981
543424.250000 6581209.960000 46.540000 138.000000 151.000000 159.000000 105.000000 0.590317
543424.280000 6581209.030000 46.920000 49.000000 68.000000 83.000000 48.000000 0.614990
543424.360000 6581209.370000 46.740000 158.000000 177.000000 184.000000 106.000000 0.612320
543424.700000 6581209.210000 46.680000 166.000000 188.000000 199.000000 147.000000 0.627975
543424.790000 6581209.530000 46.520000 108.000000 127.000000 134.000000 95.000000 0.635651
543420.000000 6581206.800000 46.470000 121.000000 138.000000 145.000000 96.000000 0.614655
543420.090000 6581207.560000 46.220000 109.000000 129.000000 136.000000 91.000000 0.639648
543420.170000 6581207.240000 46.320000 113.000000 135.000000 148.000000 92.000000 0.658310
543420.250000 6581206.920000 46.410000 112.000000 131.000000 138.000000 88.000000 0.618988
543420.330000 6581208.150000 46.130000 111.000000 125.000000 134.000000 88.000000 0.594650
543420.410000 6581207.820000 46.210000 146.000000 164.000000 168.000000 106.000000 0.633316
543420.490000 6581207.500000 46.300000 161.000000 181.000000 182.000000 121.000000 0.620987
543420.580000 6581207.150000 46.380000 151.000000 171.000000 172.000000 119.000000 0.591324
543420.730000 6581208.090000 46.190000 161.000000 179.000000 183.000000 126.000000 0.647308
543420.810000 6581207.770000 46.280000 167.000000 185.000000 189.000000 128.000000 0.642319
543420.890000 6581207.420000 46.390000 158.000000 178.000000 179.000000 123.000000 0.627975
543420.920000 6581208.570000 46.130000 181.000000 201.000000 202.000000 139.000000 0.589310
543421.080000 6581207.930000 46.280000 168.000000 183.000000 188.000000 128.000000 0.584320
543421.160000 6581207.590000 46.390000 171.000000 192.000000 195.000000 134.000000 0.612320
543421.150000 6581208.840000 46.100000 153.000000 173.000000 174.000000 116.000000 0.596985
543421.230000 6581208.500000 46.180000 155.000000 175.000000 176.000000 121.000000 0.591980
543421.320000 6581208.170000 46.290000 174.000000 192.000000 196.000000 140.000000 0.571655
543421.390000 6581207.850000 46.410000 162.000000 180.000000 184.000000 127.000000 0.561981
543421.480000 6581207.500000 46.490000 149.000000 168.000000 172.000000 118.000000 0.612320
543421.380000 6581209.420000 46.050000 153.000000 171.000000 173.000000 118.000000 0.653320
543421.480000 6581209.060000 46.150000 169.000000 189.000000 188.000000 128.000000 0.557648
543421.540000 6581208.760000 46.220000 173.000000 193.000000 194.000000 130.000000 0.585312
543421.630000 6581208.430000 46.290000 152.000000 172.000000 173.000000 117.000000 0.585983
543421.720000 6581208.050000 46.420000 127.000000 145.000000 147.000000 99.000000 0.594315
543421.790000 6581207.750000 46.480000 157.000000 177.000000 178.000000 116.000000 0.606323
543421.680000 6581209.750000 46.160000 155.000000 173.000000 175.000000 124.000000 0.604980
543421.760000 6581209.450000 46.100000 171.000000 189.000000 189.000000 134.000000 0.628983
543421.840000 6581209.130000 46.150000 175.000000 193.000000 193.000000 134.000000 0.653320
543421.920000 6581208.790000 46.250000 167.000000 187.000000 186.000000 128.000000 0.614655
543422.000000 6581208.460000 46.340000 169.000000 187.000000 187.000000 124.000000 0.587646
543422.090000 6581208.100000 46.430000 164.000000 183.000000 181.000000 129.000000 0.620987
543422.170000 6581207.760000 46.520000 128.000000 144.000000 144.000000 99.000000 0.626648
543421.930000 6581209.870000 46.290000 159.000000 180.000000 181.000000 126.000000 0.601318
543422.010000 6581209.550000 46.210000 158.000000 176.000000 178.000000 119.000000 0.597977
543422.080000 6581209.250000 46.210000 169.000000 187.000000 189.000000 131.000000 0.640976
543422.170000 6581208.910000 46.290000 166.000000 186.000000 185.000000 127.000000 0.604645
543422.250000 6581208.590000 46.360000 170.000000 189.000000 187.000000 136.000000 0.639313
543422.320000 6581208.270000 46.490000 141.000000 160.000000 158.000000 99.000000 0.581985
543422.400000 6581207.940000 46.540000 154.000000 168.000000 169.000000 116.000000 0.613983
543422.220000 6581209.790000 46.400000 170.000000 183.000000 189.000000 130.000000 0.601318
543422.290000 6581209.480000 46.340000 151.000000 169.000000 171.000000 116.000000 0.637985
543422.370000 6581209.170000 46.300000 149.000000 167.000000 169.000000 111.000000 0.633652
543422.450000 6581208.850000 46.330000 169.000000 188.000000 186.000000 125.000000 0.630646
543422.530000 6581208.500000 46.440000 170.000000 185.000000 182.000000 124.000000 0.601654
543422.610000 6581209.740000 46.570000 164.000000 184.000000 185.000000 130.000000 0.580643
543422.750000 6581209.130000 46.410000 173.000000 192.000000 198.000000 136.000000 0.635651
543422.830000 6581208.830000 46.410000 144.000000 161.000000 168.000000 111.000000 0.603989
543422.910000 6581208.500000 46.530000 143.000000 158.000000 153.000000 112.000000 0.581650
543422.990000 6581208.170000 46.570000 105.000000 121.000000 110.000000 86.000000 0.555649
543423.080000 6581209.440000 46.690000 159.000000 179.000000 180.000000 122.000000 0.632980
543423.150000 6581209.140000 46.590000 148.000000 169.000000 174.000000 115.000000 0.623322
543423.230000 6581208.830000 46.580000 161.000000 179.000000 181.000000 123.000000 0.634979
543423.300000 6581208.530000 46.600000 126.000000 140.000000 143.000000 93.000000 0.610977
543423.300000 6581209.580000 46.870000 223.000000 238.000000 243.000000 199.000000 0.607986
543423.370000 6581209.290000 46.790000 139.000000 158.000000 162.000000 111.000000 0.568314
543423.440000 6581209.010000 46.700000 150.000000 170.000000 171.000000 117.000000 0.617981
543423.510000 6581208.690000 46.610000 145.000000 160.000000 167.000000 120.000000 0.643982
543423.610000 6581209.410000 46.960000 212.000000 226.000000 227.000000 189.000000 0.627319
543423.690000 6581209.140000 46.870000 132.000000 150.000000 154.000000 108.000000 0.605652
543423.760000 6581208.820000 46.770000 109.000000 126.000000 136.000000 94.000000 0.637314
543423.840000 6581208.510000 46.710000 63.000000 79.000000 95.000000 66.000000 0.605988
543423.900000 6581209.710000 46.860000 197.000000 209.000000 207.000000 167.000000 0.593643
543423.980000 6581209.360000 46.970000 181.000000 192.000000 196.000000 147.000000 0.625320
543424.060000 6581209.030000 46.990000 41.000000 57.000000 70.000000 37.000000 0.587311
543424.120000 6581208.760000 46.910000 73.000000 95.000000 108.000000 76.000000 0.610657
543424.200000 6581209.950000 46.560000 177.000000 191.000000 200.000000 146.000000 0.614655
543424.280000 6581209.600000 46.670000 221.000000 233.000000 233.000000 188.000000 0.617981
543424.370000 6581209.230000 46.800000 61.000000 81.000000 92.000000 27.000000 0.614990
543424.450000 6581208.930000 46.860000 159.000000 176.000000 186.000000 132.000000 0.612656
543424.550000 6581209.560000 46.620000 124.000000 137.000000 143.000000 99.000000 0.613312
543424.620000 6581209.250000 46.720000 166.000000 188.000000 199.000000 147.000000 0.634323
543424.740000 6581209.760000 46.430000 126.000000 146.000000 153.000000 97.000000 0.603653
543422.040000 6581210.230000 46.170000 199.000000 213.000000 214.000000 159.000000 0.609985
543422.390000 6581210.110000 46.420000 216.000000 228.000000 228.000000 186.000000 0.591644
543422.470000 6581210.460000 46.230000 237.000000 245.000000 247.000000 205.000000 0.581650
543422.550000 6581210.780000 46.080000 196.000000 207.000000 211.000000 170.000000 0.611313
543422.790000 6581210.310000 46.520000 218.000000 230.000000 230.000000 186.000000 0.616653
543422.880000 6581210.650000 46.370000 218.000000 228.000000 229.000000 182.000000 0.581650
543422.970000 6581211.010000 46.140000 163.000000 182.000000 186.000000 130.000000 0.574646
543423.050000 6581210.110000 46.710000 210.000000 220.000000 219.000000 180.000000 0.626984
543423.140000 6581210.480000 46.560000 228.000000 240.000000 236.000000 203.000000 0.621643
543423.240000 6581210.860000 46.360000 178.000000 198.000000 207.000000 150.000000 0.625656
543423.320000 6581211.160000 46.200000 153.000000 172.000000 179.000000 123.000000 0.626648
543423.410000 6581211.510000 46.040000 160.000000 179.000000 183.000000 134.000000 0.623978
543423.350000 6581210.420000 46.710000 212.000000 224.000000 224.000000 179.000000 0.594650
543423.440000 6581210.770000 46.550000 184.000000 198.000000 207.000000 151.000000 0.593979
543423.530000 6581211.120000 46.360000 100.000000 117.000000 125.000000 85.000000 0.595322
543423.630000 6581211.480000 46.200000 97.000000 114.000000 122.000000 80.000000 0.591644
543423.720000 6581211.830000 46.010000 90.000000 104.000000 113.000000 72.000000 0.565643
543423.690000 6581210.230000 46.740000 211.000000 226.000000 233.000000 184.000000 0.602310
543423.780000 6581210.560000 46.550000 106.000000 119.000000 127.000000 81.000000 0.563324
543423.880000 6581210.920000 46.380000 93.000000 116.000000 124.000000 92.000000 0.594650
543423.970000 6581211.290000 46.200000 96.000000 116.000000 123.000000 87.000000 0.608643
543424.060000 6581211.640000 45.990000 96.000000 115.000000 122.000000 73.000000 0.578979
543424.150000 6581211.980000 45.800000 99.000000 119.000000 126.000000 82.000000 0.576981
543424.250000 6581212.370000 45.590000 106.000000 125.000000 132.000000 91.000000 0.421982
543424.010000 6581210.010000 46.610000 187.000000 201.000000 212.000000 164.000000 0.619644
543424.090000 6581210.330000 46.490000 110.000000 128.000000 140.000000 85.000000 0.604309
543424.180000 6581210.680000 46.300000 94.000000 114.000000 121.000000 79.000000 0.634979
543424.280000 6581211.060000 46.080000 98.000000 112.000000 125.000000 86.000000 0.609650
543424.370000 6581211.420000 45.910000 123.000000 141.000000 151.000000 94.000000 0.578644
543424.340000 6581210.300000 46.350000 112.000000 130.000000 140.000000 98.000000 0.591644
543424.430000 6581210.670000 46.200000 89.000000 110.000000 113.000000 83.000000 0.613312
543424.540000 6581210.050000 46.380000 111.000000 133.000000 144.000000 92.000000 0.625656
543424.630000 6581210.400000 46.200000 121.000000 145.000000 155.000000 102.000000 0.625656
543422.130000 6581210.130000 46.220000 209.000000 223.000000 223.000000 180.000000 0.586990
543422.430000 6581210.460000 46.230000 237.000000 245.000000 247.000000 205.000000 0.586990
543422.750000 6581210.780000 46.170000 207.000000 221.000000 224.000000 185.000000 0.583313
543422.840000 6581210.390000 46.450000 213.000000 225.000000 223.000000 184.000000 0.598984
543422.940000 6581210.020000 46.740000 209.000000 219.000000 218.000000 190.000000 0.625977
543422.950000 6581211.000000 46.100000 147.000000 171.000000 175.000000 124.000000 0.603989
543423.040000 6581210.620000 46.390000 217.000000 227.000000 228.000000 184.000000 0.586655
543423.130000 6581210.250000 46.670000 212.000000 224.000000 224.000000 181.000000 0.566986
543423.190000 6581211.170000 46.170000 132.000000 151.000000 157.000000 107.000000 0.600311
543423.280000 6581210.780000 46.480000 229.000000 244.000000 251.000000 198.000000 0.576324
543423.370000 6581210.420000 46.720000 212.000000 224.000000 224.000000 179.000000 0.597977
543423.470000 6581211.460000 46.100000 167.000000 186.000000 190.000000 133.000000 0.567322
543423.560000 6581211.090000 46.380000 96.000000 114.000000 124.000000 88.000000 0.597977
543423.640000 6581210.750000 46.520000 85.000000 99.000000 108.000000 70.000000 0.571655
543423.730000 6581210.400000 46.650000 152.000000 167.000000 174.000000 128.000000 0.589310
543423.810000 6581210.050000 46.710000 246.000000 255.000000 255.000000 235.000000 0.569977
543423.700000 6581211.980000 45.860000 116.000000 135.000000 142.000000 99.000000 0.566315
543423.790000 6581211.600000 46.100000 108.000000 122.000000 131.000000 88.000000 0.596985
543423.880000 6581211.240000 46.240000 95.000000 115.000000 122.000000 89.000000 0.599319
543423.960000 6581210.910000 46.310000 98.000000 118.000000 127.000000 82.000000 0.629318
543424.040000 6581210.590000 46.380000 110.000000 129.000000 136.000000 96.000000 0.608322
543424.120000 6581210.260000 46.470000 106.000000 124.000000 136.000000 87.000000 0.604309
543423.970000 6581211.940000 45.910000 119.000000 136.000000 146.000000 108.000000 0.614655
543424.050000 6581211.610000 46.010000 96.000000 115.000000 122.000000 73.000000 0.595978
543424.130000 6581211.280000 46.090000 118.000000 137.000000 144.000000 96.000000 0.595978
543424.220000 6581210.910000 46.190000 103.000000 117.000000 130.000000 86.000000 0.612656
543424.380000 6581210.260000 46.390000 112.000000 130.000000 140.000000 98.000000 0.610321
543424.170000 6581212.120000 45.710000 102.000000 122.000000 129.000000 87.000000 0.583649
543424.250000 6581211.770000 45.830000 122.000000 140.000000 150.000000 99.000000 0.593643
543424.340000 6581211.430000 45.930000 123.000000 141.000000 151.000000 94.000000 0.601318
543424.410000 6581211.110000 45.990000 126.000000 145.000000 151.000000 109.000000 0.598312
543424.500000 6581210.750000 46.140000 86.000000 110.000000 112.000000 76.000000 0.614990
543424.580000 6581210.430000 46.220000 105.000000 128.000000 134.000000 92.000000 0.623978
543424.660000 6581210.090000 46.340000 120.000000 144.000000 156.000000 101.000000 0.624985
543425.060000 6581209.020000 46.870000 153.000000 171.000000 183.000000 125.000000 0.589310
543425.150000 6581209.340000 46.720000 155.000000 175.000000 186.000000 131.000000 0.570312
543425.230000 6581209.670000 46.640000 137.000000 157.000000 166.000000 115.000000 0.559647
543425.340000 6581208.960000 47.030000 151.000000 174.000000 182.000000 122.000000 0.624985
543425.440000 6581209.320000 46.880000 148.000000 171.000000 179.000000 121.000000 0.535324
543425.530000 6581209.680000 46.770000 153.000000 171.000000 185.000000 120.000000 0.595322
543425.650000 6581209.050000 47.220000 151.000000 171.000000 182.000000 124.000000 0.599319
543425.740000 6581209.420000 46.990000 148.000000 171.000000 177.000000 128.000000 0.582977
543425.840000 6581209.780000 46.830000 153.000000 173.000000 184.000000 127.000000 0.547318
543426.020000 6581208.960000 47.450000 146.000000 168.000000 179.000000 121.000000 0.631653
543426.090000 6581209.250000 47.340000 149.000000 171.000000 182.000000 124.000000 0.590988
543426.190000 6581209.640000 47.130000 148.000000 171.000000 179.000000 123.000000 0.551651
543426.390000 6581208.820000 47.650000 145.000000 168.000000 176.000000 121.000000 0.601318
543426.470000 6581209.140000 47.510000 150.000000 173.000000 181.000000 127.000000 0.599319
543426.640000 6581208.740000 47.830000 212.000000 229.000000 237.000000 181.000000 0.570312
543426.730000 6581209.080000 47.670000 177.000000 196.000000 203.000000 145.000000 0.476990
543426.960000 6581208.880000 47.950000 207.000000 222.000000 229.000000 175.000000 0.354324
543425.060000 6581209.810000 46.490000 138.000000 155.000000 163.000000 110.000000 0.591644
543425.150000 6581209.420000 46.700000 158.000000 176.000000 190.000000 129.000000 0.560654
543425.240000 6581209.070000 46.910000 147.000000 170.000000 176.000000 123.000000 0.577652
543425.320000 6581209.950000 46.550000 130.000000 149.000000 153.000000 112.000000 0.571655
543425.410000 6581209.600000 46.780000 157.000000 175.000000 189.000000 129.000000 0.552979
543425.500000 6581209.220000 46.970000 146.000000 169.000000 175.000000 119.000000 0.561981
543425.600000 6581209.700000 46.770000 152.000000 170.000000 182.000000 129.000000 0.572311
543425.690000 6581209.340000 46.980000 148.000000 171.000000 179.000000 123.000000 0.574310
543425.780000 6581208.960000 47.350000 151.000000 171.000000 182.000000 122.000000 0.574982
543425.790000 6581209.830000 46.790000 154.000000 172.000000 184.000000 127.000000 0.569321
543425.880000 6581209.460000 47.000000 146.000000 169.000000 177.000000 123.000000 0.590317
543425.970000 6581209.080000 47.350000 147.000000 167.000000 178.000000 121.000000 0.591980
543426.240000 6581209.410000 47.290000 152.000000 172.000000 183.000000 126.000000 0.555649
543426.330000 6581209.040000 47.540000 149.000000 171.000000 182.000000 128.000000 0.584656
543426.550000 6581209.350000 47.440000 154.000000 174.000000 185.000000 127.000000 0.396317
543426.640000 6581208.990000 47.670000 185.000000 204.000000 211.000000 156.000000 0.526978
543426.720000 6581208.670000 47.840000 205.000000 222.000000 229.000000 179.000000 0.547653
543426.960000 6581208.770000 47.940000 209.000000 224.000000 231.000000 181.000000 0.468323
543425.330000 6581210.030000 46.470000 154.000000 173.000000 177.000000 129.000000 0.566650
543425.410000 6581210.370000 46.360000 128.000000 143.000000 148.000000 105.000000 0.562317
543425.520000 6581210.780000 45.900000 143.000000 160.000000 167.000000 110.000000 0.666321
543425.630000 6581210.030000 46.620000 121.000000 140.000000 147.000000 105.000000 0.561646
543425.740000 6581210.460000 45.910000 139.000000 157.000000 159.000000 114.000000 0.575989
543425.240000 6581210.290000 46.310000 134.000000 154.000000 155.000000 106.000000 0.544312
543425.320000 6581210.840000 45.960000 133.000000 153.000000 162.000000 111.000000 0.604309
543425.410000 6581210.460000 46.310000 128.000000 143.000000 150.000000 104.000000 0.560654
543425.510000 6581210.080000 46.510000 124.000000 141.000000 148.000000 99.000000 0.519989
543425.590000 6581210.640000 45.920000 136.000000 153.000000 160.000000 108.000000 0.657654
543425.700000 6581210.200000 46.570000 123.000000 141.000000 145.000000 100.000000 0.547653
543424.910000 6581211.450000 45.610000 151.000000 175.000000 179.000000 120.000000 0.531647
543424.980000 6581210.240000 46.240000 183.000000 201.000000 201.000000 143.000000 0.636642
543425.060000 6581210.570000 46.080000 164.000000 179.000000 182.000000 126.000000 0.608978
543425.160000 6581210.940000 45.940000 144.000000 163.000000 167.000000 110.000000 0.571320
543424.980000 6581210.130000 46.300000 172.000000 191.000000 189.000000 135.000000 0.623642
543424.980000 6581211.370000 45.710000 154.000000 175.000000 180.000000 124.000000 0.540649
543425.060000 6581211.040000 45.900000 177.000000 195.000000 195.000000 139.000000 0.555649
543425.150000 6581210.670000 46.080000 126.000000 143.000000 150.000000 96.000000 0.587646
543425.240000 6581211.190000 45.850000 115.000000 135.000000 144.000000 89.000000 0.573654
543420.480000 6581202.810000 48.240000 57.000000 86.000000 102.000000 63.000000 0.648987
543420.990000 6581203.400000 48.190000 83.000000 119.000000 155.000000 67.000000 0.600647
543421.350000 6581203.580000 48.200000 103.000000 133.000000 159.000000 71.000000 0.590652
543421.440000 6581203.930000 48.040000 210.000000 225.000000 232.000000 182.000000 0.586990
543421.540000 6581204.300000 47.890000 205.000000 222.000000 230.000000 181.000000 0.595322
543421.650000 6581203.880000 48.220000 195.000000 218.000000 226.000000 163.000000 0.616653
543421.740000 6581204.240000 48.040000 209.000000 224.000000 229.000000 182.000000 0.586319
543421.830000 6581204.560000 47.940000 208.000000 223.000000 230.000000 177.000000 0.587646
543422.150000 6581204.310000 48.210000 208.000000 223.000000 226.000000 179.000000 0.615646
543422.250000 6581204.660000 48.050000 206.000000 223.000000 230.000000 183.000000 0.586655
543422.320000 6581204.970000 47.930000 212.000000 225.000000 231.000000 180.000000 0.579315
543422.410000 6581205.300000 47.790000 207.000000 224.000000 231.000000 180.000000 0.607986
543422.510000 6581205.680000 47.640000 170.000000 189.000000 196.000000 135.000000 0.611984
543422.610000 6581204.650000 48.200000 210.000000 225.000000 232.000000 182.000000 0.595978
543422.690000 6581204.980000 48.070000 208.000000 223.000000 228.000000 179.000000 0.594650
543422.770000 6581205.300000 47.940000 208.000000 223.000000 230.000000 177.000000 0.595657
543422.870000 6581205.680000 47.770000 209.000000 226.000000 233.000000 178.000000 0.596985
543422.950000 6581205.970000 47.900000 173.000000 190.000000 197.000000 141.000000 0.707642
543422.920000 6581204.870000 48.240000 208.000000 223.000000 228.000000 179.000000 0.584656
543423.020000 6581205.250000 48.050000 209.000000 224.000000 229.000000 178.000000 0.592651
543423.110000 6581205.590000 47.900000 209.000000 224.000000 229.000000 179.000000 0.604645
543423.190000 6581205.880000 47.980000 209.000000 226.000000 233.000000 183.000000 0.721985
543423.470000 6581206.940000 47.380000 174.000000 178.000000 155.000000 139.000000 0.490311
543423.220000 6581204.990000 48.280000 207.000000 222.000000 225.000000 179.000000 0.643982
543423.310000 6581205.330000 48.110000 208.000000 223.000000 228.000000 180.000000 0.581314
543423.400000 6581205.670000 47.870000 208.000000 223.000000 228.000000 181.000000 0.620651
543423.490000 6581206.000000 47.870000 208.000000 223.000000 228.000000 178.000000 0.676651
543423.560000 6581206.290000 47.980000 206.000000 221.000000 226.000000 176.000000 0.485992
543423.660000 6581206.690000 47.560000 165.000000 177.000000 173.000000 142.000000 0.528656
543423.760000 6581207.030000 47.440000 184.000000 196.000000 182.000000 154.000000 0.575317
543423.850000 6581207.380000 47.330000 156.000000 166.000000 168.000000 122.000000 0.611984
543423.740000 6581205.500000 48.230000 208.000000 223.000000 228.000000 181.000000 0.608322
543423.830000 6581205.850000 48.020000 206.000000 221.000000 226.000000 178.000000 0.609985
543423.910000 6581206.160000 47.900000 207.000000 222.000000 227.000000 175.000000 0.585648
543424.000000 6581206.520000 47.800000 209.000000 224.000000 227.000000 178.000000 0.591324
543424.090000 6581206.850000 47.670000 181.000000 196.000000 201.000000 149.000000 0.583649
543424.180000 6581207.180000 47.560000 153.000000 170.000000 177.000000 125.000000 0.605652
543424.270000 6581207.530000 47.390000 146.000000 165.000000 172.000000 121.000000 0.587646
543424.450000 6581208.210000 47.000000 155.000000 173.000000 185.000000 122.000000 0.619644
543424.520000 6581208.510000 47.000000 158.000000 176.000000 190.000000 132.000000 0.628311
543424.340000 6581206.260000 48.110000 209.000000 224.000000 229.000000 180.000000 0.573990
543424.430000 6581206.610000 47.950000 208.000000 223.000000 228.000000 180.000000 0.590652
543424.610000 6581207.260000 47.710000 204.000000 221.000000 229.000000 175.000000 0.596313
543424.700000 6581207.620000 47.540000 145.000000 168.000000 176.000000 124.000000 0.594315
543424.790000 6581207.960000 47.420000 149.000000 171.000000 182.000000 126.000000 0.611649
543424.870000 6581208.280000 47.280000 149.000000 169.000000 176.000000 125.000000 0.619324
543424.970000 6581208.670000 46.980000 146.000000 169.000000 177.000000 118.000000 0.592987
543424.630000 6581206.210000 48.230000 207.000000 222.000000 227.000000 180.000000 0.617310
543424.720000 6581206.550000 48.090000 207.000000 221.000000 224.000000 180.000000 0.573990
543424.800000 6581206.870000 47.960000 207.000000 222.000000 227.000000 180.000000 0.592316
543424.900000 6581207.240000 47.830000 208.000000 225.000000 232.000000 182.000000 0.604980
543424.980000 6581207.580000 47.700000 182.000000 201.000000 208.000000 153.000000 0.581985
543425.070000 6581207.900000 47.560000 150.000000 172.000000 183.000000 124.000000 0.583313
543425.160000 6581208.250000 47.430000 150.000000 168.000000 180.000000 123.000000 0.590988
543425.250000 6581208.600000 47.290000 145.000000 169.000000 179.000000 121.000000 0.594650
543425.020000 6581206.650000 48.190000 209.000000 224.000000 229.000000 179.000000 0.596985
543425.120000 6581207.010000 48.060000 210.000000 223.000000 229.000000 180.000000 0.592651
543425.210000 6581207.370000 47.910000 208.000000 221.000000 227.000000 180.000000 0.577988
543425.300000 6581207.730000 47.740000 207.000000 226.000000 233.000000 178.000000 0.600311
543425.390000 6581208.060000 47.620000 138.000000 165.000000 176.000000 120.000000 0.618317
543425.480000 6581208.390000 47.510000 152.000000 172.000000 181.000000 127.000000 0.568985
543425.560000 6581208.720000 47.370000 150.000000 169.000000 183.000000 127.000000 0.594315
543425.470000 6581206.860000 48.290000 209.000000 222.000000 228.000000 179.000000 0.616989
543425.560000 6581207.200000 48.110000 204.000000 218.000000 221.000000 174.000000 0.594650
543425.660000 6581207.580000 47.960000 207.000000 222.000000 227.000000 178.000000 0.596985
543425.740000 6581207.900000 47.860000 209.000000 227.000000 231.000000 181.000000 0.570648
543425.830000 6581208.230000 47.690000 194.000000 213.000000 220.000000 164.000000 0.591644
543426.030000 6581207.460000 48.200000 208.000000 223.000000 228.000000 180.000000 0.591324
543426.120000 6581207.790000 48.050000 208.000000 223.000000 228.000000 179.000000 0.575653
543426.210000 6581208.130000 47.900000 208.000000 221.000000 227.000000 181.000000 0.590652
543426.290000 6581208.470000 47.770000 209.000000 228.000000 235.000000 180.000000 0.595978
543426.470000 6581208.070000 48.090000 210.000000 221.000000 227.000000 179.000000 0.575989
543426.550000 6581208.420000 47.930000 209.000000 224.000000 231.000000 177.000000 0.580643
543426.700000 6581207.860000 48.290000 207.000000 222.000000 227.000000 177.000000 0.635315
543426.780000 6581208.190000 48.180000 209.000000 222.000000 228.000000 180.000000 0.612656
543426.880000 6581208.550000 48.000000 208.000000 223.000000 228.000000 178.000000 0.594315
543427.210000 6581208.320000 48.250000 205.000000 220.000000 225.000000 172.000000 0.575989
543420.850000 6581203.300000 48.140000 79.000000 115.000000 147.000000 64.000000 0.599655
543421.110000 6581203.370000 48.230000 86.000000 119.000000 150.000000 68.000000 0.612320
543421.340000 6581204.010000 48.020000 209.000000 224.000000 227.000000 178.000000 0.580643
543421.430000 6581203.650000 48.230000 111.000000 138.000000 159.000000 76.000000 0.605652
543421.640000 6581204.330000 47.960000 209.000000 224.000000 229.000000 180.000000 0.582657
543421.730000 6581203.950000 48.190000 210.000000 229.000000 235.000000 184.000000 0.589310
543421.930000 6581204.450000 48.000000 206.000000 223.000000 230.000000 177.000000 0.560318
543422.020000 6581204.070000 48.250000 204.000000 219.000000 226.000000 174.000000 0.594315
543422.080000 6581205.030000 47.770000 205.000000 222.000000 229.000000 177.000000 0.588989
543422.170000 6581204.670000 47.970000 207.000000 222.000000 227.000000 180.000000 0.567657
543422.260000 6581204.300000 48.220000 208.000000 223.000000 228.000000 181.000000 0.565323
543422.400000 6581205.250000 47.810000 207.000000 224.000000 231.000000 180.000000 0.552979
543422.490000 6581204.890000 48.030000 209.000000 224.000000 231.000000 181.000000 0.585983
543422.580000 6581204.530000 48.260000 207.000000 225.000000 229.000000 182.000000 0.618652
543422.690000 6581205.620000 47.680000 190.000000 207.000000 214.000000 155.000000 0.576645
543422.770000 6581205.290000 47.900000 208.000000 223.000000 230.000000 177.000000 0.569977
543422.860000 6581204.920000 48.130000 207.000000 222.000000 227.000000 179.000000 0.556320
543422.860000 6581206.050000 47.830000 149.000000 168.000000 175.000000 126.000000 0.622314
543422.930000 6581205.780000 47.760000 205.000000 222.000000 229.000000 176.000000 0.561310
543423.020000 6581205.400000 47.950000 208.000000 223.000000 228.000000 178.000000 0.592316
543423.110000 6581205.030000 48.200000 207.000000 222.000000 227.000000 179.000000 0.576645
543423.150000 6581205.960000 48.090000 208.000000 225.000000 232.000000 180.000000 0.586990
543423.300000 6581205.350000 48.060000 208.000000 223.000000 228.000000 180.000000 0.590317
543423.500000 6581206.060000 47.930000 206.000000 221.000000 226.000000 176.000000 0.706314
543423.580000 6581205.730000 47.890000 208.000000 223.000000 228.000000 178.000000 0.623978
543423.650000 6581207.100000 47.380000 159.000000 162.000000 145.000000 127.000000 0.567322
543423.740000 6581206.720000 47.620000 163.000000 180.000000 170.000000 144.000000 0.582657
543423.820000 6581206.390000 47.800000 207.000000 222.000000 227.000000 178.000000 0.592651
543423.910000 6581206.040000 48.000000 207.000000 222.000000 227.000000 178.000000 0.602982
543424.000000 6581205.650000 48.270000 207.000000 222.000000 227.000000 179.000000 0.632309
543423.860000 6581207.270000 47.350000 158.000000 168.000000 170.000000 125.000000 0.577988
543423.950000 6581206.920000 47.560000 162.000000 176.000000 177.000000 134.000000 0.528992
543424.040000 6581206.540000 47.790000 209.000000 224.000000 227.000000 178.000000 0.551987
543424.130000 6581206.160000 48.010000 209.000000 224.000000 229.000000 181.000000 0.595978
543424.220000 6581205.810000 48.290000 208.000000 223.000000 228.000000 179.000000 0.642319
543424.110000 6581207.400000 47.420000 152.000000 171.000000 178.000000 126.000000 0.564316
543424.190000 6581207.050000 47.640000 156.000000 173.000000 180.000000 127.000000 0.572647
543424.280000 6581206.700000 47.860000 213.000000 228.000000 233.000000 181.000000 0.575653
543424.360000 6581206.350000 48.060000 209.000000 224.000000 229.000000 181.000000 0.600647
543424.450000 6581205.980000 48.320000 208.000000 223.000000 228.000000 180.000000 0.686981
543424.390000 6581207.700000 47.390000 149.000000 169.000000 176.000000 125.000000 0.543991
543424.460000 6581207.370000 47.570000 141.000000 160.000000 167.000000 116.000000 0.571320
543424.560000 6581206.980000 47.810000 208.000000 223.000000 228.000000 178.000000 0.565323
543424.650000 6581206.620000 48.020000 207.000000 222.000000 227.000000 179.000000 0.560654
543424.740000 6581206.240000 48.300000 207.000000 222.000000 227.000000 179.000000 0.640656
543424.720000 6581207.830000 47.440000 146.000000 168.000000 179.000000 124.000000 0.569321
543424.890000 6581207.110000 47.900000 209.000000 224.000000 231.000000 180.000000 0.581985
543424.970000 6581206.760000 48.090000 208.000000 223.000000 228.000000 179.000000 0.576645
543424.790000 6581208.550000 47.000000 147.000000 169.000000 182.000000 119.000000 0.545319
543424.880000 6581208.180000 47.380000 149.000000 172.000000 180.000000 128.000000 0.578323
543424.970000 6581207.820000 47.570000 146.000000 169.000000 177.000000 121.000000 0.544983
543425.060000 6581207.460000 47.790000 208.000000 225.000000 232.000000 183.000000 0.552979
543425.140000 6581207.110000 48.020000 209.000000 222.000000 228.000000 180.000000 0.562653
543425.230000 6581206.760000 48.260000 209.000000 224.000000 229.000000 182.000000 0.569977
543424.990000 6581208.750000 46.910000 146.000000 169.000000 177.000000 118.000000 0.584656
543425.090000 6581208.330000 47.340000 150.000000 167.000000 177.000000 122.000000 0.609985
543425.180000 6581207.980000 47.560000 142.000000 165.000000 173.000000 118.000000 0.582657
543425.260000 6581207.640000 47.770000 209.000000 228.000000 235.000000 182.000000 0.570648
543425.350000 6581207.270000 47.960000 209.000000 222.000000 228.000000 179.000000 0.567322
543425.440000 6581206.920000 48.220000 208.000000 221.000000 227.000000 178.000000 0.574982
543425.330000 6581208.680000 47.300000 146.000000 170.000000 180.000000 123.000000 0.574646
543425.420000 6581208.300000 47.560000 149.000000 169.000000 180.000000 124.000000 0.582321
543425.520000 6581207.940000 47.740000 206.000000 224.000000 234.000000 178.000000 0.562317
543425.590000 6581207.600000 47.930000 206.000000 223.000000 230.000000 178.000000 0.579315
543425.680000 6581207.240000 48.190000 206.000000 221.000000 226.000000 178.000000 0.541977
543425.590000 6581208.840000 47.310000 153.000000 172.000000 186.000000 128.000000 0.576981
543425.680000 6581208.470000 47.560000 151.000000 169.000000 181.000000 129.000000 0.557648
543425.780000 6581208.080000 47.780000 209.000000 228.000000 234.000000 181.000000 0.581650
543425.870000 6581207.710000 48.020000 210.000000 225.000000 230.000000 181.000000 0.566650
543425.950000 6581207.370000 48.230000 208.000000 223.000000 228.000000 180.000000 0.585983
543425.870000 6581208.600000 47.520000 151.000000 171.000000 182.000000 129.000000 0.542648
543425.950000 6581208.260000 47.750000 207.000000 226.000000 233.000000 179.000000 0.553314
543426.040000 6581207.900000 47.960000 208.000000 223.000000 228.000000 179.000000 0.547989
543426.130000 6581207.510000 48.190000 208.000000 223.000000 228.000000 181.000000 0.577988
543426.060000 6581208.720000 47.560000 150.000000 170.000000 179.000000 125.000000 0.592316
543426.150000 6581208.340000 47.770000 210.000000 227.000000 234.000000 179.000000 0.596985
543426.240000 6581207.970000 47.990000 206.000000 221.000000 226.000000 179.000000 0.591324
543426.330000 6581207.620000 48.250000 207.000000 222.000000 227.000000 179.000000 0.601654
543426.420000 6581208.680000 47.740000 207.000000 226.000000 233.000000 175.000000 0.565643
543426.500000 6581208.350000 47.950000 210.000000 223.000000 229.000000 178.000000 0.601990
543426.590000 6581207.990000 48.140000 206.000000 221.000000 226.000000 178.000000 0.582321
543426.810000 6581208.300000 48.070000 208.000000 223.000000 228.000000 181.000000 0.630646
543427.060000 6581208.390000 48.160000 206.000000 221.000000 226.000000 181.000000 0.552322
543427.310000 6581208.300000 48.320000 207.000000 222.000000 227.000000 177.000000 0.600311
543418.040000 6581205.450000 45.930000 242.000000 255.000000 238.000000 249.000000 0.692322
543418.300000 6581205.120000 46.050000 239.000000 255.000000 253.000000 249.000000 0.600647
543418.590000 6581204.610000 46.490000 22.000000 41.000000 35.000000 62.000000 0.537323
543418.680000 6581204.940000 46.350000 184.000000 209.000000 203.000000 173.000000 0.613312
543418.800000 6581204.340000 46.670000 29.000000 55.000000 46.000000 66.000000 0.552979
543418.890000 6581204.690000 46.510000 134.000000 159.000000 155.000000 127.000000 0.570648
543419.070000 6581204.160000 46.840000 104.000000 128.000000 115.000000 129.000000 0.557312
543419.160000 6581204.500000 46.730000 134.000000 160.000000 161.000000 118.000000 0.594986
543419.390000 6581203.950000 47.200000 190.000000 220.000000 196.000000 191.000000 0.603653
543419.470000 6581204.280000 47.000000 121.000000 146.000000 151.000000 105.000000 0.592987
543419.680000 6581203.430000 47.570000 98.000000 124.000000 115.000000 101.000000 0.588654
543419.780000 6581203.790000 47.430000 125.000000 151.000000 152.000000 121.000000 0.603317
543419.930000 6581203.250000 47.810000 163.000000 194.000000 176.000000 153.000000 0.590317
543418.100000 6581205.270000 45.930000 95.000000 112.000000 106.000000 116.000000 0.613983
543418.330000 6581205.160000 46.060000 239.000000 255.000000 253.000000 249.000000 0.615982
543418.420000 6581204.790000 46.290000 16.000000 37.000000 30.000000 56.000000 0.557648
543418.740000 6581204.800000 46.390000 129.000000 154.000000 150.000000 122.000000 0.568649
543418.820000 6581204.460000 46.610000 84.000000 111.000000 104.000000 103.000000 0.543991
543419.110000 6581204.640000 46.690000 132.000000 160.000000 161.000000 116.000000 0.597321
543419.200000 6581204.250000 46.920000 165.000000 192.000000 185.000000 165.000000 0.579651
543419.290000 6581203.890000 47.200000 99.000000 124.000000 102.000000 143.000000 0.578323
543419.320000 6581204.590000 46.730000 152.000000 175.000000 189.000000 130.000000 0.544312
543419.400000 6581204.260000 46.960000 121.000000 146.000000 151.000000 105.000000 0.584320
543419.490000 6581203.900000 47.230000 155.000000 177.000000 164.000000 153.000000 0.555984
543419.590000 6581203.500000 47.490000 34.000000 56.000000 44.000000 72.000000 0.574982
543419.700000 6581204.000000 47.300000 93.000000 118.000000 123.000000 85.000000 0.573318
543419.790000 6581203.620000 47.540000 136.000000 161.000000 158.000000 134.000000 0.591644
543419.880000 6581203.270000 47.750000 98.000000 126.000000 114.000000 96.000000 0.553650
543419.960000 6581202.910000 47.950000 30.000000 47.000000 41.000000 75.000000 0.596985
543418.380000 6581205.410000 46.060000 135.000000 153.000000 153.000000 132.000000 0.672989
543418.450000 6581205.660000 46.240000 121.000000 140.000000 147.000000 100.000000 0.677643
543418.770000 6581205.290000 46.260000 118.000000 143.000000 140.000000 106.000000 0.715652
543418.970000 6581205.010000 46.370000 131.000000 147.000000 147.000000 105.000000 0.592987
543419.250000 6581204.850000 46.600000 124.000000 144.000000 151.000000 111.000000 0.580322
543418.030000 6581205.540000 45.980000 241.000000 253.000000 239.000000 233.000000 0.662643
543418.180000 6581205.790000 46.150000 132.000000 150.000000 154.000000 115.000000 0.643982
543418.250000 6581205.480000 46.060000 186.000000 201.000000 198.000000 181.000000 0.692642
543418.500000 6581205.770000 46.290000 151.000000 165.000000 178.000000 111.000000 0.642319
543418.570000 6581205.490000 46.210000 126.000000 148.000000 146.000000 108.000000 0.624313
543418.660000 6581205.150000 46.170000 115.000000 140.000000 137.000000 108.000000 0.603653
543419.020000 6581204.980000 46.450000 116.000000 133.000000 143.000000 101.000000 0.558319
543419.240000 6581204.940000 46.520000 107.000000 124.000000 132.000000 101.000000 0.590652
543419.560000 6581204.630000 46.830000 153.000000 170.000000 180.000000 129.000000 0.546982
543419.870000 6581204.130000 47.270000 158.000000 176.000000 188.000000 124.000000 0.569656
543419.960000 6581204.490000 47.060000 147.000000 166.000000 181.000000 121.000000 0.578979
543419.610000 6581204.360000 47.000000 156.000000 173.000000 183.000000 131.000000 0.596649
543419.850000 6581204.720000 46.890000 149.000000 174.000000 179.000000 125.000000 0.572647
543419.940000 6581204.340000 47.240000 151.000000 169.000000 189.000000 124.000000 0.566650
543420.050000 6581204.850000 46.880000 150.000000 173.000000 181.000000 132.000000 0.589645
543420.020000 6581203.590000 47.670000 114.000000 142.000000 153.000000 116.000000 0.594315
543420.100000 6581203.910000 47.520000 100.000000 118.000000 138.000000 86.000000 0.601318
543420.200000 6581204.280000 47.400000 128.000000 150.000000 164.000000 112.000000 0.593643
543420.290000 6581204.620000 47.250000 153.000000 172.000000 186.000000 124.000000 0.597656
543420.460000 6581205.270000 46.910000 149.000000 171.000000 184.000000 125.000000 0.562988
543420.160000 6581202.990000 48.020000 122.000000 153.000000 145.000000 133.000000 0.596313
543420.240000 6581203.320000 47.860000 68.000000 94.000000 119.000000 59.000000 0.585312
543420.330000 6581203.650000 47.750000 90.000000 118.000000 158.000000 72.000000 0.600311
543420.410000 6581203.980000 47.650000 81.000000 110.000000 140.000000 76.000000 0.583984
543420.500000 6581204.330000 47.490000 77.000000 95.000000 119.000000 78.000000 0.580978
543420.590000 6581204.660000 47.320000 130.000000 152.000000 166.000000 109.000000 0.597656
543420.680000 6581205.010000 47.170000 150.000000 172.000000 183.000000 123.000000 0.597977
543420.780000 6581205.380000 46.910000 150.000000 174.000000 186.000000 128.000000 0.590317
543420.560000 6581203.120000 48.140000 100.000000 133.000000 164.000000 82.000000 0.595978
543420.660000 6581203.500000 47.980000 87.000000 120.000000 153.000000 72.000000 0.582321
543420.750000 6581203.830000 47.860000 188.000000 217.000000 225.000000 150.000000 0.586319
543420.830000 6581204.160000 47.690000 201.000000 221.000000 228.000000 173.000000 0.591980
543420.930000 6581204.510000 47.560000 155.000000 173.000000 185.000000 129.000000 0.599319
543421.020000 6581204.870000 47.440000 150.000000 172.000000 183.000000 129.000000 0.589645
543421.100000 6581205.190000 47.280000 149.000000 171.000000 182.000000 125.000000 0.604645
543421.200000 6581205.570000 47.010000 151.000000 171.000000 180.000000 123.000000 0.592651
543421.300000 6581205.940000 46.850000 152.000000 172.000000 183.000000 126.000000 0.595322
543421.080000 6581203.760000 48.030000 201.000000 221.000000 230.000000 170.000000 0.581314
543421.170000 6581204.100000 47.880000 207.000000 225.000000 229.000000 179.000000 0.595322
543421.260000 6581204.450000 47.740000 201.000000 220.000000 227.000000 169.000000 0.580322
543421.360000 6581204.820000 47.600000 140.000000 163.000000 171.000000 117.000000 0.608643
543421.430000 6581205.120000 47.470000 150.000000 172.000000 183.000000 127.000000 0.588654
543421.520000 6581205.450000 47.350000 154.000000 176.000000 187.000000 128.000000 0.596313
543421.620000 6581205.820000 47.140000 148.000000 170.000000 181.000000 125.000000 0.595657
543421.710000 6581206.170000 46.930000 151.000000 171.000000 182.000000 125.000000 0.603317
543421.620000 6581204.620000 47.780000 206.000000 221.000000 226.000000 175.000000 0.609650
543421.710000 6581204.940000 47.660000 181.000000 201.000000 210.000000 154.000000 0.591324
543421.800000 6581205.330000 47.470000 151.000000 171.000000 180.000000 127.000000 0.577988
543421.890000 6581205.650000 47.370000 148.000000 170.000000 181.000000 124.000000 0.600983
543421.980000 6581206.010000 47.180000 152.000000 172.000000 183.000000 124.000000 0.582321
543422.170000 6581206.710000 46.820000 151.000000 171.000000 180.000000 122.000000 0.545319
543421.910000 6581204.910000 47.800000 205.000000 224.000000 231.000000 177.000000 0.586655
543422.000000 6581205.240000 47.660000 166.000000 185.000000 192.000000 133.000000 0.602310
543422.100000 6581205.600000 47.490000 151.000000 171.000000 182.000000 126.000000 0.594986
543422.180000 6581205.920000 47.380000 152.000000 172.000000 183.000000 127.000000 0.594986
543422.270000 6581206.260000 47.240000 153.000000 173.000000 182.000000 127.000000 0.574982
543422.360000 6581206.620000 46.950000 150.000000 170.000000 179.000000 124.000000 0.539658
543422.450000 6581206.940000 46.830000 154.000000 173.000000 180.000000 124.000000 0.610977
543422.590000 6581205.980000 47.530000 157.000000 176.000000 183.000000 130.000000 0.604645
543422.670000 6581206.310000 47.370000 155.000000 175.000000 182.000000 129.000000 0.557983
543422.780000 6581206.710000 47.090000 170.000000 184.000000 185.000000 138.000000 0.499985
543422.870000 6581207.050000 46.990000 155.000000 169.000000 134.000000 138.000000 0.574982
543422.950000 6581207.370000 46.810000 184.000000 183.000000 152.000000 175.000000 0.559982
543423.230000 6581207.040000 47.190000 236.000000 228.000000 189.000000 205.000000 0.523651
543423.330000 6581207.400000 46.930000 44.000000 44.000000 32.000000 35.000000 0.576324
543423.420000 6581207.750000 46.810000 46.000000 54.000000 56.000000 55.000000 0.560654
543423.550000 6581207.280000 47.260000 204.000000 203.000000 157.000000 181.000000 0.593643
543423.650000 6581207.670000 46.960000 56.000000 68.000000 66.000000 59.000000 0.578323
543423.740000 6581208.000000 46.820000 71.000000 90.000000 107.000000 77.000000 0.620651
543423.940000 6581207.760000 47.040000 139.000000 157.000000 169.000000 126.000000 0.607315
543420.040000 6581203.940000 47.480000 100.000000 118.000000 138.000000 86.000000 0.596985
543420.130000 6581203.580000 47.700000 89.000000 119.000000 145.000000 81.000000 0.573318
543420.210000 6581203.230000 47.920000 93.000000 122.000000 136.000000 98.000000 0.587311
543420.310000 6581202.840000 48.150000 84.000000 115.000000 117.000000 85.000000 0.581985
543420.140000 6581205.030000 46.870000 147.000000 169.000000 180.000000 126.000000 0.587646
543420.230000 6581204.680000 47.100000 153.000000 172.000000 186.000000 124.000000 0.564987
543420.310000 6581204.310000 47.390000 98.000000 116.000000 136.000000 88.000000 0.580322
543420.400000 6581203.950000 47.590000 81.000000 110.000000 140.000000 76.000000 0.560654
543420.490000 6581203.600000 47.820000 95.000000 120.000000 160.000000 80.000000 0.546310
543420.570000 6581203.240000 48.040000 98.000000 134.000000 160.000000 81.000000 0.559647
543420.400000 6581205.160000 46.970000 150.000000 172.000000 183.000000 129.000000 0.600983
543420.500000 6581204.760000 47.250000 147.000000 169.000000 182.000000 121.000000 0.570312
543420.590000 6581204.400000 47.490000 82.000000 103.000000 122.000000 82.000000 0.596649
543420.670000 6581204.060000 47.680000 126.000000 155.000000 173.000000 101.000000 0.585312
543420.760000 6581203.680000 47.940000 106.000000 143.000000 162.000000 84.000000 0.566650
543420.660000 6581205.220000 46.930000 147.000000 171.000000 183.000000 122.000000 0.499985
543420.760000 6581204.810000 47.340000 126.000000 148.000000 159.000000 104.000000 0.554657
543420.850000 6581204.450000 47.570000 144.000000 160.000000 175.000000 119.000000 0.576981
543420.940000 6581204.090000 47.770000 208.000000 226.000000 226.000000 183.000000 0.557983
543421.020000 6581203.750000 47.980000 201.000000 221.000000 230.000000 170.000000 0.567657
543420.980000 6581205.480000 46.960000 152.000000 172.000000 181.000000 125.000000 0.571320
543421.090000 6581205.050000 47.360000 149.000000 171.000000 182.000000 126.000000 0.581650
543421.170000 6581204.700000 47.560000 143.000000 168.000000 175.000000 120.000000 0.561981
543421.290000 6581205.780000 46.910000 151.000000 173.000000 184.000000 126.000000 0.597977
543421.380000 6581205.400000 47.300000 147.000000 169.000000 180.000000 127.000000 0.564651
543421.480000 6581205.010000 47.540000 146.000000 168.000000 179.000000 122.000000 0.582321
543421.560000 6581204.660000 47.760000 203.000000 220.000000 228.000000 171.000000 0.556656
543421.570000 6581205.930000 46.980000 150.000000 172.000000 183.000000 125.000000 0.590988
543421.670000 6581205.500000 47.370000 150.000000 172.000000 183.000000 128.000000 0.569656
543421.760000 6581205.140000 47.580000 148.000000 168.000000 177.000000 122.000000 0.560654
543421.840000 6581204.810000 47.790000 210.000000 227.000000 235.000000 181.000000 0.579651
543421.810000 6581206.150000 46.940000 153.000000 173.000000 184.000000 125.000000 0.571991
543421.900000 6581205.770000 47.330000 147.000000 169.000000 180.000000 124.000000 0.591980
543421.990000 6581205.400000 47.510000 151.000000 171.000000 180.000000 124.000000 0.563324
543422.130000 6581206.370000 47.000000 155.000000 175.000000 184.000000 128.000000 0.569977
543422.230000 6581205.970000 47.380000 153.000000 173.000000 182.000000 128.000000 0.561646
543422.320000 6581205.580000 47.630000 155.000000 173.000000 183.000000 130.000000 0.570984
543422.410000 6581206.760000 46.870000 150.000000 173.000000 179.000000 125.000000 0.537643
543422.500000 6581206.400000 47.160000 160.000000 175.000000 182.000000 131.000000 0.534653
543422.590000 6581206.010000 47.490000 157.000000 177.000000 186.000000 132.000000 0.573990
543422.660000 6581206.890000 46.970000 158.000000 177.000000 181.000000 136.000000 0.542648
543422.860000 6581207.140000 46.870000 203.000000 212.000000 165.000000 199.000000 0.541656
543422.950000 6581206.800000 47.070000 178.000000 189.000000 183.000000 149.000000 0.434326
543423.150000 6581207.510000 46.820000 97.000000 99.000000 98.000000 99.000000 0.570312
543423.230000 6581207.170000 47.060000 206.000000 203.000000 160.000000 185.000000 0.536316
543423.550000 6581207.510000 47.020000 44.000000 46.000000 35.000000 45.000000 0.554977
543423.760000 6581207.690000 46.960000 68.000000 82.000000 83.000000 64.000000 0.590317
543424.010000 6581207.790000 47.080000 153.000000 171.000000 181.000000 130.000000 0.604645
543424.280000 6581208.110000 46.970000 147.000000 173.000000 186.000000 129.000000 0.596313
543424.530000 6581208.580000 46.990000 158.000000 176.000000 190.000000 132.000000 0.592651
