535705.310000 6581703.770000 53.300000 88.000000 108.000000 71.000000
535705.650000 6581703.670000 53.720000 98.000000 119.000000 76.000000
535705.580000 6581703.960000 53.630000 82.000000 101.000000 69.000000
535707.670000 6581704.100000 55.740000 92.000000 108.000000 79.000000
535707.260000 6581704.080000 55.340000 40.000000 52.000000 32.000000
535707.180000 6581703.770000 55.320000 45.000000 59.000000 46.000000
535706.970000 6581704.220000 55.060000 97.000000 116.000000 84.000000
535706.880000 6581703.870000 54.990000 65.000000 77.000000 55.000000
535706.800000 6581703.550000 54.970000 57.000000 69.000000 47.000000
535706.730000 6581703.250000 55.010000 103.000000 119.000000 83.000000
535706.600000 6581704.080000 54.610000 81.000000 98.000000 66.000000
535706.530000 6581703.770000 54.580000 50.000000 62.000000 42.000000
535706.450000 6581703.450000 54.650000 82.000000 94.000000 72.000000
535706.370000 6581703.140000 54.620000 58.000000 72.000000 47.000000
535706.200000 6581704.070000 54.290000 64.000000 80.000000 53.000000
535706.050000 6581703.430000 54.130000 95.000000 112.000000 76.000000
535707.370000 6581703.800000 55.620000 47.000000 59.000000 49.000000
535707.310000 6581704.070000 55.400000 43.000000 52.000000 33.000000
535707.100000 6581703.570000 55.360000 59.000000 74.000000 55.000000
535707.030000 6581703.850000 55.260000 52.000000 65.000000 48.000000
535706.970000 6581704.130000 55.090000 105.000000 127.000000 89.000000
535706.830000 6581703.480000 55.060000 68.000000 82.000000 56.000000
535706.760000 6581703.760000 54.970000 66.000000 75.000000 56.000000
535706.520000 6581703.040000 54.890000 89.000000 106.000000 72.000000
535706.450000 6581703.320000 54.730000 99.000000 111.000000 89.000000
535706.380000 6581703.600000 54.560000 60.000000 75.000000 52.000000
535706.310000 6581703.890000 54.450000 54.000000 72.000000 48.000000
535706.050000 6581703.350000 54.290000 96.000000 113.000000 79.000000
535705.980000 6581703.620000 54.140000 101.000000 124.000000 82.000000
535707.590000 6581703.770000 55.770000 58.000000 68.000000 67.000000
535707.510000 6581703.440000 55.800000 54.000000 67.000000 83.000000
535707.440000 6581703.140000 55.810000 71.000000 87.000000 84.000000
535707.350000 6581702.790000 55.730000 66.000000 75.000000 80.000000
535707.110000 6581703.460000 55.360000 84.000000 102.000000 80.000000
535707.030000 6581703.130000 55.280000 98.000000 117.000000 85.000000
535706.960000 6581702.840000 55.310000 95.000000 114.000000 86.000000
535706.650000 6581702.910000 54.980000 85.000000 106.000000 67.000000
535707.730000 6581703.760000 55.720000 45.000000 54.000000 63.000000
535707.610000 6581702.850000 55.580000 75.000000 89.000000 98.000000
535707.510000 6581703.230000 55.740000 64.000000 77.000000 86.000000
535707.440000 6581703.520000 55.680000 55.000000 68.000000 76.000000
535707.240000 6581703.000000 55.660000 75.000000 92.000000 84.000000
535707.180000 6581703.260000 55.490000 89.000000 108.000000 78.000000
535706.960000 6581702.910000 55.340000 72.000000 91.000000 61.000000
535706.890000 6581703.210000 55.240000 101.000000 118.000000 82.000000
535705.520000 6581703.200000 53.680000 112.000000 135.000000 91.000000
535705.230000 6581703.430000 53.270000 95.000000 116.000000 73.000000
535704.440000 6581703.410000 52.410000 88.000000 108.000000 71.000000
535704.000000 6581703.620000 51.920000 89.000000 106.000000 74.000000
535705.790000 6581703.120000 54.010000 103.000000 128.000000 86.000000
535705.720000 6581703.400000 53.890000 106.000000 127.000000 84.000000
535705.430000 6581703.250000 53.670000 105.000000 127.000000 81.000000
535705.370000 6581703.490000 53.420000 110.000000 132.000000 86.000000
535705.000000 6581703.290000 53.140000 76.000000 96.000000 59.000000
535704.920000 6581703.600000 52.970000 93.000000 115.000000 77.000000
535705.600000 6581703.510000 53.710000 108.000000 127.000000 81.000000
535705.310000 6581703.730000 53.320000 88.000000 108.000000 71.000000
535704.900000 6581703.540000 52.890000 95.000000 115.000000 78.000000
535704.600000 6581704.070000 52.410000 76.000000 98.000000 62.000000
535704.520000 6581703.770000 52.420000 92.000000 113.000000 74.000000
535704.570000 6581703.440000 52.670000 87.000000 108.000000 69.000000
535704.260000 6581703.590000 52.250000 89.000000 106.000000 70.000000
535704.190000 6581703.880000 52.160000 65.000000 80.000000 59.000000
535705.970000 6581703.120000 54.170000 102.000000 122.000000 85.000000
535706.110000 6581703.080000 54.460000 88.000000 105.000000 73.000000
535705.200000 6581699.960000 54.200000 112.000000 118.000000 114.000000
535705.120000 6581699.620000 54.220000 168.000000 170.000000 167.000000
535704.740000 6581699.990000 53.690000 164.000000 173.000000 168.000000
535704.660000 6581699.670000 53.660000 160.000000 169.000000 164.000000
535704.590000 6581699.380000 53.740000 122.000000 121.000000 119.000000
535704.520000 6581699.070000 53.670000 153.000000 160.000000 153.000000
535704.380000 6581699.890000 53.290000 127.000000 132.000000 126.000000
535704.300000 6581699.580000 53.270000 157.000000 170.000000 161.000000
535704.220000 6581699.270000 53.290000 114.000000 127.000000 118.000000
535704.140000 6581698.930000 53.390000 106.000000 111.000000 104.000000
535704.080000 6581698.700000 53.620000 96.000000 97.000000 91.000000
535703.970000 6581699.730000 52.940000 102.000000 111.000000 106.000000
535703.890000 6581699.410000 52.960000 165.000000 169.000000 168.000000
535703.820000 6581699.110000 52.960000 115.000000 115.000000 113.000000
535703.590000 6581698.180000 52.980000 103.000000 106.000000 97.000000
535703.590000 6581699.930000 52.420000 162.000000 161.000000 159.000000
535703.510000 6581699.640000 52.420000 119.000000 119.000000 119.000000
535703.440000 6581699.310000 52.430000 127.000000 140.000000 131.000000
535703.360000 6581699.000000 52.440000 98.000000 101.000000 94.000000
535703.290000 6581698.710000 52.430000 105.000000 106.000000 100.000000
535703.210000 6581698.390000 52.460000 100.000000 103.000000 94.000000
535703.130000 6581698.050000 52.450000 99.000000 103.000000 89.000000
535703.060000 6581697.770000 52.420000 104.000000 107.000000 96.000000
535703.090000 6581699.870000 51.940000 104.000000 110.000000 106.000000
535703.010000 6581699.540000 51.910000 157.000000 164.000000 157.000000
535702.930000 6581699.210000 51.970000 81.000000 93.000000 79.000000
535702.850000 6581698.890000 51.920000 94.000000 98.000000 84.000000
535702.780000 6581698.580000 51.910000 101.000000 103.000000 92.000000
535702.690000 6581698.260000 51.910000 96.000000 98.000000 87.000000
535702.610000 6581697.930000 51.860000 104.000000 107.000000 98.000000
535702.540000 6581697.630000 51.910000 95.000000 97.000000 92.000000
535702.460000 6581697.300000 51.900000 94.000000 97.000000 86.000000
535702.380000 6581696.960000 51.870000 100.000000 102.000000 91.000000
535702.760000 6581699.900000 51.570000 109.000000 115.000000 111.000000
535702.680000 6581699.570000 51.550000 126.000000 128.000000 123.000000
535702.600000 6581699.270000 51.600000 95.000000 97.000000 86.000000
535702.530000 6581698.960000 51.590000 98.000000 101.000000 92.000000
535702.440000 6581698.620000 51.560000 93.000000 96.000000 85.000000
535702.360000 6581698.280000 51.580000 98.000000 95.000000 90.000000
535702.280000 6581697.970000 51.570000 101.000000 101.000000 93.000000
535702.200000 6581697.640000 51.580000 89.000000 95.000000 85.000000
535702.120000 6581697.300000 51.530000 97.000000 103.000000 93.000000
535702.050000 6581697.010000 51.530000 98.000000 104.000000 94.000000
535701.980000 6581696.730000 51.580000 95.000000 96.000000 90.000000
535702.430000 6581699.960000 51.190000 159.000000 165.000000 161.000000
535702.360000 6581699.650000 51.230000 114.000000 122.000000 111.000000
535702.270000 6581699.310000 51.220000 95.000000 97.000000 84.000000
535702.200000 6581699.010000 51.240000 100.000000 101.000000 87.000000
535702.130000 6581698.710000 51.240000 95.000000 101.000000 87.000000
535702.050000 6581698.400000 51.240000 93.000000 97.000000 83.000000
535701.970000 6581698.060000 51.230000 94.000000 102.000000 89.000000
535701.890000 6581697.740000 51.220000 85.000000 89.000000 75.000000
535701.820000 6581697.440000 51.270000 94.000000 94.000000 86.000000
535701.660000 6581696.780000 51.240000 92.000000 94.000000 81.000000
535701.580000 6581696.440000 51.180000 97.000000 99.000000 86.000000
535705.170000 6581699.900000 54.210000 112.000000 118.000000 114.000000
535704.980000 6581699.470000 54.100000 131.000000 140.000000 135.000000
535704.920000 6581699.720000 53.870000 157.000000 159.000000 156.000000
535704.600000 6581699.420000 53.790000 173.000000 175.000000 172.000000
535704.530000 6581699.680000 53.560000 167.000000 178.000000 172.000000
535704.460000 6581699.950000 53.400000 123.000000 134.000000 128.000000
535704.320000 6581698.860000 53.590000 99.000000 104.000000 97.000000
535704.240000 6581699.160000 53.460000 147.000000 157.000000 149.000000
535704.180000 6581699.430000 53.270000 125.000000 127.000000 122.000000
535704.110000 6581699.700000 53.100000 154.000000 156.000000 151.000000
535704.050000 6581698.800000 53.490000 96.000000 97.000000 91.000000
535703.990000 6581699.020000 53.130000 114.000000 116.000000 115.000000
535703.920000 6581699.300000 53.000000 161.000000 161.000000 159.000000
535703.850000 6581699.610000 52.860000 166.000000 175.000000 172.000000
535703.780000 6581699.870000 52.700000 131.000000 142.000000 136.000000
535703.900000 6581698.290000 52.890000 95.000000 99.000000 85.000000
535703.740000 6581698.960000 53.020000 99.000000 101.000000 90.000000
535703.670000 6581699.220000 52.820000 114.000000 121.000000 113.000000
535703.610000 6581699.490000 52.660000 118.000000 127.000000 122.000000
535703.540000 6581699.760000 52.520000 172.000000 170.000000 171.000000
535703.590000 6581698.130000 53.000000 103.000000 106.000000 97.000000
535703.390000 6581698.950000 52.520000 98.000000 101.000000 94.000000
535703.320000 6581699.240000 52.400000 126.000000 129.000000 122.000000
535703.250000 6581699.510000 52.260000 138.000000 143.000000 139.000000
535703.180000 6581699.770000 52.070000 142.000000 155.000000 148.000000
535703.220000 6581697.950000 52.640000 136.000000 140.000000 123.000000
535703.160000 6581698.220000 52.470000 94.000000 96.000000 85.000000
535703.090000 6581698.500000 52.370000 102.000000 103.000000 95.000000
535703.020000 6581698.790000 52.170000 97.000000 99.000000 88.000000
535702.950000 6581699.080000 52.030000 93.000000 97.000000 82.000000
535702.880000 6581699.340000 51.910000 95.000000 107.000000 95.000000
535702.810000 6581699.610000 51.690000 154.000000 153.000000 151.000000
535702.740000 6581699.930000 51.530000 109.000000 115.000000 111.000000
535703.000000 6581697.620000 52.410000 104.000000 108.000000 94.000000
535702.940000 6581697.870000 52.260000 95.000000 98.000000 89.000000
535702.850000 6581698.210000 52.160000 98.000000 99.000000 91.000000
535702.780000 6581698.500000 52.030000 93.000000 95.000000 84.000000
535702.720000 6581698.760000 51.840000 95.000000 98.000000 87.000000
535702.640000 6581699.070000 51.710000 100.000000 103.000000 96.000000
535702.570000 6581699.360000 51.490000 92.000000 94.000000 83.000000
535702.500000 6581699.630000 51.380000 137.000000 147.000000 139.000000
535702.440000 6581699.890000 51.210000 103.000000 112.000000 107.000000
535702.740000 6581697.560000 52.210000 98.000000 99.000000 93.000000
535702.670000 6581697.860000 52.060000 96.000000 99.000000 92.000000
535702.610000 6581698.120000 51.890000 100.000000 103.000000 92.000000
535702.540000 6581698.400000 51.770000 97.000000 99.000000 86.000000
535702.470000 6581698.680000 51.640000 93.000000 96.000000 85.000000
535702.400000 6581698.970000 51.500000 107.000000 110.000000 101.000000
535702.330000 6581699.270000 51.360000 108.000000 110.000000 99.000000
535702.260000 6581699.540000 51.190000 136.000000 142.000000 128.000000
535702.500000 6581697.080000 52.010000 102.000000 104.000000 93.000000
535702.430000 6581697.360000 51.920000 99.000000 102.000000 91.000000
535702.350000 6581697.660000 51.750000 102.000000 103.000000 95.000000
535702.280000 6581697.950000 51.620000 101.000000 101.000000 93.000000
535702.210000 6581698.220000 51.460000 94.000000 91.000000 86.000000
535702.140000 6581698.520000 51.340000 83.000000 89.000000 77.000000
535702.170000 6581696.970000 51.740000 96.000000 102.000000 92.000000
535702.090000 6581697.260000 51.620000 91.000000 97.000000 87.000000
535702.030000 6581697.540000 51.470000 96.000000 102.000000 92.000000
535701.960000 6581697.830000 51.270000 90.000000 98.000000 85.000000
535701.970000 6581696.740000 51.560000 95.000000 96.000000 90.000000
535701.890000 6581697.030000 51.420000 98.000000 98.000000 90.000000
535701.820000 6581697.320000 51.320000 95.000000 95.000000 87.000000
535701.730000 6581696.570000 51.390000 96.000000 99.000000 88.000000
535701.660000 6581696.860000 51.230000 95.000000 97.000000 84.000000
535705.610000 6581700.010000 54.620000 154.000000 167.000000 160.000000
535704.820000 6581700.320000 53.700000 160.000000 165.000000 161.000000
535704.450000 6581700.200000 53.220000 166.000000 168.000000 165.000000
535704.040000 6581700.020000 52.860000 131.000000 142.000000 134.000000
535703.660000 6581700.240000 52.440000 132.000000 134.000000 129.000000
535703.160000 6581700.150000 51.900000 148.000000 150.000000 147.000000
535702.830000 6581700.210000 51.560000 139.000000 150.000000 142.000000
535702.520000 6581700.310000 51.260000 128.000000 133.000000 127.000000
535705.750000 6581700.250000 54.850000 149.000000 160.000000 154.000000
535705.400000 6581700.050000 54.420000 124.000000 126.000000 123.000000
535705.100000 6581700.190000 54.020000 129.000000 140.000000 134.000000
535704.840000 6581700.030000 53.840000 127.000000 132.000000 128.000000
535704.390000 6581700.250000 53.320000 158.000000 159.000000 154.000000
535704.040000 6581700.000000 52.980000 127.000000 137.000000 129.000000
535703.960000 6581700.290000 52.800000 147.000000 159.000000 149.000000
535703.710000 6581700.150000 52.560000 146.000000 148.000000 143.000000
535703.470000 6581700.030000 52.360000 136.000000 141.000000 135.000000
535703.400000 6581700.320000 52.210000 147.000000 158.000000 150.000000
535703.110000 6581700.090000 51.920000 132.000000 138.000000 134.000000
535703.040000 6581700.370000 51.780000 161.000000 163.000000 158.000000
535702.670000 6581700.200000 51.390000 146.000000 157.000000 149.000000
535705.650000 6581697.500000 55.310000 113.000000 116.000000 105.000000
535705.570000 6581697.160000 55.330000 100.000000 103.000000 94.000000
535705.500000 6581696.850000 55.350000 105.000000 111.000000 99.000000
535705.420000 6581696.540000 55.290000 93.000000 96.000000 87.000000
535705.340000 6581696.210000 55.350000 109.000000 112.000000 103.000000
535705.260000 6581695.890000 55.310000 103.000000 106.000000 99.000000
535705.200000 6581695.610000 55.360000 104.000000 107.000000 100.000000
535705.110000 6581695.280000 55.330000 102.000000 105.000000 96.000000
535705.880000 6581699.740000 54.900000 124.000000 134.000000 126.000000
535705.800000 6581699.440000 54.940000 180.000000 181.000000 175.000000
535705.730000 6581699.130000 54.940000 130.000000 131.000000 126.000000
535705.650000 6581698.820000 54.940000 129.000000 134.000000 128.000000
535705.580000 6581698.520000 55.010000 118.000000 121.000000 112.000000
535705.500000 6581698.190000 55.000000 97.000000 100.000000 91.000000
535705.420000 6581697.880000 54.990000 115.000000 118.000000 109.000000
535705.340000 6581697.560000 54.980000 99.000000 102.000000 93.000000
535705.260000 6581697.230000 54.940000 105.000000 108.000000 99.000000
535705.190000 6581696.930000 54.970000 97.000000 100.000000 93.000000
535705.110000 6581696.620000 55.020000 106.000000 109.000000 102.000000
535705.030000 6581696.270000 55.000000 101.000000 104.000000 95.000000
535704.950000 6581695.960000 54.970000 100.000000 103.000000 94.000000
535704.870000 6581695.640000 55.000000 102.000000 105.000000 98.000000
535704.800000 6581695.320000 55.050000 107.000000 110.000000 101.000000
535705.530000 6581699.700000 54.630000 140.000000 151.000000 145.000000
535705.450000 6581699.360000 54.610000 144.000000 159.000000 152.000000
535705.380000 6581699.060000 54.650000 144.000000 151.000000 144.000000
535705.310000 6581698.760000 54.650000 132.000000 135.000000 128.000000
535705.230000 6581698.440000 54.670000 105.000000 106.000000 98.000000
535705.150000 6581698.110000 54.640000 100.000000 103.000000 94.000000
535705.060000 6581697.770000 54.570000 103.000000 104.000000 96.000000
535704.990000 6581697.460000 54.640000 103.000000 106.000000 95.000000
535704.900000 6581697.110000 54.590000 104.000000 107.000000 98.000000
535704.830000 6581696.820000 54.610000 97.000000 100.000000 93.000000
535704.760000 6581696.520000 54.660000 104.000000 107.000000 98.000000
535704.680000 6581696.200000 54.600000 92.000000 95.000000 86.000000
535704.600000 6581695.880000 54.650000 93.000000 96.000000 89.000000
535704.530000 6581695.560000 54.640000 106.000000 109.000000 100.000000
535705.040000 6581699.330000 54.210000 130.000000 136.000000 132.000000
535704.960000 6581698.980000 54.130000 145.000000 150.000000 144.000000
535704.880000 6581698.640000 54.210000 102.000000 103.000000 97.000000
535704.810000 6581698.350000 54.160000 100.000000 103.000000 94.000000
535704.740000 6581698.050000 54.190000 94.000000 97.000000 88.000000
535704.650000 6581697.710000 54.150000 98.000000 99.000000 91.000000
535704.570000 6581697.400000 54.180000 94.000000 97.000000 88.000000
535704.510000 6581697.120000 54.250000 103.000000 106.000000 97.000000
535704.420000 6581696.760000 54.170000 105.000000 108.000000 99.000000
535704.340000 6581696.430000 54.160000 95.000000 98.000000 89.000000
535704.270000 6581696.130000 54.190000 109.000000 112.000000 105.000000
535704.180000 6581695.790000 54.170000 100.000000 103.000000 94.000000
535704.110000 6581695.480000 54.220000 100.000000 103.000000 92.000000
535704.430000 6581698.710000 53.610000 89.000000 90.000000 84.000000
535704.350000 6581698.380000 53.610000 93.000000 96.000000 85.000000
535704.280000 6581698.100000 53.620000 103.000000 106.000000 95.000000
535704.200000 6581697.780000 53.700000 101.000000 102.000000 94.000000
535704.120000 6581697.460000 53.740000 64.000000 66.000000 61.000000
535704.040000 6581697.140000 53.710000 108.000000 114.000000 104.000000
535703.970000 6581696.830000 53.700000 114.000000 117.000000 106.000000
535703.880000 6581696.470000 53.660000 94.000000 100.000000 90.000000
535703.820000 6581696.200000 53.730000 93.000000 94.000000 88.000000
535703.740000 6581695.880000 53.710000 99.000000 101.000000 90.000000
535703.660000 6581695.550000 53.710000 103.000000 104.000000 96.000000
535703.980000 6581698.290000 53.240000 95.000000 99.000000 85.000000
535703.910000 6581697.980000 53.280000 98.000000 104.000000 90.000000
535703.830000 6581697.650000 53.310000 57.000000 64.000000 56.000000
535703.760000 6581697.360000 53.270000 49.000000 55.000000 53.000000
535703.680000 6581697.060000 53.310000 65.000000 66.000000 60.000000
535703.610000 6581696.740000 53.330000 109.000000 112.000000 101.000000
535703.530000 6581696.440000 53.290000 99.000000 101.000000 90.000000
535703.450000 6581696.120000 53.310000 100.000000 103.000000 92.000000
535703.380000 6581695.800000 53.340000 99.000000 101.000000 90.000000
535703.510000 6581697.850000 52.910000 63.000000 66.000000 59.000000
535703.440000 6581697.550000 52.940000 52.000000 55.000000 44.000000
535703.360000 6581697.220000 52.920000 67.000000 71.000000 57.000000
535703.280000 6581696.900000 52.890000 113.000000 115.000000 104.000000
535703.210000 6581696.610000 52.940000 106.000000 107.000000 101.000000
535703.130000 6581696.280000 52.940000 107.000000 108.000000 102.000000
535703.060000 6581695.980000 52.970000 98.000000 100.000000 89.000000
535702.970000 6581697.430000 52.430000 97.000000 97.000000 85.000000
535702.890000 6581697.080000 52.430000 95.000000 98.000000 89.000000
535702.820000 6581696.790000 52.410000 99.000000 99.000000 91.000000
535702.750000 6581696.500000 52.430000 97.000000 100.000000 89.000000
535702.660000 6581696.140000 52.420000 95.000000 98.000000 87.000000
535702.590000 6581695.830000 52.430000 97.000000 98.000000 90.000000
535702.300000 6581696.640000 51.880000 100.000000 101.000000 93.000000
535702.220000 6581696.330000 51.920000 98.000000 100.000000 89.000000
535702.140000 6581695.990000 51.880000 94.000000 97.000000 86.000000
535701.900000 6581696.370000 51.540000 94.000000 95.000000 87.000000
535701.820000 6581696.050000 51.570000 98.000000 101.000000 90.000000
535705.820000 6581699.960000 54.900000 138.000000 151.000000 142.000000
535705.750000 6581698.660000 55.150000 128.000000 135.000000 127.000000
535705.670000 6581698.960000 54.980000 149.000000 154.000000 148.000000
535705.610000 6581699.210000 54.820000 160.000000 159.000000 155.000000
535705.540000 6581699.510000 54.700000 133.000000 146.000000 139.000000
535705.460000 6581699.810000 54.580000 110.000000 116.000000 112.000000
535705.640000 6581697.980000 55.260000 110.000000 113.000000 106.000000
535705.570000 6581698.260000 55.110000 106.000000 109.000000 100.000000
535705.500000 6581698.530000 54.990000 118.000000 121.000000 112.000000
535705.450000 6581698.770000 54.760000 155.000000 156.000000 150.000000
535705.370000 6581699.080000 54.670000 144.000000 151.000000 144.000000
535705.300000 6581699.360000 54.520000 145.000000 154.000000 149.000000
535705.240000 6581699.620000 54.390000 153.000000 155.000000 152.000000
535705.600000 6581696.950000 55.450000 98.000000 104.000000 92.000000
535705.540000 6581697.220000 55.290000 101.000000 104.000000 95.000000
535705.470000 6581697.500000 55.190000 95.000000 98.000000 91.000000
535705.400000 6581697.780000 54.990000 98.000000 99.000000 91.000000
535705.330000 6581698.060000 54.870000 98.000000 101.000000 92.000000
535705.260000 6581698.320000 54.700000 103.000000 106.000000 97.000000
535705.190000 6581698.620000 54.580000 113.000000 114.000000 108.000000
535705.120000 6581698.880000 54.420000 173.000000 178.000000 172.000000
535705.050000 6581699.190000 54.280000 136.000000 143.000000 136.000000
535705.660000 6581695.070000 55.550000 91.000000 97.000000 87.000000
535705.440000 6581696.000000 55.580000 104.000000 107.000000 100.000000
535705.370000 6581696.280000 55.440000 109.000000 112.000000 103.000000
535705.300000 6581696.560000 55.260000 100.000000 103.000000 94.000000
535705.230000 6581696.840000 55.130000 99.000000 102.000000 93.000000
535705.160000 6581697.100000 54.950000 99.000000 102.000000 93.000000
535705.090000 6581697.410000 54.860000 93.000000 96.000000 85.000000
535705.020000 6581697.700000 54.670000 103.000000 104.000000 96.000000
535704.950000 6581697.980000 54.550000 97.000000 100.000000 91.000000
535704.890000 6581698.230000 54.300000 94.000000 97.000000 88.000000
535704.810000 6581698.520000 54.170000 97.000000 98.000000 90.000000
535704.740000 6581698.810000 54.060000 118.000000 123.000000 117.000000
535704.680000 6581699.080000 53.900000 149.000000 156.000000 149.000000
535705.220000 6581695.180000 55.520000 105.000000 108.000000 99.000000
535705.150000 6581695.480000 55.370000 107.000000 110.000000 101.000000
535705.080000 6581695.760000 55.230000 103.000000 106.000000 99.000000
535705.010000 6581696.030000 55.070000 96.000000 99.000000 90.000000
535704.940000 6581696.330000 54.910000 93.000000 96.000000 87.000000
535704.870000 6581696.620000 54.830000 99.000000 102.000000 95.000000
535704.810000 6581696.860000 54.610000 97.000000 100.000000 93.000000
535704.740000 6581697.140000 54.450000 92.000000 95.000000 86.000000
535704.660000 6581697.460000 54.280000 93.000000 96.000000 85.000000
535704.590000 6581697.730000 54.150000 95.000000 96.000000 88.000000
535704.530000 6581698.010000 53.970000 107.000000 110.000000 99.000000
535704.450000 6581698.330000 53.850000 102.000000 105.000000 94.000000
535704.380000 6581698.590000 53.660000 92.000000 93.000000 85.000000
535704.900000 6581695.340000 55.170000 101.000000 104.000000 95.000000
535704.830000 6581695.630000 55.010000 102.000000 105.000000 98.000000
535704.750000 6581695.930000 54.830000 99.000000 102.000000 93.000000
535704.680000 6581696.210000 54.670000 92.000000 95.000000 86.000000
535704.620000 6581696.480000 54.520000 106.000000 109.000000 100.000000
535704.540000 6581696.790000 54.380000 101.000000 104.000000 95.000000
535704.480000 6581697.050000 54.240000 89.000000 92.000000 83.000000
535704.410000 6581697.310000 54.080000 102.000000 105.000000 96.000000
535704.340000 6581697.610000 53.920000 99.000000 100.000000 92.000000
535704.260000 6581697.920000 53.790000 97.000000 100.000000 91.000000
535704.210000 6581698.150000 53.600000 103.000000 106.000000 95.000000
535704.120000 6581698.490000 53.580000 96.000000 97.000000 89.000000
535704.640000 6581695.280000 54.940000 106.000000 109.000000 100.000000
535704.580000 6581695.550000 54.760000 106.000000 109.000000 100.000000
535704.510000 6581695.820000 54.630000 93.000000 96.000000 89.000000
535704.440000 6581696.070000 54.400000 101.000000 104.000000 95.000000
535704.370000 6581696.370000 54.290000 101.000000 104.000000 95.000000
535704.300000 6581696.670000 54.140000 91.000000 94.000000 83.000000
535704.230000 6581696.940000 54.000000 108.000000 111.000000 100.000000
535704.160000 6581697.230000 53.800000 126.000000 129.000000 120.000000
535704.090000 6581697.510000 53.660000 48.000000 53.000000 47.000000
535704.020000 6581697.820000 53.550000 97.000000 100.000000 91.000000
535703.950000 6581698.080000 53.400000 97.000000 101.000000 87.000000
535704.210000 6581695.610000 54.370000 102.000000 105.000000 96.000000
535704.150000 6581695.870000 54.170000 95.000000 98.000000 89.000000
535704.070000 6581696.170000 53.990000 89.000000 91.000000 86.000000
535704.000000 6581696.450000 53.830000 102.000000 105.000000 96.000000
535703.940000 6581696.720000 53.730000 117.000000 119.000000 108.000000
535703.870000 6581697.000000 53.550000 61.000000 67.000000 57.000000
535703.790000 6581697.310000 53.410000 49.000000 55.000000 53.000000
535703.730000 6581697.560000 53.270000 116.000000 122.000000 120.000000
535703.670000 6581697.830000 53.130000 78.000000 83.000000 79.000000
535703.780000 6581695.700000 53.760000 102.000000 104.000000 93.000000
535703.700000 6581695.990000 53.650000 98.000000 100.000000 89.000000
535703.630000 6581696.270000 53.500000 101.000000 107.000000 95.000000
535703.570000 6581696.540000 53.400000 105.000000 105.000000 95.000000
535703.510000 6581696.800000 53.210000 104.000000 107.000000 98.000000
535703.430000 6581697.110000 53.040000 70.000000 70.000000 62.000000
535703.370000 6581697.370000 52.920000 91.000000 95.000000 80.000000
535703.300000 6581697.630000 52.750000 119.000000 127.000000 106.000000
535703.480000 6581695.680000 53.490000 102.000000 104.000000 93.000000
535703.410000 6581695.930000 53.310000 101.000000 103.000000 92.000000
535703.350000 6581696.200000 53.180000 94.000000 100.000000 90.000000
535703.270000 6581696.530000 53.090000 91.000000 92.000000 86.000000
535703.200000 6581696.780000 52.910000 101.000000 101.000000 93.000000
535703.140000 6581697.060000 52.750000 116.000000 118.000000 105.000000
535703.060000 6581697.370000 52.620000 123.000000 121.000000 106.000000
535703.160000 6581695.860000 53.140000 100.000000 102.000000 91.000000
535703.100000 6581696.130000 52.990000 99.000000 102.000000 93.000000
535703.030000 6581696.410000 52.860000 99.000000 102.000000 93.000000
535702.960000 6581696.700000 52.680000 97.000000 97.000000 89.000000
535702.890000 6581696.990000 52.530000 98.000000 99.000000 91.000000
535702.820000 6581697.270000 52.360000 92.000000 92.000000 84.000000
535702.770000 6581695.980000 52.670000 97.000000 99.000000 88.000000
535702.700000 6581696.270000 52.500000 98.000000 101.000000 90.000000
535702.630000 6581696.530000 52.380000 101.000000 104.000000 93.000000
535702.560000 6581696.810000 52.170000 98.000000 104.000000 92.000000
535702.450000 6581695.830000 52.340000 95.000000 96.000000 88.000000
535702.380000 6581696.120000 52.190000 96.000000 96.000000 88.000000
535702.310000 6581696.370000 52.040000 97.000000 98.000000 90.000000
535702.240000 6581696.660000 51.840000 96.000000 97.000000 89.000000
535702.170000 6581695.900000 52.020000 94.000000 97.000000 86.000000
535702.100000 6581696.180000 51.800000 96.000000 99.000000 88.000000
535702.030000 6581696.460000 51.730000 95.000000 98.000000 89.000000
535701.870000 6581696.020000 51.640000 98.000000 101.000000 90.000000
535701.800000 6581696.300000 51.510000 100.000000 101.000000 93.000000
535706.580000 6581699.620000 55.750000 95.000000 98.000000 87.000000
535706.500000 6581699.290000 55.780000 91.000000 92.000000 84.000000
535706.350000 6581698.670000 55.750000 104.000000 107.000000 98.000000
535706.270000 6581698.340000 55.760000 102.000000 105.000000 98.000000
535706.190000 6581698.030000 55.780000 85.000000 88.000000 79.000000
535706.130000 6581697.740000 55.760000 102.000000 105.000000 96.000000
535705.970000 6581697.100000 55.780000 128.000000 131.000000 122.000000
535705.900000 6581696.800000 55.770000 94.000000 97.000000 90.000000
535705.820000 6581696.490000 55.770000 102.000000 107.000000 100.000000
535705.740000 6581696.160000 55.760000 91.000000 94.000000 85.000000
535705.660000 6581695.850000 55.760000 104.000000 109.000000 102.000000
535705.590000 6581695.550000 55.760000 97.000000 100.000000 91.000000
535705.510000 6581695.210000 55.760000 107.000000 110.000000 101.000000
535706.260000 6581699.980000 55.340000 109.000000 112.000000 103.000000
535706.180000 6581699.650000 55.280000 104.000000 110.000000 100.000000
535706.110000 6581699.340000 55.330000 100.000000 108.000000 95.000000
535706.030000 6581699.030000 55.290000 104.000000 106.000000 95.000000
535705.960000 6581698.750000 55.340000 109.000000 112.000000 103.000000
535705.880000 6581698.430000 55.310000 92.000000 98.000000 88.000000
535705.800000 6581698.100000 55.340000 96.000000 99.000000 90.000000
535705.730000 6581697.800000 55.340000 105.000000 106.000000 98.000000
535706.570000 6581698.640000 55.590000 85.000000 90.000000 84.000000
535706.400000 6581699.300000 55.720000 95.000000 98.000000 89.000000
535706.340000 6581699.560000 55.540000 96.000000 99.000000 88.000000
535706.270000 6581699.830000 55.410000 102.000000 105.000000 94.000000
535706.240000 6581698.240000 55.760000 100.000000 103.000000 96.000000
535706.170000 6581698.530000 55.670000 90.000000 93.000000 84.000000
535706.100000 6581698.830000 55.520000 101.000000 103.000000 92.000000
535706.030000 6581699.110000 55.360000 106.000000 109.000000 98.000000
535705.960000 6581699.380000 55.210000 132.000000 133.000000 127.000000
535705.890000 6581699.690000 55.050000 169.000000 176.000000 168.000000
535706.190000 6581696.840000 55.530000 141.000000 146.000000 139.000000
535706.030000 6581697.510000 55.750000 102.000000 105.000000 96.000000
535705.950000 6581697.820000 55.620000 105.000000 106.000000 98.000000
535705.880000 6581698.110000 55.490000 96.000000 99.000000 90.000000
535705.820000 6581698.380000 55.280000 102.000000 105.000000 96.000000
535706.010000 6581696.470000 55.580000 99.000000 104.000000 97.000000
535705.850000 6581697.130000 55.670000 114.000000 117.000000 108.000000
535705.780000 6581697.400000 55.470000 132.000000 135.000000 124.000000
535705.710000 6581697.670000 55.380000 121.000000 122.000000 114.000000
535705.900000 6581695.720000 55.550000 116.000000 119.000000 112.000000
535705.730000 6581696.420000 55.750000 99.000000 105.000000 95.000000
535705.670000 6581696.680000 55.600000 95.000000 98.000000 89.000000
535705.570000 6581695.430000 55.760000 104.000000 107.000000 98.000000
535705.500000 6581695.740000 55.730000 99.000000 102.000000 93.000000
535706.970000 6581701.200000 55.720000 106.000000 109.000000 98.000000
535706.900000 6581700.910000 55.760000 101.000000 104.000000 95.000000
535706.410000 6581700.610000 55.300000 94.000000 100.000000 90.000000
535706.330000 6581700.260000 55.250000 96.000000 104.000000 93.000000
535705.960000 6581700.100000 54.960000 157.000000 168.000000 160.000000
535707.030000 6581700.980000 55.690000 100.000000 103.000000 96.000000
535706.670000 6581700.800000 55.690000 103.000000 104.000000 98.000000
535706.470000 6581700.330000 55.700000 100.000000 106.000000 94.000000
535706.410000 6581700.580000 55.380000 110.000000 116.000000 106.000000
535706.200000 6581700.130000 55.270000 139.000000 146.000000 138.000000
535706.130000 6581700.410000 55.100000 141.000000 151.000000 142.000000
535706.720000 6581701.880000 55.280000 95.000000 97.000000 84.000000
535706.650000 6581701.580000 55.330000 99.000000 102.000000 91.000000
535706.570000 6581701.250000 55.360000 92.000000 93.000000 87.000000
535706.490000 6581700.920000 55.320000 116.000000 119.000000 110.000000
535706.560000 6581702.570000 54.990000 95.000000 118.000000 74.000000
535706.490000 6581702.280000 54.970000 113.000000 123.000000 98.000000
535706.410000 6581701.950000 54.940000 102.000000 106.000000 92.000000
535706.330000 6581701.620000 54.930000 95.000000 96.000000 88.000000
535706.260000 6581701.300000 54.980000 8.000000 14.000000 12.000000
535706.180000 6581701.000000 54.930000 128.000000 130.000000 125.000000
535706.110000 6581700.700000 54.990000 140.000000 150.000000 142.000000
535706.030000 6581700.380000 54.990000 165.000000 175.000000 167.000000
535707.340000 6581701.360000 55.460000 109.000000 115.000000 105.000000
535706.940000 6581701.330000 55.740000 95.000000 97.000000 84.000000
535706.870000 6581701.600000 55.620000 92.000000 96.000000 82.000000
535706.800000 6581701.880000 55.460000 86.000000 89.000000 80.000000
535706.600000 6581701.080000 55.450000 95.000000 101.000000 87.000000
535706.530000 6581701.360000 55.290000 99.000000 100.000000 95.000000
535706.460000 6581701.650000 55.140000 97.000000 101.000000 87.000000
535706.390000 6581701.960000 54.980000 87.000000 93.000000 79.000000
535706.350000 6581700.840000 55.270000 137.000000 142.000000 135.000000
535706.280000 6581701.130000 55.100000 125.000000 128.000000 119.000000
535706.210000 6581701.400000 54.900000 30.000000 34.000000 37.000000
535706.060000 6581700.680000 54.930000 130.000000 140.000000 132.000000
535707.270000 6581702.450000 55.760000 111.000000 112.000000 98.000000
535707.200000 6581702.160000 55.760000 95.000000 97.000000 86.000000
535707.130000 6581701.860000 55.720000 100.000000 105.000000 98.000000
535707.050000 6581701.540000 55.760000 97.000000 96.000000 91.000000
535706.880000 6581702.500000 55.280000 94.000000 108.000000 75.000000
535706.800000 6581702.180000 55.320000 96.000000 99.000000 90.000000
535707.490000 6581702.010000 55.480000 94.000000 102.000000 91.000000
535707.400000 6581702.380000 55.710000 117.000000 118.000000 110.000000
535707.260000 6581701.710000 55.640000 101.000000 104.000000 97.000000
535707.180000 6581702.060000 55.800000 100.000000 103.000000 94.000000
535707.110000 6581702.350000 55.650000 103.000000 105.000000 91.000000
535707.040000 6581702.610000 55.500000 93.000000 104.000000 87.000000
535706.730000 6581702.170000 55.340000 89.000000 97.000000 84.000000
535706.670000 6581702.450000 55.190000 102.000000 120.000000 82.000000
535706.590000 6581702.740000 55.030000 95.000000 117.000000 78.000000
535717.350000 6581681.620000 50.440000 23.000000 25.000000 24.000000
535719.930000 6581681.360000 50.450000 84.000000 94.000000 95.000000
535719.840000 6581681.000000 50.370000 98.000000 109.000000 103.000000
535719.990000 6581683.030000 50.550000 87.000000 84.000000 79.000000
535719.910000 6581682.710000 50.610000 90.000000 96.000000 86.000000
535719.820000 6581682.360000 50.550000 64.000000 81.000000 89.000000
535719.750000 6581682.030000 50.510000 70.000000 88.000000 100.000000
535719.670000 6581681.710000 50.510000 61.000000 81.000000 92.000000
535719.580000 6581681.350000 50.420000 78.000000 84.000000 82.000000
535719.500000 6581681.030000 50.310000 83.000000 89.000000 87.000000
535719.620000 6581682.920000 50.540000 82.000000 81.000000 76.000000
535719.540000 6581682.580000 50.600000 70.000000 72.000000 69.000000
535719.470000 6581682.270000 50.540000 52.000000 75.000000 83.000000
535719.390000 6581681.950000 50.500000 67.000000 89.000000 102.000000
535719.310000 6581681.620000 50.470000 85.000000 98.000000 104.000000
535719.230000 6581681.300000 50.410000 66.000000 72.000000 72.000000
535719.370000 6581683.290000 50.560000 101.000000 109.000000 98.000000
535719.280000 6581682.950000 50.560000 78.000000 79.000000 73.000000
535719.210000 6581682.660000 50.510000 89.000000 88.000000 84.000000
535719.130000 6581682.330000 50.520000 75.000000 92.000000 100.000000
535719.050000 6581681.990000 50.500000 66.000000 86.000000 95.000000
535718.980000 6581681.700000 50.490000 97.000000 108.000000 110.000000
535718.900000 6581681.360000 50.420000 90.000000 95.000000 98.000000
535719.060000 6581683.020000 50.600000 105.000000 110.000000 103.000000
535718.980000 6581682.710000 50.570000 101.000000 100.000000 95.000000
535718.900000 6581682.360000 50.520000 110.000000 123.000000 131.000000
535718.820000 6581682.030000 50.480000 143.000000 167.000000 169.000000
535718.740000 6581681.710000 50.440000 130.000000 140.000000 139.000000
535718.660000 6581681.380000 50.390000 109.000000 115.000000 111.000000
535718.700000 6581683.170000 50.540000 123.000000 131.000000 120.000000
535718.610000 6581682.830000 50.520000 109.000000 112.000000 105.000000
535718.530000 6581682.490000 50.540000 85.000000 104.000000 102.000000
535718.450000 6581682.160000 50.460000 125.000000 139.000000 140.000000
535718.370000 6581681.830000 50.450000 112.000000 123.000000 127.000000
535718.290000 6581681.480000 50.340000 70.000000 78.000000 81.000000
535718.380000 6581683.430000 50.600000 115.000000 120.000000 113.000000
535718.310000 6581683.130000 50.570000 103.000000 108.000000 101.000000
535718.230000 6581682.810000 50.560000 105.000000 110.000000 104.000000
535718.150000 6581682.480000 50.530000 117.000000 123.000000 119.000000
535718.070000 6581682.150000 50.450000 114.000000 123.000000 120.000000
535717.990000 6581681.810000 50.460000 128.000000 137.000000 132.000000
535717.900000 6581681.480000 50.400000 94.000000 103.000000 98.000000
535718.060000 6581683.310000 50.580000 119.000000 125.000000 113.000000
535717.980000 6581682.980000 50.580000 108.000000 116.000000 105.000000
535717.890000 6581682.640000 50.490000 72.000000 77.000000 81.000000
535717.820000 6581682.330000 50.520000 109.000000 115.000000 111.000000
535717.730000 6581681.970000 50.460000 107.000000 112.000000 106.000000
535717.660000 6581681.650000 50.400000 136.000000 140.000000 141.000000
535717.580000 6581682.580000 50.540000 58.000000 62.000000 65.000000
535717.510000 6581682.250000 50.460000 60.000000 65.000000 59.000000
535717.430000 6581681.930000 50.440000 31.000000 35.000000 34.000000
535719.950000 6581682.700000 50.590000 90.000000 96.000000 86.000000
535719.880000 6581683.010000 50.600000 89.000000 86.000000 81.000000
535719.800000 6581683.330000 50.630000 82.000000 87.000000 80.000000
535719.960000 6581681.040000 50.340000 86.000000 95.000000 92.000000
535719.880000 6581681.390000 50.430000 84.000000 93.000000 92.000000
535719.800000 6581681.700000 50.460000 59.000000 79.000000 90.000000
535719.710000 6581682.060000 50.490000 70.000000 88.000000 100.000000
535719.630000 6581682.420000 50.540000 81.000000 86.000000 89.000000
535719.550000 6581682.730000 50.560000 86.000000 87.000000 81.000000
535719.470000 6581683.060000 50.610000 106.000000 107.000000 101.000000
535719.380000 6581683.410000 50.680000 98.000000 104.000000 94.000000
535719.580000 6581680.920000 50.420000 98.000000 104.000000 100.000000
535719.500000 6581681.280000 50.460000 84.000000 90.000000 88.000000
535719.420000 6581681.580000 50.440000 80.000000 90.000000 92.000000
535719.340000 6581681.910000 50.470000 67.000000 89.000000 102.000000
535719.260000 6581682.240000 50.480000 49.000000 72.000000 80.000000
535719.180000 6581682.550000 50.530000 71.000000 76.000000 72.000000
535719.100000 6581682.880000 50.590000 106.000000 105.000000 100.000000
535719.020000 6581683.240000 50.620000 114.000000 122.000000 111.000000
535719.220000 6581681.100000 50.400000 73.000000 77.000000 78.000000
535719.140000 6581681.440000 50.440000 92.000000 100.000000 102.000000
535719.060000 6581681.770000 50.440000 88.000000 99.000000 103.000000
535718.970000 6581682.100000 50.510000 134.000000 158.000000 162.000000
535718.890000 6581682.430000 50.530000 109.000000 123.000000 123.000000
535718.810000 6581682.770000 50.460000 110.000000 111.000000 105.000000
535718.730000 6581683.100000 50.590000 115.000000 123.000000 112.000000
535718.650000 6581683.420000 50.590000 114.000000 117.000000 108.000000
535718.910000 6581681.090000 50.390000 82.000000 88.000000 86.000000
535718.830000 6581681.410000 50.400000 100.000000 105.000000 108.000000
535718.750000 6581681.740000 50.430000 130.000000 140.000000 139.000000
535718.670000 6581682.080000 50.510000 138.000000 158.000000 159.000000
535718.580000 6581682.400000 50.500000 85.000000 104.000000 102.000000
535718.510000 6581682.720000 50.510000 97.000000 104.000000 96.000000
535718.420000 6581683.060000 50.610000 112.000000 117.000000 110.000000
535718.280000 6581683.670000 50.570000 109.000000 112.000000 105.000000
535718.420000 6581681.390000 50.330000 104.000000 110.000000 106.000000
535718.340000 6581681.710000 50.430000 98.000000 108.000000 109.000000
535718.260000 6581682.070000 50.520000 122.000000 132.000000 131.000000
535718.100000 6581682.690000 50.520000 104.000000 110.000000 108.000000
535718.020000 6581683.020000 50.570000 102.000000 107.000000 100.000000
535717.990000 6581681.560000 50.380000 110.000000 119.000000 116.000000
535717.900000 6581681.900000 50.490000 113.000000 122.000000 117.000000
535717.820000 6581682.240000 50.480000 106.000000 113.000000 106.000000
535717.740000 6581682.560000 50.480000 75.000000 81.000000 81.000000
535717.690000 6581681.450000 50.380000 173.000000 180.000000 173.000000
535717.610000 6581681.770000 50.370000 121.000000 125.000000 126.000000
535717.530000 6581682.110000 50.480000 94.000000 99.000000 93.000000
535717.440000 6581682.460000 50.520000 62.000000 66.000000 67.000000
535722.020000 6581680.800000 50.430000 62.000000 69.000000 79.000000
535721.770000 6581681.090000 50.420000 63.000000 72.000000 81.000000
535721.680000 6581680.750000 50.390000 63.000000 72.000000 77.000000
535721.490000 6581681.270000 50.500000 59.000000 76.000000 86.000000
535721.400000 6581680.940000 50.410000 52.000000 59.000000 65.000000
535721.320000 6581680.570000 50.360000 51.000000 58.000000 66.000000
535721.360000 6581681.570000 50.530000 50.000000 69.000000 86.000000
535721.290000 6581681.270000 50.540000 63.000000 77.000000 88.000000
535721.200000 6581680.890000 50.390000 60.000000 68.000000 71.000000
535721.120000 6581680.600000 50.410000 67.000000 72.000000 78.000000
535721.220000 6581681.850000 50.560000 58.000000 79.000000 100.000000
535721.140000 6581681.530000 50.510000 55.000000 74.000000 89.000000
535721.070000 6581681.220000 50.510000 70.000000 84.000000 95.000000
535720.910000 6581680.560000 50.420000 55.000000 62.000000 68.000000
535720.980000 6581682.150000 50.510000 60.000000 79.000000 94.000000
535720.910000 6581681.860000 50.540000 50.000000 69.000000 86.000000
535720.820000 6581681.500000 50.450000 61.000000 78.000000 94.000000
535720.750000 6581681.190000 50.490000 72.000000 83.000000 89.000000
535720.670000 6581680.850000 50.360000 50.000000 55.000000 58.000000
535720.750000 6581682.590000 50.600000 36.000000 38.000000 37.000000
535720.660000 6581682.250000 50.520000 63.000000 77.000000 86.000000
535720.590000 6581681.950000 50.500000 43.000000 61.000000 73.000000
535720.510000 6581681.630000 50.500000 53.000000 75.000000 88.000000
535720.430000 6581681.270000 50.430000 76.000000 87.000000 91.000000
535720.470000 6581682.570000 50.560000 54.000000 56.000000 53.000000
535720.390000 6581682.240000 50.530000 71.000000 89.000000 99.000000
535720.300000 6581681.890000 50.500000 60.000000 78.000000 90.000000
535720.220000 6581681.560000 50.490000 59.000000 76.000000 86.000000
535720.150000 6581681.250000 50.430000 85.000000 97.000000 97.000000
535720.070000 6581680.900000 50.340000 85.000000 94.000000 91.000000
535720.320000 6581682.980000 50.650000 93.000000 94.000000 86.000000
535720.240000 6581682.660000 50.580000 78.000000 85.000000 78.000000
535720.170000 6581682.350000 50.570000 53.000000 68.000000 73.000000
535720.090000 6581682.010000 50.540000 54.000000 70.000000 85.000000
535720.000000 6581681.670000 50.490000 56.000000 78.000000 91.000000
535722.020000 6581680.770000 50.460000 62.000000 69.000000 79.000000
535721.810000 6581680.760000 50.460000 40.000000 47.000000 55.000000
535721.720000 6581681.110000 50.490000 77.000000 86.000000 95.000000
535721.470000 6581680.680000 50.400000 50.000000 55.000000 61.000000
535721.390000 6581681.010000 50.480000 69.000000 80.000000 86.000000
535721.300000 6581681.370000 50.490000 55.000000 73.000000 87.000000
535721.220000 6581681.690000 50.530000 53.000000 69.000000 84.000000
535721.140000 6581682.000000 50.550000 52.000000 74.000000 95.000000
535721.110000 6581680.500000 50.440000 84.000000 91.000000 97.000000
535721.040000 6581680.790000 50.320000 62.000000 67.000000 73.000000
535720.940000 6581681.190000 50.490000 86.000000 96.000000 105.000000
535720.870000 6581681.500000 50.510000 61.000000 78.000000 94.000000
535720.790000 6581681.830000 50.540000 48.000000 66.000000 80.000000
535720.710000 6581682.150000 50.500000 46.000000 65.000000 79.000000
535720.630000 6581682.480000 50.540000 39.000000 43.000000 44.000000
535720.550000 6581682.780000 50.560000 63.000000 69.000000 65.000000
535720.750000 6581680.720000 50.390000 41.000000 46.000000 50.000000
535720.680000 6581681.030000 50.440000 68.000000 76.000000 79.000000
535720.600000 6581681.330000 50.460000 54.000000 69.000000 76.000000
535720.520000 6581681.670000 50.490000 53.000000 75.000000 88.000000
535720.440000 6581682.000000 50.510000 44.000000 60.000000 73.000000
535720.370000 6581682.310000 50.560000 49.000000 62.000000 68.000000
535720.280000 6581682.640000 50.560000 78.000000 85.000000 78.000000
535720.200000 6581682.990000 50.600000 93.000000 94.000000 86.000000
535720.440000 6581680.730000 50.410000 43.000000 48.000000 51.000000
535720.360000 6581681.050000 50.430000 80.000000 89.000000 88.000000
535720.280000 6581681.360000 50.460000 90.000000 101.000000 105.000000
535720.200000 6581681.700000 50.470000 53.000000 75.000000 89.000000
535720.120000 6581682.040000 50.540000 59.000000 75.000000 91.000000
535720.040000 6581682.350000 50.500000 54.000000 69.000000 76.000000
535717.330000 6581683.030000 50.620000 134.000000 144.000000 136.000000
535717.250000 6581682.670000 50.590000 94.000000 100.000000 88.000000
535717.170000 6581682.360000 50.590000 109.000000 112.000000 103.000000
535717.350000 6581682.830000 50.580000 85.000000 91.000000 87.000000
535717.260000 6581683.220000 51.020000 46.000000 47.000000 51.000000
535717.150000 6581682.440000 50.870000 104.000000 108.000000 94.000000
535717.820000 6581683.560000 50.600000 107.000000 113.000000 103.000000
535717.740000 6581683.230000 50.580000 124.000000 129.000000 122.000000
535717.660000 6581682.900000 50.550000 105.000000 112.000000 105.000000
535717.490000 6581683.680000 50.850000 107.000000 109.000000 106.000000
535717.420000 6581683.410000 50.950000 106.000000 108.000000 105.000000
535717.940000 6581683.350000 50.550000 108.000000 114.000000 104.000000
535717.850000 6581683.700000 50.660000 114.000000 117.000000 110.000000
535717.660000 6581682.880000 50.540000 59.000000 65.000000 63.000000
535717.580000 6581683.210000 50.580000 105.000000 110.000000 103.000000
535717.480000 6581683.620000 50.880000 107.000000 109.000000 106.000000
535723.020000 6581682.770000 50.690000 21.000000 24.000000 31.000000
535722.950000 6581682.460000 50.620000 22.000000 25.000000 32.000000
535722.880000 6581682.170000 50.650000 10.000000 13.000000 18.000000
535722.790000 6581681.820000 50.570000 58.000000 63.000000 67.000000
535722.710000 6581681.480000 50.480000 51.000000 55.000000 64.000000
535722.640000 6581681.190000 50.480000 45.000000 49.000000 58.000000
535722.750000 6581682.690000 50.640000 38.000000 39.000000 44.000000
535722.670000 6581682.370000 50.590000 25.000000 28.000000 35.000000
535722.590000 6581682.040000 50.630000 54.000000 61.000000 69.000000
535722.510000 6581681.710000 50.490000 52.000000 61.000000 68.000000
535722.440000 6581681.390000 50.510000 48.000000 57.000000 66.000000
535722.350000 6581681.040000 50.460000 55.000000 64.000000 73.000000
535722.500000 6581682.790000 50.650000 35.000000 36.000000 41.000000
535722.420000 6581682.460000 50.620000 26.000000 27.000000 32.000000
535722.330000 6581682.100000 50.540000 29.000000 36.000000 44.000000
535722.260000 6581681.800000 50.540000 50.000000 64.000000 75.000000
535722.180000 6581681.480000 50.480000 49.000000 62.000000 68.000000
535722.090000 6581681.110000 50.360000 44.000000 54.000000 63.000000
535722.160000 6581682.710000 50.600000 46.000000 45.000000 50.000000
535722.080000 6581682.380000 50.580000 28.000000 31.000000 38.000000
535722.000000 6581682.050000 50.520000 67.000000 77.000000 87.000000
535721.920000 6581681.720000 50.510000 61.000000 77.000000 90.000000
535721.840000 6581681.410000 50.510000 60.000000 73.000000 81.000000
535721.880000 6581682.930000 50.630000 35.000000 36.000000 41.000000
535721.800000 6581682.600000 50.620000 31.000000 30.000000 35.000000
535721.720000 6581682.260000 50.540000 21.000000 26.000000 32.000000
535721.640000 6581681.930000 50.540000 57.000000 73.000000 88.000000
535721.560000 6581681.600000 50.500000 45.000000 61.000000 76.000000
535721.600000 6581682.580000 50.610000 34.000000 38.000000 41.000000
535721.520000 6581682.230000 50.570000 23.000000 26.000000 33.000000
535721.440000 6581681.890000 50.550000 50.000000 70.000000 94.000000
535721.450000 6581682.820000 50.650000 64.000000 65.000000 67.000000
535721.370000 6581682.490000 50.650000 31.000000 35.000000 36.000000
535721.300000 6581682.170000 50.590000 58.000000 77.000000 94.000000
535721.140000 6581682.800000 50.520000 23.000000 26.000000 31.000000
535721.060000 6581682.480000 50.600000 45.000000 49.000000 50.000000
535720.830000 6581682.950000 50.620000 53.000000 53.000000 51.000000
535720.550000 6581682.900000 50.620000 64.000000 65.000000 59.000000
535723.020000 6581682.840000 50.710000 25.000000 28.000000 33.000000
535722.900000 6581682.060000 50.610000 43.000000 47.000000 50.000000
535722.820000 6581682.360000 50.590000 23.000000 26.000000 31.000000
535722.740000 6581682.720000 50.590000 39.000000 40.000000 45.000000
535722.710000 6581681.670000 50.560000 66.000000 73.000000 79.000000
535722.550000 6581682.330000 50.600000 22.000000 25.000000 32.000000
535722.470000 6581682.640000 50.660000 28.000000 29.000000 34.000000
535722.490000 6581681.170000 50.510000 52.000000 59.000000 69.000000
535722.410000 6581681.490000 50.530000 46.000000 55.000000 64.000000
535722.330000 6581681.790000 50.580000 50.000000 63.000000 72.000000
535722.250000 6581682.130000 50.570000 34.000000 41.000000 51.000000
535722.170000 6581682.460000 50.610000 29.000000 30.000000 35.000000
535722.100000 6581682.760000 50.610000 40.000000 39.000000 44.000000
535722.010000 6581683.100000 50.700000 28.000000 29.000000 34.000000
535722.140000 6581681.260000 50.450000 49.000000 60.000000 66.000000
535722.060000 6581681.590000 50.540000 57.000000 72.000000 79.000000
535721.980000 6581681.910000 50.580000 53.000000 66.000000 75.000000
535721.900000 6581682.250000 50.580000 18.000000 23.000000 29.000000
535721.820000 6581682.590000 50.590000 41.000000 42.000000 46.000000
535721.740000 6581682.890000 50.620000 30.000000 31.000000 36.000000
535721.950000 6581681.050000 50.440000 48.000000 58.000000 67.000000
535721.870000 6581681.370000 50.510000 73.000000 83.000000 92.000000
535721.780000 6581681.740000 50.540000 62.000000 80.000000 92.000000
535721.700000 6581682.060000 50.570000 72.000000 86.000000 99.000000
535721.620000 6581682.390000 50.610000 26.000000 27.000000 31.000000
535721.540000 6581682.740000 50.620000 51.000000 54.000000 59.000000
535721.450000 6581683.080000 50.660000 42.000000 40.000000 43.000000
535721.640000 6581681.440000 50.530000 62.000000 74.000000 88.000000
535721.560000 6581681.760000 50.540000 50.000000 66.000000 82.000000
535721.480000 6581682.080000 50.610000 54.000000 79.000000 101.000000
535721.410000 6581682.380000 50.620000 32.000000 30.000000 33.000000
535721.330000 6581682.700000 50.580000 46.000000 49.000000 54.000000
535721.250000 6581683.050000 50.580000 39.000000 37.000000 40.000000
535721.050000 6581682.360000 50.590000 28.000000 32.000000 35.000000
535720.970000 6581682.690000 50.630000 28.000000 33.000000 36.000000
535720.900000 6581683.000000 50.660000 49.000000 49.000000 47.000000
535720.470000 6581683.120000 50.660000 99.000000 101.000000 96.000000
535719.870000 6581699.720000 54.340000 110.000000 112.000000 107.000000
535719.800000 6581699.450000 54.460000 123.000000 128.000000 121.000000
535719.730000 6581699.150000 54.690000 102.000000 107.000000 100.000000
535719.670000 6581698.910000 54.850000 100.000000 103.000000 96.000000
535719.410000 6581699.850000 54.340000 118.000000 121.000000 114.000000
535719.340000 6581699.570000 54.500000 114.000000 117.000000 108.000000
535719.270000 6581699.290000 54.690000 108.000000 111.000000 104.000000
535719.210000 6581699.010000 54.840000 67.000000 66.000000 64.000000
535719.110000 6581699.770000 54.420000 112.000000 113.000000 107.000000
535719.030000 6581699.450000 54.570000 70.000000 73.000000 66.000000
535718.970000 6581699.190000 54.770000 54.000000 54.000000 52.000000
535718.900000 6581698.910000 54.950000 65.000000 67.000000 66.000000
535718.810000 6581699.910000 54.400000 113.000000 114.000000 109.000000
535718.750000 6581699.640000 54.560000 65.000000 65.000000 63.000000
535718.680000 6581699.350000 54.740000 68.000000 72.000000 71.000000
535718.610000 6581699.070000 54.890000 64.000000 68.000000 69.000000
535718.410000 6581699.750000 54.540000 59.000000 59.000000 59.000000
535718.340000 6581699.470000 54.700000 58.000000 64.000000 60.000000
535718.270000 6581699.170000 54.890000 66.000000 70.000000 69.000000
535718.080000 6581699.920000 54.460000 43.000000 47.000000 46.000000
535718.020000 6581699.680000 54.640000 48.000000 50.000000 49.000000
535717.960000 6581699.400000 54.810000 67.000000 69.000000 66.000000
535717.890000 6581699.110000 54.940000 63.000000 65.000000 64.000000
535717.820000 6581699.940000 54.480000 48.000000 48.000000 48.000000
535717.760000 6581699.680000 54.690000 50.000000 54.000000 55.000000
535717.690000 6581699.410000 54.840000 42.000000 46.000000 45.000000
535717.580000 6581699.930000 54.530000 65.000000 67.000000 66.000000
535717.510000 6581699.640000 54.670000 61.000000 65.000000 66.000000
535717.440000 6581699.380000 54.860000 64.000000 68.000000 67.000000
535717.200000 6581699.960000 54.560000 63.000000 63.000000 63.000000
535717.140000 6581699.690000 54.750000 65.000000 69.000000 70.000000
535717.070000 6581699.400000 54.950000 63.000000 64.000000 68.000000
535716.800000 6581699.810000 54.750000 56.000000 56.000000 56.000000
535716.730000 6581699.520000 54.910000 56.000000 61.000000 57.000000
535716.560000 6581699.720000 54.810000 55.000000 59.000000 62.000000
535716.490000 6581699.450000 54.980000 50.000000 54.000000 53.000000
535716.340000 6581699.800000 54.780000 40.000000 44.000000 45.000000
535716.270000 6581699.530000 54.970000 62.000000 66.000000 67.000000
535715.970000 6581699.640000 54.940000 64.000000 68.000000 67.000000
535719.920000 6581698.840000 54.890000 107.000000 113.000000 103.000000
535719.850000 6581699.100000 54.740000 116.000000 123.000000 115.000000
535719.780000 6581699.380000 54.530000 103.000000 110.000000 102.000000
535719.720000 6581699.650000 54.380000 123.000000 126.000000 119.000000
535719.640000 6581699.950000 54.250000 122.000000 125.000000 118.000000
535719.530000 6581698.750000 54.940000 111.000000 113.000000 108.000000
535719.460000 6581699.040000 54.780000 124.000000 125.000000 120.000000
535719.390000 6581699.320000 54.680000 124.000000 130.000000 120.000000
535719.320000 6581699.570000 54.490000 114.000000 117.000000 108.000000
535719.250000 6581699.870000 54.350000 117.000000 120.000000 113.000000
535719.090000 6581698.850000 54.930000 60.000000 60.000000 60.000000
535719.020000 6581699.160000 54.790000 62.000000 62.000000 60.000000
535718.950000 6581699.420000 54.670000 46.000000 48.000000 43.000000
535718.880000 6581699.700000 54.490000 65.000000 66.000000 61.000000
535718.740000 6581699.030000 54.910000 58.000000 62.000000 63.000000
535718.660000 6581699.340000 54.770000 68.000000 72.000000 71.000000
535718.590000 6581699.610000 54.570000 70.000000 72.000000 71.000000
535718.530000 6581699.890000 54.430000 53.000000 53.000000 51.000000
535718.460000 6581699.020000 54.920000 67.000000 73.000000 73.000000
535718.390000 6581699.290000 54.790000 42.000000 43.000000 45.000000
535718.320000 6581699.570000 54.650000 40.000000 45.000000 41.000000
535718.260000 6581699.820000 54.470000 53.000000 57.000000 58.000000
535718.080000 6581699.160000 54.940000 70.000000 74.000000 73.000000
535718.010000 6581699.430000 54.770000 67.000000 69.000000 66.000000
535717.940000 6581699.710000 54.630000 57.000000 61.000000 62.000000
535717.710000 6581699.310000 54.860000 54.000000 58.000000 57.000000
535717.650000 6581699.570000 54.750000 69.000000 73.000000 72.000000
535717.580000 6581699.880000 54.590000 62.000000 64.000000 63.000000
535717.460000 6581699.370000 54.860000 64.000000 68.000000 67.000000
535717.390000 6581699.680000 54.710000 68.000000 69.000000 71.000000
535717.320000 6581699.940000 54.580000 69.000000 71.000000 70.000000
535717.250000 6581699.380000 54.900000 65.000000 69.000000 68.000000
535717.170000 6581699.680000 54.750000 65.000000 69.000000 70.000000
535717.110000 6581699.950000 54.580000 63.000000 63.000000 63.000000
535716.890000 6581699.350000 54.970000 48.000000 53.000000 49.000000
535716.830000 6581699.610000 54.810000 44.000000 49.000000 52.000000
535716.750000 6581699.910000 54.660000 37.000000 38.000000 40.000000
535716.450000 6581699.500000 54.960000 50.000000 54.000000 53.000000
535716.390000 6581699.770000 54.810000 40.000000 44.000000 45.000000
535716.100000 6581699.700000 54.890000 54.000000 58.000000 57.000000
535720.670000 6581698.670000 54.830000 123.000000 125.000000 120.000000
535720.390000 6581698.790000 54.810000 119.000000 122.000000 113.000000
535720.130000 6581699.170000 54.650000 116.000000 121.000000 117.000000
535720.070000 6581698.900000 54.780000 113.000000 118.000000 111.000000
535720.670000 6581698.570000 54.870000 105.000000 110.000000 103.000000
535720.290000 6581698.690000 54.870000 115.000000 118.000000 109.000000
535720.220000 6581698.940000 54.700000 112.000000 115.000000 108.000000
535720.150000 6581699.240000 54.580000 117.000000 120.000000 113.000000
535719.470000 6581700.120000 54.160000 105.000000 110.000000 103.000000
535719.240000 6581700.300000 54.050000 113.000000 118.000000 111.000000
535719.180000 6581700.050000 54.240000 105.000000 110.000000 103.000000
535719.000000 6581700.710000 53.870000 117.000000 120.000000 113.000000
535718.940000 6581700.430000 54.060000 99.000000 101.000000 96.000000
535718.870000 6581700.160000 54.210000 108.000000 111.000000 104.000000
535718.750000 6581701.130000 53.700000 111.000000 112.000000 107.000000
535718.670000 6581700.840000 53.840000 114.000000 115.000000 110.000000
535718.610000 6581700.580000 53.980000 82.000000 81.000000 77.000000
535718.540000 6581700.280000 54.180000 64.000000 66.000000 61.000000
535718.470000 6581700.010000 54.380000 61.000000 63.000000 58.000000
535718.420000 6581701.320000 53.610000 25.000000 23.000000 24.000000
535718.350000 6581701.020000 53.790000 25.000000 24.000000 29.000000
535718.290000 6581700.770000 53.970000 18.000000 19.000000 23.000000
535718.220000 6581700.490000 54.130000 23.000000 24.000000 28.000000
535718.150000 6581700.210000 54.270000 128.000000 133.000000 127.000000
535718.150000 6581701.290000 53.710000 17.000000 16.000000 21.000000
535718.090000 6581701.040000 53.860000 17.000000 16.000000 21.000000
535718.020000 6581700.760000 54.000000 15.000000 16.000000 18.000000
535717.950000 6581700.480000 54.160000 43.000000 43.000000 45.000000
535717.890000 6581700.230000 54.330000 66.000000 71.000000 67.000000
535717.850000 6581701.030000 53.830000 23.000000 22.000000 27.000000
535717.780000 6581700.780000 54.010000 37.000000 38.000000 40.000000
535717.710000 6581700.480000 54.170000 70.000000 70.000000 70.000000
535717.650000 6581700.210000 54.340000 51.000000 53.000000 50.000000
535717.410000 6581700.810000 54.090000 31.000000 32.000000 36.000000
535717.340000 6581700.540000 54.240000 56.000000 62.000000 58.000000
535717.270000 6581700.240000 54.430000 63.000000 61.000000 62.000000
535716.930000 6581700.330000 54.410000 59.000000 61.000000 56.000000
535716.860000 6581700.070000 54.580000 63.000000 67.000000 68.000000
535716.630000 6581700.020000 54.630000 61.000000 63.000000 62.000000
535719.180000 6581700.150000 54.220000 119.000000 124.000000 117.000000
535719.120000 6581700.430000 54.050000 105.000000 108.000000 101.000000
535719.050000 6581700.690000 53.890000 125.000000 128.000000 121.000000
535718.810000 6581700.010000 54.300000 114.000000 117.000000 110.000000
535718.740000 6581700.280000 54.190000 114.000000 116.000000 111.000000
535718.680000 6581700.530000 54.050000 82.000000 81.000000 77.000000
535718.610000 6581700.840000 53.880000 114.000000 115.000000 110.000000
535718.530000 6581701.130000 53.740000 109.000000 109.000000 109.000000
535718.470000 6581701.400000 53.600000 11.000000 10.000000 8.000000
535718.450000 6581700.210000 54.300000 72.000000 74.000000 69.000000
535718.380000 6581700.490000 54.090000 26.000000 27.000000 29.000000
535718.310000 6581700.750000 53.970000 53.000000 54.000000 56.000000
535718.250000 6581701.030000 53.830000 11.000000 10.000000 15.000000
535718.180000 6581701.310000 53.650000 21.000000 20.000000 25.000000
535718.190000 6581700.130000 54.340000 62.000000 63.000000 57.000000
535718.110000 6581700.420000 54.180000 28.000000 29.000000 31.000000
535718.050000 6581700.690000 54.020000 37.000000 38.000000 40.000000
535717.980000 6581700.980000 53.890000 18.000000 17.000000 22.000000
535717.870000 6581700.020000 54.440000 57.000000 56.000000 54.000000
535717.800000 6581700.280000 54.290000 66.000000 71.000000 67.000000
535717.730000 6581700.570000 54.160000 29.000000 27.000000 28.000000
535717.660000 6581700.850000 54.020000 13.000000 14.000000 18.000000
535717.510000 6581700.150000 54.450000 55.000000 57.000000 56.000000
535717.450000 6581700.410000 54.310000 128.000000 130.000000 127.000000
535717.380000 6581700.680000 54.180000 27.000000 29.000000 28.000000
535717.260000 6581700.210000 54.430000 63.000000 61.000000 62.000000
535717.180000 6581700.510000 54.280000 100.000000 107.000000 100.000000
535717.040000 6581700.240000 54.460000 51.000000 51.000000 51.000000
535716.680000 6581700.210000 54.510000 52.000000 53.000000 55.000000
535719.930000 6581698.360000 55.100000 114.000000 114.000000 106.000000
535719.870000 6581698.090000 55.270000 73.000000 74.000000 69.000000
535719.800000 6581697.820000 55.450000 57.000000 59.000000 56.000000
535719.730000 6581697.530000 55.600000 71.000000 73.000000 72.000000
535719.600000 6581698.630000 55.020000 89.000000 92.000000 85.000000
535719.530000 6581698.340000 55.220000 38.000000 40.000000 35.000000
535719.470000 6581698.060000 55.340000 38.000000 40.000000 39.000000
535719.410000 6581697.810000 55.480000 60.000000 62.000000 61.000000
535719.140000 6581698.740000 55.000000 46.000000 48.000000 47.000000
535719.070000 6581698.450000 55.140000 45.000000 49.000000 52.000000
535719.000000 6581698.170000 55.350000 42.000000 46.000000 47.000000
535718.940000 6581697.890000 55.510000 47.000000 48.000000 50.000000
535718.830000 6581698.630000 55.100000 68.000000 72.000000 73.000000
535718.770000 6581698.380000 55.270000 63.000000 67.000000 66.000000
535718.710000 6581698.130000 55.430000 62.000000 64.000000 63.000000
535718.540000 6581698.800000 55.060000 68.000000 72.000000 71.000000
535718.470000 6581698.520000 55.250000 59.000000 61.000000 58.000000
535718.400000 6581698.230000 55.370000 57.000000 59.000000 56.000000
535718.210000 6581698.900000 55.010000 48.000000 48.000000 48.000000
535718.140000 6581698.650000 55.210000 45.000000 49.000000 48.000000
535718.070000 6581698.350000 55.370000 48.000000 54.000000 52.000000
535717.830000 6581698.870000 55.130000 64.000000 66.000000 65.000000
535717.750000 6581698.580000 55.260000 56.000000 58.000000 57.000000
535717.630000 6581699.130000 54.990000 48.000000 50.000000 49.000000
535717.560000 6581698.860000 55.170000 43.000000 45.000000 44.000000
535717.380000 6581699.110000 55.010000 44.000000 46.000000 45.000000
535717.320000 6581698.840000 55.220000 47.000000 49.000000 48.000000
535717.000000 6581699.130000 55.140000 67.000000 69.000000 68.000000
535716.660000 6581699.240000 55.120000 63.000000 67.000000 68.000000
535719.990000 6581698.530000 55.010000 116.000000 116.000000 106.000000
535719.800000 6581697.630000 55.500000 41.000000 43.000000 42.000000
535719.730000 6581697.920000 55.370000 50.000000 52.000000 49.000000
535719.660000 6581698.220000 55.240000 55.000000 56.000000 50.000000
535719.590000 6581698.480000 55.090000 53.000000 55.000000 50.000000
535719.370000 6581697.750000 55.550000 48.000000 48.000000 48.000000
535719.300000 6581698.020000 55.380000 44.000000 48.000000 47.000000
535719.230000 6581698.310000 55.210000 55.000000 59.000000 60.000000
535719.160000 6581698.570000 55.080000 63.000000 67.000000 68.000000
535719.020000 6581697.900000 55.480000 64.000000 65.000000 67.000000
535718.940000 6581698.190000 55.340000 45.000000 49.000000 50.000000
535718.870000 6581698.500000 55.200000 55.000000 59.000000 60.000000
535718.800000 6581698.770000 55.070000 52.000000 56.000000 57.000000
535718.670000 6581698.150000 55.400000 69.000000 71.000000 70.000000
535718.600000 6581698.450000 55.250000 66.000000 68.000000 65.000000
535718.530000 6581698.740000 55.090000 68.000000 72.000000 71.000000
535718.290000 6581698.310000 55.390000 39.000000 45.000000 43.000000
535718.220000 6581698.570000 55.200000 68.000000 68.000000 68.000000
535718.150000 6581698.880000 55.070000 70.000000 72.000000 71.000000
535717.930000 6581698.470000 55.360000 47.000000 49.000000 48.000000
535717.860000 6581698.740000 55.180000 43.000000 47.000000 46.000000
535717.790000 6581699.030000 55.050000 48.000000 50.000000 49.000000
535717.650000 6581698.580000 55.330000 47.000000 49.000000 48.000000
535717.590000 6581698.840000 55.170000 43.000000 45.000000 44.000000
535717.530000 6581699.110000 55.040000 38.000000 40.000000 39.000000
535717.380000 6581698.820000 55.190000 47.000000 49.000000 48.000000
535717.310000 6581699.100000 55.050000 44.000000 46.000000 45.000000
535716.960000 6581699.060000 55.120000 53.000000 55.000000 54.000000
535716.520000 6581699.240000 55.100000 61.000000 65.000000 64.000000
535716.180000 6581699.400000 55.060000 43.000000 47.000000 50.000000
535720.600000 6581698.370000 55.000000 107.000000 113.000000 103.000000
535720.510000 6581698.020000 54.850000 118.000000 121.000000 110.000000
535720.330000 6581698.510000 54.960000 121.000000 124.000000 115.000000
535720.260000 6581698.270000 55.130000 113.000000 116.000000 105.000000
535720.190000 6581697.990000 55.290000 136.000000 130.000000 114.000000
535720.130000 6581697.710000 55.460000 125.000000 116.000000 101.000000
535720.000000 6581698.630000 54.950000 116.000000 119.000000 110.000000
535720.450000 6581698.020000 54.890000 123.000000 125.000000 111.000000
535720.350000 6581698.410000 55.040000 112.000000 115.000000 106.000000
535720.130000 6581697.960000 55.320000 136.000000 130.000000 114.000000
535720.070000 6581698.230000 55.150000 111.000000 112.000000 104.000000
535719.340000 6581697.520000 55.690000 57.000000 58.000000 60.000000
535718.870000 6581697.600000 55.660000 50.000000 52.000000 51.000000
535718.630000 6581697.820000 55.590000 63.000000 65.000000 64.000000
535718.330000 6581697.950000 55.560000 58.000000 62.000000 61.000000
535718.010000 6581698.100000 55.570000 49.000000 51.000000 50.000000
535717.950000 6581697.840000 55.700000 40.000000 46.000000 44.000000
535717.690000 6581698.300000 55.420000 49.000000 53.000000 52.000000
535717.630000 6581698.050000 55.630000 69.000000 71.000000 70.000000
535717.490000 6581698.570000 55.340000 43.000000 47.000000 46.000000
535717.430000 6581698.310000 55.520000 63.000000 65.000000 64.000000
535717.360000 6581698.040000 55.680000 58.000000 62.000000 61.000000
535717.240000 6581698.560000 55.390000 51.000000 55.000000 54.000000
535717.170000 6581698.260000 55.500000 55.000000 57.000000 56.000000
535717.110000 6581697.980000 55.660000 54.000000 58.000000 57.000000
535716.940000 6581698.870000 55.270000 64.000000 68.000000 67.000000
535716.870000 6581698.590000 55.440000 63.000000 69.000000 67.000000
535716.810000 6581698.310000 55.620000 46.000000 46.000000 46.000000
535716.600000 6581698.970000 55.230000 63.000000 69.000000 69.000000
535716.530000 6581698.700000 55.450000 43.000000 45.000000 44.000000
535716.460000 6581698.400000 55.610000 49.000000 53.000000 54.000000
535716.430000 6581699.190000 55.110000 48.000000 52.000000 53.000000
535716.360000 6581698.910000 55.300000 67.000000 71.000000 70.000000
535716.290000 6581698.620000 55.450000 63.000000 65.000000 64.000000
535716.230000 6581698.370000 55.620000 69.000000 70.000000 74.000000
535716.210000 6581699.280000 55.150000 60.000000 64.000000 63.000000
535716.150000 6581699.010000 55.290000 68.000000 72.000000 73.000000
535716.080000 6581698.750000 55.470000 72.000000 74.000000 73.000000
535716.010000 6581698.460000 55.600000 70.000000 74.000000 75.000000
535715.900000 6581699.360000 55.100000 69.000000 73.000000 74.000000
535715.840000 6581699.100000 55.320000 61.000000 62.000000 64.000000
535715.780000 6581698.840000 55.440000 66.000000 68.000000 67.000000
535715.700000 6581698.530000 55.620000 68.000000 69.000000 71.000000
535719.440000 6581697.470000 55.700000 44.000000 46.000000 45.000000
535719.080000 6581697.660000 55.660000 64.000000 66.000000 65.000000
535718.820000 6581697.570000 55.710000 49.000000 53.000000 52.000000
535718.740000 6581697.860000 55.560000 60.000000 62.000000 61.000000
535718.430000 6581697.740000 55.670000 52.000000 56.000000 57.000000
535718.360000 6581698.030000 55.540000 45.000000 47.000000 46.000000
535718.070000 6581697.870000 55.660000 48.000000 54.000000 52.000000
535718.000000 6581698.180000 55.520000 49.000000 51.000000 50.000000
535717.790000 6581698.010000 55.640000 67.000000 69.000000 68.000000
535717.730000 6581698.290000 55.490000 51.000000 55.000000 54.000000
535717.590000 6581697.990000 55.670000 41.000000 45.000000 44.000000
535717.520000 6581698.260000 55.480000 44.000000 46.000000 45.000000
535717.450000 6581698.540000 55.350000 43.000000 47.000000 46.000000
535717.170000 6581698.220000 55.580000 55.000000 57.000000 56.000000
535717.100000 6581698.510000 55.450000 59.000000 63.000000 62.000000
535717.030000 6581698.780000 55.290000 66.000000 66.000000 66.000000
535716.810000 6581698.060000 55.700000 39.000000 45.000000 43.000000
535716.730000 6581698.370000 55.580000 55.000000 53.000000 56.000000
535716.660000 6581698.650000 55.420000 61.000000 61.000000 61.000000
535716.590000 6581698.930000 55.240000 63.000000 69.000000 69.000000
535716.460000 6581698.250000 55.660000 57.000000 57.000000 59.000000
535716.390000 6581698.550000 55.500000 43.000000 47.000000 48.000000
535716.320000 6581698.840000 55.350000 45.000000 49.000000 48.000000
535716.250000 6581699.110000 55.220000 37.000000 41.000000 42.000000
535716.120000 6581698.340000 55.690000 57.000000 58.000000 62.000000
535716.050000 6581698.620000 55.500000 56.000000 58.000000 57.000000
535715.980000 6581698.910000 55.360000 49.000000 51.000000 50.000000
535715.920000 6581699.180000 55.220000 61.000000 62.000000 64.000000
535715.850000 6581699.460000 55.030000 60.000000 64.000000 67.000000
535715.710000 6581698.380000 55.700000 37.000000 41.000000 42.000000
535715.660000 6581698.620000 55.500000 48.000000 52.000000 51.000000
535716.040000 6581699.980000 54.770000 68.000000 69.000000 73.000000
535715.780000 6581699.750000 54.940000 66.000000 70.000000 69.000000
535717.030000 6581701.690000 53.610000 19.000000 20.000000 25.000000
535716.960000 6581701.400000 53.770000 23.000000 24.000000 29.000000
535716.820000 6581701.770000 53.610000 22.000000 22.000000 30.000000
535716.740000 6581701.470000 53.760000 13.000000 16.000000 23.000000
535716.680000 6581701.190000 53.950000 16.000000 13.000000 20.000000
535716.610000 6581700.910000 54.110000 39.000000 42.000000 47.000000
535716.500000 6581701.800000 53.630000 23.000000 20.000000 27.000000
535716.440000 6581701.550000 53.770000 22.000000 22.000000 30.000000
535716.360000 6581701.240000 53.940000 22.000000 22.000000 30.000000
535716.290000 6581700.970000 54.120000 17.000000 23.000000 23.000000
535716.240000 6581700.730000 54.280000 122.000000 124.000000 119.000000
535716.170000 6581700.450000 54.430000 50.000000 50.000000 48.000000
535716.100000 6581700.170000 54.630000 49.000000 51.000000 50.000000
535716.150000 6581701.910000 53.610000 20.000000 21.000000 26.000000
535716.090000 6581701.660000 53.770000 21.000000 22.000000 27.000000
535716.020000 6581701.360000 53.930000 19.000000 22.000000 27.000000
535715.950000 6581701.080000 54.070000 24.000000 28.000000 29.000000
535715.890000 6581700.840000 54.250000 121.000000 123.000000 118.000000
535715.830000 6581700.560000 54.460000 56.000000 56.000000 56.000000
535715.750000 6581700.270000 54.590000 60.000000 62.000000 59.000000
535715.690000 6581700.000000 54.790000 51.000000 52.000000 54.000000
535715.900000 6581701.960000 53.650000 22.000000 23.000000 28.000000
535715.830000 6581701.680000 53.760000 15.000000 18.000000 23.000000
535715.750000 6581701.380000 53.960000 22.000000 23.000000 27.000000
535715.690000 6581701.110000 54.130000 26.000000 30.000000 29.000000
535715.630000 6581700.840000 54.310000 123.000000 124.000000 119.000000
535715.560000 6581700.560000 54.460000 36.000000 40.000000 39.000000
535715.490000 6581700.290000 54.630000 43.000000 47.000000 48.000000
535715.430000 6581700.020000 54.800000 58.000000 62.000000 61.000000
535715.610000 6581702.020000 53.600000 25.000000 24.000000 30.000000
535715.550000 6581701.740000 53.790000 20.000000 25.000000 29.000000
535715.470000 6581701.440000 53.940000 24.000000 23.000000 29.000000
535715.410000 6581701.160000 54.140000 22.000000 26.000000 25.000000
535715.340000 6581700.890000 54.350000 75.000000 74.000000 70.000000
535715.270000 6581700.590000 54.510000 48.000000 52.000000 51.000000
535715.200000 6581700.330000 54.680000 46.000000 47.000000 49.000000
535715.140000 6581700.060000 54.810000 46.000000 47.000000 49.000000
535715.240000 6581702.070000 53.610000 18.000000 17.000000 22.000000
535715.180000 6581701.810000 53.800000 23.000000 24.000000 29.000000
535715.120000 6581701.570000 53.980000 14.000000 15.000000 20.000000
535715.050000 6581701.280000 54.130000 17.000000 21.000000 22.000000
535714.980000 6581700.990000 54.290000 82.000000 84.000000 79.000000
535714.920000 6581700.730000 54.470000 53.000000 55.000000 54.000000
535714.850000 6581700.460000 54.660000 51.000000 52.000000 54.000000
535714.920000 6581702.400000 53.520000 18.000000 21.000000 28.000000
535714.840000 6581702.090000 53.670000 18.000000 19.000000 21.000000
535714.780000 6581701.840000 53.850000 19.000000 20.000000 25.000000
535714.710000 6581701.560000 53.990000 27.000000 28.000000 33.000000
535714.640000 6581701.260000 54.170000 39.000000 41.000000 40.000000
535714.580000 6581700.990000 54.390000 56.000000 56.000000 54.000000
535714.510000 6581700.720000 54.500000 42.000000 46.000000 45.000000
535714.600000 6581702.410000 53.530000 22.000000 22.000000 30.000000
535714.540000 6581702.160000 53.700000 19.000000 20.000000 25.000000
535714.470000 6581701.890000 53.870000 16.000000 17.000000 22.000000
535714.400000 6581701.600000 54.030000 27.000000 27.000000 35.000000
535714.340000 6581701.320000 54.210000 33.000000 33.000000 33.000000
535714.270000 6581701.050000 54.340000 57.000000 57.000000 55.000000
535714.210000 6581700.780000 54.550000 65.000000 69.000000 68.000000
535714.320000 6581702.520000 53.470000 24.000000 25.000000 30.000000
535714.250000 6581702.250000 53.690000 20.000000 21.000000 26.000000
535714.190000 6581701.990000 53.820000 21.000000 22.000000 26.000000
535714.120000 6581701.730000 53.990000 19.000000 19.000000 27.000000
535714.050000 6581701.430000 54.160000 38.000000 39.000000 41.000000
535713.990000 6581701.170000 54.330000 58.000000 60.000000 57.000000
535713.930000 6581700.910000 54.480000 38.000000 40.000000 39.000000
535713.920000 6581702.610000 53.520000 21.000000 22.000000 27.000000
535713.850000 6581702.340000 53.690000 23.000000 24.000000 28.000000
535713.780000 6581702.040000 53.870000 20.000000 21.000000 25.000000
535713.720000 6581701.790000 54.030000 16.000000 16.000000 24.000000
535713.650000 6581701.510000 54.200000 35.000000 36.000000 38.000000
535713.570000 6581701.200000 54.380000 50.000000 52.000000 51.000000
535713.510000 6581702.640000 53.570000 14.000000 15.000000 19.000000
535713.440000 6581702.350000 53.730000 23.000000 22.000000 20.000000
535713.370000 6581702.070000 53.910000 21.000000 22.000000 26.000000
535713.300000 6581701.810000 54.070000 14.000000 18.000000 21.000000
535713.240000 6581701.530000 54.220000 80.000000 86.000000 76.000000
535713.140000 6581702.670000 53.610000 20.000000 21.000000 26.000000
535713.070000 6581702.380000 53.800000 16.000000 14.000000 17.000000
535713.010000 6581702.120000 53.970000 23.000000 23.000000 23.000000
535712.940000 6581701.840000 54.110000 11.000000 15.000000 18.000000
535712.890000 6581702.650000 53.630000 20.000000 21.000000 26.000000
535712.820000 6581702.370000 53.820000 24.000000 22.000000 25.000000
535712.750000 6581702.090000 53.990000 22.000000 23.000000 28.000000
535712.690000 6581701.830000 54.140000 23.000000 25.000000 22.000000
535712.520000 6581702.870000 53.580000 25.000000 26.000000 31.000000
535712.450000 6581702.610000 53.720000 23.000000 24.000000 29.000000
535712.390000 6581702.340000 53.900000 4.000000 4.000000 6.000000
535712.310000 6581702.030000 54.090000 11.000000 10.000000 16.000000
535712.110000 6581702.770000 53.720000 19.000000 19.000000 27.000000
535712.050000 6581702.530000 53.880000 12.000000 11.000000 19.000000
535711.880000 6581702.990000 53.550000 27.000000 26.000000 32.000000
535711.810000 6581702.690000 53.750000 14.000000 11.000000 18.000000
535711.740000 6581702.420000 53.940000 14.000000 12.000000 17.000000
535711.620000 6581703.060000 53.570000 28.000000 29.000000 34.000000
535711.550000 6581702.790000 53.750000 23.000000 24.000000 29.000000
535711.290000 6581703.210000 53.520000 23.000000 26.000000 31.000000
535711.220000 6581702.910000 53.700000 15.000000 18.000000 23.000000
535710.920000 6581703.170000 53.580000 18.000000 19.000000 24.000000
535710.700000 6581703.200000 53.610000 26.000000 26.000000 34.000000
535710.220000 6581703.460000 53.530000 18.000000 23.000000 27.000000
535717.100000 6581701.810000 53.560000 22.000000 25.000000 30.000000
535716.970000 6581701.370000 53.790000 22.000000 23.000000 28.000000
535716.910000 6581701.630000 53.640000 18.000000 18.000000 26.000000
535716.840000 6581701.890000 53.510000 18.000000 21.000000 26.000000
535716.750000 6581701.380000 53.870000 22.000000 22.000000 30.000000
535716.680000 6581701.660000 53.680000 27.000000 24.000000 31.000000
535716.620000 6581701.950000 53.500000 25.000000 26.000000 30.000000
535716.540000 6581700.770000 54.190000 60.000000 62.000000 59.000000
535716.470000 6581701.070000 54.070000 41.000000 40.000000 46.000000
535716.400000 6581701.330000 53.920000 22.000000 22.000000 30.000000
535716.340000 6581701.590000 53.780000 26.000000 26.000000 34.000000
535716.270000 6581701.890000 53.590000 25.000000 26.000000 30.000000
535716.250000 6581700.340000 54.520000 44.000000 45.000000 40.000000
535716.180000 6581700.620000 54.350000 75.000000 74.000000 69.000000
535716.110000 6581700.890000 54.170000 53.000000 58.000000 54.000000
535716.040000 6581701.190000 54.040000 38.000000 42.000000 45.000000
535715.970000 6581701.460000 53.880000 22.000000 23.000000 28.000000
535715.900000 6581701.760000 53.710000 19.000000 22.000000 27.000000
535715.830000 6581702.040000 53.550000 23.000000 24.000000 29.000000
535715.970000 6581700.250000 54.590000 67.000000 68.000000 63.000000
535715.890000 6581700.560000 54.430000 56.000000 56.000000 56.000000
535715.830000 6581700.820000 54.280000 121.000000 123.000000 118.000000
535715.760000 6581701.100000 54.150000 30.000000 34.000000 35.000000
535715.690000 6581701.390000 54.010000 27.000000 28.000000 32.000000
535715.620000 6581701.650000 53.840000 15.000000 20.000000 24.000000
535715.560000 6581701.910000 53.700000 21.000000 22.000000 27.000000
535715.490000 6581702.200000 53.550000 20.000000 20.000000 28.000000
535715.710000 6581700.030000 54.770000 70.000000 71.000000 73.000000
535715.640000 6581700.300000 54.610000 47.000000 49.000000 48.000000
535715.570000 6581700.580000 54.460000 36.000000 40.000000 39.000000
535715.510000 6581700.850000 54.300000 104.000000 105.000000 100.000000
535715.440000 6581701.120000 54.150000 22.000000 26.000000 25.000000
535715.370000 6581701.410000 53.980000 28.000000 27.000000 33.000000
535715.300000 6581701.690000 53.880000 17.000000 22.000000 26.000000
535715.230000 6581701.960000 53.720000 18.000000 19.000000 24.000000
535715.160000 6581702.230000 53.540000 26.000000 26.000000 36.000000
535715.320000 6581700.010000 54.810000 52.000000 56.000000 55.000000
535715.240000 6581700.310000 54.690000 47.000000 51.000000 54.000000
535715.180000 6581700.570000 54.540000 63.000000 64.000000 66.000000
535715.110000 6581700.840000 54.340000 56.000000 58.000000 55.000000
535715.030000 6581701.160000 54.240000 35.000000 40.000000 34.000000
535714.970000 6581701.420000 54.030000 32.000000 33.000000 38.000000
535714.910000 6581701.690000 53.870000 25.000000 26.000000 30.000000
535714.830000 6581701.980000 53.750000 17.000000 18.000000 22.000000
535714.760000 6581702.260000 53.580000 21.000000 21.000000 31.000000
535714.800000 6581700.460000 54.620000 51.000000 52.000000 54.000000
535714.730000 6581700.740000 54.520000 38.000000 42.000000 41.000000
535714.650000 6581701.040000 54.310000 94.000000 96.000000 91.000000
535714.590000 6581701.310000 54.150000 27.000000 27.000000 29.000000
535714.520000 6581701.590000 54.000000 21.000000 22.000000 27.000000
535714.440000 6581701.890000 53.820000 16.000000 17.000000 22.000000
535714.370000 6581702.190000 53.710000 21.000000 22.000000 27.000000
535714.310000 6581702.450000 53.560000 23.000000 24.000000 29.000000
535714.420000 6581700.680000 54.550000 67.000000 71.000000 70.000000
535714.360000 6581700.930000 54.440000 58.000000 58.000000 58.000000
535714.290000 6581701.200000 54.290000 100.000000 100.000000 98.000000
535714.220000 6581701.480000 54.120000 24.000000 25.000000 29.000000
535714.160000 6581701.760000 53.940000 19.000000 19.000000 27.000000
535714.090000 6581702.050000 53.810000 18.000000 19.000000 24.000000
535714.020000 6581702.330000 53.640000 19.000000 20.000000 25.000000
535713.950000 6581702.620000 53.470000 21.000000 22.000000 27.000000
535714.050000 6581700.900000 54.490000 43.000000 45.000000 44.000000
535713.980000 6581701.200000 54.360000 105.000000 108.000000 101.000000
535713.910000 6581701.480000 54.140000 36.000000 37.000000 39.000000
535713.840000 6581701.780000 54.020000 25.000000 25.000000 33.000000
535713.770000 6581702.040000 53.870000 20.000000 21.000000 25.000000
535713.700000 6581702.320000 53.690000 15.000000 16.000000 18.000000
535713.630000 6581702.610000 53.580000 20.000000 21.000000 26.000000
535713.560000 6581701.230000 54.360000 50.000000 52.000000 51.000000
535713.490000 6581701.490000 54.220000 111.000000 117.000000 107.000000
535713.430000 6581701.770000 54.080000 8.000000 13.000000 17.000000
535713.360000 6581702.050000 53.910000 21.000000 22.000000 26.000000
535713.290000 6581702.320000 53.790000 22.000000 20.000000 23.000000
535713.230000 6581702.590000 53.610000 22.000000 23.000000 27.000000
535713.060000 6581701.640000 54.200000 40.000000 44.000000 45.000000
535712.990000 6581701.940000 54.060000 16.000000 20.000000 23.000000
535712.920000 6581702.220000 53.920000 20.000000 20.000000 22.000000
535712.860000 6581702.480000 53.750000 19.000000 18.000000 23.000000
535712.780000 6581702.780000 53.580000 17.000000 18.000000 23.000000
535712.710000 6581701.800000 54.170000 35.000000 37.000000 32.000000
535712.630000 6581702.100000 54.030000 9.000000 8.000000 14.000000
535712.560000 6581702.400000 53.830000 7.000000 8.000000 12.000000
535712.490000 6581702.670000 53.660000 23.000000 24.000000 29.000000
535712.420000 6581702.960000 53.520000 22.000000 23.000000 28.000000
535712.340000 6581702.070000 54.050000 11.000000 10.000000 16.000000
535712.270000 6581702.350000 53.930000 10.000000 9.000000 14.000000
535712.200000 6581702.610000 53.740000 20.000000 20.000000 28.000000
535712.130000 6581702.890000 53.630000 18.000000 18.000000 26.000000
535711.900000 6581702.290000 54.000000 6.000000 5.000000 10.000000
535711.830000 6581702.580000 53.820000 7.000000 5.000000 10.000000
535711.750000 6581702.890000 53.700000 23.000000 22.000000 28.000000
535711.690000 6581703.160000 53.530000 22.000000 23.000000 28.000000
535711.400000 6581702.790000 53.800000 25.000000 26.000000 31.000000
535711.340000 6581703.050000 53.650000 22.000000 25.000000 30.000000
535711.090000 6581702.960000 53.710000 15.000000 18.000000 23.000000
535711.020000 6581703.280000 53.570000 20.000000 23.000000 28.000000
535710.810000 6581703.080000 53.650000 21.000000 22.000000 27.000000
535710.740000 6581703.350000 53.530000 19.000000 19.000000 27.000000
535710.360000 6581703.450000 53.520000 17.000000 22.000000 26.000000
535716.040000 6581699.900000 54.770000 68.000000 69.000000 73.000000
535718.210000 6581701.570000 53.490000 24.000000 23.000000 28.000000
535717.980000 6581701.590000 53.540000 16.000000 17.000000 21.000000
535717.910000 6581701.300000 53.690000 21.000000 20.000000 25.000000
535717.620000 6581701.650000 53.550000 25.000000 26.000000 31.000000
535717.540000 6581701.360000 53.740000 19.000000 20.000000 24.000000
535717.470000 6581701.070000 53.950000 21.000000 22.000000 26.000000
535717.270000 6581701.740000 53.570000 21.000000 22.000000 27.000000
535717.200000 6581701.460000 53.720000 25.000000 26.000000 31.000000
535717.130000 6581701.160000 53.910000 21.000000 22.000000 26.000000
535717.060000 6581700.880000 54.070000 37.000000 41.000000 42.000000
535716.990000 6581700.620000 54.260000 61.000000 65.000000 64.000000
535716.900000 6581701.140000 53.910000 21.000000 25.000000 28.000000
535716.830000 6581700.850000 54.110000 22.000000 26.000000 27.000000
535716.760000 6581700.570000 54.280000 102.000000 105.000000 98.000000
535716.700000 6581700.310000 54.470000 56.000000 57.000000 59.000000
535716.540000 6581700.630000 54.260000 121.000000 122.000000 117.000000
535716.470000 6581700.350000 54.460000 44.000000 46.000000 45.000000
535716.410000 6581700.090000 54.630000 45.000000 46.000000 48.000000
535718.110000 6581701.590000 53.510000 19.000000 18.000000 23.000000
535717.900000 6581701.280000 53.740000 21.000000 20.000000 25.000000
535717.830000 6581701.560000 53.560000 31.000000 32.000000 36.000000
535717.580000 6581701.150000 53.870000 22.000000 23.000000 27.000000
535717.530000 6581701.390000 53.710000 19.000000 20.000000 24.000000
535717.460000 6581701.690000 53.560000 21.000000 22.000000 27.000000
535717.310000 6581700.970000 54.000000 16.000000 17.000000 21.000000
535717.240000 6581701.260000 53.840000 19.000000 20.000000 24.000000
535717.180000 6581701.520000 53.700000 23.000000 24.000000 29.000000
535717.120000 6581700.780000 54.100000 20.000000 21.000000 23.000000
535717.050000 6581701.060000 53.980000 25.000000 26.000000 30.000000
535716.970000 6581700.510000 54.320000 126.000000 131.000000 125.000000
535716.900000 6581700.800000 54.160000 26.000000 30.000000 31.000000
535716.830000 6581701.080000 53.960000 17.000000 21.000000 24.000000
535716.610000 6581700.480000 54.340000 55.000000 57.000000 52.000000
535716.320000 6581700.060000 54.680000 42.000000 43.000000 45.000000
535715.630000 6581699.730000 55.000000 69.000000 73.000000 72.000000
535709.960000 6581703.570000 53.570000 15.000000 14.000000 20.000000
535709.790000 6581703.290000 53.660000 42.000000 51.000000 58.000000
535709.720000 6581703.010000 53.860000 45.000000 49.000000 60.000000
535709.510000 6581703.090000 53.830000 39.000000 45.000000 57.000000
535709.820000 6581703.030000 53.820000 46.000000 50.000000 59.000000
535709.750000 6581703.320000 53.660000 31.000000 36.000000 42.000000
535709.590000 6581703.030000 53.900000 39.000000 45.000000 57.000000
535709.520000 6581703.300000 53.710000 45.000000 54.000000 61.000000
535714.780000 6581700.160000 54.840000 42.000000 46.000000 45.000000
535714.440000 6581700.430000 54.670000 50.000000 54.000000 53.000000
535714.140000 6581700.510000 54.690000 44.000000 48.000000 47.000000
535713.510000 6581700.950000 54.550000 63.000000 65.000000 64.000000
535713.160000 6581701.230000 54.380000 63.000000 64.000000 66.000000
535712.870000 6581701.550000 54.290000 124.000000 126.000000 121.000000
535712.810000 6581701.300000 54.460000 44.000000 44.000000 46.000000
535712.620000 6581701.530000 54.320000 94.000000 94.000000 92.000000
535712.250000 6581701.780000 54.230000 112.000000 115.000000 104.000000
535711.970000 6581702.240000 54.050000 6.000000 5.000000 10.000000
535711.910000 6581701.960000 54.160000 37.000000 39.000000 34.000000
535711.680000 6581702.160000 54.090000 13.000000 16.000000 21.000000
535711.610000 6581701.880000 54.240000 127.000000 126.000000 121.000000
535711.480000 6581702.490000 53.920000 28.000000 27.000000 32.000000
535711.420000 6581702.240000 54.150000 23.000000 24.000000 28.000000
535711.160000 6581702.650000 53.890000 40.000000 44.000000 47.000000
535711.080000 6581702.360000 54.050000 40.000000 41.000000 46.000000
535710.850000 6581702.900000 53.770000 16.000000 17.000000 22.000000
535710.790000 6581702.650000 53.950000 31.000000 32.000000 36.000000
535710.720000 6581702.360000 54.080000 19.000000 22.000000 27.000000
535710.630000 6581702.940000 53.790000 20.000000 21.000000 26.000000
535710.560000 6581702.630000 53.980000 19.000000 18.000000 23.000000
535710.490000 6581703.230000 53.630000 25.000000 25.000000 33.000000
535710.420000 6581702.960000 53.770000 33.000000 34.000000 39.000000
535710.350000 6581702.680000 53.950000 45.000000 49.000000 52.000000
535710.160000 6581703.190000 53.690000 23.000000 26.000000 35.000000
535710.080000 6581702.880000 53.860000 47.000000 54.000000 62.000000
535714.860000 6581700.200000 54.750000 71.000000 72.000000 74.000000
535714.500000 6581700.380000 54.730000 68.000000 72.000000 71.000000
535714.120000 6581700.640000 54.640000 57.000000 61.000000 60.000000
535713.630000 6581700.950000 54.510000 47.000000 51.000000 50.000000
535713.200000 6581701.100000 54.500000 37.000000 38.000000 43.000000
535713.130000 6581701.370000 54.330000 54.000000 56.000000 51.000000
535712.840000 6581701.270000 54.460000 44.000000 44.000000 46.000000
535712.770000 6581701.540000 54.310000 111.000000 113.000000 108.000000
535712.480000 6581701.500000 54.390000 75.000000 74.000000 79.000000
535712.410000 6581701.780000 54.240000 72.000000 75.000000 64.000000
535712.040000 6581701.730000 54.260000 115.000000 116.000000 108.000000
535711.960000 6581702.030000 54.140000 15.000000 14.000000 19.000000
535711.610000 6581701.940000 54.280000 70.000000 71.000000 66.000000
535711.550000 6581702.200000 54.090000 10.000000 11.000000 15.000000
535711.480000 6581702.480000 53.930000 28.000000 27.000000 32.000000
535711.290000 6581702.140000 54.160000 31.000000 31.000000 31.000000
535711.220000 6581702.440000 54.020000 40.000000 41.000000 45.000000
535711.160000 6581702.690000 53.870000 40.000000 44.000000 47.000000
535711.020000 6581702.230000 54.160000 12.000000 16.000000 19.000000
535710.950000 6581702.530000 53.990000 37.000000 41.000000 44.000000
535710.880000 6581702.800000 53.790000 46.000000 47.000000 51.000000
535710.580000 6581702.570000 53.980000 40.000000 41.000000 43.000000
535710.500000 6581702.870000 53.810000 24.000000 23.000000 28.000000
535710.430000 6581703.160000 53.670000 20.000000 21.000000 26.000000
535710.180000 6581702.720000 53.990000 47.000000 55.000000 58.000000
535710.100000 6581703.000000 53.810000 51.000000 55.000000 64.000000
535710.040000 6581703.270000 53.650000 35.000000 40.000000 46.000000
535715.350000 6581699.720000 55.010000 49.000000 53.000000 56.000000
535715.080000 6581699.800000 55.000000 43.000000 44.000000 46.000000
535714.710000 6581699.880000 54.970000 43.000000 47.000000 46.000000
535715.380000 6581699.730000 55.010000 49.000000 53.000000 56.000000
535714.930000 6581699.900000 54.940000 67.000000 68.000000 70.000000
535709.960000 6581701.070000 54.970000 47.000000 47.000000 49.000000
535709.960000 6581702.370000 54.180000 45.000000 46.000000 41.000000
535709.890000 6581702.080000 54.400000 130.000000 123.000000 113.000000
535709.830000 6581701.810000 54.530000 60.000000 56.000000 53.000000
535709.760000 6581701.540000 54.730000 60.000000 65.000000 59.000000
535709.690000 6581701.240000 54.910000 74.000000 74.000000 76.000000
535709.660000 6581702.740000 54.040000 59.000000 69.000000 78.000000
535709.590000 6581702.460000 54.180000 51.000000 52.000000 56.000000
535709.530000 6581702.190000 54.390000 82.000000 79.000000 72.000000
535709.460000 6581701.920000 54.540000 88.000000 84.000000 81.000000
535709.390000 6581701.640000 54.700000 61.000000 66.000000 60.000000
535709.320000 6581701.350000 54.920000 63.000000 67.000000 68.000000
535709.440000 6581702.830000 54.030000 46.000000 54.000000 65.000000
535709.360000 6581702.510000 54.180000 47.000000 52.000000 58.000000
535709.300000 6581702.230000 54.380000 49.000000 54.000000 47.000000
535709.230000 6581701.970000 54.530000 83.000000 82.000000 80.000000
535709.170000 6581701.690000 54.730000 57.000000 62.000000 58.000000
535709.100000 6581701.420000 54.900000 68.000000 73.000000 69.000000
535709.150000 6581702.980000 53.960000 33.000000 45.000000 57.000000
535709.080000 6581702.720000 54.110000 71.000000 84.000000 92.000000
535709.020000 6581702.420000 54.290000 31.000000 36.000000 40.000000
535708.950000 6581702.150000 54.510000 86.000000 88.000000 83.000000
535708.880000 6581701.880000 54.610000 57.000000 57.000000 57.000000
535708.810000 6581701.590000 54.780000 71.000000 77.000000 73.000000
535708.650000 6581702.360000 54.400000 70.000000 72.000000 69.000000
535708.580000 6581702.080000 54.550000 60.000000 59.000000 57.000000
535708.520000 6581701.810000 54.760000 46.000000 48.000000 47.000000
535708.450000 6581701.550000 54.910000 36.000000 42.000000 40.000000
535708.130000 6581701.820000 54.830000 65.000000 59.000000 59.000000
535708.070000 6581701.560000 55.000000 86.000000 88.000000 83.000000
535709.960000 6581702.470000 54.140000 37.000000 38.000000 40.000000
535709.890000 6581702.750000 54.010000 48.000000 57.000000 64.000000
535709.940000 6581701.610000 54.650000 44.000000 49.000000 45.000000
535709.860000 6581701.900000 54.490000 95.000000 90.000000 84.000000
535709.800000 6581702.170000 54.340000 116.000000 112.000000 101.000000
535709.720000 6581702.460000 54.170000 55.000000 54.000000 59.000000
535709.660000 6581702.740000 54.050000 59.000000 69.000000 78.000000
535709.650000 6581701.120000 54.980000 56.000000 56.000000 58.000000
535709.580000 6581701.390000 54.870000 58.000000 59.000000 61.000000
535709.520000 6581701.660000 54.720000 52.000000 54.000000 49.000000
535709.450000 6581701.920000 54.510000 88.000000 84.000000 81.000000
535709.380000 6581702.200000 54.360000 49.000000 54.000000 47.000000
535709.320000 6581702.470000 54.240000 43.000000 47.000000 50.000000
535709.250000 6581702.740000 54.050000 65.000000 78.000000 86.000000
535709.180000 6581703.050000 53.970000 21.000000 31.000000 43.000000
535709.220000 6581701.330000 54.940000 55.000000 59.000000 60.000000
535709.150000 6581701.600000 54.820000 57.000000 62.000000 58.000000
535709.080000 6581701.870000 54.630000 41.000000 41.000000 39.000000
535709.010000 6581702.170000 54.470000 81.000000 83.000000 80.000000
535708.950000 6581702.420000 54.310000 27.000000 35.000000 38.000000
535708.880000 6581702.730000 54.220000 73.000000 83.000000 92.000000
535708.880000 6581701.500000 54.890000 60.000000 65.000000 59.000000
535708.810000 6581701.770000 54.740000 73.000000 75.000000 74.000000
535708.750000 6581702.020000 54.570000 46.000000 46.000000 44.000000
535708.680000 6581702.320000 54.410000 70.000000 72.000000 69.000000
535708.670000 6581701.500000 54.920000 44.000000 53.000000 52.000000
535708.590000 6581701.790000 54.760000 48.000000 54.000000 54.000000
535708.530000 6581702.060000 54.550000 60.000000 59.000000 57.000000
535708.260000 6581701.620000 54.930000 63.000000 63.000000 61.000000
535708.190000 6581701.910000 54.710000 93.000000 89.000000 88.000000
535714.380000 6581700.150000 54.860000 52.000000 56.000000 55.000000
535714.080000 6581700.260000 54.840000 48.000000 52.000000 51.000000
535713.860000 6581700.610000 54.640000 41.000000 42.000000 44.000000
535713.790000 6581700.350000 54.850000 44.000000 45.000000 47.000000
535713.450000 6581700.680000 54.670000 68.000000 69.000000 71.000000
535713.380000 6581700.400000 54.900000 44.000000 48.000000 49.000000
535713.100000 6581700.960000 54.600000 62.000000 64.000000 63.000000
535713.030000 6581700.690000 54.780000 62.000000 63.000000 65.000000
535712.960000 6581700.390000 54.940000 56.000000 56.000000 58.000000
535712.750000 6581701.030000 54.630000 66.000000 67.000000 69.000000
535712.680000 6581700.740000 54.830000 59.000000 63.000000 64.000000
535712.610000 6581700.470000 54.990000 63.000000 64.000000 66.000000
535712.550000 6581701.260000 54.540000 52.000000 52.000000 54.000000
535712.480000 6581700.970000 54.660000 48.000000 52.000000 51.000000
535712.410000 6581700.700000 54.830000 49.000000 53.000000 54.000000
535712.190000 6581701.500000 54.390000 54.000000 54.000000 56.000000
535712.120000 6581701.220000 54.560000 67.000000 66.000000 71.000000
535712.060000 6581700.970000 54.750000 67.000000 71.000000 72.000000
535711.990000 6581700.710000 54.920000 55.000000 59.000000 60.000000
535711.850000 6581701.720000 54.330000 99.000000 101.000000 96.000000
535711.780000 6581701.440000 54.530000 54.000000 55.000000 59.000000
535711.710000 6581701.160000 54.700000 46.000000 51.000000 47.000000
535711.640000 6581700.880000 54.810000 50.000000 51.000000 55.000000
535711.540000 6581701.610000 54.450000 61.000000 63.000000 62.000000
535711.470000 6581701.320000 54.610000 57.000000 62.000000 58.000000
535711.410000 6581701.050000 54.780000 61.000000 63.000000 62.000000
535711.340000 6581700.770000 54.940000 59.000000 60.000000 62.000000
535711.350000 6581701.980000 54.290000 133.000000 138.000000 132.000000
535711.290000 6581701.690000 54.450000 49.000000 49.000000 49.000000
535711.220000 6581701.400000 54.600000 68.000000 70.000000 69.000000
535711.150000 6581701.120000 54.780000 66.000000 71.000000 67.000000
535711.080000 6581700.830000 54.980000 62.000000 63.000000 65.000000
535711.020000 6581702.070000 54.160000 113.000000 118.000000 112.000000
535710.960000 6581701.830000 54.390000 58.000000 60.000000 57.000000
535710.900000 6581701.580000 54.580000 69.000000 71.000000 70.000000
535710.820000 6581701.270000 54.760000 63.000000 64.000000 66.000000
535710.760000 6581700.990000 54.910000 70.000000 71.000000 73.000000
535710.650000 6581702.070000 54.260000 100.000000 103.000000 94.000000
535710.590000 6581701.820000 54.480000 54.000000 55.000000 57.000000
535710.520000 6581701.530000 54.610000 52.000000 56.000000 55.000000
535710.450000 6581701.240000 54.840000 50.000000 51.000000 53.000000
535710.380000 6581700.950000 54.970000 47.000000 51.000000 52.000000
535710.490000 6581702.340000 54.130000 22.000000 25.000000 30.000000
535710.430000 6581702.090000 54.310000 60.000000 63.000000 56.000000
535710.360000 6581701.810000 54.510000 42.000000 44.000000 43.000000
535710.290000 6581701.520000 54.680000 39.000000 47.000000 49.000000
535710.220000 6581701.250000 54.820000 44.000000 45.000000 47.000000
535710.280000 6581702.410000 54.140000 18.000000 22.000000 23.000000
535710.220000 6581702.140000 54.280000 106.000000 105.000000 103.000000
535710.160000 6581701.890000 54.480000 45.000000 44.000000 42.000000
535710.090000 6581701.610000 54.630000 51.000000 55.000000 54.000000
535710.020000 6581701.320000 54.830000 51.000000 53.000000 52.000000
535710.030000 6581702.650000 54.070000 47.000000 55.000000 58.000000
535714.570000 6581700.070000 54.890000 65.000000 69.000000 68.000000
535714.260000 6581700.040000 54.920000 58.000000 62.000000 61.000000
535714.190000 6581700.350000 54.830000 56.000000 60.000000 59.000000
535713.830000 6581700.110000 54.960000 61.000000 62.000000 64.000000
535713.770000 6581700.390000 54.810000 44.000000 45.000000 47.000000
535713.700000 6581700.650000 54.660000 55.000000 56.000000 58.000000
535713.400000 6581700.290000 54.960000 55.000000 59.000000 60.000000
535713.330000 6581700.540000 54.790000 57.000000 58.000000 60.000000
535713.270000 6581700.820000 54.660000 48.000000 50.000000 47.000000
535713.050000 6581700.410000 54.920000 66.000000 70.000000 71.000000
535712.980000 6581700.690000 54.740000 53.000000 54.000000 56.000000
535712.910000 6581700.960000 54.610000 52.000000 54.000000 53.000000
535712.690000 6581700.620000 54.860000 46.000000 50.000000 51.000000
535712.620000 6581700.920000 54.690000 40.000000 44.000000 45.000000
535712.550000 6581701.200000 54.520000 52.000000 52.000000 54.000000
535712.310000 6581700.620000 54.890000 54.000000 58.000000 59.000000
535712.240000 6581700.900000 54.740000 62.000000 66.000000 65.000000
535712.170000 6581701.180000 54.600000 59.000000 60.000000 65.000000
535712.110000 6581701.430000 54.460000 54.000000 54.000000 56.000000
535711.900000 6581700.780000 54.860000 55.000000 59.000000 60.000000
535711.830000 6581701.070000 54.700000 62.000000 63.000000 65.000000
535711.750000 6581701.370000 54.610000 70.000000 70.000000 68.000000
535711.680000 6581701.650000 54.420000 64.000000 68.000000 67.000000
535711.640000 6581700.760000 54.930000 63.000000 67.000000 68.000000
535711.570000 6581701.040000 54.740000 63.000000 67.000000 66.000000
535711.500000 6581701.330000 54.620000 69.000000 71.000000 68.000000
535711.430000 6581701.590000 54.450000 43.000000 44.000000 46.000000
535711.360000 6581701.850000 54.330000 67.000000 72.000000 65.000000
535711.360000 6581700.840000 54.940000 62.000000 66.000000 69.000000
535711.290000 6581701.130000 54.780000 63.000000 63.000000 61.000000
535711.220000 6581701.400000 54.590000 68.000000 70.000000 69.000000
535711.160000 6581701.680000 54.480000 41.000000 45.000000 44.000000
535711.080000 6581701.960000 54.270000 100.000000 101.000000 96.000000
535710.990000 6581700.890000 54.930000 58.000000 59.000000 61.000000
535710.920000 6581701.180000 54.760000 55.000000 59.000000 58.000000
535710.850000 6581701.450000 54.620000 53.000000 55.000000 54.000000
535710.780000 6581701.730000 54.480000 50.000000 51.000000 53.000000
535710.710000 6581702.020000 54.330000 122.000000 125.000000 116.000000
535710.650000 6581702.280000 54.190000 29.000000 33.000000 36.000000
535710.590000 6581701.050000 54.920000 64.000000 68.000000 67.000000
535710.520000 6581701.310000 54.760000 65.000000 66.000000 68.000000
535710.450000 6581701.610000 54.630000 69.000000 73.000000 74.000000
535710.370000 6581701.910000 54.430000 58.000000 58.000000 58.000000
535710.310000 6581702.160000 54.280000 126.000000 128.000000 125.000000
535710.250000 6581702.430000 54.170000 18.000000 22.000000 23.000000
535710.310000 6581701.040000 54.960000 62.000000 66.000000 65.000000
535710.240000 6581701.330000 54.790000 63.000000 67.000000 70.000000
535710.170000 6581701.610000 54.600000 51.000000 57.000000 55.000000
535710.100000 6581701.890000 54.480000 63.000000 62.000000 60.000000
535710.030000 6581702.170000 54.340000 83.000000 80.000000 73.000000
535710.080000 6581701.040000 54.990000 54.000000 54.000000 56.000000
535710.010000 6581701.330000 54.850000 51.000000 53.000000 52.000000
535706.230000 6581702.570000 54.840000 100.000000 120.000000 83.000000
535706.160000 6581702.250000 54.830000 104.000000 119.000000 80.000000
535706.080000 6581701.940000 54.820000 82.000000 85.000000 74.000000
535706.010000 6581701.630000 54.770000 30.000000 29.000000 34.000000
535705.930000 6581701.300000 54.830000 121.000000 131.000000 123.000000
535705.850000 6581701.010000 54.840000 136.000000 142.000000 132.000000
535705.780000 6581700.700000 54.820000 149.000000 145.000000 144.000000
535705.690000 6581700.350000 54.740000 127.000000 132.000000 128.000000
535705.780000 6581702.330000 54.760000 99.000000 116.000000 74.000000
535705.700000 6581701.990000 54.760000 24.000000 22.000000 23.000000
535705.620000 6581701.680000 54.740000 23.000000 24.000000 28.000000
535705.550000 6581701.380000 54.780000 147.000000 149.000000 138.000000
535705.460000 6581701.020000 54.760000 143.000000 149.000000 147.000000
535705.390000 6581700.720000 54.750000 161.000000 172.000000 168.000000
535705.320000 6581700.430000 54.730000 125.000000 134.000000 129.000000
535705.270000 6581702.140000 54.610000 20.000000 19.000000 14.000000
535705.190000 6581701.820000 54.600000 18.000000 16.000000 17.000000
535705.110000 6581701.510000 54.600000 68.000000 70.000000 67.000000
535705.040000 6581701.200000 54.640000 163.000000 170.000000 163.000000
535704.950000 6581700.850000 54.620000 163.000000 173.000000 165.000000
535704.880000 6581700.550000 54.670000 153.000000 159.000000 155.000000
535704.910000 6581702.080000 54.570000 16.000000 20.000000 23.000000
535704.840000 6581701.790000 54.530000 11.000000 10.000000 5.000000
535704.760000 6581701.480000 54.580000 139.000000 145.000000 141.000000
535704.680000 6581701.150000 54.560000 152.000000 163.000000 157.000000
535704.610000 6581700.840000 54.540000 121.000000 120.000000 116.000000
535704.450000 6581701.700000 54.470000 84.000000 87.000000 80.000000
535704.370000 6581701.390000 54.460000 128.000000 129.000000 131.000000
535704.300000 6581701.060000 54.500000 146.000000 153.000000 145.000000
535704.210000 6581700.730000 54.480000 146.000000 157.000000 149.000000
535704.000000 6581701.620000 54.340000 106.000000 116.000000 107.000000
535703.930000 6581701.350000 54.360000 158.000000 167.000000 162.000000
535703.850000 6581701.010000 54.350000 157.000000 168.000000 162.000000
535703.460000 6581701.350000 54.200000 155.000000 164.000000 159.000000
535703.370000 6581701.020000 54.230000 142.000000 147.000000 141.000000
535703.070000 6581701.160000 54.230000 137.000000 148.000000 140.000000
535706.320000 6581702.230000 54.910000 116.000000 130.000000 97.000000
535706.250000 6581702.530000 54.880000 100.000000 120.000000 83.000000
535706.130000 6581701.710000 54.900000 66.000000 67.000000 62.000000
535706.060000 6581702.020000 54.850000 99.000000 103.000000 86.000000
535705.980000 6581702.340000 54.820000 115.000000 132.000000 87.000000
535705.990000 6581700.980000 54.870000 175.000000 178.000000 171.000000
535705.910000 6581701.320000 54.850000 7.000000 16.000000 13.000000
535705.830000 6581701.630000 54.760000 26.000000 26.000000 28.000000
535705.760000 6581701.920000 54.780000 23.000000 22.000000 20.000000
535705.680000 6581702.250000 54.750000 83.000000 96.000000 66.000000
535705.670000 6581700.570000 54.810000 120.000000 120.000000 118.000000
535705.590000 6581700.900000 54.770000 106.000000 116.000000 115.000000
535705.520000 6581701.170000 54.740000 122.000000 128.000000 118.000000
535705.450000 6581701.480000 54.730000 70.000000 72.000000 67.000000
535705.370000 6581701.800000 54.700000 20.000000 19.000000 24.000000
535705.300000 6581702.070000 54.620000 30.000000 26.000000 27.000000
535705.310000 6581700.440000 54.680000 125.000000 134.000000 129.000000
535705.230000 6581700.760000 54.710000 164.000000 173.000000 168.000000
535705.160000 6581701.060000 54.670000 152.000000 158.000000 154.000000
535705.090000 6581701.350000 54.640000 140.000000 145.000000 139.000000
535705.010000 6581701.670000 54.600000 19.000000 18.000000 14.000000
535704.930000 6581701.980000 54.560000 17.000000 21.000000 20.000000
535704.990000 6581700.630000 54.650000 161.000000 166.000000 162.000000
535704.910000 6581700.960000 54.610000 120.000000 131.000000 123.000000
535704.830000 6581701.270000 54.540000 148.000000 157.000000 152.000000
535704.760000 6581701.570000 54.540000 172.000000 177.000000 170.000000
535704.680000 6581701.860000 54.490000 17.000000 17.000000 15.000000
535704.720000 6581700.540000 54.620000 163.000000 169.000000 165.000000
535704.640000 6581700.850000 54.550000 121.000000 120.000000 116.000000
535704.570000 6581701.160000 54.500000 137.000000 147.000000 139.000000
535704.490000 6581701.490000 54.490000 151.000000 157.000000 153.000000
535704.420000 6581701.790000 54.380000 84.000000 87.000000 80.000000
535704.250000 6581700.830000 54.430000 127.000000 138.000000 132.000000
535704.180000 6581701.110000 54.400000 161.000000 164.000000 157.000000
535704.100000 6581701.440000 54.360000 120.000000 133.000000 126.000000
535703.800000 6581700.970000 54.350000 115.000000 121.000000 119.000000
535703.720000 6581701.290000 54.310000 148.000000 159.000000 153.000000
535703.540000 6581700.890000 54.290000 108.000000 112.000000 111.000000
535703.460000 6581701.190000 54.240000 161.000000 163.000000 158.000000
535703.210000 6581701.100000 54.180000 117.000000 128.000000 120.000000
535706.310000 6581702.860000 54.820000 78.000000 98.000000 63.000000
535705.920000 6581702.910000 54.750000 96.000000 119.000000 75.000000
535705.850000 6581702.640000 54.780000 112.000000 134.000000 87.000000
535705.420000 6581702.780000 54.640000 107.000000 127.000000 74.000000
535705.340000 6581702.460000 54.630000 121.000000 134.000000 90.000000
535705.150000 6581703.060000 54.590000 98.000000 119.000000 78.000000
535705.070000 6581702.740000 54.550000 94.000000 109.000000 68.000000
535704.990000 6581702.400000 54.540000 64.000000 68.000000 51.000000
535704.760000 6581702.980000 54.540000 102.000000 120.000000 78.000000
535704.680000 6581702.650000 54.480000 23.000000 35.000000 15.000000
535704.610000 6581702.340000 54.460000 25.000000 23.000000 24.000000
535704.530000 6581702.020000 54.500000 19.000000 18.000000 23.000000
535704.410000 6581703.270000 54.380000 90.000000 109.000000 79.000000
535704.320000 6581702.920000 54.380000 79.000000 100.000000 67.000000
535704.240000 6581702.590000 54.340000 108.000000 126.000000 86.000000
535704.160000 6581702.280000 54.350000 18.000000 23.000000 19.000000
535704.090000 6581701.970000 54.380000 11.000000 9.000000 12.000000
535703.910000 6581703.230000 54.290000 93.000000 114.000000 75.000000
535703.830000 6581702.890000 54.220000 85.000000 107.000000 68.000000
535703.750000 6581702.560000 54.190000 73.000000 93.000000 56.000000
535703.670000 6581702.260000 54.170000 90.000000 104.000000 79.000000
535703.600000 6581701.960000 54.220000 152.000000 158.000000 154.000000
535703.520000 6581701.640000 54.220000 140.000000 147.000000 140.000000
535703.600000 6581703.340000 54.170000 98.000000 119.000000 80.000000
535703.520000 6581703.010000 54.130000 100.000000 125.000000 83.000000
535703.450000 6581702.730000 54.110000 101.000000 124.000000 82.000000
535703.370000 6581702.400000 54.180000 103.000000 121.000000 83.000000
535703.290000 6581702.080000 54.140000 157.000000 163.000000 159.000000
535703.220000 6581701.780000 54.120000 145.000000 147.000000 144.000000
535703.140000 6581701.470000 54.110000 149.000000 158.000000 153.000000
535703.310000 6581703.530000 54.060000 95.000000 116.000000 77.000000
535703.230000 6581703.200000 54.080000 100.000000 123.000000 81.000000
535703.150000 6581702.900000 54.100000 103.000000 129.000000 82.000000
535703.080000 6581702.570000 54.090000 90.000000 111.000000 70.000000
535702.990000 6581702.230000 54.040000 80.000000 90.000000 65.000000
535702.920000 6581701.920000 54.060000 126.000000 131.000000 125.000000
535702.840000 6581701.620000 54.050000 123.000000 130.000000 123.000000
535702.760000 6581701.300000 54.050000 130.000000 141.000000 135.000000
535706.170000 6581702.840000 54.840000 96.000000 114.000000 76.000000
535705.900000 6581702.640000 54.800000 112.000000 134.000000 88.000000
535705.830000 6581702.950000 54.770000 107.000000 130.000000 84.000000
535705.600000 6581702.550000 54.700000 112.000000 130.000000 78.000000
535705.530000 6581702.870000 54.690000 96.000000 119.000000 67.000000
535705.220000 6581702.380000 54.600000 95.000000 105.000000 71.000000
535705.150000 6581702.690000 54.540000 101.000000 116.000000 73.000000
535705.070000 6581703.010000 54.540000 87.000000 108.000000 67.000000
535704.860000 6581702.260000 54.530000 26.000000 25.000000 23.000000
535704.780000 6581702.600000 54.480000 28.000000 40.000000 20.000000
535704.700000 6581702.920000 54.470000 86.000000 104.000000 64.000000
535704.630000 6581703.210000 54.450000 90.000000 111.000000 70.000000
535704.600000 6581702.200000 54.480000 23.000000 23.000000 25.000000
535704.530000 6581702.510000 54.470000 17.000000 28.000000 11.000000
535704.450000 6581702.830000 54.430000 90.000000 110.000000 75.000000
535704.370000 6581703.160000 54.380000 80.000000 100.000000 72.000000
535704.330000 6581702.100000 54.420000 20.000000 21.000000 23.000000
535704.260000 6581702.410000 54.390000 86.000000 101.000000 70.000000
535704.190000 6581702.700000 54.370000 98.000000 121.000000 79.000000
535704.110000 6581703.020000 54.350000 105.000000 130.000000 91.000000
535704.030000 6581703.330000 54.280000 97.000000 118.000000 79.000000
535704.020000 6581701.780000 54.360000 174.000000 179.000000 172.000000
535703.940000 6581702.070000 54.350000 2.000000 4.000000 0.000000
535703.870000 6581702.380000 54.310000 95.000000 115.000000 80.000000
535703.780000 6581702.720000 54.270000 93.000000 115.000000 76.000000
535703.710000 6581703.020000 54.200000 95.000000 118.000000 76.000000
535703.640000 6581703.310000 54.180000 97.000000 117.000000 80.000000
535703.650000 6581701.600000 54.270000 159.000000 166.000000 159.000000
535703.570000 6581701.920000 54.270000 152.000000 158.000000 154.000000
535703.500000 6581702.190000 54.190000 10.000000 14.000000 0.000000
535703.420000 6581702.540000 54.160000 92.000000 113.000000 74.000000
535703.350000 6581702.830000 54.120000 98.000000 124.000000 77.000000
535703.200000 6581703.430000 54.070000 99.000000 120.000000 81.000000
535703.390000 6581701.470000 54.240000 134.000000 147.000000 140.000000
535703.320000 6581701.780000 54.170000 159.000000 164.000000 160.000000
535703.230000 6581702.110000 54.150000 48.000000 60.000000 46.000000
535703.170000 6581702.400000 54.130000 89.000000 110.000000 71.000000
535703.090000 6581702.700000 54.100000 99.000000 122.000000 78.000000
535703.140000 6581701.400000 54.170000 149.000000 158.000000 153.000000
535703.060000 6581701.720000 54.120000 124.000000 123.000000 119.000000
535702.990000 6581702.020000 54.090000 142.000000 147.000000 140.000000
535702.910000 6581702.330000 54.040000 97.000000 113.000000 77.000000
535702.830000 6581701.230000 54.120000 117.000000 123.000000 119.000000
535702.750000 6581701.540000 54.080000 134.000000 145.000000 139.000000
535706.050000 6581697.430000 55.800000 99.000000 102.000000 93.000000
535706.710000 6581699.350000 55.660000 83.000000 84.000000 78.000000
535706.480000 6581699.000000 55.800000 101.000000 104.000000 97.000000
535705.920000 6581696.830000 55.790000 99.000000 104.000000 97.000000
535707.100000 6581700.660000 55.670000 92.000000 95.000000 86.000000
535708.020000 6581696.980000 53.600000 160.000000 158.000000 145.000000
535707.920000 6581697.910000 53.910000 173.000000 170.000000 163.000000
535707.840000 6581697.610000 53.930000 124.000000 125.000000 119.000000
535707.890000 6581699.220000 54.330000 168.000000 171.000000 162.000000
535707.810000 6581698.910000 54.340000 187.000000 183.000000 180.000000
535707.730000 6581698.570000 54.320000 75.000000 80.000000 74.000000
535707.670000 6581699.920000 54.790000 27.000000 28.000000 32.000000
535707.600000 6581699.610000 54.770000 36.000000 37.000000 41.000000
535707.870000 6581699.210000 54.290000 168.000000 171.000000 162.000000
535707.780000 6581699.580000 54.500000 110.000000 111.000000 113.000000
535707.690000 6581699.940000 54.750000 27.000000 28.000000 32.000000
535707.990000 6581697.030000 53.610000 150.000000 146.000000 134.000000
535707.900000 6581697.390000 53.750000 182.000000 180.000000 167.000000
535707.810000 6581697.780000 53.980000 142.000000 141.000000 136.000000
535707.830000 6581700.560000 54.750000 84.000000 86.000000 83.000000
535707.750000 6581700.250000 54.830000 79.000000 83.000000 82.000000
535707.660000 6581701.020000 55.110000 71.000000 78.000000 71.000000
535707.590000 6581700.700000 55.120000 76.000000 75.000000 70.000000
535707.510000 6581700.380000 55.090000 70.000000 75.000000 68.000000
535707.830000 6581700.600000 54.750000 116.000000 118.000000 113.000000
535707.740000 6581700.960000 54.950000 70.000000 72.000000 69.000000
535707.610000 6581700.290000 54.920000 91.000000 96.000000 92.000000
535707.520000 6581700.640000 55.070000 69.000000 70.000000 62.000000
535707.440000 6581700.990000 55.280000 97.000000 98.000000 92.000000
535709.710000 6581694.110000 51.060000 107.000000 108.000000 100.000000
535709.180000 6581694.540000 51.680000 131.000000 137.000000 127.000000
535708.910000 6581694.940000 52.130000 132.000000 138.000000 126.000000
535708.830000 6581694.610000 52.130000 156.000000 162.000000 152.000000
535708.610000 6581694.630000 52.330000 153.000000 156.000000 147.000000
535708.500000 6581695.090000 52.630000 120.000000 121.000000 115.000000
535708.430000 6581694.770000 52.610000 89.000000 91.000000 88.000000
535708.250000 6581695.350000 52.930000 118.000000 119.000000 113.000000
535708.180000 6581695.050000 52.920000 76.000000 76.000000 76.000000
535708.100000 6581694.720000 52.890000 54.000000 55.000000 59.000000
535707.910000 6581695.550000 53.350000 99.000000 98.000000 93.000000
535707.840000 6581695.270000 53.370000 48.000000 48.000000 46.000000
535707.760000 6581694.960000 53.300000 61.000000 65.000000 64.000000
535707.680000 6581694.620000 53.280000 52.000000 56.000000 55.000000
535707.650000 6581695.470000 53.700000 57.000000 57.000000 55.000000
535707.570000 6581695.120000 53.670000 62.000000 66.000000 65.000000
535707.490000 6581694.810000 53.650000 27.000000 31.000000 30.000000
535707.310000 6581695.410000 53.950000 53.000000 55.000000 52.000000
535707.220000 6581695.070000 53.910000 128.000000 134.000000 130.000000
535707.150000 6581694.750000 53.930000 114.000000 116.000000 111.000000
535706.950000 6581695.370000 54.290000 90.000000 95.000000 89.000000
535706.870000 6581695.070000 54.310000 64.000000 66.000000 61.000000
535706.510000 6581695.130000 54.670000 97.000000 99.000000 94.000000
535706.250000 6581695.250000 55.020000 67.000000 74.000000 67.000000
535706.190000 6581694.980000 55.070000 97.000000 98.000000 92.000000
535705.910000 6581695.000000 55.330000 107.000000 110.000000 101.000000
535709.360000 6581694.350000 51.410000 95.000000 106.000000 98.000000
535709.030000 6581694.470000 51.860000 100.000000 106.000000 94.000000
535708.940000 6581694.840000 52.000000 118.000000 124.000000 112.000000
535708.620000 6581694.460000 52.260000 97.000000 100.000000 91.000000
535708.530000 6581694.850000 52.510000 88.000000 89.000000 83.000000
535708.430000 6581695.220000 52.660000 131.000000 132.000000 126.000000
535708.150000 6581694.750000 52.830000 76.000000 77.000000 79.000000
535708.060000 6581695.130000 53.020000 85.000000 85.000000 85.000000
535707.970000 6581695.490000 53.230000 91.000000 90.000000 86.000000
535707.860000 6581694.640000 53.140000 31.000000 32.000000 34.000000
535707.780000 6581694.980000 53.370000 61.000000 65.000000 64.000000
535707.700000 6581695.320000 53.520000 58.000000 60.000000 59.000000
535707.550000 6581694.590000 53.440000 54.000000 58.000000 57.000000
535707.460000 6581694.950000 53.640000 27.000000 31.000000 30.000000
535707.370000 6581695.330000 53.880000 60.000000 64.000000 63.000000
535707.050000 6581694.930000 54.110000 92.000000 97.000000 90.000000
535706.950000 6581695.330000 54.290000 90.000000 95.000000 89.000000
535706.640000 6581695.000000 54.560000 98.000000 99.000000 94.000000
535706.370000 6581694.990000 54.770000 98.000000 97.000000 93.000000
535706.080000 6581694.990000 55.120000 97.000000 100.000000 93.000000
535709.870000 6581694.730000 51.050000 100.000000 103.000000 96.000000
535709.780000 6581694.380000 51.030000 82.000000 90.000000 92.000000
535709.620000 6581694.860000 51.200000 122.000000 125.000000 114.000000
535709.260000 6581694.870000 51.670000 140.000000 143.000000 132.000000
535708.990000 6581695.250000 52.190000 159.000000 163.000000 149.000000
535708.580000 6581695.410000 52.640000 135.000000 138.000000 127.000000
535709.660000 6581694.450000 51.150000 127.000000 132.000000 126.000000
535709.560000 6581694.840000 51.380000 127.000000 130.000000 119.000000
535709.270000 6581694.720000 51.630000 132.000000 135.000000 126.000000
535709.180000 6581695.090000 51.790000 156.000000 159.000000 148.000000
535708.850000 6581695.200000 52.230000 150.000000 153.000000 142.000000
535708.340000 6581695.580000 52.870000 156.000000 158.000000 147.000000
535707.980000 6581695.860000 53.280000 187.000000 184.000000 177.000000
535707.950000 6581696.700000 53.670000 164.000000 162.000000 149.000000
535707.880000 6581696.410000 53.640000 99.000000 99.000000 89.000000
535707.800000 6581696.060000 53.690000 87.000000 84.000000 77.000000
535707.720000 6581695.760000 53.650000 82.000000 81.000000 77.000000
535707.770000 6581697.320000 53.980000 64.000000 67.000000 60.000000
535707.700000 6581696.990000 54.020000 76.000000 75.000000 73.000000
535707.510000 6581696.260000 53.580000 78.000000 82.000000 81.000000
535707.460000 6581696.020000 53.950000 75.000000 77.000000 74.000000
535707.380000 6581695.710000 53.940000 99.000000 101.000000 96.000000
535707.660000 6581698.280000 54.300000 89.000000 96.000000 89.000000
535707.570000 6581697.930000 54.300000 76.000000 76.000000 74.000000
535707.500000 6581697.610000 54.360000 115.000000 121.000000 117.000000
535707.430000 6581697.340000 54.380000 68.000000 77.000000 72.000000
535707.350000 6581697.010000 54.340000 81.000000 82.000000 76.000000
535707.270000 6581696.680000 54.400000 89.000000 94.000000 87.000000
535707.200000 6581696.380000 54.400000 89.000000 90.000000 85.000000
535707.110000 6581696.030000 54.340000 76.000000 78.000000 73.000000
535707.030000 6581695.690000 54.380000 60.000000 61.000000 56.000000
535707.520000 6581699.280000 54.770000 49.000000 53.000000 54.000000
535707.440000 6581698.960000 54.750000 51.000000 49.000000 54.000000
535707.360000 6581698.650000 54.730000 83.000000 85.000000 84.000000
535707.290000 6581698.340000 54.750000 64.000000 70.000000 66.000000
535707.210000 6581698.000000 54.760000 73.000000 75.000000 70.000000
535707.120000 6581697.670000 54.730000 71.000000 78.000000 71.000000
535707.050000 6581697.350000 54.720000 129.000000 140.000000 134.000000
535706.960000 6581697.020000 54.730000 92.000000 97.000000 93.000000
535706.890000 6581696.710000 54.740000 95.000000 97.000000 92.000000
535706.820000 6581696.440000 54.800000 66.000000 73.000000 66.000000
535706.750000 6581696.120000 54.770000 91.000000 97.000000 93.000000
535706.670000 6581695.780000 54.780000 102.000000 104.000000 99.000000
535706.590000 6581695.450000 54.760000 61.000000 71.000000 63.000000
535707.350000 6581699.740000 55.090000 36.000000 40.000000 43.000000
535707.270000 6581699.410000 55.120000 31.000000 36.000000 39.000000
535707.190000 6581699.080000 55.010000 36.000000 39.000000 44.000000
535707.110000 6581698.770000 55.080000 31.000000 32.000000 36.000000
535707.030000 6581698.430000 55.060000 46.000000 47.000000 49.000000
535706.960000 6581698.160000 55.100000 59.000000 65.000000 63.000000
535706.890000 6581697.850000 55.030000 67.000000 73.000000 69.000000
535706.810000 6581697.490000 55.050000 120.000000 131.000000 127.000000
535706.730000 6581697.180000 55.060000 118.000000 128.000000 120.000000
535706.650000 6581696.880000 55.050000 151.000000 161.000000 153.000000
535706.570000 6581696.530000 55.000000 95.000000 102.000000 95.000000
535706.490000 6581696.230000 55.050000 107.000000 112.000000 106.000000
535706.410000 6581695.910000 55.020000 98.000000 97.000000 92.000000
535706.340000 6581695.590000 55.010000 89.000000 99.000000 90.000000
535707.060000 6581699.750000 55.420000 102.000000 104.000000 99.000000
535706.980000 6581699.430000 55.390000 62.000000 67.000000 63.000000
535706.900000 6581699.100000 55.350000 32.000000 38.000000 38.000000
535706.820000 6581698.770000 55.370000 25.000000 29.000000 32.000000
535706.750000 6581698.470000 55.370000 102.000000 106.000000 105.000000
535706.670000 6581698.140000 55.360000 140.000000 146.000000 144.000000
535706.590000 6581697.820000 55.380000 158.000000 164.000000 160.000000
535706.510000 6581697.500000 55.410000 141.000000 152.000000 144.000000
535706.430000 6581697.170000 55.350000 135.000000 142.000000 135.000000
535706.360000 6581696.860000 55.370000 154.000000 161.000000 154.000000
535706.280000 6581696.540000 55.330000 119.000000 124.000000 118.000000
535706.200000 6581696.210000 55.320000 112.000000 115.000000 108.000000
535706.120000 6581695.900000 55.320000 120.000000 121.000000 115.000000
535706.050000 6581695.600000 55.350000 110.000000 115.000000 108.000000
535705.980000 6581695.300000 55.330000 111.000000 114.000000 105.000000
535707.720000 6581698.120000 54.190000 66.000000 69.000000 62.000000
535707.640000 6581698.470000 54.390000 80.000000 87.000000 80.000000
535707.550000 6581698.850000 54.560000 90.000000 88.000000 91.000000
535707.460000 6581699.180000 54.760000 37.000000 38.000000 42.000000
535707.380000 6581699.540000 54.950000 33.000000 38.000000 42.000000
535707.280000 6581699.920000 55.130000 72.000000 77.000000 73.000000
535707.880000 6581695.840000 53.420000 92.000000 88.000000 85.000000
535707.790000 6581696.220000 53.620000 68.000000 69.000000 64.000000
535707.710000 6581696.570000 53.760000 68.000000 70.000000 65.000000
535707.620000 6581696.910000 53.980000 76.000000 75.000000 73.000000
535707.540000 6581697.240000 54.080000 83.000000 88.000000 84.000000
535707.440000 6581697.650000 54.360000 129.000000 135.000000 131.000000
535707.360000 6581697.990000 54.540000 74.000000 76.000000 71.000000
535707.280000 6581698.340000 54.720000 64.000000 70.000000 66.000000
535707.180000 6581698.710000 54.850000 31.000000 32.000000 36.000000
535707.090000 6581699.080000 55.110000 33.000000 36.000000 41.000000
535707.010000 6581699.430000 55.290000 41.000000 47.000000 45.000000
535707.600000 6581695.700000 53.670000 96.000000 96.000000 94.000000
535707.520000 6581696.070000 53.880000 79.000000 79.000000 79.000000
535707.470000 6581696.240000 53.390000 78.000000 83.000000 79.000000
535707.330000 6581696.810000 54.410000 90.000000 93.000000 86.000000
535707.250000 6581697.160000 54.440000 80.000000 81.000000 76.000000
535707.170000 6581697.480000 54.600000 118.000000 129.000000 123.000000
535707.080000 6581697.860000 54.820000 86.000000 91.000000 85.000000
535706.980000 6581698.270000 55.060000 77.000000 81.000000 80.000000
535706.900000 6581698.590000 55.230000 43.000000 47.000000 48.000000
535707.280000 6581695.690000 54.060000 59.000000 61.000000 56.000000
535707.190000 6581696.070000 54.250000 76.000000 78.000000 73.000000
535707.110000 6581696.420000 54.400000 72.000000 74.000000 69.000000
535707.020000 6581696.780000 54.590000 91.000000 92.000000 87.000000
535706.930000 6581697.150000 54.830000 110.000000 116.000000 112.000000
535706.840000 6581697.500000 54.950000 120.000000 131.000000 127.000000
535706.750000 6581697.890000 55.200000 103.000000 112.000000 109.000000
535706.650000 6581698.280000 55.420000 119.000000 125.000000 123.000000
535706.860000 6581695.700000 54.430000 109.000000 111.000000 106.000000
535706.780000 6581696.050000 54.650000 95.000000 100.000000 96.000000
535706.680000 6581696.460000 54.890000 61.000000 68.000000 61.000000
535706.580000 6581696.830000 55.040000 160.000000 170.000000 162.000000
535706.510000 6581697.160000 55.230000 147.000000 157.000000 149.000000
535706.420000 6581697.520000 55.440000 118.000000 128.000000 120.000000
535706.320000 6581697.900000 55.690000 93.000000 98.000000 92.000000
535706.550000 6581695.390000 54.750000 87.000000 97.000000 89.000000
535706.460000 6581695.740000 54.890000 105.000000 108.000000 101.000000
535706.380000 6581696.070000 55.100000 69.000000 71.000000 66.000000
535706.290000 6581696.440000 55.310000 106.000000 111.000000 105.000000
535706.110000 6581697.200000 55.750000 99.000000 107.000000 96.000000
535706.280000 6581695.350000 54.990000 85.000000 95.000000 87.000000
535706.200000 6581695.700000 55.200000 109.000000 112.000000 105.000000
535706.100000 6581696.100000 55.400000 116.000000 119.000000 112.000000
535705.990000 6581695.360000 55.350000 121.000000 124.000000 115.000000
535705.820000 6581696.070000 55.720000 100.000000 103.000000 94.000000
535707.430000 6581700.070000 55.050000 79.000000 85.000000 81.000000
535707.370000 6581701.010000 55.390000 117.000000 120.000000 111.000000
535707.290000 6581700.680000 55.410000 118.000000 120.000000 109.000000
535707.210000 6581700.360000 55.430000 90.000000 96.000000 84.000000
535707.130000 6581700.050000 55.390000 108.000000 111.000000 104.000000
535707.450000 6581701.320000 55.370000 115.000000 123.000000 112.000000
535714.010000 6581699.970000 55.000000 50.000000 54.000000 53.000000
535709.620000 6581700.970000 55.030000 68.000000 69.000000 71.000000
535709.240000 6581701.040000 54.970000 69.000000 71.000000 70.000000
535709.030000 6581701.150000 54.970000 52.000000 54.000000 53.000000
535708.750000 6581701.310000 55.020000 80.000000 82.000000 81.000000
535708.370000 6581701.210000 54.960000 32.000000 34.000000 33.000000
535707.980000 6581701.200000 54.900000 73.000000 82.000000 77.000000
535709.300000 6581701.010000 54.950000 61.000000 65.000000 64.000000
535708.960000 6581701.190000 55.030000 58.000000 58.000000 58.000000
535708.740000 6581701.170000 54.970000 78.000000 77.000000 75.000000
535708.330000 6581701.340000 54.990000 44.000000 48.000000 47.000000
535707.950000 6581701.450000 55.020000 72.000000 79.000000 71.000000
535713.730000 6581700.080000 55.020000 46.000000 47.000000 49.000000
535713.300000 6581700.090000 55.010000 70.000000 71.000000 73.000000
535712.350000 6581700.420000 55.010000 47.000000 48.000000 50.000000
535711.920000 6581700.400000 54.980000 51.000000 55.000000 54.000000
535711.580000 6581700.610000 55.000000 49.000000 50.000000 52.000000
535710.690000 6581700.720000 54.980000 63.000000 67.000000 66.000000
535712.380000 6581700.330000 55.020000 55.000000 59.000000 60.000000
535711.970000 6581700.490000 54.980000 51.000000 55.000000 54.000000
535711.700000 6581700.490000 55.000000 64.000000 68.000000 67.000000
535711.430000 6581700.550000 54.980000 61.000000 62.000000 64.000000
535711.070000 6581700.570000 54.980000 63.000000 64.000000 66.000000
535710.660000 6581700.720000 54.970000 63.000000 67.000000 66.000000
535710.380000 6581700.760000 55.020000 67.000000 68.000000 70.000000
535710.150000 6581700.730000 54.970000 58.000000 59.000000 61.000000
535707.740000 6581701.320000 55.100000 75.000000 85.000000 76.000000
535707.650000 6581701.330000 55.110000 76.000000 86.000000 77.000000
535709.900000 6581696.000000 53.360000 149.000000 153.000000 139.000000
535709.830000 6581695.680000 53.320000 146.000000 150.000000 136.000000
535709.680000 6581696.570000 53.580000 154.000000 156.000000 143.000000
535709.600000 6581696.250000 53.470000 149.000000 153.000000 139.000000
535709.520000 6581695.900000 53.370000 159.000000 161.000000 148.000000
535709.470000 6581697.240000 53.780000 152.000000 156.000000 141.000000
535709.380000 6581696.880000 53.670000 156.000000 160.000000 146.000000
535709.300000 6581696.530000 53.540000 148.000000 152.000000 138.000000
535709.220000 6581696.200000 53.440000 151.000000 155.000000 141.000000
535709.130000 6581695.840000 53.330000 150.000000 152.000000 139.000000
535709.330000 6581697.590000 53.870000 152.000000 156.000000 141.000000
535709.250000 6581697.240000 53.750000 149.000000 153.000000 138.000000
535709.160000 6581696.900000 53.610000 152.000000 156.000000 142.000000
535709.080000 6581696.570000 53.510000 153.000000 157.000000 143.000000
535708.990000 6581696.180000 53.380000 149.000000 153.000000 139.000000
535708.910000 6581695.840000 53.320000 147.000000 151.000000 137.000000
535709.120000 6581697.620000 53.890000 153.000000 155.000000 141.000000
535709.030000 6581697.260000 53.760000 148.000000 152.000000 138.000000
535708.940000 6581696.900000 53.590000 149.000000 153.000000 139.000000
535708.870000 6581696.580000 53.550000 152.000000 154.000000 141.000000
535708.780000 6581696.240000 53.430000 150.000000 152.000000 139.000000
535708.700000 6581695.920000 53.350000 152.000000 158.000000 146.000000
535708.950000 6581698.200000 54.030000 151.000000 153.000000 140.000000
535708.860000 6581697.840000 53.920000 149.000000 150.000000 136.000000
535708.780000 6581697.500000 53.800000 151.000000 152.000000 138.000000
535708.690000 6581697.150000 53.710000 152.000000 154.000000 141.000000
535708.610000 6581696.800000 53.580000 152.000000 154.000000 141.000000
535708.520000 6581696.450000 53.430000 149.000000 152.000000 141.000000
535708.440000 6581696.120000 53.350000 149.000000 155.000000 143.000000
535708.740000 6581698.980000 54.270000 147.000000 149.000000 136.000000
535708.660000 6581698.620000 54.110000 148.000000 150.000000 139.000000
535708.580000 6581698.290000 54.020000 147.000000 151.000000 137.000000
535708.490000 6581697.940000 53.930000 150.000000 151.000000 137.000000
535708.400000 6581697.570000 53.800000 156.000000 160.000000 146.000000
535708.320000 6581697.240000 53.690000 152.000000 158.000000 144.000000
535708.230000 6581696.880000 53.530000 147.000000 151.000000 137.000000
535708.140000 6581696.520000 53.440000 160.000000 163.000000 146.000000
535708.070000 6581696.200000 53.330000 163.000000 161.000000 149.000000
535708.520000 6581699.040000 54.290000 144.000000 151.000000 135.000000
535708.440000 6581698.720000 54.140000 148.000000 148.000000 136.000000
535708.350000 6581698.340000 54.050000 146.000000 150.000000 135.000000
535708.270000 6581698.000000 53.920000 151.000000 149.000000 136.000000
535708.190000 6581697.670000 53.790000 140.000000 146.000000 132.000000
535708.100000 6581697.320000 53.680000 178.000000 176.000000 163.000000
535708.320000 6581699.570000 54.370000 117.000000 123.000000 113.000000
535708.240000 6581699.250000 54.280000 152.000000 156.000000 141.000000
535708.160000 6581698.920000 54.200000 148.000000 152.000000 138.000000
535708.080000 6581698.590000 54.060000 154.000000 160.000000 148.000000
535708.000000 6581698.250000 53.950000 155.000000 161.000000 149.000000
535708.050000 6581699.870000 54.500000 34.000000 38.000000 41.000000
535707.960000 6581699.540000 54.390000 184.000000 186.000000 181.000000
535709.670000 6581695.850000 53.330000 149.000000 151.000000 138.000000
535709.580000 6581696.190000 53.480000 150.000000 154.000000 140.000000
535709.500000 6581696.560000 53.580000 150.000000 154.000000 140.000000
535709.420000 6581696.870000 53.620000 149.000000 153.000000 139.000000
535709.330000 6581697.210000 53.780000 144.000000 148.000000 133.000000
535709.250000 6581697.550000 53.830000 150.000000 154.000000 139.000000
535709.160000 6581697.920000 53.940000 153.000000 155.000000 141.000000
535709.300000 6581695.930000 53.330000 155.000000 157.000000 144.000000
535709.210000 6581696.290000 53.460000 151.000000 155.000000 141.000000
535709.130000 6581696.630000 53.530000 149.000000 153.000000 139.000000
535709.050000 6581696.950000 53.660000 148.000000 152.000000 138.000000
535708.960000 6581697.300000 53.750000 149.000000 153.000000 139.000000
535708.870000 6581697.680000 53.870000 150.000000 152.000000 138.000000
535708.790000 6581698.010000 53.970000 151.000000 151.000000 139.000000
535708.710000 6581698.350000 54.060000 148.000000 152.000000 138.000000
535708.610000 6581698.730000 54.190000 151.000000 151.000000 141.000000
535708.540000 6581699.060000 54.280000 144.000000 151.000000 135.000000
535708.460000 6581699.370000 54.350000 152.000000 154.000000 143.000000
535708.370000 6581699.720000 54.470000 48.000000 54.000000 50.000000
535709.010000 6581695.800000 53.300000 152.000000 156.000000 142.000000
535708.920000 6581696.140000 53.390000 149.000000 153.000000 139.000000
535708.840000 6581696.490000 53.500000 150.000000 152.000000 139.000000
535708.750000 6581696.820000 53.570000 152.000000 154.000000 140.000000
535708.670000 6581697.170000 53.720000 152.000000 154.000000 141.000000
535708.600000 6581697.470000 53.790000 146.000000 150.000000 136.000000
535708.510000 6581697.830000 53.900000 150.000000 152.000000 138.000000
535708.420000 6581698.200000 54.020000 152.000000 156.000000 142.000000
535708.340000 6581698.510000 54.070000 150.000000 152.000000 138.000000
535708.260000 6581698.860000 54.180000 149.000000 150.000000 136.000000
535708.170000 6581699.240000 54.270000 149.000000 153.000000 138.000000
535708.080000 6581699.580000 54.420000 175.000000 178.000000 171.000000
535708.000000 6581699.900000 54.490000 45.000000 49.000000 52.000000
535708.720000 6581695.760000 53.250000 149.000000 155.000000 143.000000
535708.640000 6581696.080000 53.330000 148.000000 152.000000 138.000000
535708.550000 6581696.440000 53.440000 149.000000 152.000000 141.000000
535708.460000 6581696.790000 53.560000 150.000000 156.000000 144.000000
535708.380000 6581697.120000 53.640000 144.000000 150.000000 136.000000
535708.300000 6581697.470000 53.770000 143.000000 149.000000 135.000000
535708.210000 6581697.830000 53.880000 151.000000 149.000000 137.000000
535708.120000 6581698.190000 53.960000 145.000000 149.000000 135.000000
535708.040000 6581698.520000 54.080000 154.000000 160.000000 148.000000
535707.960000 6581698.860000 54.140000 195.000000 192.000000 185.000000
535708.240000 6581695.990000 53.310000 147.000000 149.000000 135.000000
535708.150000 6581696.360000 53.360000 158.000000 159.000000 145.000000
535708.070000 6581696.690000 53.450000 181.000000 179.000000 166.000000
535710.080000 6581695.600000 53.300000 136.000000 140.000000 126.000000
535710.080000 6581695.720000 53.320000 140.000000 144.000000 130.000000
535708.130000 6581700.220000 54.600000 76.000000 80.000000 79.000000
535707.900000 6581700.860000 54.790000 70.000000 68.000000 69.000000
535708.280000 6581700.080000 54.590000 56.000000 57.000000 59.000000
535707.910000 6581700.270000 54.610000 68.000000 72.000000 71.000000
535719.170000 6581696.850000 54.370000 54.000000 58.000000 57.000000
535718.790000 6581697.300000 54.450000 58.000000 60.000000 59.000000
535718.710000 6581696.960000 54.370000 57.000000 59.000000 58.000000
535718.630000 6581696.650000 54.270000 59.000000 61.000000 60.000000
535718.550000 6581696.320000 54.150000 64.000000 65.000000 67.000000
535718.460000 6581695.950000 54.040000 68.000000 72.000000 73.000000
535718.490000 6581697.200000 54.440000 70.000000 72.000000 71.000000
535718.410000 6581696.890000 54.340000 55.000000 57.000000 56.000000
535718.320000 6581696.520000 54.220000 51.000000 56.000000 52.000000
535718.230000 6581696.160000 54.150000 58.000000 63.000000 59.000000
535718.150000 6581695.820000 54.000000 38.000000 42.000000 43.000000
535718.070000 6581695.490000 53.910000 153.000000 157.000000 140.000000
535718.190000 6581697.370000 54.480000 68.000000 69.000000 71.000000
535718.110000 6581697.020000 54.360000 65.000000 69.000000 68.000000
535718.030000 6581696.690000 54.230000 59.000000 63.000000 62.000000
535717.940000 6581696.320000 54.110000 54.000000 58.000000 57.000000
535717.860000 6581695.980000 54.010000 36.000000 40.000000 39.000000
535717.790000 6581697.200000 54.400000 49.000000 51.000000 50.000000
535717.700000 6581696.820000 54.280000 74.000000 78.000000 77.000000
535717.630000 6581696.520000 54.160000 70.000000 74.000000 73.000000
535717.540000 6581696.180000 54.060000 63.000000 67.000000 68.000000
535717.480000 6581697.440000 54.450000 60.000000 62.000000 59.000000
535717.400000 6581697.110000 54.390000 68.000000 72.000000 71.000000
535717.310000 6581696.750000 54.250000 44.000000 48.000000 47.000000
535717.230000 6581696.410000 54.140000 48.000000 52.000000 51.000000
535717.200000 6581697.380000 54.390000 54.000000 56.000000 55.000000
535717.120000 6581697.060000 54.260000 46.000000 50.000000 49.000000
535717.030000 6581696.700000 54.200000 55.000000 59.000000 58.000000
535717.030000 6581697.690000 54.480000 55.000000 59.000000 58.000000
535716.950000 6581697.320000 54.370000 64.000000 66.000000 65.000000
535716.870000 6581696.990000 54.230000 58.000000 62.000000 61.000000
535716.660000 6581697.710000 54.460000 58.000000 62.000000 61.000000
535716.580000 6581697.360000 54.340000 67.000000 68.000000 72.000000
535716.320000 6581697.810000 54.500000 49.000000 50.000000 52.000000
535716.090000 6581697.770000 54.450000 57.000000 61.000000 60.000000
535719.230000 6581697.010000 54.410000 68.000000 72.000000 71.000000
535719.050000 6581696.610000 54.290000 50.000000 54.000000 53.000000
535718.970000 6581696.950000 54.390000 39.000000 43.000000 42.000000
535718.750000 6581696.430000 54.240000 51.000000 53.000000 52.000000
535718.650000 6581696.800000 54.320000 49.000000 51.000000 50.000000
535718.570000 6581697.160000 54.480000 59.000000 61.000000 60.000000
535718.470000 6581696.230000 54.130000 62.000000 63.000000 65.000000
535718.390000 6581696.570000 54.230000 51.000000 56.000000 52.000000
535718.300000 6581696.940000 54.340000 67.000000 71.000000 70.000000
535718.210000 6581697.280000 54.430000 63.000000 64.000000 66.000000
535718.270000 6581696.050000 54.110000 73.000000 77.000000 76.000000
535718.190000 6581696.400000 54.160000 63.000000 67.000000 66.000000
535718.110000 6581696.720000 54.250000 61.000000 65.000000 64.000000
535718.020000 6581697.070000 54.390000 70.000000 74.000000 73.000000
535717.930000 6581697.430000 54.490000 55.000000 57.000000 56.000000
535718.140000 6581695.700000 53.940000 93.000000 95.000000 90.000000
535718.060000 6581696.050000 54.060000 68.000000 72.000000 71.000000
535717.970000 6581696.400000 54.170000 67.000000 71.000000 70.000000
535717.890000 6581696.730000 54.270000 65.000000 69.000000 68.000000
535717.810000 6581697.060000 54.350000 62.000000 66.000000 65.000000
535717.730000 6581697.390000 54.450000 61.000000 63.000000 62.000000
535717.720000 6581695.960000 54.040000 42.000000 46.000000 45.000000
535717.640000 6581696.270000 54.120000 69.000000 73.000000 72.000000
535717.560000 6581696.630000 54.220000 48.000000 52.000000 51.000000
535717.470000 6581696.960000 54.260000 63.000000 67.000000 66.000000
535717.390000 6581697.300000 54.430000 61.000000 63.000000 62.000000
535717.310000 6581697.630000 54.500000 44.000000 48.000000 47.000000
535717.210000 6581696.400000 54.140000 48.000000 52.000000 51.000000
535717.120000 6581696.770000 54.220000 49.000000 53.000000 52.000000
535717.050000 6581697.100000 54.320000 44.000000 48.000000 47.000000
535716.960000 6581697.420000 54.420000 39.000000 41.000000 40.000000
535716.880000 6581697.770000 54.470000 48.000000 50.000000 49.000000
535716.770000 6581696.990000 54.260000 54.000000 58.000000 57.000000
535716.680000 6581697.340000 54.350000 67.000000 68.000000 72.000000
535716.600000 6581697.670000 54.490000 60.000000 64.000000 63.000000
535716.280000 6581697.710000 54.450000 68.000000 72.000000 71.000000
535715.550000 6581699.400000 54.940000 65.000000 69.000000 68.000000
535715.460000 6581699.060000 54.830000 43.000000 44.000000 46.000000
535715.380000 6581698.720000 54.680000 42.000000 48.000000 46.000000
535715.270000 6581699.390000 54.920000 47.000000 49.000000 48.000000
535715.190000 6581699.030000 54.780000 55.000000 56.000000 58.000000
535715.100000 6581698.680000 54.680000 58.000000 60.000000 59.000000
535714.990000 6581699.440000 54.900000 38.000000 39.000000 41.000000
535714.910000 6581699.100000 54.810000 43.000000 47.000000 46.000000
535714.820000 6581698.750000 54.660000 51.000000 55.000000 58.000000
535714.630000 6581699.540000 54.910000 38.000000 42.000000 41.000000
535714.540000 6581699.190000 54.780000 64.000000 66.000000 61.000000
535714.460000 6581698.850000 54.700000 67.000000 72.000000 68.000000
535714.310000 6581699.870000 54.980000 55.000000 59.000000 58.000000
535714.220000 6581699.540000 54.860000 60.000000 64.000000 63.000000
535714.140000 6581699.190000 54.770000 61.000000 62.000000 64.000000
535713.920000 6581699.620000 54.870000 57.000000 58.000000 60.000000
535713.840000 6581699.280000 54.750000 63.000000 64.000000 66.000000
535713.640000 6581699.710000 54.850000 49.000000 50.000000 52.000000
535713.550000 6581699.370000 54.730000 67.000000 68.000000 70.000000
535713.220000 6581699.750000 54.850000 68.000000 72.000000 73.000000
535713.130000 6581699.390000 54.750000 42.000000 46.000000 47.000000
535712.810000 6581699.760000 54.840000 49.000000 53.000000 54.000000
535712.730000 6581699.430000 54.750000 46.000000 50.000000 51.000000
535712.440000 6581699.770000 54.780000 49.000000 49.000000 51.000000
535712.180000 6581699.730000 54.800000 66.000000 70.000000 71.000000
535711.410000 6581699.910000 54.760000 63.000000 64.000000 66.000000
535715.540000 6581699.070000 54.780000 49.000000 50.000000 52.000000
535715.460000 6581699.420000 54.950000 59.000000 63.000000 62.000000
535715.260000 6581698.560000 54.670000 57.000000 59.000000 58.000000
535715.180000 6581698.900000 54.730000 69.000000 70.000000 72.000000
535715.090000 6581699.260000 54.830000 64.000000 65.000000 67.000000
535715.020000 6581699.570000 54.980000 65.000000 66.000000 68.000000
535714.890000 6581698.760000 54.670000 51.000000 55.000000 58.000000
535714.820000 6581699.070000 54.780000 67.000000 71.000000 70.000000
535714.730000 6581699.430000 54.870000 53.000000 57.000000 56.000000
535714.640000 6581699.790000 54.980000 60.000000 64.000000 63.000000
535714.500000 6581699.080000 54.770000 60.000000 62.000000 57.000000
535714.420000 6581699.410000 54.870000 68.000000 72.000000 71.000000
535714.330000 6581699.750000 54.960000 68.000000 72.000000 71.000000
535714.090000 6581699.080000 54.750000 51.000000 51.000000 49.000000
535714.010000 6581699.420000 54.810000 55.000000 59.000000 58.000000
535713.920000 6581699.760000 54.940000 48.000000 49.000000 51.000000
535713.640000 6581699.290000 54.750000 56.000000 57.000000 61.000000
535713.560000 6581699.600000 54.830000 66.000000 67.000000 69.000000
535713.470000 6581699.980000 54.960000 54.000000 58.000000 59.000000
535713.290000 6581699.450000 54.790000 70.000000 71.000000 73.000000
535713.210000 6581699.760000 54.890000 68.000000 72.000000 73.000000
535713.010000 6581699.320000 54.700000 39.000000 43.000000 44.000000
535712.930000 6581699.680000 54.830000 44.000000 50.000000 50.000000
535712.560000 6581699.610000 54.790000 68.000000 68.000000 70.000000
535712.460000 6581699.990000 54.930000 68.000000 72.000000 73.000000
535712.140000 6581699.810000 54.800000 45.000000 45.000000 47.000000
535711.880000 6581699.780000 54.800000 63.000000 67.000000 66.000000
535711.590000 6581699.890000 54.800000 70.000000 71.000000 73.000000
535709.880000 6581700.750000 54.940000 42.000000 46.000000 45.000000
535709.540000 6581700.640000 54.890000 63.000000 67.000000 66.000000
535708.950000 6581700.790000 54.880000 61.000000 62.000000 64.000000
535708.660000 6581700.960000 54.860000 69.000000 71.000000 66.000000
535709.740000 6581700.760000 54.970000 44.000000 48.000000 47.000000
535709.380000 6581700.680000 54.890000 61.000000 65.000000 66.000000
535709.040000 6581700.840000 54.920000 54.000000 58.000000 59.000000
535708.820000 6581700.840000 54.880000 51.000000 56.000000 52.000000
535708.410000 6581701.020000 54.880000 65.000000 64.000000 62.000000
535712.890000 6581700.080000 54.990000 49.000000 53.000000 54.000000
535712.530000 6581700.150000 54.920000 63.000000 63.000000 65.000000
535712.270000 6581700.100000 54.920000 43.000000 47.000000 48.000000
535711.830000 6581700.060000 54.900000 62.000000 66.000000 65.000000
535711.490000 6581700.260000 54.890000 60.000000 61.000000 63.000000
535711.260000 6581700.460000 54.970000 53.000000 54.000000 56.000000
535711.180000 6581700.140000 54.860000 47.000000 48.000000 50.000000
535710.990000 6581700.490000 54.890000 42.000000 44.000000 43.000000
535710.910000 6581700.160000 54.830000 44.000000 46.000000 45.000000
535710.600000 6581700.360000 54.880000 56.000000 60.000000 59.000000
535710.310000 6581700.660000 54.960000 48.000000 49.000000 51.000000
535710.080000 6581700.650000 54.900000 45.000000 46.000000 48.000000
535713.120000 6581700.090000 54.990000 65.000000 71.000000 71.000000
535712.840000 6581700.030000 54.930000 49.000000 53.000000 54.000000
535712.050000 6581700.160000 54.910000 43.000000 49.000000 49.000000
535711.790000 6581700.120000 54.900000 64.000000 68.000000 67.000000
535711.510000 6581700.230000 54.910000 49.000000 50.000000 52.000000
535711.150000 6581700.230000 54.890000 66.000000 67.000000 69.000000
535710.760000 6581700.350000 54.870000 62.000000 66.000000 65.000000
535710.460000 6581700.430000 54.870000 65.000000 69.000000 68.000000
535710.240000 6581700.360000 54.830000 44.000000 48.000000 47.000000
535717.780000 6581695.660000 53.900000 158.000000 162.000000 148.000000
535717.700000 6581695.340000 53.830000 147.000000 151.000000 137.000000
535717.450000 6581695.800000 53.900000 159.000000 163.000000 149.000000
535717.380000 6581695.480000 53.820000 154.000000 157.000000 140.000000
535717.300000 6581695.160000 53.750000 147.000000 149.000000 136.000000
535717.150000 6581696.070000 54.030000 54.000000 59.000000 53.000000
535717.060000 6581695.720000 53.920000 159.000000 162.000000 143.000000
535716.980000 6581695.380000 53.810000 150.000000 151.000000 137.000000
535716.890000 6581695.020000 53.670000 149.000000 151.000000 137.000000
535716.800000 6581694.650000 53.530000 154.000000 156.000000 142.000000
535716.940000 6581696.330000 54.080000 72.000000 76.000000 75.000000
535716.860000 6581696.000000 53.970000 161.000000 163.000000 149.000000
535716.780000 6581695.640000 53.810000 150.000000 152.000000 138.000000
535716.690000 6581695.280000 53.690000 152.000000 154.000000 140.000000
535716.610000 6581694.950000 53.580000 147.000000 151.000000 136.000000
535716.530000 6581694.640000 53.450000 150.000000 154.000000 140.000000
535716.790000 6581696.670000 54.180000 59.000000 63.000000 62.000000
535716.710000 6581696.340000 54.110000 63.000000 67.000000 66.000000
535716.620000 6581695.970000 53.960000 160.000000 162.000000 149.000000
535716.540000 6581695.640000 53.850000 151.000000 153.000000 139.000000
535716.450000 6581695.280000 53.690000 151.000000 153.000000 139.000000
535716.370000 6581694.930000 53.590000 148.000000 152.000000 137.000000
535716.270000 6581694.560000 53.450000 153.000000 157.000000 143.000000
535716.200000 6581694.220000 53.400000 154.000000 156.000000 143.000000
535716.480000 6581697.000000 54.230000 41.000000 46.000000 42.000000
535716.410000 6581696.680000 54.140000 40.000000 44.000000 43.000000
535716.320000 6581696.320000 54.000000 34.000000 38.000000 39.000000
535716.230000 6581695.950000 53.880000 158.000000 160.000000 146.000000
535716.160000 6581695.630000 53.800000 152.000000 154.000000 140.000000
535716.070000 6581695.280000 53.650000 149.000000 151.000000 137.000000
535716.240000 6581697.490000 54.410000 70.000000 75.000000 71.000000
535716.140000 6581697.100000 54.240000 68.000000 71.000000 76.000000
535716.060000 6581696.760000 54.090000 43.000000 48.000000 44.000000
535715.980000 6581696.420000 54.010000 38.000000 42.000000 43.000000
535715.900000 6581696.090000 53.910000 157.000000 161.000000 146.000000
535716.000000 6581697.420000 54.360000 56.000000 61.000000 55.000000
535715.920000 6581697.100000 54.250000 55.000000 59.000000 62.000000
535715.840000 6581696.750000 54.100000 53.000000 59.000000 47.000000
535715.870000 6581697.870000 54.450000 46.000000 51.000000 47.000000
535715.790000 6581697.530000 54.360000 172.000000 180.000000 167.000000
535717.800000 6581695.620000 53.920000 160.000000 164.000000 150.000000
535717.460000 6581695.390000 53.810000 154.000000 156.000000 143.000000
535717.380000 6581695.740000 53.910000 156.000000 160.000000 145.000000
535717.300000 6581696.050000 53.990000 42.000000 47.000000 43.000000
535717.270000 6581694.920000 53.660000 148.000000 150.000000 136.000000
535717.190000 6581695.250000 53.760000 149.000000 151.000000 138.000000
535717.110000 6581695.590000 53.880000 149.000000 152.000000 135.000000
535717.030000 6581695.940000 53.970000 145.000000 147.000000 134.000000
535716.940000 6581696.300000 54.040000 42.000000 46.000000 45.000000
535716.850000 6581696.650000 54.140000 62.000000 66.000000 65.000000
535716.950000 6581694.970000 53.630000 154.000000 157.000000 140.000000
535716.860000 6581695.340000 53.770000 149.000000 150.000000 136.000000
535716.770000 6581695.690000 53.860000 150.000000 152.000000 138.000000
535716.690000 6581696.010000 53.930000 148.000000 151.000000 142.000000
535716.610000 6581696.350000 54.060000 58.000000 62.000000 61.000000
535716.530000 6581696.670000 54.150000 41.000000 45.000000 44.000000
535716.450000 6581697.020000 54.260000 61.000000 66.000000 62.000000
535716.360000 6581697.380000 54.340000 48.000000 52.000000 55.000000
535716.630000 6581694.630000 53.500000 148.000000 152.000000 138.000000
535716.550000 6581694.970000 53.580000 150.000000 154.000000 139.000000
535716.460000 6581695.320000 53.710000 154.000000 156.000000 142.000000
535716.380000 6581695.670000 53.820000 148.000000 150.000000 136.000000
535716.290000 6581696.030000 53.920000 162.000000 166.000000 149.000000
535716.210000 6581696.360000 54.050000 39.000000 43.000000 44.000000
535716.120000 6581696.720000 54.120000 48.000000 52.000000 51.000000
535716.040000 6581697.060000 54.220000 42.000000 46.000000 49.000000
535715.960000 6581697.380000 54.300000 48.000000 52.000000 55.000000
535715.880000 6581697.730000 54.390000 54.000000 56.000000 53.000000
535716.260000 6581694.490000 53.450000 151.000000 155.000000 141.000000
535716.170000 6581694.840000 53.550000 147.000000 151.000000 136.000000
535716.090000 6581695.190000 53.690000 151.000000 153.000000 139.000000
535716.010000 6581695.520000 53.740000 150.000000 152.000000 138.000000
535715.920000 6581695.880000 53.860000 145.000000 147.000000 133.000000
535715.980000 6581694.920000 53.520000 150.000000 154.000000 139.000000
535715.900000 6581694.580000 53.430000 150.000000 154.000000 140.000000
535715.820000 6581694.270000 53.340000 150.000000 152.000000 139.000000
535715.810000 6581695.740000 53.830000 155.000000 157.000000 143.000000
535715.730000 6581695.420000 53.670000 156.000000 158.000000 144.000000
535715.650000 6581695.080000 53.540000 153.000000 155.000000 141.000000
535715.560000 6581694.710000 53.450000 151.000000 155.000000 141.000000
535715.480000 6581694.390000 53.350000 152.000000 156.000000 142.000000
535715.750000 6581696.390000 53.990000 77.000000 80.000000 73.000000
535715.670000 6581696.070000 53.900000 152.000000 157.000000 135.000000
535715.590000 6581695.730000 53.770000 148.000000 150.000000 136.000000
535715.500000 6581695.380000 53.680000 149.000000 151.000000 137.000000
535715.410000 6581695.010000 53.550000 155.000000 157.000000 143.000000
535715.330000 6581694.670000 53.390000 150.000000 154.000000 140.000000
535715.250000 6581694.350000 53.350000 154.000000 158.000000 144.000000
535715.700000 6581697.160000 54.200000 147.000000 152.000000 148.000000
535715.620000 6581696.830000 54.090000 92.000000 97.000000 90.000000
535715.530000 6581696.480000 53.990000 87.000000 90.000000 83.000000
535715.450000 6581696.120000 53.870000 153.000000 155.000000 144.000000
535715.370000 6581695.800000 53.760000 149.000000 151.000000 137.000000
535715.280000 6581695.460000 53.650000 150.000000 152.000000 138.000000
535715.200000 6581695.100000 53.530000 150.000000 152.000000 139.000000
535715.110000 6581694.760000 53.460000 149.000000 151.000000 138.000000
535715.030000 6581694.410000 53.330000 152.000000 154.000000 141.000000
535715.560000 6581697.920000 54.470000 53.000000 58.000000 54.000000
535715.480000 6581697.600000 54.360000 166.000000 169.000000 162.000000
535715.400000 6581697.260000 54.240000 145.000000 151.000000 139.000000
535715.310000 6581696.890000 54.140000 145.000000 149.000000 134.000000
535715.220000 6581696.560000 54.030000 145.000000 147.000000 136.000000
535715.140000 6581696.200000 53.900000 148.000000 152.000000 137.000000
535715.050000 6581695.840000 53.810000 150.000000 152.000000 139.000000
535714.960000 6581695.480000 53.650000 151.000000 153.000000 140.000000
535714.890000 6581695.170000 53.580000 153.000000 155.000000 142.000000
535714.800000 6581694.790000 53.410000 150.000000 152.000000 139.000000
535714.720000 6581694.480000 53.350000 148.000000 150.000000 137.000000
535715.210000 6581698.000000 54.490000 40.000000 45.000000 39.000000
535715.120000 6581697.660000 54.380000 151.000000 155.000000 141.000000
535715.040000 6581697.300000 54.210000 147.000000 151.000000 137.000000
535714.950000 6581696.940000 54.080000 147.000000 150.000000 133.000000
535714.870000 6581696.620000 53.990000 147.000000 149.000000 138.000000
535714.790000 6581696.300000 53.900000 154.000000 156.000000 142.000000
535714.700000 6581695.930000 53.780000 149.000000 151.000000 138.000000
535714.620000 6581695.580000 53.670000 153.000000 155.000000 142.000000
535714.540000 6581695.260000 53.570000 148.000000 150.000000 137.000000
535714.450000 6581694.880000 53.430000 149.000000 151.000000 138.000000
535714.940000 6581698.030000 54.420000 41.000000 45.000000 48.000000
535714.850000 6581697.660000 54.300000 151.000000 158.000000 140.000000
535714.770000 6581697.310000 54.260000 151.000000 154.000000 137.000000
535714.690000 6581696.990000 54.110000 154.000000 156.000000 143.000000
535714.600000 6581696.630000 53.960000 162.000000 165.000000 148.000000
535714.510000 6581696.250000 53.850000 150.000000 152.000000 139.000000
535714.430000 6581695.910000 53.740000 146.000000 148.000000 135.000000
535714.350000 6581695.580000 53.620000 150.000000 152.000000 139.000000
535714.260000 6581695.210000 53.480000 150.000000 152.000000 139.000000
535714.180000 6581694.900000 53.450000 149.000000 153.000000 139.000000
535714.560000 6581697.690000 54.310000 110.000000 115.000000 111.000000
535714.480000 6581697.350000 54.190000 155.000000 156.000000 150.000000
535714.400000 6581697.000000 54.080000 167.000000 170.000000 153.000000
535714.310000 6581696.660000 53.940000 169.000000 174.000000 152.000000
535714.230000 6581696.310000 53.840000 157.000000 161.000000 146.000000
535714.150000 6581695.980000 53.740000 155.000000 157.000000 143.000000
535714.070000 6581695.650000 53.660000 156.000000 158.000000 145.000000
535713.980000 6581695.310000 53.530000 151.000000 153.000000 140.000000
535713.910000 6581694.980000 53.430000 144.000000 148.000000 134.000000
535714.130000 6581697.490000 54.160000 114.000000 120.000000 108.000000
535714.050000 6581697.150000 54.100000 39.000000 44.000000 38.000000
535713.960000 6581696.810000 53.980000 90.000000 93.000000 84.000000
535713.880000 6581696.480000 53.880000 175.000000 178.000000 169.000000
535713.800000 6581696.130000 53.730000 153.000000 157.000000 143.000000
535713.720000 6581695.780000 53.660000 151.000000 153.000000 140.000000
535713.630000 6581695.440000 53.540000 152.000000 154.000000 141.000000
535713.550000 6581695.110000 53.400000 150.000000 152.000000 139.000000
535713.650000 6581697.160000 54.100000 159.000000 163.000000 148.000000
535713.560000 6581696.810000 53.980000 167.000000 168.000000 152.000000
535713.480000 6581696.460000 53.810000 154.000000 155.000000 141.000000
535713.390000 6581696.120000 53.740000 152.000000 156.000000 141.000000
535713.310000 6581695.770000 53.630000 152.000000 154.000000 140.000000
535713.230000 6581695.440000 53.530000 152.000000 154.000000 141.000000
535713.140000 6581695.080000 53.370000 152.000000 156.000000 142.000000
535713.340000 6581697.210000 54.070000 155.000000 159.000000 145.000000
535713.260000 6581696.880000 53.960000 153.000000 159.000000 147.000000
535713.170000 6581696.520000 53.820000 150.000000 152.000000 141.000000
535713.080000 6581696.150000 53.750000 151.000000 153.000000 139.000000
535713.000000 6581695.810000 53.590000 152.000000 154.000000 141.000000
535712.910000 6581695.460000 53.500000 151.000000 153.000000 140.000000
535712.830000 6581695.100000 53.370000 153.000000 157.000000 143.000000
535712.960000 6581696.930000 53.920000 210.000000 217.000000 209.000000
535712.880000 6581696.610000 53.810000 197.000000 196.000000 191.000000
535712.800000 6581696.260000 53.680000 163.000000 173.000000 164.000000
535712.710000 6581695.910000 53.610000 180.000000 182.000000 171.000000
535712.630000 6581695.570000 53.500000 155.000000 157.000000 144.000000
535712.540000 6581695.230000 53.360000 153.000000 155.000000 142.000000
535712.460000 6581696.620000 53.800000 125.000000 149.000000 153.000000
535712.380000 6581696.280000 53.670000 164.000000 170.000000 166.000000
535712.290000 6581695.910000 53.580000 154.000000 157.000000 148.000000
535712.200000 6581695.560000 53.450000 153.000000 157.000000 143.000000
535712.120000 6581695.240000 53.330000 146.000000 150.000000 136.000000
535711.960000 6581696.280000 53.630000 213.000000 219.000000 215.000000
535711.880000 6581695.940000 53.550000 144.000000 145.000000 137.000000
535711.790000 6581695.590000 53.440000 149.000000 151.000000 137.000000
535711.720000 6581695.280000 53.340000 149.000000 151.000000 137.000000
535711.520000 6581696.010000 53.560000 148.000000 150.000000 137.000000
535711.450000 6581695.700000 53.380000 152.000000 154.000000 140.000000
535711.360000 6581695.330000 53.310000 150.000000 152.000000 139.000000
535711.260000 6581695.960000 53.480000 153.000000 155.000000 142.000000
535711.180000 6581695.640000 53.440000 148.000000 150.000000 136.000000
535710.730000 6581695.540000 53.360000 125.000000 129.000000 115.000000
535715.840000 6581696.190000 53.940000 158.000000 162.000000 148.000000
535715.750000 6581696.550000 54.040000 45.000000 46.000000 48.000000
535715.670000 6581696.890000 54.140000 92.000000 97.000000 90.000000
535715.590000 6581697.220000 54.250000 164.000000 170.000000 160.000000
535715.510000 6581697.530000 54.320000 155.000000 160.000000 154.000000
535715.430000 6581697.890000 54.450000 56.000000 61.000000 54.000000
535715.340000 6581698.240000 54.570000 56.000000 65.000000 64.000000
535715.980000 6581694.340000 53.340000 155.000000 157.000000 144.000000
535715.890000 6581694.690000 53.480000 151.000000 155.000000 141.000000
535715.810000 6581695.040000 53.570000 151.000000 153.000000 139.000000
535715.720000 6581695.370000 53.680000 151.000000 153.000000 139.000000
535715.650000 6581695.670000 53.800000 149.000000 151.000000 137.000000
535715.570000 6581696.020000 53.890000 148.000000 150.000000 137.000000
535715.480000 6581696.380000 53.920000 152.000000 154.000000 141.000000
535715.400000 6581696.690000 54.060000 157.000000 161.000000 146.000000
535715.320000 6581697.020000 54.130000 146.000000 152.000000 140.000000
535715.230000 6581697.400000 54.280000 145.000000 151.000000 139.000000
535715.150000 6581697.710000 54.360000 175.000000 178.000000 167.000000
535715.070000 6581698.060000 54.480000 52.000000 53.000000 57.000000
535715.680000 6581694.260000 53.350000 153.000000 155.000000 142.000000
535715.590000 6581694.610000 53.460000 151.000000 155.000000 141.000000
535715.510000 6581694.940000 53.540000 148.000000 152.000000 137.000000
535715.430000 6581695.260000 53.600000 154.000000 156.000000 142.000000
535715.350000 6581695.620000 53.710000 154.000000 156.000000 142.000000
535715.270000 6581695.940000 53.820000 154.000000 156.000000 142.000000
535715.180000 6581696.300000 53.940000 148.000000 152.000000 137.000000
535715.090000 6581696.670000 54.060000 149.000000 153.000000 138.000000
535715.010000 6581696.990000 54.130000 151.000000 155.000000 141.000000
535714.930000 6581697.310000 54.210000 151.000000 153.000000 139.000000
535714.840000 6581697.670000 54.340000 151.000000 158.000000 140.000000
535715.180000 6581694.620000 53.390000 149.000000 151.000000 138.000000
535715.100000 6581694.950000 53.510000 149.000000 151.000000 138.000000
535715.030000 6581695.260000 53.580000 151.000000 153.000000 140.000000
535714.930000 6581695.630000 53.710000 151.000000 153.000000 140.000000
535714.850000 6581695.980000 53.770000 152.000000 154.000000 141.000000
535714.770000 6581696.310000 53.910000 152.000000 154.000000 140.000000
535714.680000 6581696.680000 53.990000 153.000000 155.000000 141.000000
535714.590000 6581697.050000 54.110000 160.000000 162.000000 148.000000
535714.510000 6581697.350000 54.230000 167.000000 169.000000 156.000000
535714.430000 6581697.690000 54.290000 42.000000 47.000000 43.000000
535714.820000 6581694.460000 53.350000 153.000000 155.000000 142.000000
535714.740000 6581694.810000 53.430000 153.000000 155.000000 142.000000
535714.650000 6581695.170000 53.550000 151.000000 153.000000 140.000000
535714.560000 6581695.530000 53.640000 152.000000 154.000000 141.000000
535714.480000 6581695.860000 53.740000 148.000000 150.000000 137.000000
535714.410000 6581696.170000 53.820000 152.000000 154.000000 143.000000
535714.320000 6581696.510000 53.920000 158.000000 162.000000 145.000000
535714.240000 6581696.870000 54.010000 165.000000 169.000000 152.000000
535714.150000 6581697.210000 54.140000 27.000000 32.000000 25.000000
535714.070000 6581697.550000 54.230000 169.000000 173.000000 156.000000
535714.460000 6581694.660000 53.380000 156.000000 158.000000 145.000000
535714.370000 6581695.020000 53.430000 156.000000 158.000000 145.000000
535714.290000 6581695.320000 53.570000 152.000000 154.000000 141.000000
535714.200000 6581695.680000 53.690000 147.000000 149.000000 136.000000
535714.110000 6581696.060000 53.780000 156.000000 160.000000 143.000000
535714.030000 6581696.400000 53.890000 150.000000 156.000000 142.000000
535713.950000 6581696.720000 53.960000 110.000000 113.000000 104.000000
535713.860000 6581697.090000 54.060000 177.000000 181.000000 166.000000
535713.780000 6581697.400000 54.160000 161.000000 166.000000 146.000000
535714.090000 6581694.920000 53.390000 152.000000 156.000000 142.000000
535714.010000 6581695.260000 53.510000 144.000000 146.000000 133.000000
535713.920000 6581695.610000 53.620000 153.000000 155.000000 142.000000
535713.840000 6581695.940000 53.720000 154.000000 156.000000 143.000000
535713.750000 6581696.300000 53.800000 151.000000 154.000000 143.000000
535713.670000 6581696.630000 53.910000 149.000000 155.000000 141.000000
535713.590000 6581696.960000 54.010000 165.000000 166.000000 150.000000
535713.510000 6581697.290000 54.080000 159.000000 165.000000 151.000000
535713.720000 6581694.850000 53.380000 151.000000 155.000000 141.000000
535713.640000 6581695.190000 53.480000 155.000000 157.000000 144.000000
535713.550000 6581695.530000 53.560000 152.000000 156.000000 142.000000
535713.480000 6581695.850000 53.660000 153.000000 157.000000 142.000000
535713.390000 6581696.190000 53.790000 152.000000 156.000000 141.000000
535713.310000 6581696.550000 53.870000 151.000000 153.000000 139.000000
535713.230000 6581696.870000 53.940000 153.000000 159.000000 147.000000
535713.320000 6581694.970000 53.330000 153.000000 157.000000 143.000000
535713.220000 6581695.350000 53.490000 153.000000 155.000000 142.000000
535713.150000 6581695.670000 53.550000 153.000000 155.000000 142.000000
535713.070000 6581696.000000 53.640000 154.000000 154.000000 142.000000
535712.970000 6581696.380000 53.770000 147.000000 155.000000 142.000000
535712.890000 6581696.710000 53.830000 211.000000 210.000000 205.000000
535713.060000 6581694.950000 53.360000 154.000000 158.000000 144.000000
535712.980000 6581695.280000 53.460000 149.000000 151.000000 138.000000
535712.890000 6581695.650000 53.560000 150.000000 152.000000 139.000000
535712.800000 6581696.000000 53.620000 154.000000 156.000000 145.000000
535712.720000 6581696.320000 53.720000 195.000000 206.000000 198.000000
535712.630000 6581696.700000 53.850000 243.000000 248.000000 251.000000
535712.770000 6581695.100000 53.340000 149.000000 153.000000 139.000000
535712.690000 6581695.420000 53.430000 155.000000 157.000000 144.000000
535712.600000 6581695.760000 53.560000 155.000000 157.000000 146.000000
535712.520000 6581696.100000 53.650000 235.000000 236.000000 231.000000
535712.440000 6581696.440000 53.750000 144.000000 154.000000 156.000000
535712.400000 6581695.140000 53.340000 158.000000 162.000000 148.000000
535712.320000 6581695.470000 53.400000 149.000000 151.000000 138.000000
535712.230000 6581695.810000 53.540000 143.000000 144.000000 136.000000
535712.140000 6581696.170000 53.680000 222.000000 233.000000 229.000000
535712.060000 6581696.530000 53.730000 207.000000 217.000000 218.000000
535711.990000 6581695.300000 53.340000 147.000000 149.000000 135.000000
535711.910000 6581695.640000 53.480000 150.000000 152.000000 139.000000
535711.830000 6581695.950000 53.510000 144.000000 145.000000 137.000000
535711.740000 6581696.310000 53.660000 181.000000 190.000000 187.000000
535711.730000 6581695.240000 53.290000 149.000000 151.000000 137.000000
535711.650000 6581695.580000 53.410000 154.000000 156.000000 142.000000
535711.560000 6581695.930000 53.470000 154.000000 156.000000 142.000000
535711.420000 6581695.550000 53.380000 151.000000 153.000000 139.000000
535711.340000 6581695.890000 53.500000 148.000000 150.000000 136.000000
535711.000000 6581695.620000 53.380000 149.000000 151.000000 137.000000
535710.630000 6581695.560000 53.330000 132.000000 135.000000 124.000000
535709.990000 6581696.360000 53.530000 151.000000 153.000000 140.000000
535709.930000 6581697.600000 53.940000 152.000000 156.000000 142.000000
535709.850000 6581697.280000 53.830000 152.000000 154.000000 140.000000
535709.770000 6581696.930000 53.730000 151.000000 153.000000 139.000000
535709.960000 6581699.250000 54.410000 43.000000 45.000000 44.000000
535709.880000 6581698.910000 54.330000 149.000000 153.000000 139.000000
535709.800000 6581698.580000 54.180000 155.000000 156.000000 142.000000
535709.720000 6581698.260000 54.100000 154.000000 158.000000 143.000000
535709.630000 6581697.900000 54.030000 153.000000 157.000000 143.000000
535709.550000 6581697.570000 53.880000 154.000000 158.000000 143.000000
535709.830000 6581699.630000 54.550000 71.000000 71.000000 71.000000
535709.750000 6581699.300000 54.450000 63.000000 65.000000 62.000000
535709.670000 6581698.980000 54.290000 148.000000 152.000000 137.000000
535709.580000 6581698.620000 54.180000 154.000000 156.000000 142.000000
535709.500000 6581698.260000 54.070000 148.000000 152.000000 137.000000
535709.420000 6581697.930000 53.990000 149.000000 153.000000 139.000000
535709.630000 6581699.720000 54.610000 67.000000 67.000000 69.000000
535709.540000 6581699.350000 54.450000 46.000000 46.000000 44.000000
535709.460000 6581699.010000 54.330000 151.000000 158.000000 142.000000
535709.380000 6581698.690000 54.260000 154.000000 156.000000 142.000000
535709.290000 6581698.340000 54.150000 153.000000 157.000000 142.000000
535709.200000 6581697.960000 53.990000 153.000000 155.000000 141.000000
535709.360000 6581699.900000 54.580000 41.000000 45.000000 46.000000
535709.280000 6581699.580000 54.520000 56.000000 58.000000 57.000000
535709.190000 6581699.210000 54.380000 179.000000 183.000000 169.000000
535709.100000 6581698.830000 54.240000 151.000000 153.000000 140.000000
535709.030000 6581698.520000 54.160000 149.000000 151.000000 138.000000
535708.990000 6581699.990000 54.600000 60.000000 64.000000 63.000000
535708.910000 6581699.670000 54.500000 56.000000 57.000000 61.000000
535708.830000 6581699.330000 54.350000 175.000000 179.000000 165.000000
535708.700000 6581699.760000 54.520000 48.000000 52.000000 51.000000
535708.600000 6581699.370000 54.370000 163.000000 164.000000 156.000000
535708.410000 6581699.940000 54.550000 58.000000 62.000000 63.000000
535709.980000 6581699.750000 54.640000 49.000000 51.000000 50.000000
535709.960000 6581698.310000 54.190000 156.000000 158.000000 144.000000
535709.870000 6581698.660000 54.270000 154.000000 156.000000 142.000000
535709.790000 6581699.010000 54.370000 166.000000 175.000000 158.000000
535709.710000 6581699.320000 54.450000 54.000000 54.000000 54.000000
535709.620000 6581699.680000 54.570000 61.000000 59.000000 62.000000
535709.950000 6581697.160000 53.810000 150.000000 152.000000 138.000000
535709.870000 6581697.460000 53.900000 149.000000 151.000000 137.000000
535709.780000 6581697.820000 54.030000 149.000000 153.000000 139.000000
535709.700000 6581698.160000 54.110000 154.000000 158.000000 143.000000
535709.620000 6581698.480000 54.200000 151.000000 153.000000 139.000000
535709.540000 6581698.810000 54.320000 152.000000 156.000000 141.000000
535709.460000 6581699.150000 54.400000 174.000000 178.000000 164.000000
535709.370000 6581699.510000 54.500000 54.000000 56.000000 55.000000
535709.290000 6581699.830000 54.590000 67.000000 71.000000 72.000000
535709.990000 6581696.080000 53.430000 150.000000 152.000000 139.000000
535709.910000 6581696.420000 53.550000 151.000000 153.000000 139.000000
535709.820000 6581696.760000 53.680000 151.000000 153.000000 139.000000
535709.740000 6581697.080000 53.750000 147.000000 149.000000 135.000000
535709.660000 6581697.420000 53.850000 151.000000 153.000000 139.000000
535709.580000 6581697.770000 53.950000 152.000000 154.000000 141.000000
535709.500000 6581698.090000 54.020000 149.000000 153.000000 138.000000
535709.410000 6581698.440000 54.150000 151.000000 153.000000 139.000000
535709.330000 6581698.790000 54.280000 152.000000 154.000000 140.000000
535709.250000 6581699.110000 54.330000 155.000000 159.000000 145.000000
535709.160000 6581699.470000 54.450000 42.000000 47.000000 41.000000
535709.080000 6581699.820000 54.540000 63.000000 67.000000 68.000000
535709.080000 6581698.250000 54.090000 155.000000 157.000000 144.000000
535709.000000 6581698.600000 54.150000 150.000000 150.000000 138.000000
535708.910000 6581698.940000 54.270000 147.000000 149.000000 136.000000
535708.830000 6581699.270000 54.390000 156.000000 160.000000 145.000000
535708.750000 6581699.620000 54.480000 50.000000 52.000000 51.000000
535708.660000 6581699.990000 54.600000 67.000000 68.000000 70.000000
535715.290000 6581698.350000 54.570000 67.000000 73.000000 73.000000
535715.020000 6581698.350000 54.580000 60.000000 60.000000 62.000000
535714.730000 6581698.390000 54.540000 27.000000 32.000000 38.000000
535714.650000 6581698.050000 54.440000 26.000000 30.000000 39.000000
535714.380000 6581698.510000 54.540000 68.000000 72.000000 71.000000
535714.290000 6581698.140000 54.410000 63.000000 69.000000 59.000000
535714.210000 6581697.810000 54.330000 170.000000 174.000000 159.000000
535714.060000 6581698.860000 54.640000 56.000000 56.000000 54.000000
535713.980000 6581698.540000 54.540000 51.000000 55.000000 58.000000
535713.810000 6581697.830000 54.270000 159.000000 162.000000 145.000000
535713.730000 6581697.500000 54.190000 161.000000 166.000000 146.000000
535713.760000 6581698.950000 54.640000 60.000000 64.000000 65.000000
535713.680000 6581698.610000 54.550000 55.000000 61.000000 59.000000
535713.590000 6581698.230000 54.360000 133.000000 139.000000 127.000000
535713.510000 6581697.900000 54.280000 154.000000 158.000000 144.000000
535713.420000 6581697.550000 54.140000 155.000000 155.000000 145.000000
535713.470000 6581699.040000 54.630000 62.000000 66.000000 65.000000
535713.390000 6581698.690000 54.530000 46.000000 50.000000 49.000000
535713.300000 6581698.340000 54.430000 75.000000 81.000000 69.000000
535713.220000 6581697.980000 54.270000 165.000000 168.000000 161.000000
535713.130000 6581697.620000 54.180000 160.000000 162.000000 149.000000
535713.040000 6581697.270000 54.040000 163.000000 169.000000 159.000000
535713.040000 6581699.020000 54.630000 40.000000 44.000000 43.000000
535712.960000 6581698.700000 54.520000 40.000000 44.000000 43.000000
535712.880000 6581698.370000 54.400000 176.000000 182.000000 170.000000
535712.800000 6581698.010000 54.290000 162.000000 164.000000 159.000000
535712.720000 6581697.680000 54.180000 163.000000 166.000000 159.000000
535712.630000 6581697.310000 54.010000 112.000000 135.000000 127.000000
535712.540000 6581696.970000 53.910000 210.000000 217.000000 225.000000
535712.640000 6581699.070000 54.650000 62.000000 64.000000 61.000000
535712.570000 6581698.760000 54.700000 59.000000 60.000000 62.000000
535712.360000 6581697.940000 53.940000 166.000000 168.000000 163.000000
535712.300000 6581697.680000 54.180000 165.000000 167.000000 164.000000
535712.220000 6581697.330000 54.040000 144.000000 149.000000 145.000000
535712.130000 6581696.990000 53.960000 198.000000 216.000000 218.000000
535712.040000 6581696.620000 53.770000 226.000000 242.000000 242.000000
535712.350000 6581699.410000 54.680000 57.000000 61.000000 62.000000
535712.280000 6581699.120000 54.660000 66.000000 68.000000 63.000000
535712.210000 6581698.820000 54.800000 62.000000 63.000000 68.000000
535712.010000 6581698.030000 54.120000 162.000000 164.000000 159.000000
535711.940000 6581697.730000 54.100000 167.000000 175.000000 164.000000
535711.850000 6581697.370000 53.990000 213.000000 222.000000 227.000000
535711.770000 6581697.040000 53.880000 203.000000 221.000000 225.000000
535711.690000 6581696.710000 53.730000 243.000000 246.000000 255.000000
535711.600000 6581696.340000 53.610000 212.000000 222.000000 223.000000
535712.100000 6581699.400000 54.680000 67.000000 68.000000 70.000000
535712.030000 6581699.100000 54.710000 70.000000 72.000000 67.000000
535711.950000 6581698.780000 54.620000 52.000000 56.000000 55.000000
535711.760000 6581698.020000 54.090000 162.000000 167.000000 163.000000
535711.690000 6581697.730000 54.150000 179.000000 185.000000 173.000000
535711.610000 6581697.380000 54.000000 253.000000 254.000000 255.000000
535711.520000 6581697.020000 53.890000 204.000000 216.000000 212.000000
535711.440000 6581696.690000 53.770000 216.000000 223.000000 233.000000
535711.350000 6581696.330000 53.640000 244.000000 255.000000 251.000000
535711.750000 6581699.740000 54.760000 58.000000 62.000000 61.000000
535711.680000 6581699.410000 54.660000 55.000000 59.000000 58.000000
535711.580000 6581699.040000 54.600000 53.000000 57.000000 56.000000
535711.510000 6581698.730000 54.480000 128.000000 131.000000 122.000000
535711.420000 6581698.370000 54.360000 151.000000 154.000000 143.000000
535711.330000 6581698.000000 54.230000 145.000000 150.000000 143.000000
535711.250000 6581697.660000 54.080000 155.000000 157.000000 146.000000
535711.170000 6581697.340000 53.940000 148.000000 151.000000 144.000000
535711.080000 6581696.980000 53.850000 153.000000 150.000000 143.000000
535711.000000 6581696.610000 53.710000 156.000000 157.000000 151.000000
535710.920000 6581696.280000 53.600000 150.000000 154.000000 140.000000
535710.820000 6581695.900000 53.480000 147.000000 149.000000 135.000000
535711.320000 6581699.570000 54.660000 67.000000 68.000000 70.000000
535711.240000 6581699.220000 54.550000 62.000000 63.000000 65.000000
535711.160000 6581698.880000 54.410000 127.000000 134.000000 127.000000
535711.080000 6581698.550000 54.290000 155.000000 158.000000 141.000000
535710.990000 6581698.200000 54.230000 151.000000 153.000000 139.000000
535710.900000 6581697.820000 54.070000 155.000000 159.000000 145.000000
535710.820000 6581697.480000 53.960000 149.000000 157.000000 144.000000
535710.730000 6581697.140000 53.860000 154.000000 157.000000 140.000000
535710.640000 6581696.770000 53.720000 155.000000 159.000000 144.000000
535710.560000 6581696.450000 53.630000 153.000000 155.000000 141.000000
535710.490000 6581696.130000 53.500000 150.000000 154.000000 140.000000
535710.400000 6581695.760000 53.400000 147.000000 151.000000 137.000000
535711.100000 6581699.770000 54.760000 59.000000 60.000000 62.000000
535711.000000 6581699.390000 54.590000 74.000000 75.000000 77.000000
535710.920000 6581699.060000 54.470000 49.000000 53.000000 54.000000
535710.840000 6581698.700000 54.370000 157.000000 161.000000 146.000000
535710.750000 6581698.360000 54.270000 149.000000 150.000000 136.000000
535710.670000 6581698.030000 54.130000 151.000000 154.000000 143.000000
535710.590000 6581697.710000 54.020000 153.000000 155.000000 142.000000
535710.500000 6581697.330000 53.910000 157.000000 157.000000 145.000000
535710.420000 6581696.980000 53.770000 152.000000 158.000000 144.000000
535710.340000 6581696.670000 53.700000 152.000000 154.000000 140.000000
535710.250000 6581696.280000 53.520000 152.000000 154.000000 140.000000
535710.160000 6581695.920000 53.400000 144.000000 148.000000 134.000000
535710.830000 6581699.830000 54.690000 46.000000 48.000000 47.000000
535710.750000 6581699.480000 54.540000 74.000000 78.000000 77.000000
535710.670000 6581699.140000 54.430000 57.000000 63.000000 63.000000
535710.580000 6581698.790000 54.360000 146.000000 153.000000 137.000000
535710.500000 6581698.450000 54.210000 150.000000 151.000000 135.000000
535710.410000 6581698.090000 54.110000 153.000000 156.000000 145.000000
535710.330000 6581697.740000 54.010000 147.000000 151.000000 136.000000
535710.240000 6581697.390000 53.870000 152.000000 154.000000 140.000000
535710.160000 6581697.050000 53.740000 151.000000 153.000000 139.000000
535710.070000 6581696.700000 53.640000 152.000000 154.000000 140.000000
535710.510000 6581699.980000 54.750000 48.000000 52.000000 51.000000
535710.430000 6581699.640000 54.580000 43.000000 47.000000 46.000000
535710.350000 6581699.310000 54.500000 49.000000 50.000000 52.000000
535710.250000 6581698.930000 54.380000 174.000000 177.000000 168.000000
535710.180000 6581698.630000 54.270000 152.000000 154.000000 141.000000
535710.090000 6581698.270000 54.160000 151.000000 153.000000 139.000000
535710.010000 6581697.920000 54.030000 155.000000 159.000000 144.000000
535710.130000 6581699.940000 54.680000 63.000000 67.000000 70.000000
535710.050000 6581699.600000 54.560000 70.000000 70.000000 68.000000
535714.970000 6581698.430000 54.560000 39.000000 43.000000 46.000000
535714.760000 6581698.020000 54.430000 22.000000 27.000000 33.000000
535714.670000 6581698.380000 54.530000 26.000000 31.000000 37.000000
535714.580000 6581698.730000 54.650000 66.000000 71.000000 67.000000
535714.340000 6581698.030000 54.370000 117.000000 122.000000 115.000000
535714.180000 6581698.720000 54.600000 46.000000 48.000000 47.000000
535713.980000 6581697.900000 54.300000 167.000000 169.000000 155.000000
535713.900000 6581698.240000 54.420000 39.000000 44.000000 40.000000
535713.810000 6581698.600000 54.560000 64.000000 68.000000 67.000000
535713.730000 6581698.940000 54.610000 60.000000 64.000000 65.000000
535713.700000 6581697.740000 54.270000 160.000000 160.000000 148.000000
535713.620000 6581698.090000 54.360000 165.000000 169.000000 154.000000
535713.530000 6581698.430000 54.470000 57.000000 62.000000 58.000000
535713.460000 6581698.750000 54.560000 65.000000 69.000000 70.000000
535713.370000 6581699.070000 54.660000 60.000000 64.000000 63.000000
535713.430000 6581697.620000 54.220000 151.000000 153.000000 140.000000
535713.340000 6581697.970000 54.260000 151.000000 154.000000 145.000000
535713.260000 6581698.290000 54.360000 179.000000 185.000000 171.000000
535713.180000 6581698.640000 54.500000 55.000000 59.000000 60.000000
535713.090000 6581698.990000 54.610000 61.000000 65.000000 64.000000
535713.150000 6581697.210000 54.070000 154.000000 157.000000 146.000000
535713.060000 6581697.560000 54.180000 170.000000 172.000000 161.000000
535712.970000 6581697.910000 54.280000 163.000000 165.000000 164.000000
535712.890000 6581698.250000 54.400000 177.000000 183.000000 169.000000
535712.810000 6581698.590000 54.520000 46.000000 50.000000 49.000000
535712.720000 6581698.950000 54.650000 71.000000 73.000000 70.000000
535712.640000 6581699.260000 54.670000 69.000000 71.000000 70.000000
535712.820000 6581697.030000 53.960000 230.000000 226.000000 223.000000
535712.730000 6581697.380000 54.040000 140.000000 166.000000 157.000000
535712.640000 6581697.760000 54.210000 170.000000 172.000000 167.000000
535712.580000 6581698.010000 53.920000 157.000000 159.000000 154.000000
535712.370000 6581698.860000 54.680000 49.000000 50.000000 54.000000
535712.300000 6581699.150000 54.640000 56.000000 58.000000 53.000000
535712.220000 6581699.460000 54.690000 59.000000 60.000000 62.000000
535712.550000 6581697.030000 53.920000 205.000000 214.000000 219.000000
535712.470000 6581697.360000 54.040000 78.000000 91.000000 84.000000
535712.390000 6581697.690000 54.200000 165.000000 167.000000 164.000000
535712.320000 6581697.960000 53.880000 166.000000 168.000000 163.000000
535712.120000 6581698.780000 54.750000 51.000000 52.000000 57.000000
535712.040000 6581699.100000 54.660000 70.000000 72.000000 67.000000
535711.960000 6581699.450000 54.690000 65.000000 69.000000 68.000000
535712.350000 6581696.800000 53.860000 175.000000 198.000000 206.000000
535712.270000 6581697.130000 53.930000 201.000000 212.000000 214.000000
535712.180000 6581697.480000 54.040000 104.000000 111.000000 104.000000
535712.090000 6581697.850000 54.230000 163.000000 166.000000 159.000000
535712.030000 6581698.090000 53.830000 162.000000 164.000000 159.000000
535711.830000 6581698.920000 54.670000 62.000000 62.000000 62.000000
535711.750000 6581699.230000 54.660000 65.000000 69.000000 68.000000
535711.680000 6581699.560000 54.680000 65.000000 69.000000 68.000000
535711.970000 6581696.860000 53.840000 248.000000 255.000000 255.000000
535711.890000 6581697.200000 53.960000 172.000000 187.000000 192.000000
535711.810000 6581697.530000 54.020000 133.000000 132.000000 130.000000
535711.720000 6581697.910000 54.190000 167.000000 169.000000 166.000000
535711.660000 6581698.140000 53.920000 165.000000 168.000000 161.000000
535711.550000 6581698.580000 54.460000 153.000000 157.000000 143.000000
535711.470000 6581698.910000 54.480000 56.000000 60.000000 63.000000
535711.400000 6581699.210000 54.570000 72.000000 73.000000 75.000000
535711.310000 6581699.560000 54.660000 67.000000 68.000000 70.000000
535711.230000 6581699.900000 54.750000 67.000000 68.000000 70.000000
535711.660000 6581696.660000 53.780000 217.000000 220.000000 229.000000
535711.580000 6581696.970000 53.860000 184.000000 194.000000 193.000000
535711.500000 6581697.300000 53.950000 235.000000 241.000000 241.000000
535711.410000 6581697.670000 54.060000 204.000000 205.000000 197.000000
535711.330000 6581698.000000 54.210000 145.000000 150.000000 143.000000
535711.260000 6581698.310000 54.280000 155.000000 159.000000 145.000000
535711.170000 6581698.680000 54.350000 151.000000 154.000000 137.000000
535711.080000 6581699.010000 54.460000 60.000000 64.000000 65.000000
535711.000000 6581699.330000 54.560000 74.000000 75.000000 77.000000
535710.910000 6581699.720000 54.690000 68.000000 70.000000 69.000000
535711.470000 6581696.270000 53.630000 198.000000 204.000000 200.000000
535711.400000 6581696.590000 53.730000 202.000000 212.000000 221.000000
535711.310000 6581696.970000 53.830000 207.000000 212.000000 208.000000
535711.230000 6581697.290000 53.920000 167.000000 169.000000 164.000000
535711.140000 6581697.630000 54.020000 153.000000 155.000000 144.000000
535711.050000 6581698.000000 54.160000 151.000000 154.000000 143.000000
535710.970000 6581698.340000 54.230000 150.000000 152.000000 138.000000
535710.900000 6581698.650000 54.340000 150.000000 153.000000 136.000000
535710.810000 6581699.000000 54.430000 88.000000 93.000000 86.000000
535710.720000 6581699.370000 54.530000 54.000000 58.000000 57.000000
535710.640000 6581699.710000 54.650000 65.000000 69.000000 68.000000
535711.250000 6581696.250000 53.610000 176.000000 181.000000 175.000000
535711.160000 6581696.600000 53.720000 166.000000 171.000000 165.000000
535711.080000 6581696.930000 53.830000 153.000000 150.000000 143.000000
535711.000000 6581697.260000 53.880000 150.000000 153.000000 144.000000
535710.910000 6581697.620000 54.040000 153.000000 156.000000 145.000000
535710.830000 6581697.970000 54.120000 152.000000 154.000000 140.000000
535710.740000 6581698.320000 54.220000 149.000000 150.000000 136.000000
535710.650000 6581698.680000 54.350000 147.000000 153.000000 139.000000
535710.570000 6581699.020000 54.440000 68.000000 75.000000 68.000000
535710.490000 6581699.350000 54.500000 48.000000 52.000000 53.000000
535710.410000 6581699.690000 54.630000 43.000000 47.000000 46.000000
535710.910000 6581695.950000 53.460000 145.000000 147.000000 133.000000
535710.830000 6581696.310000 53.610000 150.000000 152.000000 139.000000
535710.740000 6581696.680000 53.730000 149.000000 151.000000 138.000000
535710.660000 6581697.000000 53.790000 150.000000 154.000000 139.000000
535710.580000 6581697.320000 53.920000 157.000000 157.000000 145.000000
535710.490000 6581697.670000 53.980000 153.000000 155.000000 144.000000
535710.410000 6581698.020000 54.100000 153.000000 156.000000 145.000000
535710.330000 6581698.350000 54.210000 152.000000 154.000000 140.000000
535710.250000 6581698.690000 54.270000 156.000000 156.000000 144.000000
535710.150000 6581699.060000 54.400000 161.000000 169.000000 158.000000
535710.070000 6581699.390000 54.510000 61.000000 62.000000 66.000000
535710.550000 6581695.890000 53.440000 149.000000 153.000000 139.000000
535710.470000 6581696.230000 53.570000 151.000000 153.000000 139.000000
535710.380000 6581696.590000 53.660000 154.000000 156.000000 142.000000
535710.290000 6581696.930000 53.750000 152.000000 154.000000 140.000000
535710.220000 6581697.260000 53.850000 150.000000 152.000000 138.000000
535710.130000 6581697.630000 53.950000 151.000000 155.000000 141.000000
535710.040000 6581697.970000 54.080000 155.000000 159.000000 144.000000
535710.290000 6581695.740000 53.350000 134.000000 138.000000 124.000000
535710.200000 6581696.120000 53.500000 151.000000 153.000000 140.000000
535710.120000 6581696.440000 53.580000 156.000000 158.000000 144.000000
535710.030000 6581696.790000 53.690000 152.000000 154.000000 140.000000
535709.920000 6581700.000000 54.650000 66.000000 70.000000 73.000000
535709.800000 6581700.390000 54.820000 57.000000 61.000000 60.000000
535709.710000 6581700.060000 54.680000 65.000000 66.000000 68.000000
535709.450000 6581700.260000 54.710000 46.000000 50.000000 49.000000
535709.160000 6581700.700000 54.840000 62.000000 66.000000 67.000000
535709.070000 6581700.340000 54.740000 40.000000 44.000000 45.000000
535708.860000 6581700.420000 54.770000 53.000000 54.000000 58.000000
535708.780000 6581700.110000 54.660000 48.000000 46.000000 47.000000
535708.580000 6581700.630000 54.770000 61.000000 67.000000 67.000000
535708.500000 6581700.280000 54.680000 59.000000 59.000000 59.000000
535708.290000 6581700.880000 54.870000 49.000000 49.000000 49.000000
535708.220000 6581700.580000 54.770000 53.000000 59.000000 55.000000
535709.900000 6581700.090000 54.690000 55.000000 56.000000 60.000000
535709.820000 6581700.430000 54.810000 45.000000 47.000000 44.000000
535709.540000 6581700.010000 54.630000 67.000000 69.000000 68.000000
535709.460000 6581700.340000 54.770000 62.000000 66.000000 65.000000
535709.210000 6581700.160000 54.720000 66.000000 68.000000 65.000000
535709.120000 6581700.530000 54.810000 44.000000 45.000000 49.000000
535708.990000 6581700.140000 54.640000 61.000000 63.000000 60.000000
535708.910000 6581700.480000 54.750000 61.000000 62.000000 66.000000
535708.570000 6581700.330000 54.700000 55.000000 55.000000 55.000000
535708.490000 6581700.680000 54.810000 72.000000 81.000000 78.000000
535708.200000 6581700.410000 54.680000 79.000000 85.000000 81.000000
535708.120000 6581700.750000 54.770000 49.000000 54.000000 50.000000
535708.030000 6581701.110000 54.880000 77.000000 81.000000 80.000000
535710.210000 6581700.260000 54.770000 54.000000 58.000000 59.000000
535710.000000 6581700.320000 54.760000 43.000000 47.000000 46.000000
535710.830000 6581700.040000 54.750000 72.000000 74.000000 73.000000
535710.550000 6581700.060000 54.780000 60.000000 64.000000 63.000000
535710.330000 6581700.010000 54.700000 50.000000 51.000000 55.000000
535727.520000 6581699.740000 53.360000 22.000000 23.000000 27.000000
535727.440000 6581699.420000 53.380000 20.000000 21.000000 25.000000
535727.140000 6581699.770000 53.550000 20.000000 21.000000 26.000000
535726.860000 6581699.660000 53.700000 19.000000 20.000000 25.000000
535726.610000 6581699.790000 53.830000 13.000000 14.000000 19.000000
535727.680000 6581699.790000 53.270000 20.000000 21.000000 26.000000
535727.320000 6581699.530000 53.430000 21.000000 22.000000 26.000000
535727.240000 6581699.880000 53.530000 16.000000 20.000000 23.000000
535726.880000 6581699.730000 53.670000 17.000000 18.000000 23.000000
535726.550000 6581699.850000 53.870000 19.000000 23.000000 26.000000
535727.860000 6581700.350000 53.220000 21.000000 20.000000 28.000000
535727.670000 6581700.360000 53.420000 22.000000 23.000000 28.000000
535727.590000 6581700.030000 53.390000 22.000000 23.000000 27.000000
535727.290000 6581700.400000 53.570000 26.000000 27.000000 31.000000
535727.210000 6581700.080000 53.550000 16.000000 17.000000 21.000000
535727.020000 6581700.320000 53.740000 18.000000 21.000000 26.000000
535726.940000 6581700.010000 53.720000 18.000000 21.000000 28.000000
535726.760000 6581700.410000 53.880000 17.000000 18.000000 23.000000
535726.690000 6581700.110000 53.860000 22.000000 25.000000 30.000000
535726.440000 6581700.410000 54.030000 24.000000 25.000000 30.000000
535726.360000 6581700.080000 54.040000 19.000000 20.000000 25.000000
535726.170000 6581700.630000 54.200000 27.000000 27.000000 35.000000
535726.100000 6581700.320000 54.190000 27.000000 26.000000 31.000000
535725.980000 6581700.650000 54.300000 14.000000 14.000000 22.000000
535725.910000 6581700.370000 54.320000 24.000000 23.000000 28.000000
535725.760000 6581700.620000 54.340000 18.000000 18.000000 26.000000
535725.700000 6581700.330000 54.390000 17.000000 16.000000 21.000000
535725.470000 6581700.670000 54.540000 21.000000 24.000000 31.000000
535725.150000 6581700.770000 54.740000 27.000000 32.000000 38.000000
535724.880000 6581700.780000 54.880000 28.000000 35.000000 43.000000
535724.660000 6581700.920000 55.010000 31.000000 37.000000 49.000000
535724.340000 6581701.010000 55.140000 35.000000 42.000000 50.000000
535727.600000 6581700.120000 53.390000 20.000000 21.000000 25.000000
535727.530000 6581700.430000 53.420000 21.000000 22.000000 26.000000
535727.150000 6581700.210000 53.590000 31.000000 34.000000 39.000000
535727.070000 6581700.530000 53.670000 20.000000 21.000000 26.000000
535726.790000 6581700.110000 53.800000 27.000000 30.000000 35.000000
535726.710000 6581700.410000 53.890000 17.000000 18.000000 23.000000
535726.650000 6581700.670000 53.670000 28.000000 27.000000 33.000000
535726.460000 6581700.190000 53.970000 18.000000 19.000000 23.000000
535726.380000 6581700.550000 54.020000 19.000000 18.000000 24.000000
535726.160000 6581700.220000 54.110000 16.000000 15.000000 20.000000
535726.070000 6581700.580000 54.220000 30.000000 29.000000 35.000000
535725.720000 6581700.360000 54.360000 21.000000 20.000000 25.000000
535725.640000 6581700.680000 54.480000 22.000000 22.000000 30.000000
535725.210000 6581700.720000 54.670000 23.000000 26.000000 33.000000
535724.860000 6581700.960000 54.850000 36.000000 40.000000 49.000000
535724.590000 6581700.810000 54.980000 43.000000 52.000000 61.000000
535724.510000 6581701.170000 55.070000 36.000000 38.000000 50.000000
535723.790000 6581701.340000 55.440000 21.000000 24.000000 31.000000
535725.590000 6581689.570000 52.990000 87.000000 90.000000 81.000000
535725.420000 6581689.180000 52.950000 90.000000 89.000000 87.000000
535725.140000 6581687.750000 52.980000 89.000000 91.000000 86.000000
535724.650000 6581685.880000 52.940000 38.000000 39.000000 41.000000
535727.950000 6581698.820000 52.950000 90.000000 95.000000 89.000000
535727.870000 6581698.500000 52.980000 88.000000 85.000000 78.000000
535727.800000 6581698.190000 52.960000 109.000000 112.000000 101.000000
535727.730000 6581697.900000 53.020000 93.000000 96.000000 87.000000
535727.650000 6581697.570000 53.000000 89.000000 90.000000 82.000000
535727.580000 6581697.270000 53.000000 73.000000 74.000000 69.000000
535727.340000 6581696.310000 52.960000 89.000000 92.000000 83.000000
535727.700000 6581698.920000 53.150000 89.000000 90.000000 85.000000
535727.630000 6581698.620000 53.170000 87.000000 88.000000 82.000000
535727.550000 6581698.290000 53.170000 89.000000 92.000000 81.000000
535727.480000 6581697.980000 53.170000 87.000000 87.000000 79.000000
535727.400000 6581697.680000 53.160000 76.000000 77.000000 71.000000
535727.320000 6581697.340000 53.150000 85.000000 88.000000 79.000000
535727.250000 6581697.050000 53.170000 79.000000 76.000000 69.000000
535727.170000 6581696.720000 53.150000 92.000000 95.000000 88.000000
535727.090000 6581696.380000 53.130000 96.000000 99.000000 92.000000
535727.020000 6581696.080000 53.170000 74.000000 74.000000 66.000000
535726.940000 6581695.770000 53.110000 95.000000 98.000000 89.000000
535726.860000 6581695.430000 53.110000 78.000000 81.000000 72.000000
535726.780000 6581695.120000 53.160000 94.000000 97.000000 90.000000
535726.700000 6581694.790000 53.120000 59.000000 61.000000 58.000000
535726.630000 6581694.480000 53.190000 52.000000 53.000000 55.000000
535726.540000 6581694.130000 53.150000 41.000000 42.000000 44.000000
535726.320000 6581693.210000 53.140000 48.000000 50.000000 47.000000
535725.690000 6581690.600000 53.030000 69.000000 72.000000 61.000000
535727.860000 6581699.080000 52.970000 26.000000 26.000000 26.000000
535727.650000 6581698.180000 53.010000 82.000000 84.000000 73.000000
535727.570000 6581698.510000 53.100000 74.000000 77.000000 68.000000
535727.470000 6581697.360000 52.990000 87.000000 88.000000 82.000000
535727.380000 6581697.710000 53.080000 86.000000 87.000000 81.000000
535727.310000 6581696.770000 52.980000 90.000000 93.000000 84.000000
535727.220000 6581697.100000 53.060000 98.000000 98.000000 90.000000
535727.170000 6581696.120000 52.980000 96.000000 95.000000 90.000000
535727.080000 6581696.470000 53.100000 71.000000 76.000000 69.000000
535726.990000 6581695.190000 52.980000 86.000000 87.000000 81.000000
535726.910000 6581695.510000 52.990000 92.000000 95.000000 86.000000
535726.800000 6581694.250000 53.000000 57.000000 57.000000 59.000000
535726.710000 6581694.600000 53.030000 46.000000 48.000000 45.000000
535726.520000 6581694.200000 53.060000 40.000000 40.000000 40.000000
535726.000000 6581691.420000 53.020000 84.000000 101.000000 69.000000
535725.930000 6581691.720000 53.030000 76.000000 95.000000 67.000000
535725.920000 6581690.830000 53.010000 98.000000 117.000000 87.000000
535725.840000 6581691.130000 52.980000 89.000000 105.000000 76.000000
535725.720000 6581690.420000 52.980000 73.000000 81.000000 66.000000
535725.540000 6581689.990000 53.120000 91.000000 92.000000 86.000000
535725.460000 6581689.670000 53.060000 72.000000 73.000000 67.000000
535725.390000 6581689.360000 53.080000 95.000000 92.000000 83.000000
535725.320000 6581689.060000 53.110000 72.000000 72.000000 64.000000
535725.160000 6581688.410000 53.030000 106.000000 106.000000 104.000000
535725.010000 6581687.790000 53.040000 115.000000 117.000000 114.000000
535724.930000 6581687.470000 53.050000 86.000000 91.000000 85.000000
535724.860000 6581687.140000 53.010000 68.000000 70.000000 67.000000
535724.780000 6581686.830000 53.050000 88.000000 88.000000 86.000000
535724.690000 6581686.490000 53.020000 96.000000 97.000000 92.000000
535724.620000 6581686.180000 53.010000 87.000000 89.000000 88.000000
535724.550000 6581685.870000 53.040000 44.000000 45.000000 47.000000
535724.460000 6581685.540000 53.000000 42.000000 43.000000 45.000000
535724.390000 6581685.210000 52.990000 50.000000 52.000000 51.000000
535724.300000 6581684.880000 52.980000 35.000000 36.000000 38.000000
535724.220000 6581684.540000 52.950000 23.000000 27.000000 30.000000
535724.150000 6581684.230000 53.000000 30.000000 33.000000 38.000000
535724.070000 6581683.910000 52.970000 39.000000 40.000000 45.000000
535724.000000 6581683.600000 52.940000 26.000000 27.000000 32.000000
535724.660000 6581687.950000 53.280000 97.000000 98.000000 90.000000
535724.590000 6581687.630000 53.310000 91.000000 92.000000 84.000000
535724.510000 6581687.320000 53.300000 72.000000 73.000000 68.000000
535724.430000 6581686.990000 53.270000 56.000000 56.000000 54.000000
535724.350000 6581686.650000 53.280000 48.000000 50.000000 49.000000
535724.270000 6581686.320000 53.250000 54.000000 54.000000 54.000000
535724.200000 6581686.000000 53.260000 28.000000 29.000000 33.000000
535724.120000 6581685.690000 53.310000 29.000000 30.000000 34.000000
535724.040000 6581685.360000 53.260000 42.000000 43.000000 45.000000
535723.970000 6581685.080000 53.270000 41.000000 45.000000 48.000000
535723.880000 6581684.720000 53.220000 36.000000 37.000000 42.000000
535723.810000 6581684.410000 53.300000 29.000000 30.000000 35.000000
535723.730000 6581684.100000 53.230000 27.000000 28.000000 33.000000
535725.510000 6581689.910000 53.070000 91.000000 92.000000 86.000000
535725.340000 6581689.540000 53.140000 96.000000 98.000000 87.000000
535725.250000 6581689.920000 53.250000 87.000000 89.000000 84.000000
535725.240000 6581688.850000 53.060000 78.000000 84.000000 74.000000
535725.150000 6581689.220000 53.230000 67.000000 67.000000 57.000000
535725.060000 6581688.060000 53.030000 117.000000 120.000000 111.000000
535724.960000 6581688.460000 53.200000 73.000000 72.000000 68.000000
535724.880000 6581687.270000 53.010000 87.000000 89.000000 84.000000
535724.790000 6581687.650000 53.210000 81.000000 84.000000 77.000000
535724.710000 6581687.990000 53.310000 97.000000 100.000000 89.000000
535724.750000 6581686.630000 52.970000 82.000000 83.000000 77.000000
535724.660000 6581686.980000 53.160000 61.000000 62.000000 57.000000
535724.580000 6581687.320000 53.290000 72.000000 73.000000 68.000000
535724.570000 6581686.210000 53.020000 81.000000 81.000000 79.000000
535724.480000 6581686.570000 53.170000 57.000000 59.000000 56.000000
535724.380000 6581685.190000 52.960000 56.000000 57.000000 59.000000
535724.300000 6581685.520000 53.140000 38.000000 39.000000 41.000000
535724.220000 6581685.850000 53.260000 28.000000 29.000000 33.000000
535724.150000 6581684.390000 52.960000 27.000000 30.000000 35.000000
535724.060000 6581684.770000 53.150000 45.000000 48.000000 53.000000
535723.980000 6581685.110000 53.260000 35.000000 39.000000 42.000000
535724.000000 6581683.540000 52.940000 31.000000 32.000000 37.000000
535723.920000 6581683.860000 53.110000 26.000000 29.000000 34.000000
535723.830000 6581684.230000 53.210000 30.000000 31.000000 36.000000
535723.620000 6581683.730000 53.240000 29.000000 34.000000 38.000000
535725.770000 6581690.950000 53.120000 73.000000 86.000000 60.000000
535725.620000 6581690.320000 53.150000 83.000000 86.000000 75.000000
535726.810000 6581695.910000 53.220000 99.000000 102.000000 93.000000
535726.620000 6581694.970000 53.210000 92.000000 94.000000 89.000000
535726.440000 6581694.540000 53.220000 47.000000 49.000000 46.000000
535725.830000 6581692.110000 53.300000 87.000000 103.000000 77.000000
535725.750000 6581691.530000 53.260000 97.000000 118.000000 85.000000
535725.630000 6581690.810000 53.140000 90.000000 97.000000 79.000000
535725.560000 6581691.120000 53.240000 82.000000 95.000000 67.000000
535725.430000 6581690.260000 53.190000 79.000000 79.000000 71.000000
535719.970000 6581686.780000 55.520000 118.000000 119.000000 113.000000
535719.900000 6581686.480000 55.540000 115.000000 118.000000 111.000000
535719.820000 6581686.180000 55.580000 116.000000 119.000000 112.000000
535719.940000 6581688.280000 55.740000 115.000000 121.000000 109.000000
535719.860000 6581687.950000 55.710000 119.000000 122.000000 115.000000
535719.790000 6581687.670000 55.750000 124.000000 127.000000 118.000000
535719.710000 6581687.340000 55.760000 114.000000 117.000000 108.000000
535719.630000 6581687.020000 55.760000 130.000000 133.000000 122.000000
535719.560000 6581686.730000 55.760000 111.000000 117.000000 103.000000
535719.490000 6581686.410000 55.770000 130.000000 136.000000 124.000000
535719.410000 6581686.090000 55.770000 120.000000 123.000000 116.000000
535719.330000 6581685.750000 55.750000 117.000000 122.000000 115.000000
535719.250000 6581685.440000 55.750000 115.000000 120.000000 113.000000
535719.170000 6581685.100000 55.680000 119.000000 124.000000 117.000000
535719.980000 6581686.760000 55.500000 118.000000 119.000000 113.000000
535719.890000 6581687.110000 55.620000 119.000000 120.000000 114.000000
535719.820000 6581687.420000 55.690000 126.000000 129.000000 122.000000
535719.700000 6581686.270000 55.630000 115.000000 118.000000 111.000000
535719.620000 6581686.610000 55.700000 135.000000 138.000000 127.000000
535719.510000 6581685.830000 55.690000 111.000000 114.000000 107.000000
535719.420000 6581686.190000 55.700000 112.000000 115.000000 108.000000
535721.990000 6581689.860000 55.140000 85.000000 88.000000 81.000000
535721.650000 6581689.900000 55.050000 107.000000 110.000000 103.000000
535721.580000 6581689.630000 55.100000 93.000000 100.000000 92.000000
535721.510000 6581689.300000 55.130000 95.000000 96.000000 90.000000
535721.420000 6581688.960000 55.090000 117.000000 120.000000 113.000000
535721.350000 6581688.660000 55.110000 87.000000 90.000000 83.000000
535721.310000 6581689.860000 55.280000 109.000000 110.000000 104.000000
535721.240000 6581689.570000 55.290000 94.000000 97.000000 88.000000
535721.150000 6581689.230000 55.250000 104.000000 107.000000 100.000000
535721.080000 6581688.900000 55.300000 100.000000 103.000000 96.000000
535721.000000 6581688.580000 55.280000 108.000000 111.000000 104.000000
535720.920000 6581688.260000 55.280000 85.000000 86.000000 78.000000
535720.840000 6581687.920000 55.280000 108.000000 113.000000 106.000000
535720.970000 6581689.930000 55.400000 95.000000 96.000000 88.000000
535720.890000 6581689.590000 55.410000 89.000000 92.000000 83.000000
535720.810000 6581689.270000 55.420000 111.000000 114.000000 105.000000
535720.750000 6581688.980000 55.420000 91.000000 94.000000 87.000000
535720.670000 6581688.660000 55.440000 106.000000 109.000000 102.000000
535720.590000 6581688.330000 55.410000 98.000000 101.000000 92.000000
535720.510000 6581688.020000 55.370000 95.000000 98.000000 89.000000
535720.440000 6581687.700000 55.410000 97.000000 100.000000 93.000000
535720.360000 6581687.370000 55.430000 104.000000 107.000000 98.000000
535720.280000 6581687.060000 55.400000 93.000000 96.000000 87.000000
535720.740000 6581689.990000 55.520000 120.000000 121.000000 113.000000
535720.670000 6581689.670000 55.520000 121.000000 129.000000 118.000000
535720.590000 6581689.340000 55.520000 110.000000 116.000000 106.000000
535720.510000 6581689.030000 55.540000 120.000000 126.000000 116.000000
535720.430000 6581688.700000 55.530000 114.000000 117.000000 110.000000
535720.360000 6581688.390000 55.570000 117.000000 120.000000 111.000000
535720.280000 6581688.060000 55.550000 116.000000 119.000000 110.000000
535720.200000 6581687.750000 55.560000 115.000000 118.000000 111.000000
535720.130000 6581687.430000 55.580000 116.000000 117.000000 109.000000
535720.050000 6581687.110000 55.540000 118.000000 121.000000 112.000000
535720.320000 6581689.850000 55.720000 114.000000 117.000000 110.000000
535720.240000 6581689.530000 55.730000 125.000000 131.000000 121.000000
535720.160000 6581689.200000 55.740000 114.000000 120.000000 110.000000
535720.090000 6581688.890000 55.750000 118.000000 121.000000 112.000000
535720.020000 6581688.600000 55.730000 117.000000 120.000000 111.000000
535722.090000 6581689.980000 55.150000 115.000000 116.000000 110.000000
535721.780000 6581689.550000 55.090000 105.000000 115.000000 106.000000
535721.700000 6581689.890000 55.080000 93.000000 98.000000 91.000000
535721.510000 6581689.010000 55.040000 88.000000 91.000000 82.000000
535721.430000 6581689.360000 55.110000 105.000000 106.000000 100.000000
535721.340000 6581689.710000 55.210000 97.000000 104.000000 96.000000
535721.210000 6581688.940000 55.180000 110.000000 113.000000 106.000000
535721.130000 6581689.270000 55.240000 104.000000 107.000000 100.000000
535721.050000 6581689.610000 55.360000 113.000000 121.000000 110.000000
535720.970000 6581689.950000 55.430000 95.000000 96.000000 88.000000
535721.020000 6581688.570000 55.190000 108.000000 111.000000 104.000000
535720.940000 6581688.920000 55.310000 100.000000 103.000000 96.000000
535720.850000 6581689.280000 55.430000 111.000000 114.000000 105.000000
535720.770000 6581689.600000 55.490000 117.000000 125.000000 114.000000
535720.690000 6581689.930000 55.550000 118.000000 119.000000 111.000000
535720.790000 6581688.110000 55.300000 113.000000 116.000000 107.000000
535720.710000 6581688.430000 55.360000 103.000000 106.000000 99.000000
535720.620000 6581688.800000 55.460000 93.000000 96.000000 89.000000
535720.530000 6581689.160000 55.570000 115.000000 121.000000 111.000000
535720.460000 6581689.470000 55.660000 121.000000 127.000000 117.000000
535720.370000 6581689.820000 55.680000 114.000000 117.000000 110.000000
535720.580000 6581687.630000 55.330000 93.000000 96.000000 89.000000
535720.500000 6581687.960000 55.430000 97.000000 102.000000 95.000000
535720.420000 6581688.310000 55.550000 108.000000 111.000000 102.000000
535720.340000 6581688.650000 55.560000 127.000000 130.000000 123.000000
535720.250000 6581689.010000 55.660000 120.000000 126.000000 116.000000
535720.170000 6581689.320000 55.710000 124.000000 130.000000 120.000000
535720.390000 6581687.460000 55.410000 101.000000 102.000000 94.000000
535720.300000 6581687.800000 55.510000 103.000000 106.000000 99.000000
535720.210000 6581688.150000 55.620000 110.000000 113.000000 104.000000
535720.130000 6581688.510000 55.710000 118.000000 121.000000 112.000000
535720.250000 6581687.150000 55.430000 107.000000 110.000000 101.000000
535720.170000 6581687.480000 55.530000 116.000000 117.000000 109.000000
535720.090000 6581687.810000 55.610000 128.000000 131.000000 124.000000
535720.010000 6581688.140000 55.720000 110.000000 116.000000 106.000000
535727.360000 6581699.070000 53.350000 63.000000 64.000000 58.000000
535727.290000 6581698.800000 53.390000 82.000000 82.000000 74.000000
535727.210000 6581698.460000 53.390000 98.000000 106.000000 95.000000
535727.060000 6581699.460000 53.590000 26.000000 27.000000 32.000000
535726.990000 6581699.140000 53.590000 28.000000 30.000000 25.000000
535726.910000 6581698.830000 53.550000 85.000000 86.000000 80.000000
535726.830000 6581698.500000 53.590000 82.000000 85.000000 76.000000
535726.750000 6581698.160000 53.570000 87.000000 90.000000 81.000000
535726.670000 6581697.840000 53.560000 92.000000 95.000000 86.000000
535726.600000 6581697.540000 53.610000 85.000000 86.000000 78.000000
535726.780000 6581699.320000 53.660000 15.000000 14.000000 20.000000
535726.700000 6581699.020000 53.690000 95.000000 98.000000 91.000000
535726.630000 6581698.690000 53.700000 78.000000 83.000000 76.000000
535726.550000 6581698.400000 53.750000 77.000000 76.000000 71.000000
535726.480000 6581698.100000 53.690000 103.000000 106.000000 97.000000
535726.400000 6581697.770000 53.700000 92.000000 93.000000 85.000000
535726.320000 6581697.430000 53.720000 86.000000 91.000000 84.000000
535726.250000 6581697.140000 53.720000 92.000000 87.000000 83.000000
535726.170000 6581696.810000 53.690000 91.000000 96.000000 89.000000
535726.540000 6581699.500000 53.880000 18.000000 17.000000 22.000000
535726.460000 6581699.160000 53.840000 63.000000 65.000000 60.000000
535726.390000 6581698.840000 53.850000 85.000000 86.000000 78.000000
535726.310000 6581698.530000 53.870000 99.000000 104.000000 97.000000
535726.230000 6581698.200000 53.830000 80.000000 85.000000 78.000000
535726.150000 6581697.870000 53.840000 77.000000 77.000000 69.000000
535726.070000 6581697.540000 53.800000 101.000000 108.000000 100.000000
535726.000000 6581697.240000 53.840000 88.000000 87.000000 82.000000
535725.920000 6581696.920000 53.860000 97.000000 100.000000 93.000000
535725.840000 6581696.600000 53.830000 82.000000 88.000000 78.000000
535725.770000 6581696.280000 53.860000 102.000000 99.000000 92.000000
535725.690000 6581695.960000 53.780000 87.000000 92.000000 85.000000
535726.290000 6581699.780000 54.050000 12.000000 12.000000 20.000000
535726.210000 6581699.460000 54.000000 20.000000 23.000000 30.000000
535726.130000 6581699.110000 54.010000 85.000000 90.000000 83.000000
535726.060000 6581698.820000 53.980000 106.000000 106.000000 98.000000
535725.980000 6581698.490000 53.990000 90.000000 95.000000 88.000000
535725.900000 6581698.160000 53.960000 97.000000 98.000000 92.000000
535725.830000 6581697.870000 54.000000 85.000000 85.000000 77.000000
535725.760000 6581697.580000 53.970000 104.000000 111.000000 103.000000
535725.680000 6581697.260000 54.000000 87.000000 88.000000 82.000000
535725.600000 6581696.930000 54.000000 105.000000 108.000000 101.000000
535725.530000 6581696.630000 53.980000 79.000000 85.000000 75.000000
535725.450000 6581696.330000 54.020000 105.000000 105.000000 97.000000
535725.370000 6581695.990000 53.990000 101.000000 107.000000 97.000000
535725.300000 6581695.700000 54.020000 89.000000 97.000000 86.000000
535725.220000 6581695.370000 54.000000 96.000000 93.000000 86.000000
535725.140000 6581695.020000 53.980000 95.000000 103.000000 92.000000
535726.010000 6581699.990000 54.170000 20.000000 19.000000 25.000000
535725.950000 6581699.690000 54.170000 17.000000 18.000000 23.000000
535725.870000 6581699.370000 54.160000 16.000000 20.000000 23.000000
535725.790000 6581699.070000 54.180000 112.000000 115.000000 104.000000
535725.720000 6581698.770000 54.150000 86.000000 87.000000 79.000000
535725.640000 6581698.440000 54.150000 101.000000 106.000000 99.000000
535725.560000 6581698.120000 54.180000 80.000000 79.000000 74.000000
535725.500000 6581697.830000 54.160000 101.000000 102.000000 96.000000
535725.410000 6581697.490000 54.120000 93.000000 98.000000 91.000000
535725.340000 6581697.190000 54.190000 101.000000 102.000000 96.000000
535725.260000 6581696.840000 54.100000 82.000000 89.000000 81.000000
535725.180000 6581696.550000 54.140000 106.000000 107.000000 99.000000
535725.110000 6581696.220000 54.140000 76.000000 77.000000 69.000000
535725.030000 6581695.930000 54.190000 111.000000 114.000000 105.000000
535724.950000 6581695.600000 54.120000 80.000000 83.000000 74.000000
535724.880000 6581695.280000 54.150000 72.000000 73.000000 67.000000
535724.790000 6581694.930000 54.140000 95.000000 98.000000 87.000000
535724.720000 6581694.620000 54.150000 86.000000 89.000000 78.000000
535724.640000 6581694.280000 54.150000 84.000000 91.000000 75.000000
535725.760000 6581699.730000 54.290000 21.000000 20.000000 26.000000
535725.680000 6581699.410000 54.280000 21.000000 22.000000 26.000000
535725.610000 6581699.110000 54.290000 105.000000 108.000000 99.000000
535725.530000 6581698.790000 54.290000 87.000000 88.000000 80.000000
535725.450000 6581698.460000 54.310000 110.000000 116.000000 106.000000
535725.380000 6581698.150000 54.270000 80.000000 80.000000 72.000000
535725.300000 6581697.840000 54.280000 107.000000 108.000000 100.000000
535725.220000 6581697.510000 54.270000 85.000000 90.000000 83.000000
535725.140000 6581697.190000 54.250000 94.000000 95.000000 89.000000
535725.070000 6581696.890000 54.300000 95.000000 102.000000 94.000000
535724.980000 6581696.530000 54.240000 98.000000 99.000000 91.000000
535724.910000 6581696.220000 54.290000 81.000000 84.000000 75.000000
535724.830000 6581695.900000 54.250000 104.000000 107.000000 98.000000
535724.750000 6581695.580000 54.280000 106.000000 111.000000 104.000000
535724.680000 6581695.260000 54.260000 11.000000 13.000000 12.000000
535724.610000 6581694.970000 54.230000 139.000000 140.000000 126.000000
535724.520000 6581694.640000 54.230000 138.000000 141.000000 112.000000
535724.440000 6581694.280000 54.190000 157.000000 156.000000 136.000000
535724.370000 6581694.010000 54.240000 165.000000 166.000000 150.000000
535724.290000 6581693.680000 54.230000 78.000000 84.000000 74.000000
535725.530000 6581699.670000 54.400000 24.000000 23.000000 29.000000
535725.460000 6581699.370000 54.380000 17.000000 19.000000 18.000000
535725.390000 6581699.070000 54.360000 96.000000 97.000000 89.000000
535725.310000 6581698.730000 54.350000 88.000000 91.000000 82.000000
535725.220000 6581698.360000 54.320000 77.000000 80.000000 71.000000
535725.150000 6581698.060000 54.330000 111.000000 108.000000 101.000000
535725.070000 6581697.750000 54.340000 83.000000 93.000000 82.000000
535724.990000 6581697.410000 54.340000 119.000000 120.000000 114.000000
535724.920000 6581697.130000 54.390000 85.000000 86.000000 80.000000
535724.840000 6581696.810000 54.360000 102.000000 107.000000 100.000000
535724.770000 6581696.510000 54.410000 89.000000 90.000000 82.000000
535724.690000 6581696.180000 54.400000 100.000000 103.000000 94.000000
535724.610000 6581695.850000 54.370000 89.000000 91.000000 80.000000
535724.540000 6581695.540000 54.360000 98.000000 106.000000 95.000000
535724.450000 6581695.200000 54.300000 17.000000 14.000000 9.000000
535724.370000 6581694.880000 54.320000 188.000000 177.000000 149.000000
535724.300000 6581694.560000 54.330000 181.000000 170.000000 138.000000
535724.220000 6581694.260000 54.370000 145.000000 142.000000 123.000000
535724.150000 6581693.920000 54.310000 150.000000 152.000000 138.000000
535724.070000 6581693.610000 54.340000 77.000000 83.000000 69.000000
535723.990000 6581693.290000 54.350000 91.000000 92.000000 84.000000
535723.910000 6581692.970000 54.320000 97.000000 98.000000 92.000000
535725.300000 6581699.980000 54.490000 16.000000 15.000000 21.000000
535725.230000 6581699.690000 54.510000 22.000000 21.000000 27.000000
535725.150000 6581699.350000 54.540000 31.000000 33.000000 30.000000
535725.070000 6581699.020000 54.560000 84.000000 85.000000 79.000000
535725.000000 6581698.730000 54.570000 104.000000 107.000000 100.000000
535724.920000 6581698.410000 54.500000 93.000000 101.000000 90.000000
535724.840000 6581698.090000 54.520000 101.000000 101.000000 91.000000
535724.770000 6581697.770000 54.510000 97.000000 99.000000 94.000000
535724.690000 6581697.460000 54.520000 113.000000 116.000000 109.000000
535724.610000 6581697.140000 54.520000 83.000000 86.000000 77.000000
535724.540000 6581696.820000 54.560000 104.000000 105.000000 97.000000
535724.440000 6581696.450000 54.310000 108.000000 109.000000 101.000000
535724.360000 6581696.100000 54.270000 94.000000 96.000000 91.000000
535724.280000 6581695.770000 54.210000 99.000000 98.000000 94.000000
535724.230000 6581695.550000 54.560000 100.000000 105.000000 98.000000
535724.150000 6581695.220000 54.500000 29.000000 34.000000 38.000000
535724.070000 6581694.880000 54.540000 99.000000 106.000000 98.000000
535724.000000 6581694.590000 54.500000 118.000000 121.000000 112.000000
535723.920000 6581694.290000 54.500000 119.000000 129.000000 120.000000
535723.840000 6581693.970000 54.550000 166.000000 176.000000 165.000000
535723.770000 6581693.660000 54.520000 84.000000 87.000000 80.000000
535723.700000 6581693.360000 54.510000 114.000000 115.000000 110.000000
535723.620000 6581693.030000 54.540000 76.000000 79.000000 68.000000
535723.540000 6581692.700000 54.420000 106.000000 109.000000 100.000000
535723.460000 6581692.400000 54.490000 87.000000 90.000000 81.000000
535723.390000 6581692.100000 54.510000 106.000000 109.000000 100.000000
535724.930000 6581699.860000 54.790000 15.000000 15.000000 23.000000
535724.850000 6581699.520000 54.730000 22.000000 23.000000 25.000000
535724.770000 6581699.180000 54.730000 100.000000 101.000000 96.000000
535724.700000 6581698.880000 54.710000 92.000000 93.000000 88.000000
535724.620000 6581698.560000 54.690000 112.000000 114.000000 103.000000
535724.530000 6581698.220000 54.720000 93.000000 96.000000 87.000000
535724.460000 6581697.900000 54.720000 108.000000 110.000000 99.000000
535724.380000 6581697.600000 54.710000 97.000000 98.000000 90.000000
535724.300000 6581697.260000 54.720000 97.000000 100.000000 91.000000
535724.230000 6581696.980000 54.820000 106.000000 107.000000 99.000000
535724.170000 6581696.710000 54.990000 107.000000 108.000000 100.000000
535724.100000 6581696.430000 55.110000 107.000000 108.000000 100.000000
535724.020000 6581696.090000 55.000000 102.000000 105.000000 98.000000
535723.930000 6581695.730000 54.780000 99.000000 101.000000 88.000000
535723.850000 6581695.390000 54.680000 0.000000 4.000000 0.000000
535723.770000 6581695.070000 54.750000 87.000000 104.000000 96.000000
535723.690000 6581694.750000 54.660000 139.000000 155.000000 144.000000
535723.620000 6581694.460000 54.690000 140.000000 151.000000 145.000000
535723.540000 6581694.110000 54.670000 153.000000 163.000000 152.000000
535723.460000 6581693.800000 54.660000 84.000000 87.000000 76.000000
535723.390000 6581693.500000 54.700000 97.000000 103.000000 93.000000
535723.310000 6581693.160000 54.670000 99.000000 100.000000 94.000000
535723.230000 6581692.850000 54.690000 89.000000 88.000000 84.000000
535723.160000 6581692.550000 54.680000 113.000000 116.000000 107.000000
535723.080000 6581692.220000 54.650000 85.000000 92.000000 84.000000
535723.000000 6581691.890000 54.670000 84.000000 81.000000 76.000000
535722.920000 6581691.550000 54.610000 120.000000 121.000000 113.000000
535722.840000 6581691.250000 54.660000 91.000000 99.000000 86.000000
535724.650000 6581699.820000 54.860000 19.000000 19.000000 27.000000
535724.570000 6581699.500000 54.890000 26.000000 26.000000 24.000000
535724.500000 6581699.210000 54.870000 104.000000 106.000000 101.000000
535724.420000 6581698.880000 54.880000 95.000000 97.000000 96.000000
535724.340000 6581698.540000 54.840000 103.000000 105.000000 102.000000
535724.270000 6581698.240000 54.870000 99.000000 102.000000 95.000000
535724.190000 6581697.940000 54.860000 108.000000 111.000000 102.000000
535724.110000 6581697.600000 54.830000 99.000000 102.000000 95.000000
535724.040000 6581697.310000 54.850000 108.000000 111.000000 102.000000
535723.980000 6581697.050000 54.970000 94.000000 97.000000 88.000000
535723.910000 6581696.750000 55.100000 106.000000 108.000000 97.000000
535723.830000 6581696.440000 55.120000 106.000000 108.000000 97.000000
535723.760000 6581696.140000 55.070000 110.000000 113.000000 102.000000
535723.670000 6581695.760000 54.920000 111.000000 108.000000 101.000000
535723.580000 6581695.410000 54.810000 108.000000 110.000000 99.000000
535723.510000 6581695.100000 54.830000 185.000000 192.000000 184.000000
535723.430000 6581694.780000 54.800000 154.000000 160.000000 148.000000
535723.350000 6581694.450000 54.830000 141.000000 142.000000 137.000000
535723.280000 6581694.180000 54.850000 126.000000 126.000000 118.000000
535723.200000 6581693.840000 54.790000 104.000000 106.000000 95.000000
535723.120000 6581693.510000 54.790000 89.000000 90.000000 82.000000
535723.040000 6581693.190000 54.840000 89.000000 96.000000 88.000000
535722.960000 6581692.870000 54.810000 111.000000 112.000000 104.000000
535722.880000 6581692.520000 54.770000 103.000000 106.000000 97.000000
535722.800000 6581692.200000 54.790000 94.000000 97.000000 90.000000
535722.740000 6581691.920000 54.810000 106.000000 109.000000 102.000000
535722.660000 6581691.610000 54.780000 94.000000 94.000000 86.000000
535722.580000 6581691.270000 54.830000 87.000000 93.000000 83.000000
535722.500000 6581690.950000 54.770000 110.000000 116.000000 106.000000
535722.430000 6581690.660000 54.860000 88.000000 88.000000 80.000000
535722.350000 6581690.350000 54.980000 117.000000 118.000000 110.000000
535722.290000 6581690.070000 55.140000 86.000000 94.000000 83.000000
535724.430000 6581699.960000 54.970000 17.000000 16.000000 24.000000
535724.360000 6581699.650000 54.970000 19.000000 23.000000 26.000000
535724.280000 6581699.340000 54.990000 91.000000 93.000000 88.000000
535724.210000 6581699.030000 54.970000 20.000000 23.000000 28.000000
535724.140000 6581698.740000 55.020000 24.000000 27.000000 32.000000
535724.060000 6581698.410000 54.990000 24.000000 26.000000 38.000000
535723.980000 6581698.100000 54.980000 22.000000 23.000000 28.000000
535723.900000 6581697.770000 54.970000 106.000000 108.000000 103.000000
535723.830000 6581697.460000 54.980000 100.000000 103.000000 96.000000
535723.750000 6581697.160000 55.010000 108.000000 110.000000 105.000000
535723.680000 6581696.870000 55.120000 94.000000 95.000000 89.000000
535723.610000 6581696.550000 55.140000 132.000000 133.000000 125.000000
535723.530000 6581696.230000 55.110000 93.000000 96.000000 85.000000
535723.450000 6581695.900000 55.040000 116.000000 119.000000 112.000000
535723.370000 6581695.560000 54.970000 121.000000 125.000000 108.000000
535723.290000 6581695.230000 54.930000 86.000000 87.000000 79.000000
535723.210000 6581694.910000 54.970000 95.000000 101.000000 91.000000
535723.130000 6581694.580000 54.940000 92.000000 93.000000 87.000000
535723.050000 6581694.260000 54.950000 102.000000 105.000000 98.000000
535722.980000 6581693.950000 54.970000 88.000000 94.000000 84.000000
535722.900000 6581693.630000 54.950000 115.000000 116.000000 108.000000
535722.820000 6581693.320000 54.940000 93.000000 94.000000 86.000000
535722.750000 6581693.000000 54.950000 80.000000 88.000000 77.000000
535722.670000 6581692.670000 54.920000 116.000000 122.000000 112.000000
535722.590000 6581692.350000 54.890000 99.000000 98.000000 93.000000
535722.510000 6581692.030000 54.930000 107.000000 110.000000 103.000000
535722.440000 6581691.720000 54.940000 97.000000 100.000000 91.000000
535722.350000 6581691.380000 54.950000 107.000000 108.000000 100.000000
535722.280000 6581691.070000 54.940000 95.000000 96.000000 88.000000
535722.200000 6581690.750000 54.940000 108.000000 111.000000 104.000000
535722.130000 6581690.470000 55.070000 95.000000 96.000000 90.000000
535722.060000 6581690.150000 55.120000 114.000000 117.000000 110.000000
535724.040000 6581699.770000 55.130000 16.000000 19.000000 24.000000
535723.970000 6581699.470000 55.210000 66.000000 66.000000 64.000000
535723.890000 6581699.130000 55.130000 92.000000 97.000000 90.000000
535723.820000 6581698.830000 55.140000 28.000000 31.000000 36.000000
535723.730000 6581698.500000 55.170000 29.000000 32.000000 41.000000
535723.650000 6581698.170000 55.110000 29.000000 32.000000 39.000000
535723.580000 6581697.880000 55.100000 31.000000 34.000000 39.000000
535723.510000 6581697.570000 55.160000 24.000000 25.000000 29.000000
535723.420000 6581697.220000 55.150000 24.000000 25.000000 29.000000
535723.350000 6581696.900000 55.070000 34.000000 34.000000 36.000000
535723.270000 6581696.600000 55.150000 58.000000 58.000000 58.000000
535723.190000 6581696.230000 55.110000 76.000000 80.000000 81.000000
535723.110000 6581695.930000 55.110000 104.000000 106.000000 103.000000
535723.040000 6581695.630000 55.120000 97.000000 100.000000 91.000000
535722.960000 6581695.320000 55.150000 130.000000 130.000000 120.000000
535722.890000 6581694.990000 55.070000 121.000000 124.000000 115.000000
535722.810000 6581694.710000 55.140000 109.000000 115.000000 103.000000
535722.730000 6581694.340000 55.130000 111.000000 112.000000 104.000000
535722.660000 6581694.050000 55.170000 94.000000 97.000000 88.000000
535722.580000 6581693.720000 55.070000 106.000000 112.000000 100.000000
535722.490000 6581693.380000 55.100000 99.000000 99.000000 89.000000
535722.410000 6581693.040000 55.090000 109.000000 110.000000 102.000000
535722.340000 6581692.760000 55.110000 88.000000 96.000000 85.000000
535722.260000 6581692.430000 55.130000 115.000000 121.000000 111.000000
535722.190000 6581692.110000 55.130000 89.000000 91.000000 80.000000
535722.110000 6581691.790000 55.100000 89.000000 95.000000 85.000000
535722.040000 6581691.500000 55.150000 115.000000 123.000000 112.000000
535721.960000 6581691.170000 55.110000 83.000000 84.000000 78.000000
535721.880000 6581690.860000 55.100000 112.000000 111.000000 106.000000
535721.810000 6581690.570000 55.080000 90.000000 100.000000 91.000000
535721.730000 6581690.220000 55.060000 110.000000 109.000000 104.000000
535723.690000 6581699.720000 55.340000 23.000000 28.000000 32.000000
535723.620000 6581699.400000 55.350000 87.000000 89.000000 84.000000
535723.540000 6581699.080000 55.350000 96.000000 99.000000 92.000000
535723.460000 6581698.760000 55.290000 28.000000 29.000000 34.000000
535723.380000 6581698.420000 55.310000 32.000000 32.000000 40.000000
535723.300000 6581698.090000 55.310000 29.000000 32.000000 37.000000
535723.230000 6581697.800000 55.350000 27.000000 32.000000 38.000000
535723.140000 6581697.450000 55.290000 23.000000 26.000000 31.000000
535723.070000 6581697.140000 55.290000 25.000000 34.000000 43.000000
535723.000000 6581696.850000 55.270000 31.000000 31.000000 39.000000
535722.920000 6581696.530000 55.290000 17.000000 24.000000 30.000000
535722.840000 6581696.200000 55.350000 83.000000 94.000000 98.000000
535722.770000 6581695.900000 55.300000 19.000000 24.000000 27.000000
535722.690000 6581695.560000 55.270000 128.000000 128.000000 120.000000
535722.600000 6581695.220000 55.280000 124.000000 127.000000 118.000000
535722.530000 6581694.910000 55.320000 117.000000 120.000000 109.000000
535722.450000 6581694.600000 55.270000 89.000000 92.000000 81.000000
535722.380000 6581694.280000 55.300000 97.000000 103.000000 93.000000
535722.300000 6581693.970000 55.340000 120.000000 120.000000 110.000000
535722.220000 6581693.660000 55.300000 91.000000 94.000000 83.000000
535722.150000 6581693.320000 55.270000 113.000000 119.000000 107.000000
535722.070000 6581693.020000 55.290000 95.000000 98.000000 89.000000
535722.000000 6581692.730000 55.300000 112.000000 113.000000 105.000000
535721.920000 6581692.410000 55.260000 93.000000 99.000000 87.000000
535721.840000 6581692.070000 55.290000 106.000000 109.000000 98.000000
535721.770000 6581691.770000 55.250000 106.000000 103.000000 94.000000
535721.700000 6581691.480000 55.280000 103.000000 111.000000 100.000000
535721.620000 6581691.130000 55.280000 86.000000 87.000000 81.000000
535721.540000 6581690.840000 55.310000 113.000000 114.000000 106.000000
535721.460000 6581690.500000 55.250000 112.000000 119.000000 111.000000
535721.380000 6581690.180000 55.280000 86.000000 85.000000 80.000000
535723.360000 6581699.770000 55.490000 44.000000 52.000000 55.000000
535723.290000 6581699.470000 55.500000 164.000000 169.000000 163.000000
535723.200000 6581699.110000 55.470000 103.000000 106.000000 99.000000
535723.120000 6581698.800000 55.500000 75.000000 77.000000 74.000000
535723.060000 6581698.550000 55.570000 27.000000 31.000000 30.000000
535722.740000 6581697.230000 55.360000 21.000000 28.000000 38.000000
535722.670000 6581696.900000 55.460000 20.000000 23.000000 28.000000
535722.580000 6581696.570000 55.390000 14.000000 27.000000 35.000000
535722.510000 6581696.280000 55.460000 86.000000 100.000000 109.000000
535722.430000 6581695.940000 55.440000 24.000000 29.000000 33.000000
535722.350000 6581695.620000 55.470000 113.000000 110.000000 103.000000
535722.280000 6581695.330000 55.440000 142.000000 144.000000 133.000000
535722.200000 6581694.980000 55.430000 111.000000 115.000000 101.000000
535722.120000 6581694.660000 55.410000 103.000000 106.000000 95.000000
535722.050000 6581694.360000 55.390000 114.000000 122.000000 111.000000
535721.980000 6581694.080000 55.480000 112.000000 115.000000 106.000000
535721.900000 6581693.740000 55.420000 116.000000 118.000000 107.000000
535721.820000 6581693.430000 55.450000 97.000000 100.000000 89.000000
535721.750000 6581693.130000 55.410000 109.000000 115.000000 105.000000
535721.670000 6581692.810000 55.440000 102.000000 105.000000 96.000000
535721.590000 6581692.480000 55.430000 101.000000 104.000000 95.000000
535721.520000 6581692.190000 55.410000 106.000000 112.000000 102.000000
535721.440000 6581691.840000 55.370000 89.000000 92.000000 85.000000
535721.360000 6581691.510000 55.420000 107.000000 113.000000 103.000000
535721.290000 6581691.220000 55.380000 103.000000 109.000000 97.000000
535721.210000 6581690.910000 55.390000 97.000000 98.000000 90.000000
535721.130000 6581690.580000 55.440000 93.000000 103.000000 92.000000
535721.050000 6581690.250000 55.400000 112.000000 115.000000 106.000000
535723.130000 6581699.850000 55.630000 24.000000 29.000000 35.000000
535723.050000 6581699.520000 55.620000 108.000000 112.000000 111.000000
535722.970000 6581699.210000 55.640000 102.000000 105.000000 96.000000
535722.900000 6581698.890000 55.630000 116.000000 118.000000 113.000000
535722.830000 6581698.590000 55.690000 28.000000 31.000000 38.000000
535722.430000 6581696.970000 55.590000 30.000000 33.000000 38.000000
535722.360000 6581696.640000 55.580000 16.000000 23.000000 29.000000
535722.280000 6581696.340000 55.610000 88.000000 98.000000 110.000000
535722.210000 6581696.030000 55.550000 17.000000 20.000000 27.000000
535722.130000 6581695.720000 55.590000 91.000000 90.000000 85.000000
535722.060000 6581695.410000 55.600000 160.000000 160.000000 148.000000
535721.980000 6581695.080000 55.540000 133.000000 136.000000 125.000000
535721.900000 6581694.760000 55.550000 125.000000 131.000000 117.000000
535721.830000 6581694.490000 55.660000 125.000000 128.000000 121.000000
535721.750000 6581694.140000 55.580000 119.000000 127.000000 116.000000
535721.680000 6581693.840000 55.570000 116.000000 126.000000 115.000000
535721.600000 6581693.500000 55.560000 123.000000 126.000000 119.000000
535721.520000 6581693.180000 55.580000 132.000000 135.000000 124.000000
535721.440000 6581692.870000 55.560000 125.000000 126.000000 118.000000
535721.360000 6581692.550000 55.540000 133.000000 136.000000 127.000000
535721.290000 6581692.230000 55.570000 112.000000 118.000000 108.000000
535721.210000 6581691.920000 55.570000 120.000000 123.000000 116.000000
535721.130000 6581691.570000 55.560000 130.000000 136.000000 126.000000
535721.050000 6581691.260000 55.560000 116.000000 122.000000 110.000000
535720.970000 6581690.930000 55.580000 123.000000 124.000000 116.000000
535720.900000 6581690.620000 55.550000 120.000000 126.000000 116.000000
535720.820000 6581690.310000 55.550000 113.000000 119.000000 109.000000
535722.090000 6581697.160000 55.670000 28.000000 31.000000 36.000000
535722.010000 6581696.850000 55.630000 22.000000 25.000000 30.000000
535721.930000 6581696.520000 55.630000 76.000000 89.000000 98.000000
535721.850000 6581696.200000 55.630000 34.000000 43.000000 48.000000
535721.780000 6581695.910000 55.670000 73.000000 73.000000 71.000000
535721.700000 6581695.580000 55.670000 159.000000 162.000000 145.000000
535721.620000 6581695.240000 55.660000 121.000000 119.000000 107.000000
535721.550000 6581694.960000 55.670000 96.000000 101.000000 95.000000
535721.480000 6581694.650000 55.670000 126.000000 137.000000 139.000000
535721.400000 6581694.300000 55.660000 118.000000 124.000000 124.000000
535721.320000 6581693.990000 55.690000 126.000000 137.000000 131.000000
535721.240000 6581693.670000 55.660000 115.000000 124.000000 121.000000
535721.160000 6581693.320000 55.660000 109.000000 115.000000 105.000000
535721.080000 6581693.000000 55.650000 113.000000 121.000000 110.000000
535721.010000 6581692.710000 55.660000 111.000000 114.000000 103.000000
535720.930000 6581692.390000 55.690000 115.000000 121.000000 111.000000
535720.860000 6581692.080000 55.710000 126.000000 132.000000 122.000000
535720.780000 6581691.770000 55.670000 113.000000 116.000000 107.000000
535720.700000 6581691.440000 55.690000 123.000000 129.000000 119.000000
535720.620000 6581691.120000 55.690000 120.000000 126.000000 116.000000
535720.550000 6581690.810000 55.680000 126.000000 127.000000 119.000000
535720.470000 6581690.480000 55.690000 114.000000 122.000000 111.000000
535720.390000 6581690.140000 55.720000 119.000000 124.000000 117.000000
535727.400000 6581699.210000 53.350000 20.000000 21.000000 23.000000
535727.130000 6581698.730000 53.420000 85.000000 85.000000 77.000000
535727.040000 6581699.080000 53.560000 80.000000 81.000000 75.000000
535726.960000 6581699.400000 53.640000 26.000000 27.000000 32.000000
535726.960000 6581698.160000 53.470000 78.000000 79.000000 71.000000
535726.880000 6581698.510000 53.520000 95.000000 98.000000 89.000000
535726.800000 6581698.820000 53.580000 87.000000 90.000000 83.000000
535726.720000 6581699.140000 53.660000 41.000000 43.000000 38.000000
535726.630000 6581699.510000 53.770000 19.000000 18.000000 24.000000
535726.740000 6581697.850000 53.530000 93.000000 94.000000 86.000000
535726.660000 6581698.200000 53.640000 84.000000 85.000000 77.000000
535726.570000 6581698.550000 53.700000 101.000000 102.000000 96.000000
535726.490000 6581698.890000 53.800000 77.000000 84.000000 76.000000
535726.400000 6581699.230000 53.850000 17.000000 17.000000 19.000000
535726.320000 6581699.570000 53.940000 18.000000 19.000000 24.000000
535726.240000 6581699.900000 54.060000 17.000000 16.000000 24.000000
535726.470000 6581697.300000 53.600000 93.000000 96.000000 87.000000
535726.400000 6581697.610000 53.670000 94.000000 95.000000 87.000000
535726.310000 6581697.940000 53.700000 105.000000 106.000000 98.000000
535726.230000 6581698.280000 53.800000 80.000000 85.000000 78.000000
535726.150000 6581698.620000 53.920000 89.000000 90.000000 84.000000
535726.060000 6581698.970000 54.030000 80.000000 81.000000 73.000000
535725.970000 6581699.320000 54.110000 17.000000 21.000000 24.000000
535725.900000 6581699.640000 54.170000 17.000000 18.000000 23.000000
535726.120000 6581697.010000 53.740000 96.000000 93.000000 88.000000
535726.030000 6581697.360000 53.800000 101.000000 102.000000 96.000000
535725.960000 6581697.670000 53.880000 73.000000 79.000000 69.000000
535725.870000 6581698.040000 53.970000 94.000000 93.000000 88.000000
535725.780000 6581698.370000 54.060000 86.000000 91.000000 84.000000
535725.700000 6581698.710000 54.180000 82.000000 83.000000 75.000000
535725.620000 6581699.060000 54.260000 109.000000 111.000000 100.000000
535725.530000 6581699.400000 54.330000 24.000000 25.000000 27.000000
535725.460000 6581699.710000 54.410000 21.000000 20.000000 26.000000
535725.930000 6581696.610000 53.770000 89.000000 97.000000 86.000000
535725.850000 6581696.930000 53.850000 101.000000 104.000000 97.000000
535725.760000 6581697.270000 53.980000 83.000000 84.000000 78.000000
535725.670000 6581697.640000 54.050000 85.000000 90.000000 83.000000
535725.600000 6581697.930000 54.100000 92.000000 91.000000 86.000000
535725.520000 6581698.280000 54.200000 108.000000 111.000000 104.000000
535725.430000 6581698.630000 54.290000 106.000000 109.000000 100.000000
535725.350000 6581698.960000 54.380000 93.000000 94.000000 86.000000
535725.270000 6581699.270000 54.490000 92.000000 94.000000 89.000000
535725.190000 6581699.610000 54.550000 20.000000 21.000000 25.000000
535725.110000 6581699.950000 54.590000 26.000000 26.000000 34.000000
535725.740000 6581696.140000 53.820000 89.000000 89.000000 81.000000
535725.660000 6581696.490000 53.900000 91.000000 91.000000 83.000000
535725.580000 6581696.810000 53.960000 75.000000 80.000000 73.000000
535725.490000 6581697.140000 54.060000 104.000000 103.000000 98.000000
535725.420000 6581697.470000 54.120000 93.000000 98.000000 91.000000
535725.330000 6581697.800000 54.230000 88.000000 96.000000 85.000000
535725.250000 6581698.150000 54.330000 79.000000 79.000000 71.000000
535725.170000 6581698.470000 54.370000 107.000000 115.000000 104.000000
535725.090000 6581698.800000 54.470000 104.000000 107.000000 100.000000
535725.000000 6581699.150000 54.550000 113.000000 114.000000 109.000000
535724.920000 6581699.470000 54.630000 11.000000 13.000000 12.000000
535724.830000 6581699.820000 54.750000 10.000000 10.000000 18.000000
535725.470000 6581695.880000 53.920000 86.000000 92.000000 82.000000
535725.390000 6581696.210000 54.000000 84.000000 84.000000 76.000000
535725.300000 6581696.550000 54.070000 106.000000 107.000000 99.000000
535725.220000 6581696.870000 54.180000 82.000000 89.000000 81.000000
535725.130000 6581697.230000 54.280000 106.000000 105.000000 100.000000
535725.050000 6581697.560000 54.350000 79.000000 82.000000 75.000000
535724.980000 6581697.870000 54.400000 108.000000 111.000000 100.000000
535724.890000 6581698.240000 54.500000 100.000000 102.000000 91.000000
535724.800000 6581698.600000 54.600000 79.000000 85.000000 75.000000
535724.720000 6581698.900000 54.730000 106.000000 107.000000 102.000000
535724.640000 6581699.240000 54.780000 106.000000 108.000000 103.000000
535724.560000 6581699.600000 54.870000 23.000000 27.000000 30.000000
535724.470000 6581699.920000 54.950000 17.000000 16.000000 24.000000
535725.210000 6581695.570000 54.010000 99.000000 100.000000 92.000000
535725.120000 6581695.930000 54.100000 106.000000 109.000000 100.000000
535725.040000 6581696.260000 54.220000 76.000000 77.000000 69.000000
535724.950000 6581696.610000 54.300000 98.000000 101.000000 92.000000
535724.870000 6581696.940000 54.350000 85.000000 90.000000 83.000000
535724.790000 6581697.280000 54.420000 112.000000 113.000000 105.000000
535724.710000 6581697.600000 54.480000 109.000000 111.000000 106.000000
535724.630000 6581697.950000 54.630000 99.000000 100.000000 92.000000
535724.540000 6581698.310000 54.720000 106.000000 109.000000 102.000000
535724.450000 6581698.650000 54.820000 95.000000 97.000000 96.000000
535724.370000 6581698.990000 54.890000 40.000000 41.000000 46.000000
535724.280000 6581699.360000 54.970000 91.000000 93.000000 88.000000
535724.200000 6581699.680000 55.060000 20.000000 24.000000 27.000000
535724.120000 6581699.990000 55.130000 10.000000 9.000000 17.000000
535725.100000 6581695.110000 54.010000 95.000000 101.000000 91.000000
535725.010000 6581695.460000 54.060000 84.000000 84.000000 76.000000
535724.930000 6581695.790000 54.180000 104.000000 110.000000 100.000000
535724.850000 6581696.100000 54.170000 109.000000 115.000000 105.000000
535724.760000 6581696.480000 54.350000 108.000000 109.000000 101.000000
535724.670000 6581696.850000 54.490000 106.000000 107.000000 99.000000
535724.590000 6581697.160000 54.520000 90.000000 93.000000 84.000000
535724.510000 6581697.530000 54.620000 98.000000 101.000000 94.000000
535724.420000 6581697.870000 54.730000 98.000000 100.000000 89.000000
535724.340000 6581698.170000 54.750000 101.000000 104.000000 95.000000
535724.270000 6581698.500000 54.860000 87.000000 89.000000 86.000000
535724.180000 6581698.860000 54.930000 30.000000 34.000000 37.000000
535724.090000 6581699.210000 55.070000 107.000000 109.000000 104.000000
535724.010000 6581699.530000 55.170000 16.000000 17.000000 19.000000
535723.930000 6581699.890000 55.210000 23.000000 26.000000 33.000000
535724.910000 6581694.910000 54.080000 91.000000 97.000000 87.000000
535724.830000 6581695.260000 54.180000 72.000000 73.000000 67.000000
535724.740000 6581695.610000 54.250000 90.000000 93.000000 86.000000
535724.660000 6581695.950000 54.330000 99.000000 101.000000 90.000000
535724.570000 6581696.300000 54.500000 102.000000 105.000000 98.000000
535724.510000 6581696.590000 54.410000 96.000000 97.000000 89.000000
535724.420000 6581696.940000 54.620000 94.000000 95.000000 87.000000
535724.330000 6581697.280000 54.650000 97.000000 100.000000 91.000000
535724.250000 6581697.630000 54.740000 93.000000 94.000000 86.000000
535724.170000 6581697.960000 54.820000 108.000000 111.000000 102.000000
535724.080000 6581698.320000 54.950000 23.000000 23.000000 31.000000
535724.000000 6581698.650000 54.990000 25.000000 28.000000 35.000000
535723.910000 6581699.010000 55.110000 60.000000 65.000000 61.000000
535723.830000 6581699.340000 55.220000 92.000000 97.000000 91.000000
535723.750000 6581699.680000 55.240000 9.000000 14.000000 17.000000
535724.710000 6581694.560000 54.140000 91.000000 94.000000 87.000000
535724.630000 6581694.900000 54.220000 139.000000 140.000000 126.000000
535724.550000 6581695.230000 54.270000 11.000000 12.000000 7.000000
535724.450000 6581695.600000 54.510000 98.000000 99.000000 93.000000
535724.380000 6581695.900000 54.390000 94.000000 95.000000 87.000000
535724.310000 6581696.180000 54.230000 94.000000 96.000000 91.000000
535724.190000 6581696.670000 54.930000 104.000000 105.000000 97.000000
535724.120000 6581696.960000 54.850000 105.000000 106.000000 98.000000
535724.040000 6581697.310000 54.830000 108.000000 111.000000 102.000000
535723.960000 6581697.630000 54.890000 101.000000 104.000000 97.000000
535723.880000 6581697.960000 54.980000 26.000000 27.000000 32.000000
535723.790000 6581698.300000 55.080000 30.000000 33.000000 40.000000
535723.700000 6581698.670000 55.160000 29.000000 32.000000 37.000000
535723.630000 6581698.960000 55.240000 56.000000 61.000000 57.000000
535723.550000 6581699.290000 55.320000 78.000000 84.000000 74.000000
535723.460000 6581699.650000 55.440000 41.000000 49.000000 51.000000
535723.380000 6581699.960000 55.520000 21.000000 24.000000 31.000000
535724.500000 6581694.020000 54.130000 88.000000 90.000000 77.000000
535724.420000 6581694.370000 54.260000 164.000000 162.000000 139.000000
535724.340000 6581694.680000 54.320000 185.000000 179.000000 143.000000
535724.250000 6581695.060000 54.470000 130.000000 131.000000 113.000000
535724.160000 6581695.400000 54.500000 98.000000 109.000000 105.000000
535724.090000 6581695.720000 54.530000 92.000000 97.000000 91.000000
535723.980000 6581696.150000 55.030000 97.000000 100.000000 91.000000
535723.890000 6581696.510000 55.120000 117.000000 119.000000 108.000000
535723.820000 6581696.800000 55.120000 112.000000 113.000000 105.000000
535723.740000 6581697.110000 55.030000 108.000000 110.000000 105.000000
535723.670000 6581697.430000 55.030000 42.000000 44.000000 43.000000
535723.580000 6581697.750000 55.110000 30.000000 34.000000 37.000000
535723.510000 6581698.070000 55.200000 27.000000 30.000000 39.000000
535723.430000 6581698.400000 55.290000 29.000000 32.000000 41.000000
535723.340000 6581698.770000 55.400000 36.000000 37.000000 41.000000
535723.260000 6581699.070000 55.450000 81.000000 81.000000 79.000000
535723.180000 6581699.410000 55.550000 144.000000 149.000000 143.000000
535723.090000 6581699.770000 55.630000 52.000000 57.000000 61.000000
535724.320000 6581693.680000 54.200000 84.000000 89.000000 82.000000
535724.240000 6581694.000000 54.250000 163.000000 165.000000 151.000000
535724.160000 6581694.360000 54.390000 115.000000 116.000000 100.000000
535724.070000 6581694.710000 54.480000 112.000000 118.000000 104.000000
535723.990000 6581695.020000 54.570000 135.000000 146.000000 138.000000
535723.900000 6581695.370000 54.610000 0.000000 5.000000 3.000000
535723.810000 6581695.750000 54.820000 97.000000 98.000000 84.000000
535723.730000 6581696.100000 55.070000 110.000000 113.000000 102.000000
535723.650000 6581696.410000 55.130000 95.000000 97.000000 86.000000
535723.570000 6581696.740000 55.110000 117.000000 118.000000 112.000000
535723.500000 6581697.050000 55.090000 84.000000 86.000000 85.000000
535723.420000 6581697.360000 55.150000 26.000000 27.000000 32.000000
535723.330000 6581697.700000 55.230000 25.000000 30.000000 34.000000
535723.240000 6581698.070000 55.320000 26.000000 29.000000 34.000000
535723.170000 6581698.390000 55.450000 26.000000 30.000000 33.000000
535723.080000 6581698.730000 55.510000 97.000000 99.000000 94.000000
535722.990000 6581699.080000 55.590000 110.000000 113.000000 106.000000
535722.920000 6581699.400000 55.690000 97.000000 102.000000 96.000000
535722.840000 6581699.720000 55.750000 50.000000 55.000000 58.000000
535724.060000 6581693.640000 54.330000 77.000000 83.000000 69.000000
535723.980000 6581693.970000 54.450000 166.000000 174.000000 161.000000
535723.900000 6581694.300000 54.510000 119.000000 129.000000 120.000000
535723.820000 6581694.620000 54.560000 116.000000 128.000000 116.000000
535723.740000 6581694.940000 54.640000 86.000000 99.000000 92.000000
535723.650000 6581695.310000 54.760000 12.000000 12.000000 12.000000
535723.570000 6581695.640000 54.860000 105.000000 102.000000 93.000000
535723.490000 6581695.980000 55.020000 116.000000 119.000000 112.000000
535723.400000 6581696.330000 55.100000 124.000000 127.000000 118.000000
535723.330000 6581696.630000 55.080000 92.000000 93.000000 88.000000
535723.240000 6581697.000000 55.240000 21.000000 22.000000 26.000000
535723.150000 6581697.340000 55.270000 27.000000 32.000000 38.000000
535722.870000 6581698.480000 56.110000 30.000000 33.000000 42.000000
535722.820000 6581698.690000 55.650000 29.000000 33.000000 36.000000
535722.740000 6581699.040000 55.740000 101.000000 106.000000 102.000000
535722.660000 6581699.350000 55.720000 108.000000 111.000000 104.000000
535723.800000 6581693.200000 54.380000 91.000000 92.000000 86.000000
535723.720000 6581693.510000 54.480000 101.000000 102.000000 97.000000
535723.640000 6581693.860000 54.570000 139.000000 144.000000 137.000000
535723.550000 6581694.220000 54.660000 163.000000 175.000000 163.000000
535723.470000 6581694.520000 54.700000 162.000000 165.000000 158.000000
535723.390000 6581694.870000 54.810000 99.000000 102.000000 93.000000
535723.290000 6581695.250000 54.940000 86.000000 87.000000 79.000000
535723.220000 6581695.560000 55.000000 118.000000 122.000000 107.000000
535723.140000 6581695.870000 55.080000 89.000000 94.000000 90.000000
535723.050000 6581696.240000 55.170000 54.000000 59.000000 63.000000
535722.960000 6581696.590000 55.280000 17.000000 24.000000 30.000000
535722.890000 6581696.920000 55.350000 22.000000 27.000000 33.000000
535723.550000 6581692.720000 54.510000 106.000000 109.000000 100.000000
535723.460000 6581693.060000 54.580000 82.000000 83.000000 75.000000
535723.380000 6581693.400000 54.670000 97.000000 103.000000 93.000000
535723.300000 6581693.730000 54.760000 79.000000 86.000000 70.000000
535723.210000 6581694.060000 54.800000 149.000000 151.000000 140.000000
535723.130000 6581694.420000 54.970000 100.000000 101.000000 95.000000
535723.050000 6581694.760000 55.030000 98.000000 106.000000 93.000000
535722.960000 6581695.120000 55.090000 123.000000 124.000000 118.000000
535722.880000 6581695.460000 55.190000 153.000000 155.000000 144.000000
535722.790000 6581695.790000 55.280000 56.000000 57.000000 52.000000
535722.710000 6581696.150000 55.370000 89.000000 103.000000 106.000000
535722.630000 6581696.470000 55.440000 47.000000 60.000000 68.000000
535722.550000 6581696.780000 55.530000 21.000000 26.000000 30.000000
535722.460000 6581697.150000 55.600000 28.000000 32.000000 41.000000
535723.340000 6581692.360000 54.500000 108.000000 111.000000 102.000000
535723.260000 6581692.700000 54.600000 116.000000 117.000000 109.000000
535723.170000 6581693.060000 54.700000 103.000000 106.000000 99.000000
535723.080000 6581693.430000 54.800000 115.000000 118.000000 109.000000
535723.000000 6581693.760000 54.880000 83.000000 83.000000 75.000000
535722.920000 6581694.100000 54.960000 94.000000 100.000000 90.000000
535722.830000 6581694.450000 55.060000 100.000000 101.000000 95.000000
535722.750000 6581694.770000 55.090000 113.000000 116.000000 105.000000
535722.680000 6581695.070000 55.180000 92.000000 95.000000 88.000000
535722.590000 6581695.440000 55.290000 211.000000 211.000000 201.000000
535722.500000 6581695.800000 55.360000 72.000000 71.000000 67.000000
535722.420000 6581696.110000 55.490000 67.000000 77.000000 86.000000
535722.340000 6581696.460000 55.550000 68.000000 80.000000 92.000000
535722.240000 6581696.840000 55.660000 23.000000 24.000000 28.000000
535722.170000 6581697.160000 55.730000 26.000000 29.000000 36.000000
535723.150000 6581692.000000 54.560000 110.000000 109.000000 104.000000
535723.060000 6581692.360000 54.660000 101.000000 111.000000 102.000000
535722.970000 6581692.710000 54.790000 99.000000 99.000000 91.000000
535722.890000 6581693.040000 54.880000 112.000000 118.000000 108.000000
535722.810000 6581693.370000 54.910000 93.000000 94.000000 86.000000
535722.730000 6581693.700000 55.040000 87.000000 93.000000 81.000000
535722.640000 6581694.040000 55.120000 94.000000 97.000000 88.000000
535722.560000 6581694.390000 55.180000 115.000000 118.000000 109.000000
535722.480000 6581694.710000 55.230000 121.000000 123.000000 110.000000
535722.400000 6581695.060000 55.310000 106.000000 109.000000 100.000000
535722.310000 6581695.410000 55.420000 196.000000 193.000000 184.000000
535722.220000 6581695.770000 55.550000 81.000000 80.000000 76.000000
535722.140000 6581696.110000 55.650000 26.000000 29.000000 36.000000
535722.060000 6581696.440000 55.710000 79.000000 89.000000 101.000000
535721.990000 6581696.730000 55.650000 17.000000 22.000000 28.000000
535722.880000 6581691.310000 54.640000 115.000000 121.000000 109.000000
535722.800000 6581691.650000 54.720000 78.000000 78.000000 70.000000
535722.710000 6581691.990000 54.800000 106.000000 109.000000 102.000000
535722.630000 6581692.320000 54.890000 99.000000 98.000000 93.000000
535722.540000 6581692.680000 55.000000 113.000000 121.000000 110.000000
535722.460000 6581693.010000 55.060000 109.000000 110.000000 102.000000
535722.380000 6581693.360000 55.160000 105.000000 107.000000 96.000000
535722.290000 6581693.700000 55.240000 118.000000 120.000000 109.000000
535722.200000 6581694.070000 55.350000 97.000000 97.000000 89.000000
535722.120000 6581694.390000 55.410000 99.000000 109.000000 98.000000
535722.040000 6581694.730000 55.510000 125.000000 129.000000 115.000000
535721.960000 6581695.070000 55.620000 133.000000 136.000000 125.000000
535721.870000 6581695.410000 55.670000 134.000000 136.000000 122.000000
535721.800000 6581695.700000 55.690000 135.000000 136.000000 128.000000
535722.550000 6581690.930000 54.740000 110.000000 116.000000 106.000000
535722.470000 6581691.250000 54.850000 90.000000 91.000000 83.000000
535722.380000 6581691.620000 54.940000 107.000000 113.000000 103.000000
535722.290000 6581691.970000 55.000000 98.000000 99.000000 91.000000
535722.220000 6581692.290000 55.080000 114.000000 117.000000 108.000000
535722.130000 6581692.630000 55.180000 109.000000 112.000000 103.000000
535722.050000 6581692.990000 55.250000 113.000000 114.000000 106.000000
535721.970000 6581693.300000 55.320000 94.000000 100.000000 88.000000
535721.880000 6581693.650000 55.430000 110.000000 112.000000 101.000000
535721.800000 6581693.990000 55.510000 115.000000 123.000000 110.000000
535721.720000 6581694.310000 55.600000 121.000000 122.000000 114.000000
535721.640000 6581694.630000 55.660000 139.000000 146.000000 138.000000
535721.560000 6581694.950000 55.690000 96.000000 101.000000 95.000000
535722.300000 6581690.460000 55.010000 90.000000 87.000000 80.000000
535722.240000 6581690.740000 54.880000 107.000000 113.000000 103.000000
535722.150000 6581691.080000 54.960000 102.000000 103.000000 97.000000
535722.060000 6581691.450000 55.070000 115.000000 123.000000 112.000000
535721.990000 6581691.750000 55.140000 95.000000 96.000000 88.000000
535721.900000 6581692.100000 55.190000 101.000000 104.000000 93.000000
535721.820000 6581692.440000 55.320000 91.000000 94.000000 83.000000
535721.740000 6581692.750000 55.420000 114.000000 114.000000 106.000000
535721.660000 6581693.100000 55.530000 119.000000 125.000000 115.000000
535721.570000 6581693.440000 55.550000 123.000000 126.000000 119.000000
535721.490000 6581693.760000 55.660000 120.000000 130.000000 121.000000
535721.410000 6581694.090000 55.740000 139.000000 149.000000 140.000000
535722.020000 6581690.300000 55.110000 87.000000 92.000000 85.000000
535721.940000 6581690.590000 55.040000 94.000000 101.000000 93.000000
535721.870000 6581690.910000 55.110000 91.000000 88.000000 83.000000
535721.780000 6581691.250000 55.200000 114.000000 126.000000 114.000000
535721.700000 6581691.580000 55.280000 104.000000 105.000000 97.000000
535721.610000 6581691.920000 55.390000 106.000000 112.000000 102.000000
535721.540000 6581692.250000 55.440000 89.000000 95.000000 85.000000
535721.450000 6581692.580000 55.500000 130.000000 133.000000 124.000000
535721.370000 6581692.930000 55.610000 126.000000 129.000000 120.000000
535721.290000 6581693.240000 55.670000 130.000000 133.000000 124.000000
535721.210000 6581693.570000 55.650000 104.000000 110.000000 106.000000
535721.630000 6581690.190000 55.100000 93.000000 90.000000 85.000000
535721.550000 6581690.510000 55.170000 87.000000 97.000000 88.000000
535721.460000 6581690.880000 55.260000 113.000000 114.000000 106.000000
535721.380000 6581691.210000 55.380000 95.000000 101.000000 89.000000
535721.300000 6581691.550000 55.490000 107.000000 113.000000 103.000000
535721.210000 6581691.900000 55.530000 120.000000 123.000000 116.000000
535721.130000 6581692.240000 55.630000 110.000000 116.000000 106.000000
535721.050000 6581692.540000 55.740000 121.000000 124.000000 115.000000
535721.260000 6581690.050000 55.300000 121.000000 118.000000 113.000000
535721.170000 6581690.390000 55.390000 84.000000 90.000000 80.000000
535721.090000 6581690.730000 55.470000 117.000000 120.000000 111.000000
535721.010000 6581691.060000 55.550000 119.000000 120.000000 112.000000
535720.930000 6581691.400000 55.660000 102.000000 108.000000 98.000000
535720.840000 6581691.750000 55.710000 123.000000 126.000000 117.000000
535720.880000 6581690.320000 55.490000 113.000000 119.000000 109.000000
535720.800000 6581690.650000 55.590000 122.000000 125.000000 116.000000
535720.710000 6581691.010000 55.700000 117.000000 120.000000 111.000000
535720.610000 6581690.250000 55.620000 114.000000 120.000000 110.000000
535720.530000 6581690.600000 55.720000 113.000000 116.000000 107.000000
535725.830000 6581700.060000 54.310000 16.000000 15.000000 20.000000
535725.620000 6581700.010000 54.380000 19.000000 18.000000 23.000000
535725.380000 6581700.340000 54.600000 24.000000 25.000000 30.000000
535725.070000 6581700.450000 54.730000 28.000000 31.000000 38.000000
535725.000000 6581700.140000 54.770000 20.000000 21.000000 26.000000
535724.810000 6581700.460000 54.830000 30.000000 35.000000 41.000000
535724.730000 6581700.160000 54.870000 30.000000 31.000000 36.000000
535724.580000 6581700.580000 54.990000 31.000000 34.000000 43.000000
535724.510000 6581700.280000 54.990000 18.000000 21.000000 26.000000
535724.270000 6581700.690000 55.160000 34.000000 38.000000 47.000000
535724.190000 6581700.380000 55.110000 22.000000 26.000000 29.000000
535724.110000 6581700.070000 55.130000 15.000000 14.000000 20.000000
535724.000000 6581700.980000 55.320000 25.000000 29.000000 38.000000
535723.920000 6581700.660000 55.290000 30.000000 33.000000 40.000000
535723.840000 6581700.350000 55.370000 27.000000 28.000000 32.000000
535723.770000 6581700.040000 55.380000 15.000000 14.000000 20.000000
535723.670000 6581701.050000 55.490000 21.000000 21.000000 29.000000
535723.590000 6581700.750000 55.460000 19.000000 22.000000 27.000000
535723.520000 6581700.440000 55.490000 21.000000 20.000000 25.000000
535723.440000 6581700.090000 55.480000 24.000000 25.000000 30.000000
535723.440000 6581701.110000 55.660000 22.000000 25.000000 30.000000
535723.360000 6581700.780000 55.660000 16.000000 17.000000 22.000000
535723.280000 6581700.460000 55.600000 22.000000 21.000000 26.000000
535723.200000 6581700.160000 55.630000 19.000000 20.000000 25.000000
535725.810000 6581700.000000 54.280000 19.000000 18.000000 24.000000
535725.370000 6581700.080000 54.540000 18.000000 19.000000 24.000000
535725.280000 6581700.420000 54.610000 26.000000 29.000000 34.000000
535725.030000 6581700.260000 54.700000 24.000000 27.000000 32.000000
535724.950000 6581700.600000 54.790000 27.000000 32.000000 38.000000
535724.750000 6581700.170000 54.830000 30.000000 31.000000 36.000000
535724.670000 6581700.500000 54.910000 27.000000 30.000000 37.000000
535724.390000 6581700.280000 55.040000 27.000000 30.000000 35.000000
535724.300000 6581700.630000 55.100000 40.000000 44.000000 53.000000
535724.220000 6581700.960000 55.180000 37.000000 44.000000 54.000000
535724.040000 6581700.330000 55.230000 26.000000 27.000000 31.000000
535723.950000 6581700.690000 55.340000 30.000000 33.000000 40.000000
535723.870000 6581701.010000 55.350000 17.000000 20.000000 27.000000
535723.840000 6581700.240000 55.320000 26.000000 27.000000 31.000000
535723.760000 6581700.560000 55.380000 20.000000 19.000000 25.000000
535723.680000 6581700.900000 55.470000 20.000000 19.000000 27.000000
535723.590000 6581701.250000 55.540000 11.000000 16.000000 20.000000
535723.660000 6581700.010000 55.380000 17.000000 16.000000 22.000000
535723.580000 6581700.360000 55.450000 17.000000 18.000000 22.000000
535723.500000 6581700.680000 55.530000 25.000000 26.000000 31.000000
535723.420000 6581701.020000 55.640000 24.000000 25.000000 30.000000
535723.340000 6581701.350000 55.710000 16.000000 24.000000 27.000000
535723.300000 6581700.290000 55.590000 20.000000 24.000000 27.000000
535723.220000 6581700.640000 55.690000 15.000000 16.000000 21.000000
535723.140000 6581700.960000 55.760000 15.000000 19.000000 22.000000
535723.020000 6581700.080000 55.740000 23.000000 24.000000 29.000000
535719.970000 6581685.770000 55.390000 112.000000 115.000000 108.000000
535719.890000 6581685.450000 55.410000 92.000000 95.000000 88.000000
535719.810000 6581685.110000 55.360000 101.000000 104.000000 97.000000
535719.740000 6581684.820000 55.340000 91.000000 94.000000 87.000000
535719.750000 6581685.860000 55.530000 114.000000 117.000000 110.000000
535719.670000 6581685.550000 55.530000 122.000000 125.000000 118.000000
535719.590000 6581685.230000 55.550000 118.000000 121.000000 114.000000
535719.520000 6581684.920000 55.570000 116.000000 119.000000 112.000000
535719.950000 6581685.250000 55.320000 99.000000 100.000000 94.000000
535719.860000 6581685.610000 55.450000 91.000000 94.000000 87.000000
535719.790000 6581685.930000 55.520000 122.000000 125.000000 118.000000
535719.760000 6581684.820000 55.380000 91.000000 94.000000 87.000000
535719.670000 6581685.180000 55.460000 107.000000 110.000000 103.000000
535719.590000 6581685.490000 55.550000 116.000000 119.000000 112.000000
535719.420000 6581684.900000 55.560000 124.000000 127.000000 120.000000
535719.330000 6581685.260000 55.680000 103.000000 108.000000 101.000000
535725.050000 6581689.540000 53.280000 94.000000 100.000000 88.000000
535724.970000 6581689.220000 53.270000 73.000000 73.000000 65.000000
535724.900000 6581688.910000 53.310000 93.000000 97.000000 83.000000
535724.810000 6581688.570000 53.280000 98.000000 99.000000 94.000000
535724.750000 6581688.280000 53.310000 61.000000 64.000000 57.000000
535724.750000 6581689.910000 53.560000 78.000000 81.000000 70.000000
535724.680000 6581689.600000 53.560000 96.000000 99.000000 88.000000
535724.600000 6581689.300000 53.520000 96.000000 97.000000 89.000000
535724.530000 6581688.960000 53.510000 83.000000 86.000000 77.000000
535724.440000 6581688.630000 53.530000 91.000000 94.000000 85.000000
535724.130000 6581687.340000 53.520000 77.000000 79.000000 74.000000
535724.060000 6581687.030000 53.470000 44.000000 46.000000 45.000000
535723.980000 6581686.700000 53.490000 46.000000 50.000000 51.000000
535723.900000 6581686.390000 53.500000 42.000000 43.000000 45.000000
535723.820000 6581686.070000 53.470000 31.000000 32.000000 36.000000
535723.750000 6581685.740000 53.440000 28.000000 31.000000 36.000000
535723.590000 6581685.100000 53.480000 25.000000 28.000000 33.000000
535723.510000 6581684.780000 53.480000 27.000000 28.000000 33.000000
535723.430000 6581684.440000 53.460000 26.000000 27.000000 31.000000
535723.360000 6581684.140000 53.480000 39.000000 43.000000 46.000000
535723.280000 6581683.830000 53.480000 29.000000 30.000000 34.000000
535724.480000 6581689.820000 53.640000 85.000000 88.000000 77.000000
535724.400000 6581689.490000 53.660000 94.000000 95.000000 87.000000
535724.310000 6581689.130000 53.600000 79.000000 82.000000 73.000000
535724.240000 6581688.850000 53.660000 86.000000 89.000000 80.000000
535724.170000 6581688.530000 53.570000 82.000000 85.000000 76.000000
535724.090000 6581688.230000 53.640000 98.000000 101.000000 92.000000
535724.020000 6581687.900000 53.670000 87.000000 90.000000 81.000000
535723.940000 6581687.570000 53.630000 77.000000 80.000000 73.000000
535723.860000 6581687.260000 53.640000 69.000000 71.000000 70.000000
535723.780000 6581686.910000 53.600000 37.000000 41.000000 42.000000
535723.700000 6581686.610000 53.630000 31.000000 35.000000 38.000000
535723.630000 6581686.290000 53.660000 33.000000 34.000000 36.000000
535723.540000 6581685.950000 53.590000 23.000000 26.000000 31.000000
535723.470000 6581685.630000 53.610000 23.000000 26.000000 33.000000
535723.400000 6581685.340000 53.630000 31.000000 34.000000 39.000000
535723.310000 6581684.980000 53.600000 30.000000 33.000000 42.000000
535723.230000 6581684.680000 53.580000 19.000000 24.000000 27.000000
535723.160000 6581684.380000 53.590000 43.000000 47.000000 50.000000
535723.090000 6581684.060000 53.620000 37.000000 38.000000 40.000000
535723.010000 6581683.760000 53.630000 42.000000 42.000000 44.000000
535724.230000 6581689.940000 53.830000 84.000000 85.000000 77.000000
535724.160000 6581689.640000 53.780000 98.000000 99.000000 91.000000
535724.080000 6581689.300000 53.750000 90.000000 91.000000 83.000000
535724.000000 6581688.970000 53.770000 84.000000 87.000000 78.000000
535723.930000 6581688.670000 53.800000 90.000000 93.000000 84.000000
535723.840000 6581688.330000 53.780000 89.000000 92.000000 83.000000
535723.760000 6581688.010000 53.760000 98.000000 101.000000 92.000000
535723.690000 6581687.670000 53.770000 84.000000 86.000000 83.000000
535723.610000 6581687.370000 53.760000 56.000000 58.000000 57.000000
535723.530000 6581687.030000 53.760000 43.000000 47.000000 48.000000
535723.460000 6581686.720000 53.730000 33.000000 37.000000 40.000000
535723.380000 6581686.400000 53.760000 33.000000 37.000000 38.000000
535723.300000 6581686.090000 53.770000 30.000000 31.000000 36.000000
535723.230000 6581685.780000 53.800000 28.000000 31.000000 38.000000
535723.150000 6581685.470000 53.730000 31.000000 36.000000 39.000000
535723.080000 6581685.170000 53.760000 30.000000 31.000000 36.000000
535723.000000 6581684.840000 53.780000 30.000000 35.000000 41.000000
535722.920000 6581684.520000 53.720000 28.000000 31.000000 36.000000
535722.850000 6581684.220000 53.780000 36.000000 40.000000 43.000000
535722.770000 6581683.890000 53.750000 31.000000 30.000000 35.000000
535723.900000 6581689.890000 53.950000 83.000000 84.000000 76.000000
535723.830000 6581689.600000 53.970000 84.000000 85.000000 77.000000
535723.750000 6581689.280000 53.930000 87.000000 88.000000 80.000000
535723.670000 6581688.960000 53.940000 96.000000 99.000000 90.000000
535723.590000 6581688.610000 53.910000 83.000000 86.000000 77.000000
535723.520000 6581688.330000 53.950000 95.000000 98.000000 87.000000
535723.450000 6581688.030000 53.930000 95.000000 98.000000 89.000000
535723.220000 6581687.080000 53.960000 54.000000 58.000000 59.000000
535723.070000 6581686.450000 53.950000 35.000000 37.000000 36.000000
535722.990000 6581686.130000 53.900000 32.000000 31.000000 37.000000
535722.910000 6581685.810000 53.890000 30.000000 29.000000 35.000000
535722.830000 6581685.480000 53.920000 24.000000 29.000000 32.000000
535722.760000 6581685.170000 53.920000 30.000000 33.000000 38.000000
535722.680000 6581684.860000 53.920000 28.000000 31.000000 36.000000
535722.600000 6581684.530000 53.880000 25.000000 28.000000 35.000000
535722.530000 6581684.230000 53.960000 30.000000 35.000000 39.000000
535722.450000 6581683.890000 53.940000 36.000000 37.000000 41.000000
535723.560000 6581689.830000 54.140000 90.000000 93.000000 84.000000
535723.490000 6581689.540000 54.130000 110.000000 111.000000 103.000000
535723.420000 6581689.250000 54.140000 82.000000 83.000000 75.000000
535723.340000 6581688.910000 54.110000 102.000000 105.000000 96.000000
535723.260000 6581688.580000 54.100000 111.000000 117.000000 105.000000
535723.190000 6581688.290000 54.120000 81.000000 87.000000 77.000000
535723.110000 6581687.950000 54.090000 105.000000 113.000000 102.000000
535723.020000 6581687.620000 54.070000 92.000000 93.000000 88.000000
535722.950000 6581687.330000 54.080000 68.000000 73.000000 67.000000
535722.870000 6581687.000000 54.050000 39.000000 40.000000 45.000000
535722.800000 6581686.670000 54.110000 40.000000 43.000000 48.000000
535722.720000 6581686.360000 54.080000 35.000000 40.000000 43.000000
535722.650000 6581686.070000 54.110000 36.000000 35.000000 40.000000
535722.570000 6581685.720000 54.080000 50.000000 51.000000 53.000000
535722.480000 6581685.390000 54.060000 30.000000 33.000000 38.000000
535722.410000 6581685.070000 54.030000 25.000000 28.000000 33.000000
535722.320000 6581684.720000 54.010000 20.000000 23.000000 28.000000
535722.250000 6581684.410000 54.110000 24.000000 29.000000 33.000000
535722.180000 6581684.110000 54.060000 25.000000 33.000000 35.000000
535723.370000 6581689.880000 54.230000 98.000000 101.000000 92.000000
535723.300000 6581689.580000 54.240000 102.000000 103.000000 95.000000
535723.220000 6581689.230000 54.200000 80.000000 81.000000 73.000000
535723.140000 6581688.920000 54.160000 103.000000 103.000000 95.000000
535723.070000 6581688.610000 54.180000 4.000000 12.000000 15.000000
535722.980000 6581688.270000 54.170000 146.000000 148.000000 137.000000
535722.910000 6581687.950000 54.190000 116.000000 127.000000 110.000000
535722.840000 6581687.670000 54.200000 128.000000 135.000000 127.000000
535722.760000 6581687.330000 54.180000 177.000000 184.000000 176.000000
535722.670000 6581686.980000 54.170000 65.000000 65.000000 65.000000
535722.600000 6581686.670000 54.170000 54.000000 60.000000 56.000000
535722.520000 6581686.360000 54.240000 49.000000 55.000000 53.000000
535722.440000 6581686.010000 54.190000 36.000000 38.000000 37.000000
535722.360000 6581685.700000 54.160000 45.000000 45.000000 45.000000
535722.290000 6581685.400000 54.160000 19.000000 23.000000 26.000000
535722.210000 6581685.080000 54.180000 31.000000 36.000000 39.000000
535722.130000 6581684.740000 54.130000 35.000000 40.000000 43.000000
535722.060000 6581684.450000 54.180000 44.000000 49.000000 52.000000
535721.980000 6581684.130000 54.170000 51.000000 59.000000 61.000000
535723.150000 6581689.820000 54.310000 99.000000 109.000000 98.000000
535723.070000 6581689.500000 54.280000 102.000000 102.000000 94.000000
535723.000000 6581689.210000 54.310000 97.000000 94.000000 85.000000
535722.920000 6581688.870000 54.290000 91.000000 90.000000 88.000000
535722.840000 6581688.550000 54.290000 177.000000 181.000000 166.000000
535722.760000 6581688.220000 54.330000 160.000000 161.000000 153.000000
535722.680000 6581687.890000 54.330000 137.000000 144.000000 136.000000
535722.600000 6581687.550000 54.210000 111.000000 127.000000 124.000000
535722.530000 6581687.260000 54.320000 132.000000 138.000000 128.000000
535722.460000 6581686.950000 54.310000 111.000000 110.000000 105.000000
535722.380000 6581686.640000 54.320000 80.000000 86.000000 74.000000
535722.300000 6581686.310000 54.300000 68.000000 74.000000 70.000000
535722.220000 6581685.990000 54.300000 54.000000 56.000000 51.000000
535722.150000 6581685.680000 54.310000 73.000000 73.000000 73.000000
535721.990000 6581685.020000 54.270000 64.000000 74.000000 73.000000
535721.910000 6581684.690000 54.270000 70.000000 76.000000 76.000000
535721.830000 6581684.380000 54.250000 89.000000 99.000000 100.000000
535721.760000 6581684.060000 54.300000 74.000000 82.000000 84.000000
535722.840000 6581689.800000 54.400000 78.000000 86.000000 75.000000
535722.760000 6581689.480000 54.420000 109.000000 118.000000 113.000000
535722.690000 6581689.200000 54.510000 113.000000 121.000000 110.000000
535722.610000 6581688.870000 54.490000 89.000000 89.000000 87.000000
535722.530000 6581688.550000 54.460000 140.000000 150.000000 141.000000
535722.460000 6581688.270000 54.480000 90.000000 104.000000 105.000000
535722.380000 6581687.940000 54.460000 108.000000 119.000000 123.000000
535722.300000 6581687.600000 54.490000 110.000000 131.000000 132.000000
535722.230000 6581687.300000 54.450000 107.000000 113.000000 101.000000
535722.150000 6581686.980000 54.520000 107.000000 107.000000 99.000000
535722.070000 6581686.630000 54.460000 84.000000 85.000000 79.000000
535721.990000 6581686.320000 54.470000 108.000000 110.000000 105.000000
535721.920000 6581686.030000 54.530000 84.000000 92.000000 81.000000
535721.830000 6581685.660000 54.450000 70.000000 69.000000 67.000000
535721.760000 6581685.350000 54.440000 96.000000 104.000000 107.000000
535721.680000 6581685.040000 54.460000 54.000000 66.000000 64.000000
535721.610000 6581684.730000 54.480000 62.000000 71.000000 70.000000
535721.520000 6581684.390000 54.390000 73.000000 84.000000 88.000000
535722.470000 6581689.720000 54.930000 99.000000 99.000000 91.000000
535722.390000 6581689.340000 54.640000 95.000000 98.000000 87.000000
535722.310000 6581689.040000 54.680000 112.000000 118.000000 106.000000
535722.150000 6581688.370000 54.580000 92.000000 113.000000 114.000000
535722.070000 6581688.060000 54.660000 139.000000 158.000000 152.000000
535721.990000 6581687.730000 54.620000 153.000000 164.000000 156.000000
535721.920000 6581687.410000 54.630000 160.000000 172.000000 162.000000
535721.860000 6581687.160000 54.820000 84.000000 96.000000 82.000000
535721.780000 6581686.830000 54.960000 111.000000 113.000000 108.000000
535721.710000 6581686.540000 54.980000 100.000000 103.000000 94.000000
535721.620000 6581686.210000 54.770000 89.000000 92.000000 85.000000
535721.460000 6581685.520000 54.600000 8.000000 0.000000 0.000000
535721.390000 6581685.220000 54.610000 60.000000 88.000000 76.000000
535721.310000 6581684.910000 54.640000 89.000000 101.000000 97.000000
535721.230000 6581684.570000 54.630000 64.000000 79.000000 84.000000
535721.160000 6581684.270000 54.660000 76.000000 89.000000 95.000000
535722.210000 6581689.760000 55.170000 107.000000 107.000000 99.000000
535722.110000 6581689.360000 54.820000 108.000000 103.000000 97.000000
535722.030000 6581689.010000 54.790000 98.000000 100.000000 95.000000
535721.960000 6581688.730000 54.790000 37.000000 36.000000 32.000000
535721.880000 6581688.370000 54.730000 177.000000 179.000000 178.000000
535721.800000 6581688.070000 54.780000 181.000000 191.000000 180.000000
535721.730000 6581687.770000 54.750000 174.000000 179.000000 172.000000
535721.660000 6581687.470000 54.790000 204.000000 207.000000 200.000000
535721.590000 6581687.200000 54.990000 101.000000 107.000000 97.000000
535721.520000 6581686.900000 55.100000 82.000000 92.000000 83.000000
535721.450000 6581686.610000 55.100000 119.000000 120.000000 114.000000
535721.360000 6581686.230000 54.870000 100.000000 105.000000 98.000000
535721.270000 6581685.870000 54.740000 101.000000 100.000000 95.000000
535721.200000 6581685.570000 54.730000 41.000000 37.000000 34.000000
535721.120000 6581685.240000 54.730000 139.000000 156.000000 148.000000
535721.040000 6581684.900000 54.760000 193.000000 202.000000 199.000000
535720.970000 6581684.610000 54.760000 94.000000 104.000000 105.000000
535721.900000 6581689.510000 54.970000 110.000000 117.000000 110.000000
535721.820000 6581689.190000 54.960000 119.000000 114.000000 110.000000
535721.750000 6581688.870000 54.880000 86.000000 88.000000 83.000000
535721.670000 6581688.540000 54.920000 106.000000 103.000000 94.000000
535721.600000 6581688.250000 54.950000 88.000000 87.000000 82.000000
535721.520000 6581687.930000 54.900000 94.000000 99.000000 92.000000
535721.440000 6581687.610000 54.900000 102.000000 101.000000 96.000000
535721.370000 6581687.330000 55.020000 97.000000 98.000000 92.000000
535721.300000 6581687.020000 55.140000 103.000000 111.000000 100.000000
535721.220000 6581686.700000 55.130000 75.000000 78.000000 71.000000
535721.150000 6581686.390000 55.100000 84.000000 89.000000 82.000000
535721.070000 6581686.050000 55.000000 109.000000 112.000000 105.000000
535720.980000 6581685.700000 54.930000 91.000000 92.000000 86.000000
535720.900000 6581685.360000 54.910000 70.000000 80.000000 72.000000
535721.270000 6581688.320000 55.090000 114.000000 115.000000 109.000000
535721.190000 6581688.000000 55.080000 110.000000 115.000000 108.000000
535721.120000 6581687.710000 55.100000 106.000000 109.000000 102.000000
535721.040000 6581687.380000 55.050000 102.000000 103.000000 95.000000
535720.960000 6581687.040000 55.090000 94.000000 100.000000 90.000000
535720.880000 6581686.700000 55.070000 94.000000 95.000000 87.000000
535720.810000 6581686.410000 55.090000 109.000000 108.000000 103.000000
535720.720000 6581686.070000 55.080000 111.000000 121.000000 110.000000
535720.640000 6581685.740000 55.050000 84.000000 83.000000 78.000000
535720.580000 6581685.460000 55.060000 108.000000 108.000000 100.000000
535720.500000 6581685.150000 55.090000 85.000000 92.000000 84.000000
535720.420000 6581684.800000 55.060000 90.000000 89.000000 84.000000
535720.340000 6581684.500000 55.100000 98.000000 99.000000 91.000000
535720.760000 6581687.610000 55.290000 87.000000 90.000000 83.000000
535720.690000 6581687.310000 55.280000 115.000000 116.000000 108.000000
535720.620000 6581687.000000 55.280000 105.000000 111.000000 101.000000
535720.530000 6581686.660000 55.260000 95.000000 96.000000 88.000000
535720.460000 6581686.350000 55.250000 109.000000 109.000000 101.000000
535720.380000 6581686.030000 55.260000 91.000000 97.000000 87.000000
535720.300000 6581685.700000 55.270000 93.000000 94.000000 86.000000
535720.220000 6581685.380000 55.250000 95.000000 95.000000 87.000000
535720.140000 6581685.050000 55.260000 95.000000 103.000000 92.000000
535720.070000 6581684.730000 55.250000 82.000000 88.000000 84.000000
535720.200000 6581686.740000 55.420000 105.000000 111.000000 101.000000
535720.120000 6581686.380000 55.420000 109.000000 110.000000 102.000000
535720.050000 6581686.100000 55.430000 112.000000 113.000000 105.000000
535725.070000 6581689.550000 53.330000 94.000000 100.000000 88.000000
535724.990000 6581689.870000 53.370000 86.000000 89.000000 80.000000
535724.880000 6581688.810000 53.320000 73.000000 77.000000 63.000000
535724.800000 6581689.120000 53.380000 91.000000 91.000000 83.000000
535724.710000 6581689.480000 53.460000 93.000000 94.000000 86.000000
535724.620000 6581689.860000 53.600000 89.000000 92.000000 81.000000
535724.620000 6581688.340000 53.340000 110.000000 113.000000 106.000000
535724.540000 6581688.680000 53.460000 95.000000 98.000000 89.000000
535724.460000 6581689.020000 53.560000 93.000000 96.000000 87.000000
535724.370000 6581689.350000 53.600000 80.000000 81.000000 73.000000
535724.280000 6581689.710000 53.730000 77.000000 78.000000 70.000000
535724.500000 6581687.640000 53.280000 91.000000 92.000000 84.000000
535724.410000 6581688.020000 53.420000 94.000000 97.000000 90.000000
535724.330000 6581688.320000 53.490000 88.000000 91.000000 82.000000
535724.250000 6581688.650000 53.570000 96.000000 99.000000 90.000000
535724.000000 6581689.670000 53.860000 83.000000 84.000000 76.000000
535724.390000 6581686.930000 53.310000 86.000000 88.000000 85.000000
535724.310000 6581687.250000 53.370000 102.000000 104.000000 99.000000
535724.240000 6581687.550000 53.420000 64.000000 67.000000 60.000000
535724.150000 6581687.900000 53.540000 95.000000 98.000000 89.000000
535724.070000 6581688.260000 53.660000 98.000000 101.000000 92.000000
535723.980000 6581688.590000 53.740000 91.000000 94.000000 85.000000
535723.900000 6581688.910000 53.770000 81.000000 84.000000 75.000000
535723.820000 6581689.270000 53.890000 87.000000 88.000000 80.000000
535723.740000 6581689.590000 53.960000 103.000000 104.000000 96.000000
535723.650000 6581689.940000 54.040000 95.000000 96.000000 88.000000
535724.130000 6581686.200000 53.340000 79.000000 81.000000 80.000000
535724.050000 6581686.550000 53.440000 54.000000 58.000000 59.000000
535723.890000 6581687.210000 53.590000 69.000000 71.000000 70.000000
535723.800000 6581687.570000 53.690000 70.000000 72.000000 67.000000
535723.720000 6581687.880000 53.800000 94.000000 96.000000 91.000000
535723.630000 6581688.240000 53.880000 102.000000 105.000000 96.000000
535723.550000 6581688.590000 53.920000 104.000000 107.000000 96.000000
535723.470000 6581688.910000 54.050000 99.000000 102.000000 93.000000
535723.390000 6581689.230000 54.080000 80.000000 81.000000 73.000000
535723.300000 6581689.600000 54.170000 89.000000 92.000000 83.000000
535723.220000 6581689.940000 54.260000 80.000000 86.000000 76.000000
535723.900000 6581685.430000 53.310000 33.000000 37.000000 40.000000
535723.810000 6581685.780000 53.450000 28.000000 31.000000 36.000000
535723.730000 6581686.120000 53.500000 33.000000 34.000000 38.000000
535723.640000 6581686.480000 53.590000 42.000000 46.000000 49.000000
535723.560000 6581686.820000 53.720000 34.000000 38.000000 39.000000
535723.480000 6581687.140000 53.720000 52.000000 56.000000 57.000000
535723.390000 6581687.490000 53.840000 41.000000 43.000000 42.000000
535723.310000 6581687.830000 53.950000 66.000000 68.000000 65.000000
535723.220000 6581688.180000 54.050000 107.000000 110.000000 101.000000
535723.130000 6581688.560000 54.150000 99.000000 109.000000 98.000000
535723.050000 6581688.890000 54.250000 94.000000 90.000000 89.000000
535722.960000 6581689.240000 54.360000 103.000000 103.000000 95.000000
535722.880000 6581689.600000 54.470000 105.000000 115.000000 106.000000
535722.810000 6581689.870000 54.360000 114.000000 115.000000 107.000000
535723.740000 6581684.600000 53.320000 38.000000 37.000000 43.000000
535723.670000 6581684.920000 53.410000 32.000000 35.000000 42.000000
535723.590000 6581685.230000 53.470000 25.000000 28.000000 33.000000
535723.490000 6581685.610000 53.580000 23.000000 26.000000 33.000000
535723.410000 6581685.960000 53.690000 27.000000 30.000000 37.000000
535723.330000 6581686.290000 53.780000 37.000000 38.000000 42.000000
535723.240000 6581686.660000 53.830000 53.000000 54.000000 56.000000
535723.150000 6581687.010000 53.930000 41.000000 47.000000 47.000000
535723.070000 6581687.320000 54.010000 65.000000 70.000000 66.000000
535722.990000 6581687.660000 54.080000 87.000000 90.000000 83.000000
535722.910000 6581688.010000 54.200000 119.000000 130.000000 116.000000
535722.830000 6581688.330000 54.270000 164.000000 162.000000 149.000000
535722.740000 6581688.690000 54.340000 20.000000 34.000000 35.000000
535722.650000 6581689.060000 54.550000 107.000000 106.000000 102.000000
535722.590000 6581689.310000 54.270000 79.000000 90.000000 76.000000
535722.460000 6581689.810000 55.040000 101.000000 101.000000 93.000000
535723.540000 6581684.070000 53.360000 31.000000 32.000000 36.000000
535723.460000 6581684.410000 53.430000 26.000000 27.000000 31.000000
535723.370000 6581684.780000 53.560000 25.000000 28.000000 33.000000
535723.280000 6581685.130000 53.650000 30.000000 33.000000 40.000000
535723.200000 6581685.470000 53.740000 31.000000 36.000000 39.000000
535723.030000 6581686.160000 53.900000 33.000000 32.000000 40.000000
535722.950000 6581686.490000 53.980000 32.000000 36.000000 37.000000
535722.870000 6581686.820000 54.050000 46.000000 46.000000 54.000000
535722.780000 6581687.170000 54.150000 63.000000 65.000000 60.000000
535722.700000 6581687.510000 54.200000 138.000000 151.000000 144.000000
535722.620000 6581687.830000 54.290000 137.000000 144.000000 136.000000
535722.520000 6581688.220000 54.460000 89.000000 98.000000 95.000000
535722.440000 6581688.550000 54.520000 174.000000 189.000000 182.000000
535722.360000 6581688.910000 54.630000 87.000000 89.000000 86.000000
535722.270000 6581689.250000 54.740000 105.000000 107.000000 96.000000
535722.170000 6581689.660000 55.130000 96.000000 97.000000 91.000000
535723.120000 6581684.090000 53.530000 39.000000 40.000000 42.000000
535723.040000 6581684.420000 53.620000 36.000000 39.000000 44.000000
535722.960000 6581684.750000 53.740000 29.000000 32.000000 39.000000
535722.880000 6581685.100000 53.810000 27.000000 28.000000 33.000000
535722.790000 6581685.460000 53.900000 31.000000 36.000000 39.000000
535722.710000 6581685.790000 54.030000 34.000000 35.000000 39.000000
535722.530000 6581686.500000 54.140000 70.000000 80.000000 72.000000
535722.450000 6581686.830000 54.240000 79.000000 80.000000 74.000000
535722.370000 6581687.160000 54.360000 105.000000 105.000000 95.000000
535722.280000 6581687.540000 54.440000 109.000000 129.000000 127.000000
535722.200000 6581687.850000 54.540000 129.000000 144.000000 141.000000
535722.120000 6581688.170000 54.590000 114.000000 134.000000 133.000000
535722.030000 6581688.540000 54.690000 161.000000 179.000000 167.000000
535721.960000 6581688.860000 54.770000 67.000000 72.000000 66.000000
535721.870000 6581689.190000 54.900000 119.000000 114.000000 110.000000
535722.750000 6581683.960000 53.780000 37.000000 36.000000 41.000000
535722.670000 6581684.290000 53.850000 31.000000 34.000000 39.000000
535722.590000 6581684.600000 53.890000 28.000000 28.000000 36.000000
535722.500000 6581684.980000 54.010000 30.000000 34.000000 37.000000
535722.410000 6581685.340000 54.090000 30.000000 33.000000 38.000000
535722.330000 6581685.650000 54.210000 46.000000 47.000000 49.000000
535722.250000 6581686.020000 54.320000 37.000000 42.000000 36.000000
535722.160000 6581686.380000 54.450000 106.000000 111.000000 105.000000
535722.080000 6581686.690000 54.470000 84.000000 85.000000 79.000000
535722.010000 6581686.980000 54.410000 103.000000 104.000000 98.000000
535721.910000 6581687.370000 54.630000 147.000000 159.000000 147.000000
535721.830000 6581687.700000 54.710000 170.000000 177.000000 169.000000
535721.760000 6581688.010000 54.810000 158.000000 161.000000 152.000000
535721.670000 6581688.360000 54.860000 98.000000 94.000000 93.000000
535721.590000 6581688.690000 54.920000 82.000000 85.000000 76.000000
535722.460000 6581683.850000 53.880000 36.000000 37.000000 41.000000
535722.380000 6581684.180000 53.940000 27.000000 32.000000 36.000000
535722.300000 6581684.530000 54.030000 22.000000 27.000000 31.000000
535722.210000 6581684.900000 54.170000 34.000000 40.000000 40.000000
535722.130000 6581685.190000 54.210000 54.000000 62.000000 64.000000
535722.050000 6581685.550000 54.310000 44.000000 44.000000 46.000000
535721.960000 6581685.930000 54.510000 103.000000 109.000000 99.000000
535721.890000 6581686.180000 54.420000 107.000000 112.000000 105.000000
535721.810000 6581686.500000 54.370000 86.000000 87.000000 79.000000
535721.690000 6581686.990000 54.990000 83.000000 90.000000 82.000000
535721.630000 6581687.260000 54.910000 100.000000 111.000000 97.000000
535721.560000 6581687.550000 54.820000 121.000000 120.000000 115.000000
535721.470000 6581687.910000 54.910000 98.000000 100.000000 95.000000
535721.380000 6581688.250000 54.980000 88.000000 89.000000 83.000000
535721.300000 6581688.590000 55.100000 111.000000 114.000000 107.000000
535721.940000 6581684.820000 54.260000 65.000000 71.000000 69.000000
535721.790000 6581685.460000 54.380000 18.000000 19.000000 23.000000
535721.690000 6581685.850000 54.600000 86.000000 87.000000 79.000000
535721.610000 6581686.190000 54.710000 99.000000 106.000000 98.000000
535721.510000 6581686.600000 55.050000 114.000000 115.000000 109.000000
535721.420000 6581686.950000 55.130000 83.000000 93.000000 84.000000
535721.350000 6581687.240000 55.070000 109.000000 112.000000 105.000000
535721.280000 6581687.530000 54.990000 97.000000 96.000000 91.000000
535721.190000 6581687.870000 55.040000 83.000000 88.000000 81.000000
535721.110000 6581688.230000 55.140000 83.000000 84.000000 78.000000
535721.710000 6581684.360000 54.350000 91.000000 101.000000 100.000000
535721.630000 6581684.690000 54.440000 58.000000 67.000000 66.000000
535721.550000 6581685.030000 54.520000 54.000000 69.000000 64.000000
535721.460000 6581685.380000 54.600000 220.000000 243.000000 233.000000
535721.380000 6581685.710000 54.660000 110.000000 109.000000 104.000000
535721.290000 6581686.070000 54.920000 102.000000 107.000000 100.000000
535721.190000 6581686.470000 55.130000 115.000000 112.000000 107.000000
535721.110000 6581686.810000 55.120000 116.000000 122.000000 112.000000
535721.040000 6581687.100000 55.080000 100.000000 106.000000 96.000000
535720.950000 6581687.450000 55.110000 91.000000 90.000000 85.000000
535720.860000 6581687.810000 55.230000 85.000000 90.000000 83.000000
535721.430000 6581684.180000 54.470000 95.000000 104.000000 111.000000
535721.340000 6581684.540000 54.530000 63.000000 77.000000 80.000000
535721.260000 6581684.880000 54.630000 107.000000 119.000000 117.000000
535721.080000 6581685.600000 54.800000 89.000000 90.000000 84.000000
535721.010000 6581685.920000 54.860000 83.000000 82.000000 77.000000
535720.910000 6581686.290000 55.120000 109.000000 116.000000 108.000000
535720.830000 6581686.600000 55.070000 107.000000 107.000000 99.000000
535720.760000 6581686.920000 55.120000 104.000000 110.000000 100.000000
535720.680000 6581687.260000 55.220000 77.000000 80.000000 71.000000
535721.140000 6581684.370000 54.650000 73.000000 88.000000 93.000000
535721.050000 6581684.730000 54.740000 179.000000 191.000000 191.000000
535720.970000 6581685.060000 54.820000 72.000000 77.000000 73.000000
535720.890000 6581685.390000 54.920000 81.000000 88.000000 81.000000
535720.800000 6581685.750000 54.990000 82.000000 83.000000 77.000000
535720.720000 6581686.100000 55.070000 83.000000 93.000000 82.000000
535720.640000 6581686.430000 55.150000 100.000000 100.000000 92.000000
535720.550000 6581686.780000 55.270000 106.000000 109.000000 100.000000
535720.460000 6581687.140000 55.310000 115.000000 118.000000 109.000000
535720.920000 6581684.410000 54.780000 146.000000 157.000000 159.000000
535720.830000 6581684.750000 54.850000 61.000000 67.000000 65.000000
535720.750000 6581685.110000 54.890000 64.000000 71.000000 64.000000
535720.670000 6581685.450000 54.980000 109.000000 108.000000 103.000000
535720.580000 6581685.780000 55.120000 83.000000 84.000000 76.000000
535720.490000 6581686.130000 55.170000 99.000000 107.000000 96.000000
535720.410000 6581686.480000 55.260000 90.000000 91.000000 83.000000
535720.330000 6581686.820000 55.370000 86.000000 89.000000 80.000000
535720.470000 6581684.770000 55.000000 90.000000 89.000000 84.000000
535720.390000 6581685.080000 55.080000 101.000000 108.000000 100.000000
535720.300000 6581685.450000 55.180000 105.000000 106.000000 98.000000
535720.210000 6581685.790000 55.290000 96.000000 99.000000 90.000000
535720.140000 6581686.100000 55.380000 110.000000 111.000000 103.000000
535720.060000 6581686.420000 55.420000 99.000000 102.000000 93.000000
535720.110000 6581684.590000 55.200000 84.000000 89.000000 83.000000
535720.040000 6581684.900000 55.240000 88.000000 95.000000 87.000000
535727.120000 6581698.120000 53.390000 74.000000 75.000000 67.000000
535727.050000 6581697.830000 53.350000 100.000000 99.000000 94.000000
535726.980000 6581697.530000 53.380000 73.000000 78.000000 72.000000
535726.890000 6581697.180000 53.360000 75.000000 78.000000 71.000000
535726.820000 6581696.860000 53.380000 94.000000 95.000000 89.000000
535726.740000 6581696.540000 53.340000 84.000000 85.000000 79.000000
535726.660000 6581696.200000 53.330000 90.000000 91.000000 86.000000
535726.580000 6581695.870000 53.360000 81.000000 84.000000 77.000000
535726.510000 6581695.580000 53.360000 92.000000 95.000000 86.000000
535726.440000 6581695.270000 53.390000 82.000000 83.000000 75.000000
535726.360000 6581694.940000 53.370000 93.000000 99.000000 89.000000
535726.280000 6581694.630000 53.320000 75.000000 74.000000 69.000000
535726.200000 6581694.310000 53.340000 58.000000 60.000000 55.000000
535725.730000 6581692.380000 53.330000 73.000000 87.000000 64.000000
535725.660000 6581692.050000 53.300000 85.000000 101.000000 75.000000
535725.570000 6581691.710000 53.260000 86.000000 105.000000 75.000000
535725.510000 6581691.440000 53.320000 96.000000 118.000000 82.000000
535725.430000 6581691.140000 53.350000 78.000000 91.000000 61.000000
535725.360000 6581690.800000 53.370000 70.000000 76.000000 64.000000
535725.280000 6581690.510000 53.330000 72.000000 75.000000 64.000000
535725.210000 6581690.180000 53.320000 84.000000 86.000000 75.000000
535726.520000 6581697.200000 53.560000 95.000000 101.000000 91.000000
535726.440000 6581696.880000 53.530000 102.000000 105.000000 96.000000
535726.370000 6581696.600000 53.580000 97.000000 103.000000 93.000000
535726.290000 6581696.250000 53.500000 103.000000 103.000000 95.000000
535726.210000 6581695.930000 53.560000 74.000000 79.000000 72.000000
535726.140000 6581695.630000 53.530000 95.000000 100.000000 93.000000
535726.060000 6581695.300000 53.520000 89.000000 89.000000 81.000000
535725.980000 6581694.970000 53.560000 82.000000 88.000000 78.000000
535725.900000 6581694.650000 53.550000 78.000000 77.000000 72.000000
535725.830000 6581694.350000 53.530000 96.000000 99.000000 90.000000
535725.740000 6581693.990000 53.530000 90.000000 90.000000 80.000000
535725.440000 6581692.750000 53.580000 98.000000 91.000000 83.000000
535725.370000 6581692.460000 53.540000 67.000000 74.000000 58.000000
535725.300000 6581692.150000 53.550000 85.000000 94.000000 73.000000
535725.210000 6581691.800000 53.530000 102.000000 116.000000 91.000000
535725.140000 6581691.510000 53.530000 95.000000 111.000000 85.000000
535725.070000 6581691.210000 53.530000 91.000000 105.000000 79.000000
535724.980000 6581690.850000 53.520000 87.000000 93.000000 81.000000
535724.910000 6581690.550000 53.500000 67.000000 68.000000 63.000000
535724.830000 6581690.230000 53.490000 95.000000 95.000000 87.000000
535726.080000 6581696.460000 53.680000 102.000000 105.000000 96.000000
535726.010000 6581696.150000 53.650000 78.000000 78.000000 70.000000
535725.940000 6581695.850000 53.680000 96.000000 103.000000 95.000000
535725.850000 6581695.500000 53.690000 107.000000 107.000000 99.000000
535725.780000 6581695.210000 53.670000 101.000000 101.000000 93.000000
535725.710000 6581694.890000 53.680000 90.000000 93.000000 84.000000
535725.630000 6581694.570000 53.670000 78.000000 77.000000 72.000000
535725.550000 6581694.250000 53.670000 85.000000 88.000000 79.000000
535725.480000 6581693.970000 53.670000 83.000000 83.000000 75.000000
535725.410000 6581693.670000 53.720000 76.000000 77.000000 69.000000
535725.330000 6581693.330000 53.750000 92.000000 95.000000 86.000000
535725.100000 6581692.370000 53.680000 86.000000 94.000000 81.000000
535725.020000 6581692.060000 53.640000 66.000000 68.000000 55.000000
535724.950000 6581691.750000 53.640000 89.000000 95.000000 81.000000
535724.860000 6581691.410000 53.670000 81.000000 92.000000 75.000000
535724.790000 6581691.090000 53.670000 78.000000 80.000000 69.000000
535724.720000 6581690.800000 53.630000 83.000000 83.000000 73.000000
535724.630000 6581690.470000 53.640000 93.000000 95.000000 84.000000
535724.560000 6581690.130000 53.700000 82.000000 84.000000 73.000000
535725.620000 6581695.670000 53.860000 101.000000 107.000000 97.000000
535725.540000 6581695.360000 53.840000 83.000000 80.000000 73.000000
535725.470000 6581695.050000 53.840000 93.000000 99.000000 89.000000
535725.390000 6581694.730000 53.840000 72.000000 72.000000 64.000000
535725.310000 6581694.420000 53.840000 96.000000 97.000000 89.000000
535725.240000 6581694.100000 53.790000 76.000000 79.000000 72.000000
535725.090000 6581693.470000 53.820000 92.000000 93.000000 87.000000
535725.010000 6581693.150000 53.850000 85.000000 86.000000 78.000000
535724.850000 6581692.510000 53.810000 90.000000 95.000000 88.000000
535724.770000 6581692.180000 53.780000 90.000000 91.000000 83.000000
535724.700000 6581691.880000 53.810000 74.000000 75.000000 67.000000
535724.620000 6581691.550000 53.800000 91.000000 94.000000 85.000000
535724.540000 6581691.210000 53.800000 76.000000 79.000000 70.000000
535724.460000 6581690.880000 53.790000 80.000000 82.000000 71.000000
535724.380000 6581690.570000 53.810000 93.000000 94.000000 86.000000
535724.300000 6581690.230000 53.750000 84.000000 85.000000 77.000000
535725.070000 6581694.720000 53.980000 84.000000 84.000000 76.000000
535725.000000 6581694.420000 53.940000 97.000000 97.000000 89.000000
535724.910000 6581694.080000 53.990000 99.000000 105.000000 93.000000
535724.830000 6581693.750000 53.980000 80.000000 80.000000 72.000000
535724.760000 6581693.450000 53.980000 100.000000 100.000000 90.000000
535724.680000 6581693.110000 53.960000 80.000000 83.000000 72.000000
535724.600000 6581692.780000 54.000000 81.000000 84.000000 75.000000
535724.520000 6581692.470000 53.910000 85.000000 88.000000 79.000000
535724.450000 6581692.160000 53.940000 89.000000 90.000000 82.000000
535724.370000 6581691.840000 53.980000 87.000000 88.000000 80.000000
535724.300000 6581691.540000 54.000000 88.000000 91.000000 82.000000
535724.210000 6581691.200000 53.940000 84.000000 87.000000 78.000000
535724.140000 6581690.870000 53.930000 83.000000 86.000000 77.000000
535724.060000 6581690.560000 53.960000 93.000000 96.000000 87.000000
535723.990000 6581690.260000 53.960000 85.000000 88.000000 79.000000
535724.560000 6581693.970000 54.150000 84.000000 86.000000 75.000000
535724.490000 6581693.680000 54.140000 84.000000 87.000000 80.000000
535724.420000 6581693.390000 54.190000 86.000000 89.000000 80.000000
535724.330000 6581693.030000 54.140000 94.000000 95.000000 87.000000
535724.250000 6581692.700000 54.130000 89.000000 92.000000 83.000000
535724.180000 6581692.390000 54.060000 86.000000 89.000000 80.000000
535724.100000 6581692.060000 54.120000 94.000000 95.000000 87.000000
535724.020000 6581691.740000 54.150000 86.000000 89.000000 80.000000
535723.940000 6581691.420000 54.090000 100.000000 103.000000 94.000000
535723.870000 6581691.110000 54.130000 85.000000 91.000000 81.000000
535723.790000 6581690.770000 54.130000 91.000000 94.000000 85.000000
535723.720000 6581690.470000 54.120000 93.000000 96.000000 87.000000
535723.640000 6581690.150000 54.130000 98.000000 101.000000 92.000000
535724.210000 6581693.320000 54.180000 90.000000 96.000000 86.000000
535724.130000 6581693.020000 54.260000 88.000000 89.000000 83.000000
535724.060000 6581692.720000 54.210000 91.000000 94.000000 85.000000
535723.980000 6581692.380000 54.260000 89.000000 92.000000 83.000000
535723.910000 6581692.080000 54.250000 91.000000 94.000000 85.000000
535723.830000 6581691.750000 54.200000 86.000000 89.000000 80.000000
535723.750000 6581691.420000 54.180000 101.000000 104.000000 95.000000
535723.670000 6581691.110000 54.220000 86.000000 89.000000 80.000000
535723.600000 6581690.820000 54.170000 108.000000 111.000000 102.000000
535723.530000 6581690.530000 54.250000 88.000000 91.000000 82.000000
535723.450000 6581690.180000 54.210000 90.000000 93.000000 84.000000
535723.840000 6581692.650000 54.300000 90.000000 93.000000 84.000000
535723.770000 6581692.370000 54.350000 93.000000 96.000000 87.000000
535723.690000 6581692.040000 54.340000 97.000000 100.000000 91.000000
535723.620000 6581691.740000 54.350000 86.000000 89.000000 80.000000
535723.540000 6581691.420000 54.300000 104.000000 107.000000 98.000000
535723.460000 6581691.120000 54.360000 86.000000 89.000000 80.000000
535723.380000 6581690.780000 54.310000 77.000000 78.000000 70.000000
535723.310000 6581690.480000 54.310000 110.000000 111.000000 103.000000
535723.230000 6581690.150000 54.340000 86.000000 87.000000 79.000000
535723.300000 6581691.740000 54.470000 98.000000 101.000000 92.000000
535723.230000 6581691.450000 54.510000 100.000000 103.000000 94.000000
535723.160000 6581691.130000 54.480000 98.000000 98.000000 90.000000
535723.080000 6581690.800000 54.500000 85.000000 95.000000 84.000000
535723.000000 6581690.490000 54.490000 115.000000 116.000000 108.000000
535722.920000 6581690.170000 54.450000 85.000000 82.000000 75.000000
535722.760000 6581690.910000 54.640000 112.000000 113.000000 105.000000
535722.690000 6581690.600000 54.640000 90.000000 90.000000 82.000000
535722.630000 6581690.370000 54.890000 98.000000 106.000000 95.000000
535722.560000 6581690.060000 54.900000 101.000000 104.000000 95.000000
535727.480000 6581698.870000 53.250000 102.000000 101.000000 96.000000
535727.290000 6581698.080000 53.300000 101.000000 101.000000 93.000000
535727.210000 6581698.400000 53.400000 98.000000 106.000000 95.000000
535727.130000 6581697.490000 53.290000 90.000000 96.000000 86.000000
535727.060000 6581697.780000 53.320000 81.000000 82.000000 76.000000
535726.990000 6581696.840000 53.270000 86.000000 87.000000 81.000000
535726.910000 6581697.170000 53.360000 87.000000 88.000000 83.000000
535726.830000 6581697.510000 53.450000 72.000000 74.000000 69.000000
535726.730000 6581696.260000 53.360000 88.000000 89.000000 84.000000
535726.650000 6581696.590000 53.390000 85.000000 84.000000 79.000000
535726.550000 6581696.960000 53.530000 67.000000 73.000000 63.000000
535726.530000 6581695.320000 53.320000 95.000000 98.000000 89.000000
535726.450000 6581695.680000 53.410000 79.000000 82.000000 75.000000
535726.360000 6581696.030000 53.500000 96.000000 97.000000 89.000000
535726.290000 6581696.320000 53.550000 82.000000 83.000000 75.000000
535726.210000 6581696.660000 53.660000 98.000000 106.000000 95.000000
535726.360000 6581694.860000 53.350000 76.000000 79.000000 72.000000
535726.270000 6581695.230000 53.430000 84.000000 84.000000 76.000000
535726.180000 6581695.570000 53.490000 83.000000 84.000000 76.000000
535726.110000 6581695.870000 53.560000 96.000000 103.000000 95.000000
535726.020000 6581696.240000 53.620000 105.000000 105.000000 97.000000
535726.250000 6581694.070000 53.280000 59.000000 61.000000 58.000000
535726.160000 6581694.420000 53.340000 46.000000 47.000000 41.000000
535726.070000 6581694.780000 53.450000 91.000000 92.000000 86.000000
535725.990000 6581695.120000 53.500000 91.000000 94.000000 85.000000
535725.910000 6581695.450000 53.600000 103.000000 103.000000 95.000000
535725.820000 6581695.810000 53.750000 91.000000 98.000000 90.000000
535725.960000 6581693.880000 53.400000 73.000000 74.000000 66.000000
535725.880000 6581694.220000 53.510000 74.000000 77.000000 68.000000
535725.800000 6581694.530000 53.580000 89.000000 90.000000 84.000000
535725.710000 6581694.890000 53.610000 90.000000 93.000000 84.000000
535725.620000 6581695.230000 53.740000 102.000000 102.000000 94.000000
535725.550000 6581695.520000 53.810000 80.000000 81.000000 73.000000
535725.610000 6581693.930000 53.620000 91.000000 91.000000 81.000000
535725.530000 6581694.240000 53.660000 85.000000 88.000000 79.000000
535725.450000 6581694.580000 53.790000 78.000000 78.000000 70.000000
535725.370000 6581694.920000 53.840000 75.000000 81.000000 71.000000
535725.280000 6581695.240000 53.880000 93.000000 93.000000 85.000000
535725.760000 6581692.410000 53.310000 78.000000 87.000000 68.000000
535725.680000 6581692.750000 53.460000 88.000000 84.000000 75.000000
535725.500000 6581693.460000 53.660000 70.000000 73.000000 64.000000
535725.350000 6581694.080000 53.710000 88.000000 91.000000 84.000000
535725.260000 6581694.430000 53.810000 99.000000 100.000000 92.000000
535725.180000 6581694.770000 53.920000 78.000000 78.000000 70.000000
535725.670000 6581691.840000 53.270000 101.000000 117.000000 90.000000
535725.590000 6581692.170000 53.390000 103.000000 117.000000 92.000000
535725.500000 6581692.540000 53.510000 86.000000 88.000000 74.000000
535725.250000 6581693.560000 53.730000 86.000000 87.000000 79.000000
535725.170000 6581693.880000 53.780000 92.000000 93.000000 85.000000
535725.090000 6581694.200000 53.890000 98.000000 106.000000 95.000000
535725.000000 6581694.560000 53.970000 83.000000 80.000000 73.000000
535725.470000 6581691.480000 53.360000 96.000000 116.000000 81.000000
535725.380000 6581691.840000 53.410000 100.000000 113.000000 87.000000
535725.300000 6581692.160000 53.520000 85.000000 94.000000 73.000000
535725.220000 6581692.480000 53.610000 59.000000 67.000000 52.000000
535725.040000 6581693.200000 53.790000 88.000000 89.000000 81.000000
535724.960000 6581693.530000 53.910000 83.000000 84.000000 78.000000
535724.870000 6581693.900000 53.970000 77.000000 79.000000 68.000000
535724.790000 6581694.240000 54.020000 88.000000 96.000000 83.000000
535725.340000 6581690.620000 53.330000 86.000000 89.000000 78.000000
535725.260000 6581690.930000 53.380000 63.000000 72.000000 53.000000
535725.180000 6581691.280000 53.470000 79.000000 94.000000 65.000000
535725.090000 6581691.640000 53.580000 79.000000 91.000000 71.000000
535725.000000 6581692.000000 53.660000 85.000000 87.000000 74.000000
535724.910000 6581692.340000 53.780000 86.000000 94.000000 81.000000
535724.830000 6581692.680000 53.840000 77.000000 80.000000 73.000000
535724.750000 6581693.020000 53.900000 91.000000 94.000000 87.000000
535724.670000 6581693.340000 54.000000 81.000000 83.000000 72.000000
535724.590000 6581693.650000 54.060000 89.000000 90.000000 84.000000
535725.160000 6581690.270000 53.340000 90.000000 92.000000 81.000000
535725.080000 6581690.610000 53.450000 93.000000 96.000000 85.000000
535724.990000 6581690.970000 53.540000 73.000000 81.000000 68.000000
535724.910000 6581691.290000 53.570000 96.000000 108.000000 86.000000
535724.830000 6581691.610000 53.670000 67.000000 73.000000 59.000000
535724.750000 6581691.940000 53.770000 92.000000 93.000000 85.000000
535724.660000 6581692.310000 53.880000 87.000000 88.000000 80.000000
535724.570000 6581692.650000 53.950000 90.000000 93.000000 84.000000
535724.500000 6581692.960000 54.040000 78.000000 81.000000 72.000000
535724.400000 6581693.340000 54.140000 86.000000 89.000000 80.000000
535724.900000 6581690.210000 53.480000 96.000000 96.000000 88.000000
535724.820000 6581690.560000 53.550000 66.000000 65.000000 61.000000
535724.730000 6581690.910000 53.690000 86.000000 88.000000 77.000000
535724.650000 6581691.230000 53.720000 83.000000 84.000000 76.000000
535724.560000 6581691.600000 53.830000 75.000000 76.000000 68.000000
535724.480000 6581691.940000 53.920000 86.000000 87.000000 79.000000
535724.390000 6581692.290000 54.000000 88.000000 89.000000 81.000000
535724.310000 6581692.620000 54.070000 94.000000 97.000000 88.000000
535724.230000 6581692.950000 54.120000 86.000000 85.000000 80.000000
535724.150000 6581693.300000 54.250000 91.000000 94.000000 85.000000
535724.540000 6581690.170000 53.660000 82.000000 84.000000 73.000000
535724.460000 6581690.510000 53.730000 88.000000 90.000000 79.000000
535724.370000 6581690.860000 53.770000 85.000000 86.000000 78.000000
535724.300000 6581691.170000 53.860000 95.000000 96.000000 88.000000
535724.210000 6581691.530000 53.990000 87.000000 90.000000 81.000000
535724.120000 6581691.880000 54.070000 87.000000 88.000000 80.000000
535724.050000 6581692.190000 54.140000 87.000000 88.000000 80.000000
535723.960000 6581692.510000 54.250000 94.000000 97.000000 88.000000
535723.880000 6581692.860000 54.330000 85.000000 88.000000 79.000000
535724.210000 6581690.020000 53.810000 89.000000 90.000000 82.000000
535724.130000 6581690.360000 53.880000 90.000000 93.000000 84.000000
535724.040000 6581690.700000 53.970000 93.000000 96.000000 87.000000
535723.960000 6581691.020000 54.070000 92.000000 98.000000 88.000000
535723.880000 6581691.360000 54.160000 87.000000 90.000000 81.000000
535723.800000 6581691.710000 54.230000 86.000000 89.000000 80.000000
535723.710000 6581692.030000 54.320000 94.000000 97.000000 88.000000
535723.630000 6581692.370000 54.400000 99.000000 102.000000 93.000000
535723.920000 6581690.010000 53.930000 86.000000 87.000000 79.000000
535723.840000 6581690.330000 54.000000 99.000000 102.000000 93.000000
535723.750000 6581690.670000 54.100000 96.000000 99.000000 90.000000
535723.670000 6581691.010000 54.180000 107.000000 110.000000 101.000000
535723.580000 6581691.370000 54.290000 87.000000 90.000000 81.000000
535723.510000 6581691.690000 54.360000 102.000000 105.000000 96.000000
535723.420000 6581692.030000 54.450000 83.000000 86.000000 77.000000
535723.560000 6581690.300000 54.160000 95.000000 98.000000 89.000000
535723.490000 6581690.620000 54.210000 111.000000 114.000000 105.000000
535723.400000 6581690.960000 54.320000 82.000000 85.000000 76.000000
535723.320000 6581691.310000 54.450000 90.000000 93.000000 84.000000
535723.230000 6581691.660000 54.520000 93.000000 96.000000 87.000000
535723.130000 6581690.300000 54.460000 114.000000 109.000000 103.000000
535723.040000 6581690.650000 54.490000 102.000000 112.000000 101.000000
535722.950000 6581691.000000 54.570000 102.000000 103.000000 95.000000
535722.740000 6581690.160000 54.330000 90.000000 90.000000 82.000000
535722.630000 6581690.600000 54.680000 90.000000 90.000000 82.000000
535722.390000 6581690.130000 54.910000 107.000000 117.000000 106.000000
535708.800000 6581702.990000 54.410000 63.000000 77.000000 88.000000
535708.730000 6581702.710000 54.460000 68.000000 78.000000 87.000000
535708.360000 6581702.730000 54.790000 39.000000 53.000000 56.000000
535708.290000 6581702.470000 54.930000 30.000000 35.000000 39.000000
535708.210000 6581702.120000 54.840000 86.000000 88.000000 87.000000
535708.050000 6581702.600000 55.210000 80.000000 90.000000 92.000000
535707.970000 6581702.280000 55.100000 55.000000 67.000000 63.000000
535707.890000 6581701.970000 55.110000 86.000000 87.000000 82.000000
535707.810000 6581701.630000 55.070000 68.000000 67.000000 62.000000
535707.760000 6581702.610000 55.460000 83.000000 92.000000 101.000000
535707.670000 6581702.260000 55.310000 127.000000 137.000000 128.000000
535708.590000 6581702.670000 54.510000 18.000000 27.000000 34.000000
535708.450000 6581702.370000 54.560000 74.000000 78.000000 77.000000
535708.360000 6581702.730000 54.780000 39.000000 53.000000 56.000000
535708.050000 6581702.480000 55.710000 11.000000 16.000000 19.000000
535708.010000 6581702.640000 55.180000 80.000000 90.000000 92.000000
535707.870000 6581701.780000 55.000000 89.000000 86.000000 81.000000
535707.780000 6581702.150000 55.190000 108.000000 118.000000 110.000000
535707.690000 6581702.510000 55.400000 44.000000 45.000000 50.000000
535709.580000 6581703.370000 53.690000 35.000000 42.000000 50.000000
535709.300000 6581703.610000 54.010000 11.000000 10.000000 16.000000
535709.230000 6581703.300000 54.040000 55.000000 65.000000 75.000000
535708.960000 6581703.650000 54.420000 14.000000 11.000000 20.000000
535708.600000 6581703.710000 54.850000 14.000000 17.000000 26.000000
535708.350000 6581703.840000 55.170000 15.000000 18.000000 23.000000
535709.680000 6581703.600000 53.580000 15.000000 14.000000 20.000000
535709.440000 6581703.630000 53.880000 13.000000 12.000000 18.000000
535709.090000 6581703.400000 54.190000 48.000000 55.000000 65.000000
535709.000000 6581703.750000 54.350000 20.000000 17.000000 26.000000
535708.610000 6581703.800000 54.810000 15.000000 15.000000 25.000000
535708.320000 6581703.820000 55.180000 15.000000 18.000000 23.000000
535707.600000 6581701.970000 55.360000 116.000000 122.000000 112.000000
535708.890000 6581703.330000 54.400000 55.000000 64.000000 73.000000
535708.510000 6581703.370000 54.820000 53.000000 59.000000 71.000000
535708.440000 6581703.050000 54.840000 70.000000 80.000000 92.000000
535708.270000 6581703.510000 55.100000 52.000000 60.000000 73.000000
535708.200000 6581703.220000 55.080000 31.000000 40.000000 55.000000
535708.120000 6581702.910000 55.160000 69.000000 84.000000 89.000000
535708.070000 6581703.870000 55.430000 10.000000 14.000000 23.000000
535707.990000 6581703.540000 55.430000 54.000000 68.000000 69.000000
535707.920000 6581703.250000 55.450000 61.000000 75.000000 78.000000
535707.830000 6581702.910000 55.360000 70.000000 87.000000 97.000000
535708.780000 6581703.120000 54.440000 12.000000 21.000000 30.000000
535708.700000 6581703.450000 54.610000 52.000000 59.000000 69.000000
535708.510000 6581703.040000 54.750000 65.000000 75.000000 87.000000
535708.400000 6581703.440000 54.980000 56.000000 62.000000 76.000000
535708.270000 6581703.090000 55.020000 67.000000 79.000000 91.000000
535708.180000 6581703.460000 55.180000 55.000000 65.000000 75.000000
535708.090000 6581703.830000 55.390000 10.000000 14.000000 23.000000
535707.920000 6581703.010000 55.330000 69.000000 84.000000 91.000000
535707.830000 6581703.380000 55.460000 60.000000 74.000000 77.000000
535717.840000 6581688.270000 54.630000 94.000000 105.000000 111.000000
535717.660000 6581688.970000 54.410000 104.000000 118.000000 121.000000
535717.590000 6581688.670000 54.430000 131.000000 145.000000 146.000000
535717.510000 6581688.350000 54.450000 90.000000 101.000000 105.000000
535717.320000 6581689.220000 54.190000 103.000000 119.000000 116.000000
535717.170000 6581688.560000 54.190000 122.000000 136.000000 136.000000
535717.090000 6581688.250000 54.180000 126.000000 140.000000 143.000000
535716.840000 6581689.270000 53.920000 137.000000 147.000000 146.000000
535716.690000 6581688.630000 53.940000 123.000000 134.000000 130.000000
535716.610000 6581688.300000 53.940000 170.000000 181.000000 175.000000
535716.680000 6581689.770000 53.830000 87.000000 101.000000 112.000000
535716.610000 6581689.460000 53.800000 98.000000 107.000000 112.000000
535716.520000 6581689.070000 53.650000 113.000000 124.000000 130.000000
535716.440000 6581688.760000 53.760000 75.000000 85.000000 97.000000
535716.380000 6581688.490000 53.850000 77.000000 86.000000 93.000000
535716.300000 6581689.560000 53.650000 89.000000 102.000000 108.000000
535716.140000 6581688.890000 53.590000 95.000000 104.000000 109.000000
535716.070000 6581688.620000 53.700000 101.000000 112.000000 116.000000
535716.040000 6581689.970000 53.470000 105.000000 116.000000 120.000000
535715.950000 6581689.610000 53.460000 110.000000 124.000000 127.000000
535715.880000 6581689.320000 53.490000 102.000000 112.000000 113.000000
535715.810000 6581689.020000 53.510000 81.000000 91.000000 93.000000
535715.730000 6581688.700000 53.500000 95.000000 103.000000 105.000000
535715.550000 6581689.500000 53.320000 138.000000 148.000000 140.000000
535715.400000 6581688.880000 53.250000 106.000000 117.000000 121.000000
535715.350000 6581689.760000 53.150000 68.000000 68.000000 66.000000
535715.210000 6581689.160000 53.130000 56.000000 62.000000 58.000000
535715.130000 6581688.820000 53.150000 39.000000 43.000000 44.000000
535717.840000 6581688.050000 54.670000 89.000000 98.000000 103.000000
535717.760000 6581688.360000 54.560000 89.000000 100.000000 104.000000
535717.690000 6581688.670000 54.520000 104.000000 118.000000 121.000000
535717.620000 6581688.950000 54.470000 104.000000 118.000000 121.000000
535717.550000 6581689.250000 54.340000 105.000000 121.000000 121.000000
535717.400000 6581689.840000 54.160000 127.000000 142.000000 139.000000
535717.490000 6581688.190000 54.400000 99.000000 110.000000 116.000000
535717.410000 6581688.510000 54.420000 116.000000 127.000000 131.000000
535717.270000 6581689.080000 54.140000 146.000000 161.000000 154.000000
535717.200000 6581689.380000 54.120000 112.000000 127.000000 124.000000
535717.110000 6581689.710000 54.120000 107.000000 122.000000 125.000000
535717.110000 6581688.430000 54.250000 116.000000 130.000000 131.000000
535717.040000 6581688.730000 54.100000 153.000000 165.000000 161.000000
535716.950000 6581689.070000 54.120000 152.000000 162.000000 161.000000
535716.880000 6581689.350000 54.030000 106.000000 116.000000 117.000000
535716.710000 6581688.400000 53.990000 123.000000 132.000000 129.000000
535716.630000 6581688.700000 53.910000 132.000000 143.000000 137.000000
535716.480000 6581689.310000 53.800000 96.000000 103.000000 113.000000
535716.410000 6581689.610000 53.670000 75.000000 90.000000 97.000000
535716.270000 6581688.550000 53.790000 93.000000 100.000000 108.000000
535716.210000 6581688.830000 53.680000 87.000000 94.000000 104.000000
535716.050000 6581689.470000 53.660000 100.000000 110.000000 112.000000
535715.980000 6581689.760000 53.560000 105.000000 119.000000 120.000000
535715.920000 6581688.680000 53.630000 107.000000 118.000000 120.000000
535715.780000 6581689.250000 53.490000 137.000000 147.000000 146.000000
535715.710000 6581689.560000 53.410000 91.000000 102.000000 106.000000
535715.580000 6581688.840000 53.450000 96.000000 107.000000 111.000000
535715.440000 6581689.400000 53.150000 173.000000 180.000000 173.000000
535715.360000 6581689.750000 53.220000 68.000000 68.000000 66.000000
535715.230000 6581688.700000 53.190000 138.000000 144.000000 140.000000
535715.140000 6581689.050000 53.180000 16.000000 20.000000 23.000000
535717.160000 6581690.560000 54.040000 106.000000 118.000000 118.000000
535717.080000 6581690.230000 53.910000 124.000000 134.000000 136.000000
535716.990000 6581691.030000 53.790000 138.000000 143.000000 147.000000
535716.920000 6581690.730000 53.810000 83.000000 94.000000 98.000000
535716.850000 6581690.450000 53.860000 73.000000 82.000000 91.000000
535716.770000 6581690.100000 53.860000 93.000000 102.000000 111.000000
535716.840000 6581691.810000 53.670000 94.000000 105.000000 107.000000
535716.690000 6581691.150000 53.670000 133.000000 139.000000 139.000000
535716.530000 6581690.490000 53.610000 82.000000 91.000000 100.000000
535716.460000 6581690.190000 53.660000 93.000000 98.000000 101.000000
535716.660000 6581692.510000 53.550000 111.000000 118.000000 110.000000
535716.580000 6581692.200000 53.440000 154.000000 163.000000 158.000000
535716.510000 6581691.900000 53.500000 118.000000 128.000000 120.000000
535716.430000 6581691.570000 53.470000 139.000000 146.000000 138.000000
535716.360000 6581691.270000 53.510000 131.000000 141.000000 132.000000
535716.280000 6581690.950000 53.520000 110.000000 120.000000 121.000000
535716.200000 6581690.620000 53.490000 102.000000 112.000000 114.000000
535716.120000 6581690.290000 53.510000 92.000000 96.000000 99.000000
535716.330000 6581692.690000 53.310000 131.000000 132.000000 116.000000
535716.180000 6581692.070000 53.330000 135.000000 139.000000 140.000000
535715.940000 6581691.100000 53.380000 129.000000 137.000000 140.000000
535715.860000 6581690.760000 53.230000 131.000000 141.000000 143.000000
535715.780000 6581690.420000 53.280000 156.000000 162.000000 160.000000
535716.280000 6581693.600000 53.180000 154.000000 158.000000 144.000000
535716.200000 6581693.260000 53.150000 151.000000 157.000000 143.000000
535716.120000 6581692.920000 53.170000 163.000000 167.000000 153.000000
535716.050000 6581692.620000 53.170000 110.000000 113.000000 104.000000
535715.970000 6581692.310000 53.190000 53.000000 55.000000 50.000000
535715.890000 6581691.970000 53.210000 71.000000 76.000000 70.000000
535715.810000 6581691.660000 53.150000 98.000000 103.000000 99.000000
535715.730000 6581691.340000 53.160000 82.000000 87.000000 83.000000
535715.660000 6581691.020000 53.170000 72.000000 82.000000 71.000000
535715.580000 6581690.710000 53.160000 40.000000 47.000000 39.000000
535715.510000 6581690.420000 53.170000 70.000000 79.000000 74.000000
535717.320000 6581690.160000 54.100000 124.000000 134.000000 136.000000
535716.950000 6581691.660000 53.650000 71.000000 84.000000 90.000000
535717.040000 6581690.030000 53.980000 122.000000 129.000000 135.000000
535716.970000 6581690.320000 53.920000 92.000000 101.000000 106.000000
535716.890000 6581690.620000 53.820000 75.000000 85.000000 94.000000
535716.810000 6581690.950000 53.790000 87.000000 92.000000 98.000000
535716.750000 6581691.210000 53.640000 100.000000 107.000000 113.000000
535716.590000 6581691.820000 53.540000 146.000000 156.000000 148.000000
535716.520000 6581692.140000 53.480000 136.000000 142.000000 138.000000
535716.370000 6581692.730000 53.350000 167.000000 166.000000 148.000000
535716.290000 6581693.050000 53.230000 154.000000 157.000000 146.000000
535716.220000 6581693.330000 53.190000 156.000000 159.000000 148.000000
535716.150000 6581693.650000 53.160000 152.000000 156.000000 142.000000
535716.670000 6581690.230000 53.790000 105.000000 113.000000 124.000000
535716.600000 6581690.530000 53.660000 87.000000 97.000000 106.000000
535716.450000 6581691.140000 53.550000 122.000000 132.000000 124.000000
535716.370000 6581691.450000 53.500000 136.000000 144.000000 133.000000
535716.290000 6581691.780000 53.490000 131.000000 141.000000 133.000000
535716.220000 6581692.060000 53.360000 110.000000 114.000000 113.000000
535716.070000 6581692.650000 53.180000 110.000000 113.000000 104.000000
535716.000000 6581692.970000 53.130000 171.000000 175.000000 161.000000
535716.260000 6581690.220000 53.590000 97.000000 106.000000 103.000000
535716.180000 6581690.550000 53.550000 113.000000 121.000000 124.000000
535716.110000 6581690.830000 53.470000 109.000000 121.000000 121.000000
535716.040000 6581691.130000 53.380000 113.000000 123.000000 122.000000
535715.890000 6581691.700000 53.170000 74.000000 79.000000 75.000000
535715.830000 6581691.990000 53.160000 71.000000 76.000000 70.000000
535715.900000 6581690.060000 53.510000 110.000000 122.000000 122.000000
535715.830000 6581690.350000 53.360000 97.000000 109.000000 109.000000
535715.770000 6581690.620000 53.290000 169.000000 178.000000 175.000000
535715.690000 6581690.910000 53.210000 64.000000 74.000000 65.000000
535715.620000 6581691.240000 53.160000 81.000000 86.000000 80.000000
535715.570000 6581690.140000 53.230000 146.000000 155.000000 150.000000
535715.490000 6581690.440000 53.200000 52.000000 61.000000 56.000000
535715.280000 6581690.040000 53.150000 44.000000 48.000000 49.000000
535719.380000 6581702.270000 53.680000 19.000000 19.000000 27.000000
535719.040000 6581702.350000 53.510000 24.000000 25.000000 30.000000
535718.710000 6581702.520000 53.280000 29.000000 30.000000 34.000000
535718.640000 6581702.210000 53.340000 34.000000 33.000000 41.000000
535719.070000 6581702.270000 53.530000 24.000000 25.000000 30.000000
535719.920000 6581701.950000 53.970000 18.000000 23.000000 27.000000
535719.840000 6581701.640000 53.970000 19.000000 23.000000 26.000000
535719.690000 6581702.170000 53.850000 27.000000 32.000000 36.000000
535719.610000 6581701.850000 53.830000 20.000000 25.000000 29.000000
535719.310000 6581701.980000 53.660000 16.000000 19.000000 24.000000
535719.230000 6581701.660000 53.680000 19.000000 22.000000 29.000000
535718.960000 6581702.020000 53.500000 20.000000 20.000000 28.000000
535718.890000 6581701.710000 53.480000 24.000000 25.000000 27.000000
535718.550000 6581701.880000 53.290000 27.000000 28.000000 30.000000
535718.490000 6581701.610000 53.460000 23.000000 23.000000 25.000000
535719.940000 6581701.550000 54.040000 20.000000 21.000000 26.000000
535719.860000 6581701.880000 53.970000 20.000000 25.000000 28.000000
535719.790000 6581702.180000 53.900000 18.000000 23.000000 29.000000
535719.560000 6581701.610000 53.850000 22.000000 25.000000 32.000000
535719.500000 6581701.880000 53.810000 23.000000 28.000000 32.000000
535719.420000 6581702.190000 53.730000 29.000000 33.000000 36.000000
535719.220000 6581701.680000 53.670000 19.000000 22.000000 29.000000
535719.150000 6581701.960000 53.590000 19.000000 22.000000 27.000000
535718.840000 6581701.550000 53.480000 28.000000 27.000000 33.000000
535718.760000 6581701.870000 53.460000 22.000000 23.000000 25.000000
535718.680000 6581702.180000 53.390000 28.000000 29.000000 34.000000
535722.490000 6581701.620000 55.330000 38.000000 42.000000 51.000000
535722.190000 6581701.570000 55.160000 42.000000 51.000000 60.000000
535721.820000 6581701.560000 55.030000 45.000000 53.000000 64.000000
535721.440000 6581701.850000 54.790000 30.000000 34.000000 43.000000
535721.150000 6581701.920000 54.610000 22.000000 25.000000 30.000000
535721.080000 6581701.620000 54.600000 19.000000 24.000000 28.000000
535720.810000 6581701.990000 54.460000 25.000000 29.000000 32.000000
535720.730000 6581701.650000 54.450000 20.000000 23.000000 28.000000
535720.390000 6581701.880000 54.230000 19.000000 22.000000 27.000000
535720.310000 6581701.550000 54.190000 14.000000 15.000000 20.000000
535722.640000 6581701.610000 55.390000 38.000000 41.000000 48.000000
535722.390000 6581701.550000 55.300000 33.000000 40.000000 50.000000
535722.070000 6581701.760000 55.110000 36.000000 45.000000 54.000000
535721.720000 6581701.640000 54.950000 49.000000 57.000000 68.000000
535721.350000 6581701.670000 54.760000 26.000000 31.000000 37.000000
535721.060000 6581701.640000 54.640000 19.000000 24.000000 28.000000
535720.990000 6581701.930000 54.550000 26.000000 30.000000 33.000000
535720.740000 6581701.820000 54.420000 17.000000 20.000000 25.000000
535720.330000 6581701.690000 54.230000 20.000000 21.000000 26.000000
535720.250000 6581702.020000 54.190000 21.000000 24.000000 29.000000
535717.880000 6581689.890000 54.400000 115.000000 126.000000 128.000000
535717.810000 6581689.590000 54.390000 124.000000 135.000000 141.000000
535717.740000 6581689.290000 54.420000 89.000000 104.000000 109.000000
535717.480000 6581689.880000 54.370000 127.000000 142.000000 139.000000
535717.830000 6581689.770000 54.430000 127.000000 138.000000 140.000000
535717.960000 6581690.210000 54.400000 139.000000 151.000000 149.000000
535717.930000 6581691.700000 54.190000 82.000000 92.000000 102.000000
535717.700000 6581690.770000 54.170000 120.000000 129.000000 134.000000
535717.550000 6581690.170000 54.180000 146.000000 158.000000 158.000000
535717.840000 6581693.360000 53.910000 124.000000 128.000000 114.000000
535717.610000 6581692.430000 53.940000 86.000000 92.000000 88.000000
535717.460000 6581691.810000 53.960000 114.000000 122.000000 125.000000
535717.240000 6581690.880000 53.990000 98.000000 108.000000 110.000000
535717.990000 6581695.150000 53.890000 148.000000 150.000000 137.000000
535717.920000 6581694.860000 53.920000 151.000000 153.000000 139.000000
535717.840000 6581694.530000 53.910000 148.000000 152.000000 138.000000
535717.760000 6581694.220000 53.970000 148.000000 151.000000 142.000000
535717.680000 6581693.880000 53.790000 155.000000 161.000000 149.000000
535717.610000 6581693.600000 53.840000 134.000000 138.000000 124.000000
535717.540000 6581693.280000 53.850000 121.000000 124.000000 113.000000
535717.450000 6581692.930000 53.800000 114.000000 121.000000 114.000000
535717.380000 6581692.650000 53.820000 118.000000 123.000000 116.000000
535717.300000 6581692.310000 53.720000 92.000000 97.000000 100.000000
535717.220000 6581691.990000 53.800000 76.000000 86.000000 96.000000
535717.160000 6581691.720000 53.890000 84.000000 97.000000 105.000000
535717.070000 6581691.380000 53.810000 75.000000 83.000000 96.000000
535717.620000 6581695.010000 53.760000 157.000000 159.000000 148.000000
535717.540000 6581694.680000 53.770000 152.000000 156.000000 141.000000
535717.470000 6581694.380000 53.790000 155.000000 157.000000 146.000000
535717.360000 6581693.940000 53.250000 156.000000 160.000000 145.000000
535717.240000 6581693.420000 53.670000 174.000000 176.000000 163.000000
535717.070000 6581692.740000 53.640000 109.000000 110.000000 105.000000
535717.200000 6581694.770000 53.620000 150.000000 153.000000 136.000000
535717.130000 6581694.470000 53.580000 144.000000 146.000000 133.000000
535717.060000 6581694.170000 53.570000 146.000000 150.000000 133.000000
535716.970000 6581693.810000 53.490000 152.000000 156.000000 142.000000
535716.890000 6581693.470000 53.510000 148.000000 150.000000 139.000000
535716.810000 6581693.170000 53.480000 149.000000 155.000000 143.000000
535716.740000 6581692.840000 53.530000 255.000000 255.000000 248.000000
535716.720000 6581694.300000 53.440000 150.000000 154.000000 139.000000
535716.640000 6581693.960000 53.350000 148.000000 152.000000 138.000000
535716.550000 6581693.620000 53.290000 149.000000 153.000000 139.000000
535716.440000 6581694.270000 53.390000 152.000000 156.000000 142.000000
535716.360000 6581693.920000 53.280000 151.000000 155.000000 141.000000
535717.950000 6581695.020000 53.970000 149.000000 151.000000 138.000000
535717.890000 6581695.280000 53.870000 147.000000 151.000000 137.000000
535717.980000 6581693.250000 54.090000 117.000000 120.000000 109.000000
535717.840000 6581693.860000 53.990000 196.000000 202.000000 190.000000
535717.760000 6581694.150000 53.970000 146.000000 149.000000 140.000000
535717.700000 6581694.440000 53.880000 152.000000 155.000000 144.000000
535717.610000 6581694.770000 53.830000 148.000000 152.000000 137.000000
535717.550000 6581695.040000 53.750000 151.000000 153.000000 140.000000
535717.950000 6581692.170000 54.060000 79.000000 89.000000 90.000000
535717.880000 6581692.470000 54.130000 108.000000 115.000000 107.000000
535717.660000 6581693.370000 53.900000 105.000000 107.000000 96.000000
535717.580000 6581693.660000 53.780000 162.000000 166.000000 151.000000
535717.510000 6581693.950000 53.680000 152.000000 155.000000 144.000000
535717.420000 6581694.310000 53.770000 155.000000 157.000000 146.000000
535717.350000 6581694.600000 53.710000 149.000000 153.000000 138.000000
535717.930000 6581690.970000 54.240000 106.000000 115.000000 110.000000
535717.850000 6581691.280000 54.240000 117.000000 127.000000 126.000000
535717.780000 6581691.600000 54.190000 89.000000 102.000000 111.000000
535717.700000 6581691.890000 54.130000 89.000000 102.000000 111.000000
535717.560000 6581692.490000 53.950000 93.000000 99.000000 95.000000
535717.410000 6581693.080000 53.800000 120.000000 125.000000 118.000000
535717.330000 6581693.400000 53.750000 151.000000 153.000000 139.000000
535717.260000 6581693.680000 53.630000 160.000000 162.000000 149.000000
535717.210000 6581693.870000 53.160000 150.000000 154.000000 139.000000
535717.110000 6581694.330000 53.580000 149.000000 151.000000 137.000000
535717.030000 6581694.630000 53.580000 152.000000 154.000000 140.000000
535717.760000 6581690.050000 54.370000 127.000000 142.000000 135.000000
535717.690000 6581690.340000 54.330000 131.000000 143.000000 141.000000
535717.610000 6581690.660000 54.200000 114.000000 123.000000 128.000000
535717.540000 6581690.940000 54.140000 102.000000 112.000000 114.000000
535717.470000 6581691.240000 54.070000 102.000000 112.000000 113.000000
535717.380000 6581691.570000 54.030000 102.000000 112.000000 113.000000
535717.320000 6581691.860000 53.920000 98.000000 107.000000 114.000000
535717.260000 6581692.070000 53.620000 78.000000 88.000000 98.000000
535717.170000 6581692.460000 53.760000 112.000000 116.000000 119.000000
535717.090000 6581692.760000 53.650000 109.000000 110.000000 105.000000
535716.940000 6581693.390000 53.560000 151.000000 155.000000 141.000000
535716.860000 6581693.720000 53.490000 152.000000 154.000000 143.000000
535716.810000 6581693.920000 53.140000 147.000000 151.000000 136.000000
535716.720000 6581694.290000 53.420000 150.000000 154.000000 139.000000
535717.250000 6581690.470000 54.070000 94.000000 105.000000 109.000000
535717.180000 6581690.760000 54.020000 119.000000 131.000000 131.000000
535717.100000 6581691.050000 53.940000 140.000000 145.000000 148.000000
535717.030000 6581691.360000 53.780000 75.000000 83.000000 96.000000
535716.880000 6581691.960000 53.610000 85.000000 96.000000 98.000000
535716.720000 6581692.600000 53.550000 113.000000 112.000000 107.000000
535716.650000 6581692.880000 53.480000 244.000000 244.000000 236.000000
535716.500000 6581693.490000 53.320000 152.000000 155.000000 144.000000
535716.430000 6581693.800000 53.270000 150.000000 154.000000 140.000000
535716.350000 6581694.120000 53.360000 150.000000 154.000000 140.000000
535719.920000 6581689.790000 55.520000 119.000000 126.000000 118.000000
535719.850000 6581689.490000 55.540000 125.000000 130.000000 123.000000
535719.770000 6581689.170000 55.530000 108.000000 114.000000 104.000000
535719.690000 6581688.840000 55.550000 129.000000 135.000000 125.000000
535719.620000 6581688.560000 55.550000 111.000000 117.000000 107.000000
535719.550000 6581688.250000 55.600000 129.000000 132.000000 123.000000
535719.980000 6581689.100000 55.670000 116.000000 121.000000 114.000000
535719.910000 6581689.400000 55.600000 126.000000 131.000000 124.000000
535719.840000 6581689.680000 55.550000 118.000000 123.000000 116.000000
535719.920000 6581688.470000 55.690000 113.000000 119.000000 107.000000
535719.850000 6581688.770000 55.660000 118.000000 124.000000 114.000000
535719.780000 6581689.050000 55.570000 125.000000 131.000000 121.000000
535719.700000 6581689.370000 55.500000 128.000000 134.000000 122.000000
535719.730000 6581687.770000 55.740000 121.000000 124.000000 115.000000
535719.660000 6581688.070000 55.640000 111.000000 116.000000 110.000000
535719.590000 6581688.350000 55.600000 109.000000 112.000000 103.000000
535719.540000 6581686.940000 55.760000 111.000000 117.000000 105.000000
535719.460000 6581687.240000 55.670000 105.000000 111.000000 101.000000
535719.340000 6581686.510000 55.710000 116.000000 122.000000 112.000000
535719.240000 6581685.620000 55.750000 125.000000 130.000000 123.000000
535719.990000 6581690.080000 55.510000 113.000000 120.000000 112.000000
535719.970000 6581691.210000 55.370000 127.000000 130.000000 123.000000
535719.900000 6581690.910000 55.370000 119.000000 120.000000 114.000000
535719.950000 6581690.230000 55.470000 107.000000 114.000000 106.000000
535719.880000 6581690.510000 55.400000 118.000000 123.000000 116.000000
535720.100000 6581689.620000 55.630000 121.000000 126.000000 119.000000
535720.020000 6581689.940000 55.580000 112.000000 117.000000 110.000000
535720.050000 6581688.810000 55.770000 118.000000 121.000000 112.000000
535722.780000 6581699.990000 55.760000 25.000000 30.000000 33.000000
535722.690000 6581699.670000 55.740000 102.000000 108.000000 106.000000
535722.610000 6581699.340000 55.720000 108.000000 111.000000 104.000000
535722.550000 6581699.050000 55.720000 50.000000 53.000000 58.000000
535722.460000 6581698.720000 55.760000 28.000000 31.000000 38.000000
535722.370000 6581699.930000 55.490000 39.000000 45.000000 45.000000
535722.300000 6581699.610000 55.510000 104.000000 111.000000 104.000000
535722.230000 6581699.320000 55.580000 109.000000 112.000000 105.000000
535722.150000 6581699.010000 55.490000 67.000000 71.000000 70.000000
535722.080000 6581698.730000 55.720000 41.000000 45.000000 46.000000
535721.770000 6581697.420000 55.460000 37.000000 40.000000 45.000000
535721.690000 6581697.100000 55.500000 27.000000 28.000000 33.000000
535721.610000 6581696.780000 55.460000 64.000000 71.000000 79.000000
535721.540000 6581696.460000 55.500000 89.000000 102.000000 110.000000
535721.460000 6581696.150000 55.490000 35.000000 33.000000 36.000000
535721.390000 6581695.850000 55.510000 116.000000 117.000000 112.000000
535721.300000 6581695.500000 55.450000 136.000000 138.000000 125.000000
535721.220000 6581695.170000 55.500000 106.000000 111.000000 105.000000
535721.150000 6581694.850000 55.470000 128.000000 139.000000 141.000000
535721.070000 6581694.520000 55.460000 74.000000 91.000000 99.000000
535720.990000 6581694.200000 55.450000 115.000000 134.000000 138.000000
535720.920000 6581693.910000 55.470000 76.000000 90.000000 103.000000
535720.840000 6581693.600000 55.420000 125.000000 134.000000 131.000000
535720.760000 6581693.250000 55.450000 123.000000 126.000000 115.000000
535720.680000 6581692.940000 55.460000 127.000000 130.000000 121.000000
535720.610000 6581692.640000 55.430000 116.000000 119.000000 110.000000
535720.530000 6581692.300000 55.470000 112.000000 118.000000 108.000000
535720.450000 6581691.980000 55.470000 130.000000 133.000000 124.000000
535720.370000 6581691.660000 55.440000 118.000000 121.000000 112.000000
535720.300000 6581691.360000 55.490000 122.000000 130.000000 119.000000
535720.220000 6581691.020000 55.500000 118.000000 124.000000 114.000000
535720.150000 6581690.730000 55.480000 130.000000 130.000000 122.000000
535720.070000 6581690.400000 55.490000 109.000000 116.000000 108.000000
535722.050000 6581699.780000 55.390000 114.000000 121.000000 113.000000
535721.980000 6581699.510000 55.460000 120.000000 125.000000 118.000000
535721.900000 6581699.160000 55.400000 111.000000 117.000000 107.000000
535721.820000 6581698.840000 55.390000 122.000000 127.000000 120.000000
535721.430000 6581697.250000 55.290000 28.000000 29.000000 33.000000
535721.350000 6581696.900000 55.310000 25.000000 26.000000 30.000000
535721.200000 6581696.290000 55.350000 18.000000 27.000000 26.000000
535721.040000 6581695.640000 55.390000 137.000000 139.000000 125.000000
535720.970000 6581695.320000 55.300000 126.000000 129.000000 120.000000
535720.890000 6581695.020000 55.330000 109.000000 118.000000 115.000000
535720.810000 6581694.680000 55.330000 101.000000 116.000000 121.000000
535720.740000 6581694.360000 55.330000 114.000000 134.000000 125.000000
535720.660000 6581694.070000 55.340000 144.000000 158.000000 159.000000
535720.580000 6581693.730000 55.330000 127.000000 137.000000 129.000000
535720.500000 6581693.410000 55.390000 126.000000 130.000000 116.000000
535720.430000 6581693.090000 55.330000 131.000000 132.000000 124.000000
535720.350000 6581692.770000 55.320000 120.000000 123.000000 114.000000
535720.270000 6581692.440000 55.340000 125.000000 128.000000 119.000000
535720.200000 6581692.150000 55.320000 120.000000 126.000000 116.000000
535720.120000 6581691.820000 55.360000 131.000000 134.000000 125.000000
535720.040000 6581691.500000 55.360000 127.000000 133.000000 123.000000
535721.660000 6581699.380000 55.190000 112.000000 115.000000 108.000000
535721.580000 6581699.070000 55.230000 64.000000 65.000000 59.000000
535721.520000 6581698.810000 55.580000 106.000000 108.000000 95.000000
535721.180000 6581697.420000 55.150000 151.000000 138.000000 106.000000
535721.110000 6581697.130000 55.180000 55.000000 48.000000 40.000000
535721.040000 6581696.840000 55.280000 136.000000 146.000000 147.000000
535720.950000 6581696.490000 55.150000 193.000000 204.000000 196.000000
535720.880000 6581696.180000 55.230000 186.000000 194.000000 181.000000
535720.800000 6581695.860000 55.180000 149.000000 149.000000 137.000000
535720.720000 6581695.520000 55.180000 120.000000 120.000000 108.000000
535720.650000 6581695.220000 55.180000 123.000000 126.000000 115.000000
535720.570000 6581694.890000 55.210000 146.000000 154.000000 141.000000
535720.490000 6581694.570000 55.160000 113.000000 120.000000 112.000000
535720.420000 6581694.270000 55.240000 151.000000 161.000000 150.000000
535720.340000 6581693.950000 55.170000 133.000000 143.000000 132.000000
535720.260000 6581693.620000 55.210000 123.000000 131.000000 120.000000
535720.820000 6581697.420000 54.980000 156.000000 137.000000 107.000000
535720.740000 6581697.100000 54.970000 124.000000 106.000000 86.000000
535722.580000 6581699.660000 55.660000 97.000000 103.000000 101.000000
535722.510000 6581699.960000 55.580000 28.000000 34.000000 34.000000
535722.400000 6581698.910000 55.670000 24.000000 27.000000 34.000000
535722.320000 6581699.230000 55.670000 78.000000 80.000000 77.000000
535722.240000 6581699.540000 55.610000 103.000000 108.000000 101.000000
535722.170000 6581699.820000 55.450000 105.000000 111.000000 107.000000
535722.070000 6581698.750000 55.620000 41.000000 45.000000 46.000000
535722.000000 6581699.010000 55.480000 111.000000 116.000000 110.000000
535721.920000 6581699.350000 55.440000 120.000000 122.000000 117.000000
535721.850000 6581699.610000 55.290000 111.000000 119.000000 108.000000
535722.090000 6581697.450000 55.670000 28.000000 31.000000 40.000000
535721.770000 6581698.760000 55.780000 117.000000 122.000000 115.000000
535721.720000 6581698.960000 55.310000 121.000000 127.000000 117.000000
535721.660000 6581699.230000 55.250000 119.000000 122.000000 115.000000
535721.910000 6581697.050000 55.600000 22.000000 25.000000 30.000000
535721.840000 6581697.340000 55.540000 28.000000 33.000000 39.000000
535721.460000 6581698.870000 55.440000 134.000000 134.000000 122.000000
535721.400000 6581699.100000 55.130000 33.000000 34.000000 29.000000
535721.720000 6581696.010000 55.640000 41.000000 43.000000 40.000000
535721.660000 6581696.300000 55.530000 22.000000 32.000000 34.000000
535721.590000 6581696.580000 55.460000 80.000000 93.000000 101.000000
535721.510000 6581696.890000 55.440000 35.000000 35.000000 45.000000
535721.430000 6581697.200000 55.340000 28.000000 29.000000 33.000000
535721.360000 6581697.490000 55.270000 30.000000 31.000000 23.000000
535721.040000 6581698.780000 55.330000 124.000000 129.000000 122.000000
535721.490000 6581695.260000 55.580000 131.000000 133.000000 120.000000
535721.420000 6581695.540000 55.550000 140.000000 141.000000 127.000000
535721.340000 6581695.840000 55.510000 116.000000 117.000000 112.000000
535721.270000 6581696.160000 55.430000 43.000000 44.000000 48.000000
535721.190000 6581696.450000 55.380000 38.000000 54.000000 54.000000
535721.120000 6581696.750000 55.330000 66.000000 83.000000 90.000000
535721.050000 6581697.060000 55.140000 71.000000 67.000000 58.000000
535720.980000 6581697.340000 55.070000 156.000000 135.000000 104.000000
535720.910000 6581697.620000 55.000000 156.000000 149.000000 123.000000
535720.830000 6581697.940000 54.970000 116.000000 116.000000 106.000000
535721.340000 6581694.390000 55.660000 139.000000 148.000000 153.000000
535721.270000 6581694.700000 55.550000 81.000000 92.000000 96.000000
535721.190000 6581695.000000 55.520000 75.000000 85.000000 86.000000
535721.110000 6581695.310000 55.470000 130.000000 134.000000 120.000000
535721.040000 6581695.590000 55.320000 127.000000 129.000000 115.000000
535720.890000 6581696.200000 55.260000 201.000000 207.000000 197.000000
535720.810000 6581696.530000 55.160000 168.000000 171.000000 160.000000
535720.750000 6581696.820000 55.040000 111.000000 105.000000 91.000000
535721.140000 6581693.890000 55.580000 127.000000 141.000000 144.000000
535721.060000 6581694.170000 55.530000 87.000000 104.000000 114.000000
535720.990000 6581694.480000 55.470000 109.000000 126.000000 136.000000
535720.910000 6581694.780000 55.400000 94.000000 108.000000 117.000000
535720.840000 6581695.090000 55.300000 109.000000 118.000000 115.000000
535720.760000 6581695.390000 55.240000 109.000000 112.000000 101.000000
535720.690000 6581695.720000 55.190000 122.000000 120.000000 108.000000
535720.610000 6581696.010000 55.070000 124.000000 115.000000 98.000000
535720.970000 6581692.870000 55.630000 125.000000 133.000000 122.000000
535720.890000 6581693.190000 55.560000 130.000000 133.000000 126.000000
535720.820000 6581693.480000 55.520000 117.000000 120.000000 111.000000
535720.750000 6581693.790000 55.400000 124.000000 134.000000 133.000000
535720.660000 6581694.130000 55.400000 151.000000 166.000000 163.000000
535720.590000 6581694.400000 55.280000 150.000000 162.000000 150.000000
535720.530000 6581694.680000 55.250000 154.000000 164.000000 153.000000
535720.450000 6581694.990000 55.150000 110.000000 118.000000 105.000000
535720.760000 6581692.070000 55.640000 133.000000 139.000000 129.000000
535720.690000 6581692.360000 55.530000 127.000000 133.000000 123.000000
535720.610000 6581692.670000 55.490000 116.000000 119.000000 110.000000
535720.540000 6581692.970000 55.400000 114.000000 117.000000 108.000000
535720.470000 6581693.260000 55.340000 127.000000 129.000000 118.000000
535720.400000 6581693.550000 55.280000 128.000000 131.000000 120.000000
535720.320000 6581693.870000 55.220000 120.000000 128.000000 117.000000
535720.630000 6581691.330000 55.680000 116.000000 124.000000 113.000000
535720.560000 6581691.600000 55.580000 129.000000 132.000000 123.000000
535720.490000 6581691.900000 55.570000 130.000000 133.000000 124.000000
535720.410000 6581692.210000 55.470000 117.000000 123.000000 113.000000
535720.340000 6581692.510000 55.350000 118.000000 121.000000 112.000000
535720.270000 6581692.790000 55.320000 124.000000 127.000000 118.000000
535720.190000 6581693.110000 55.240000 122.000000 128.000000 116.000000
535720.450000 6581690.920000 55.670000 115.000000 118.000000 109.000000
535720.380000 6581691.190000 55.560000 119.000000 127.000000 116.000000
535720.300000 6581691.510000 55.490000 125.000000 131.000000 121.000000
535720.230000 6581691.820000 55.360000 126.000000 129.000000 120.000000
535720.150000 6581692.130000 55.340000 120.000000 126.000000 116.000000
535720.290000 6581690.140000 55.670000 113.000000 118.000000 111.000000
535720.220000 6581690.430000 55.580000 122.000000 130.000000 119.000000
535720.150000 6581690.730000 55.540000 130.000000 130.000000 122.000000
535720.070000 6581691.050000 55.400000 121.000000 127.000000 117.000000
535720.000000 6581691.320000 55.370000 115.000000 121.000000 111.000000
535723.080000 6581701.260000 55.720000 15.000000 19.000000 22.000000
535723.000000 6581700.950000 55.680000 17.000000 21.000000 24.000000
535722.920000 6581700.610000 55.700000 21.000000 22.000000 27.000000
535722.850000 6581700.310000 55.720000 19.000000 20.000000 24.000000
535722.520000 6581700.550000 55.510000 18.000000 19.000000 24.000000
535722.450000 6581700.220000 55.520000 18.000000 19.000000 23.000000
535722.130000 6581700.120000 55.500000 20.000000 21.000000 25.000000
535723.070000 6581701.260000 55.740000 15.000000 19.000000 22.000000
535722.930000 6581700.430000 55.780000 18.000000 19.000000 24.000000
535722.850000 6581700.740000 55.670000 18.000000 19.000000 24.000000
535722.750000 6581700.050000 55.740000 17.000000 20.000000 25.000000
535722.680000 6581700.350000 55.640000 24.000000 25.000000 29.000000
535722.610000 6581700.650000 55.570000 20.000000 21.000000 26.000000
535722.440000 6581700.260000 55.530000 18.000000 19.000000 23.000000
535717.820000 6581686.900000 54.860000 76.000000 88.000000 102.000000
535717.750000 6581686.610000 54.900000 93.000000 103.000000 115.000000
535717.680000 6581686.300000 54.830000 74.000000 79.000000 72.000000
535717.600000 6581685.990000 54.870000 60.000000 65.000000 69.000000
535717.520000 6581685.660000 54.850000 106.000000 111.000000 107.000000
535717.450000 6581685.360000 54.840000 95.000000 102.000000 94.000000
535717.850000 6581686.720000 54.930000 84.000000 92.000000 111.000000
535717.770000 6581687.030000 54.860000 75.000000 91.000000 107.000000
535717.770000 6581685.730000 55.040000 126.000000 129.000000 122.000000
535717.700000 6581686.050000 54.980000 109.000000 111.000000 106.000000
535717.620000 6581686.340000 54.880000 97.000000 102.000000 96.000000
535717.450000 6581685.400000 54.860000 75.000000 82.000000 75.000000
535717.370000 6581685.700000 54.780000 42.000000 52.000000 54.000000
535718.220000 6581689.860000 54.570000 138.000000 149.000000 145.000000
535718.070000 6581689.200000 54.550000 131.000000 141.000000 143.000000
535718.000000 6581688.940000 54.670000 98.000000 109.000000 113.000000
535718.210000 6581689.810000 54.620000 138.000000 149.000000 145.000000
535718.050000 6581688.870000 54.650000 116.000000 127.000000 131.000000
535717.980000 6581689.150000 54.570000 104.000000 114.000000 123.000000
535718.840000 6581692.370000 54.530000 126.000000 130.000000 116.000000
535718.770000 6581692.090000 54.540000 100.000000 106.000000 102.000000
535718.620000 6581691.460000 54.590000 101.000000 112.000000 116.000000
535718.460000 6581690.830000 54.540000 138.000000 147.000000 144.000000
535718.390000 6581690.510000 54.640000 130.000000 137.000000 130.000000
535718.300000 6581690.180000 54.600000 127.000000 140.000000 133.000000
535719.590000 6581696.940000 54.430000 68.000000 72.000000 71.000000
535719.510000 6581696.610000 54.420000 72.000000 76.000000 75.000000
535719.430000 6581696.290000 54.450000 48.000000 52.000000 51.000000
535719.360000 6581695.980000 54.430000 44.000000 45.000000 47.000000
535719.290000 6581695.680000 54.480000 43.000000 46.000000 39.000000
535719.210000 6581695.360000 54.510000 163.000000 166.000000 157.000000
535719.130000 6581695.040000 54.510000 162.000000 166.000000 149.000000
535719.050000 6581694.700000 54.480000 113.000000 119.000000 109.000000
535718.970000 6581694.380000 54.510000 117.000000 123.000000 113.000000
535718.890000 6581694.050000 54.490000 115.000000 116.000000 108.000000
535718.810000 6581693.730000 54.430000 115.000000 123.000000 112.000000
535718.740000 6581693.420000 54.440000 122.000000 123.000000 115.000000
535718.660000 6581693.090000 54.350000 129.000000 137.000000 126.000000
535718.580000 6581692.780000 54.390000 123.000000 128.000000 121.000000
535718.500000 6581692.450000 54.410000 129.000000 132.000000 123.000000
535718.430000 6581692.150000 54.440000 101.000000 107.000000 105.000000
535718.350000 6581691.820000 54.410000 88.000000 98.000000 108.000000
535718.270000 6581691.490000 54.430000 97.000000 104.000000 110.000000
535718.190000 6581691.160000 54.390000 115.000000 125.000000 124.000000
535718.120000 6581690.850000 54.400000 119.000000 128.000000 125.000000
535718.040000 6581690.540000 54.430000 144.000000 153.000000 150.000000
535719.090000 6581696.530000 54.280000 57.000000 61.000000 60.000000
535719.010000 6581696.190000 54.250000 68.000000 73.000000 69.000000
535718.930000 6581695.860000 54.290000 74.000000 78.000000 79.000000
535718.860000 6581695.550000 54.230000 112.000000 115.000000 104.000000
535718.790000 6581695.270000 54.310000 154.000000 156.000000 142.000000
535718.710000 6581694.930000 54.280000 147.000000 149.000000 135.000000
535718.640000 6581694.620000 54.280000 163.000000 167.000000 153.000000
535718.560000 6581694.300000 54.260000 107.000000 112.000000 105.000000
535718.480000 6581693.990000 54.330000 96.000000 103.000000 95.000000
535718.320000 6581693.310000 54.170000 117.000000 122.000000 115.000000
535718.240000 6581692.990000 54.250000 117.000000 125.000000 114.000000
535718.090000 6581692.360000 54.220000 109.000000 117.000000 106.000000
535718.390000 6581695.620000 54.040000 138.000000 141.000000 130.000000
535718.310000 6581695.330000 54.060000 158.000000 161.000000 144.000000
535718.230000 6581694.990000 54.050000 155.000000 157.000000 143.000000
535718.150000 6581694.660000 54.090000 154.000000 156.000000 142.000000
535718.080000 6581694.350000 54.050000 155.000000 158.000000 147.000000
535718.000000 6581694.040000 54.070000 176.000000 182.000000 170.000000
535719.650000 6581696.580000 54.520000 52.000000 56.000000 55.000000
535719.580000 6581696.880000 54.440000 49.000000 53.000000 52.000000
535719.460000 6581696.080000 54.480000 74.000000 78.000000 77.000000
535719.380000 6581696.420000 54.430000 63.000000 67.000000 66.000000
535719.310000 6581696.680000 54.330000 62.000000 66.000000 65.000000
535719.350000 6581695.390000 54.550000 161.000000 164.000000 155.000000
535719.270000 6581695.700000 54.500000 70.000000 72.000000 69.000000
535719.200000 6581695.980000 54.400000 50.000000 54.000000 57.000000
535719.130000 6581696.300000 54.320000 53.000000 58.000000 54.000000
535719.190000 6581694.610000 54.630000 108.000000 113.000000 106.000000
535719.120000 6581694.930000 54.520000 151.000000 158.000000 142.000000
535719.050000 6581695.210000 54.460000 155.000000 159.000000 145.000000
535718.980000 6581695.480000 54.380000 157.000000 161.000000 146.000000
535718.900000 6581695.820000 54.300000 74.000000 78.000000 79.000000
535718.820000 6581696.120000 54.180000 58.000000 62.000000 61.000000
535719.070000 6581693.820000 54.660000 126.000000 129.000000 120.000000
535719.000000 6581694.100000 54.570000 110.000000 116.000000 106.000000
535718.920000 6581694.400000 54.550000 108.000000 114.000000 102.000000
535718.840000 6581694.710000 54.400000 155.000000 159.000000 145.000000
535718.760000 6581695.040000 54.380000 152.000000 154.000000 141.000000
535718.700000 6581695.320000 54.240000 159.000000 161.000000 147.000000
535718.620000 6581695.640000 54.190000 74.000000 79.000000 73.000000
535718.550000 6581695.920000 54.060000 73.000000 79.000000 77.000000
535718.880000 6581693.580000 54.470000 108.000000 111.000000 102.000000
535718.800000 6581693.910000 54.520000 121.000000 124.000000 115.000000
535718.730000 6581694.210000 54.390000 103.000000 109.000000 99.000000
535718.650000 6581694.510000 54.360000 156.000000 160.000000 145.000000
535718.580000 6581694.780000 54.280000 140.000000 142.000000 131.000000
535718.510000 6581695.110000 54.200000 150.000000 152.000000 139.000000
535718.430000 6581695.420000 54.110000 155.000000 159.000000 142.000000
535718.360000 6581695.690000 54.060000 138.000000 141.000000 130.000000
535718.890000 6581692.660000 54.550000 109.000000 115.000000 105.000000
535718.820000 6581692.940000 54.470000 115.000000 121.000000 111.000000
535718.750000 6581693.250000 54.450000 124.000000 130.000000 120.000000
535718.680000 6581693.550000 54.360000 123.000000 126.000000 117.000000
535718.590000 6581693.900000 54.400000 108.000000 113.000000 106.000000
535718.520000 6581694.190000 54.340000 100.000000 107.000000 99.000000
535718.440000 6581694.490000 54.240000 148.000000 152.000000 135.000000
535718.370000 6581694.800000 54.200000 140.000000 142.000000 128.000000
535718.290000 6581695.100000 54.090000 153.000000 155.000000 142.000000
535718.220000 6581695.410000 54.020000 155.000000 160.000000 140.000000
535718.630000 6581692.250000 54.510000 119.000000 122.000000 113.000000
535718.550000 6581692.570000 54.440000 116.000000 119.000000 110.000000
535718.480000 6581692.880000 54.390000 111.000000 118.000000 110.000000
535718.410000 6581693.160000 54.270000 122.000000 125.000000 118.000000
535718.330000 6581693.460000 54.210000 119.000000 124.000000 117.000000
535718.250000 6581693.800000 54.150000 106.000000 113.000000 106.000000
535718.180000 6581694.100000 54.150000 173.000000 179.000000 165.000000
535718.100000 6581694.400000 54.130000 148.000000 150.000000 137.000000
535718.030000 6581694.720000 54.050000 147.000000 149.000000 135.000000
535718.430000 6581691.450000 54.520000 98.000000 107.000000 112.000000
535718.350000 6581691.750000 54.440000 86.000000 96.000000 106.000000
535718.280000 6581692.060000 54.370000 94.000000 104.000000 106.000000
535718.210000 6581692.340000 54.290000 116.000000 121.000000 115.000000
535718.060000 6581692.940000 54.130000 113.000000 120.000000 112.000000
535718.310000 6581690.700000 54.540000 141.000000 147.000000 145.000000
535718.240000 6581691.010000 54.450000 126.000000 136.000000 137.000000
535718.160000 6581691.330000 54.440000 111.000000 122.000000 128.000000
535718.090000 6581691.590000 54.320000 99.000000 110.000000 116.000000
535718.140000 6581690.120000 54.530000 144.000000 159.000000 154.000000
535718.070000 6581690.410000 54.450000 145.000000 155.000000 154.000000
535717.990000 6581690.700000 54.410000 133.000000 142.000000 137.000000
535718.850000 6581685.360000 55.560000 123.000000 128.000000 121.000000
535718.770000 6581685.050000 55.660000 111.000000 116.000000 109.000000
535718.670000 6581685.830000 55.430000 125.000000 130.000000 123.000000
535718.590000 6581685.500000 55.440000 121.000000 126.000000 119.000000
535718.510000 6581685.190000 55.450000 115.000000 120.000000 113.000000
535718.500000 6581686.350000 55.280000 117.000000 122.000000 115.000000
535718.430000 6581686.050000 55.320000 112.000000 115.000000 108.000000
535718.350000 6581685.720000 55.330000 127.000000 130.000000 121.000000
535718.270000 6581685.380000 55.260000 122.000000 125.000000 116.000000
535718.220000 6581686.660000 55.140000 69.000000 76.000000 86.000000
535718.140000 6581686.360000 55.110000 83.000000 87.000000 96.000000
535718.060000 6581686.020000 55.130000 123.000000 128.000000 122.000000
535717.980000 6581685.710000 55.160000 109.000000 114.000000 107.000000
535717.910000 6581685.420000 55.180000 124.000000 129.000000 125.000000
535717.980000 6581687.550000 54.860000 104.000000 114.000000 123.000000
535717.910000 6581687.250000 54.870000 104.000000 118.000000 118.000000
535719.000000 6581684.990000 55.740000 112.000000 117.000000 110.000000
535718.940000 6581685.260000 55.640000 122.000000 127.000000 120.000000
535718.570000 6581685.100000 55.520000 115.000000 120.000000 113.000000
535718.490000 6581685.410000 55.410000 118.000000 123.000000 116.000000
535718.410000 6581685.730000 55.370000 115.000000 120.000000 113.000000
535718.340000 6581686.000000 55.280000 125.000000 128.000000 117.000000
535718.270000 6581686.320000 55.220000 92.000000 95.000000 100.000000
535718.190000 6581686.620000 55.130000 85.000000 96.000000 102.000000
535718.120000 6581686.910000 55.040000 103.000000 114.000000 120.000000
535718.050000 6581687.200000 54.950000 104.000000 114.000000 113.000000
535717.970000 6581687.510000 54.890000 104.000000 114.000000 123.000000
535717.900000 6581687.790000 54.810000 106.000000 119.000000 128.000000
535718.210000 6581685.260000 55.260000 112.000000 115.000000 104.000000
535718.140000 6581685.530000 55.230000 118.000000 124.000000 120.000000
535718.070000 6581685.830000 55.160000 125.000000 131.000000 121.000000
535717.990000 6581686.150000 55.100000 117.000000 121.000000 122.000000
535717.920000 6581686.430000 55.040000 96.000000 106.000000 118.000000
535717.840000 6581685.440000 55.090000 120.000000 122.000000 117.000000
535718.280000 6581689.530000 54.700000 215.000000 221.000000 217.000000
535719.980000 6581695.820000 54.790000 58.000000 60.000000 55.000000
535719.910000 6581695.510000 54.800000 58.000000 62.000000 61.000000
535719.830000 6581695.180000 54.830000 131.000000 134.000000 123.000000
535719.760000 6581694.880000 54.810000 115.000000 118.000000 109.000000
535719.680000 6581694.570000 54.820000 126.000000 127.000000 122.000000
535719.600000 6581694.230000 54.790000 116.000000 122.000000 112.000000
535719.520000 6581693.940000 54.800000 110.000000 116.000000 106.000000
535719.440000 6581693.600000 54.730000 125.000000 131.000000 121.000000
535719.360000 6581693.260000 54.730000 126.000000 132.000000 122.000000
535719.290000 6581692.940000 54.730000 109.000000 115.000000 105.000000
535719.210000 6581692.650000 54.700000 123.000000 128.000000 121.000000
535719.130000 6581692.310000 54.670000 114.000000 117.000000 106.000000
535719.050000 6581691.980000 54.730000 102.000000 109.000000 102.000000
535718.980000 6581691.670000 54.720000 124.000000 135.000000 137.000000
535718.900000 6581691.360000 54.730000 97.000000 107.000000 109.000000
535719.930000 6581696.880000 54.640000 69.000000 71.000000 70.000000
535719.850000 6581696.550000 54.650000 64.000000 68.000000 67.000000
535719.780000 6581696.270000 54.650000 62.000000 66.000000 65.000000
535719.700000 6581695.940000 54.650000 65.000000 70.000000 66.000000
535719.620000 6581695.620000 54.620000 67.000000 71.000000 70.000000
535719.550000 6581695.300000 54.670000 146.000000 150.000000 136.000000
535719.470000 6581694.990000 54.660000 102.000000 105.000000 94.000000
535719.390000 6581694.670000 54.700000 133.000000 139.000000 129.000000
535719.320000 6581694.370000 54.700000 120.000000 126.000000 116.000000
535719.240000 6581694.050000 54.660000 113.000000 119.000000 109.000000
535719.160000 6581693.720000 54.670000 124.000000 125.000000 117.000000
535719.000000 6581693.040000 54.560000 117.000000 120.000000 111.000000
535719.940000 6581695.390000 54.870000 72.000000 74.000000 73.000000
535719.870000 6581695.680000 54.770000 71.000000 76.000000 69.000000
535719.800000 6581696.000000 54.680000 69.000000 74.000000 70.000000
535719.730000 6581696.270000 54.610000 62.000000 66.000000 65.000000
535719.750000 6581694.930000 54.820000 127.000000 130.000000 121.000000
535719.670000 6581695.240000 54.760000 122.000000 128.000000 116.000000
535719.600000 6581695.520000 54.670000 40.000000 42.000000 41.000000
535719.530000 6581695.790000 54.610000 76.000000 78.000000 77.000000
535719.640000 6581694.210000 54.850000 125.000000 131.000000 121.000000
535719.570000 6581694.500000 54.770000 111.000000 113.000000 110.000000
535719.490000 6581694.810000 54.710000 120.000000 123.000000 112.000000
535719.420000 6581695.100000 54.660000 132.000000 136.000000 122.000000
535719.420000 6581693.690000 54.770000 125.000000 131.000000 121.000000
535719.340000 6581694.020000 54.750000 107.000000 113.000000 103.000000
535719.270000 6581694.290000 54.660000 120.000000 123.000000 114.000000
535719.300000 6581692.880000 54.740000 120.000000 128.000000 117.000000
535719.220000 6581693.170000 54.670000 113.000000 114.000000 106.000000
535719.190000 6581692.340000 54.710000 114.000000 117.000000 106.000000
535719.110000 6581692.660000 54.720000 126.000000 131.000000 124.000000
535719.030000 6581692.950000 54.600000 115.000000 121.000000 111.000000
535719.040000 6581692.070000 54.750000 118.000000 124.000000 114.000000
535718.960000 6581692.370000 54.630000 116.000000 120.000000 106.000000
535718.850000 6581691.360000 54.740000 96.000000 106.000000 108.000000
535718.770000 6581691.660000 54.660000 99.000000 110.000000 114.000000
535718.660000 6581690.530000 54.730000 128.000000 139.000000 133.000000
535718.580000 6581690.850000 54.660000 137.000000 146.000000 143.000000
535718.450000 6581690.130000 54.720000 105.000000 115.000000 114.000000
535720.440000 6581697.700000 54.770000 130.000000 128.000000 105.000000
535720.350000 6581697.350000 54.770000 133.000000 122.000000 102.000000
535720.280000 6581697.060000 54.790000 58.000000 57.000000 52.000000
535720.200000 6581696.730000 54.740000 62.000000 62.000000 62.000000
535720.130000 6581696.430000 54.770000 62.000000 68.000000 66.000000
535720.050000 6581696.100000 54.740000 53.000000 60.000000 53.000000
535720.740000 6581698.290000 54.990000 107.000000 112.000000 106.000000
535720.530000 6581697.710000 54.810000 133.000000 132.000000 111.000000
535720.400000 6581696.880000 54.860000 55.000000 55.000000 47.000000
535720.320000 6581697.200000 54.810000 100.000000 93.000000 75.000000
535720.150000 6581696.210000 54.860000 66.000000 75.000000 70.000000
535720.080000 6581696.500000 54.760000 52.000000 61.000000 58.000000
535720.000000 6581696.810000 54.660000 70.000000 72.000000 69.000000
535719.940000 6581699.990000 54.240000 109.000000 114.000000 108.000000
535721.810000 6581699.990000 55.230000 109.000000 114.000000 110.000000
535721.730000 6581699.680000 55.210000 119.000000 127.000000 114.000000
535721.360000 6581699.660000 55.060000 101.000000 106.000000 99.000000
535721.280000 6581699.320000 55.090000 125.000000 130.000000 123.000000
535721.220000 6581699.060000 55.140000 114.000000 119.000000 113.000000
535720.980000 6581699.950000 54.790000 121.000000 126.000000 119.000000
535720.900000 6581699.630000 54.830000 124.000000 129.000000 122.000000
535720.820000 6581699.280000 54.780000 119.000000 125.000000 115.000000
535720.750000 6581698.980000 54.780000 110.000000 115.000000 108.000000
535720.610000 6581699.680000 54.630000 106.000000 111.000000 104.000000
535720.540000 6581699.400000 54.660000 115.000000 118.000000 111.000000
535720.460000 6581699.070000 54.640000 112.000000 115.000000 108.000000
535720.270000 6581699.740000 54.450000 121.000000 126.000000 119.000000
535720.200000 6581699.430000 54.470000 112.000000 115.000000 108.000000
535721.780000 6581699.920000 55.230000 107.000000 114.000000 107.000000
535721.580000 6581699.540000 55.190000 107.000000 112.000000 105.000000
535721.500000 6581699.860000 55.100000 112.000000 117.000000 110.000000
535721.330000 6581699.420000 55.110000 104.000000 109.000000 102.000000
535721.250000 6581699.730000 55.110000 115.000000 120.000000 113.000000
535720.980000 6581699.040000 55.090000 117.000000 127.000000 116.000000
535720.910000 6581699.340000 54.990000 106.000000 112.000000 102.000000
535720.840000 6581699.600000 54.790000 118.000000 123.000000 116.000000
535720.760000 6581699.920000 54.730000 122.000000 127.000000 120.000000
535720.600000 6581698.870000 54.770000 113.000000 116.000000 109.000000
535720.520000 6581699.200000 54.680000 112.000000 115.000000 106.000000
535720.450000 6581699.470000 54.630000 119.000000 122.000000 115.000000
535720.380000 6581699.760000 54.530000 117.000000 122.000000 115.000000
535720.070000 6581699.550000 54.440000 118.000000 121.000000 114.000000
535720.000000 6581699.840000 54.360000 118.000000 123.000000 116.000000
535719.770000 6581701.330000 54.000000 21.000000 22.000000 27.000000
535719.690000 6581701.010000 53.950000 11.000000 15.000000 18.000000
535719.620000 6581700.710000 53.960000 119.000000 124.000000 117.000000
535719.550000 6581700.410000 54.040000 128.000000 133.000000 126.000000
535719.530000 6581701.510000 53.810000 18.000000 19.000000 24.000000
535719.450000 6581701.180000 53.790000 19.000000 23.000000 26.000000
535719.380000 6581700.890000 53.850000 122.000000 130.000000 119.000000
535719.310000 6581700.590000 53.910000 120.000000 125.000000 118.000000
535719.150000 6581701.310000 53.640000 17.000000 18.000000 23.000000
535719.080000 6581701.020000 53.750000 117.000000 122.000000 115.000000
535718.820000 6581701.430000 53.510000 18.000000 17.000000 23.000000
535719.930000 6581700.130000 54.280000 113.000000 118.000000 111.000000
535719.850000 6581700.450000 54.180000 105.000000 111.000000 101.000000
535719.790000 6581700.720000 54.110000 125.000000 130.000000 123.000000
535719.710000 6581701.020000 54.020000 16.000000 20.000000 23.000000
535719.640000 6581701.320000 53.950000 16.000000 17.000000 22.000000
535719.580000 6581700.220000 54.110000 121.000000 128.000000 120.000000
535719.510000 6581700.500000 53.990000 128.000000 133.000000 126.000000
535719.440000 6581700.790000 53.900000 128.000000 134.000000 124.000000
535719.370000 6581701.070000 53.800000 31.000000 37.000000 35.000000
535719.290000 6581701.380000 53.740000 29.000000 30.000000 34.000000
535718.970000 6581701.010000 53.770000 126.000000 131.000000 124.000000
535718.910000 6581701.270000 53.580000 17.000000 19.000000 18.000000
535722.750000 6581701.470000 55.470000 18.000000 23.000000 29.000000
535722.680000 6581701.190000 55.500000 27.000000 30.000000 35.000000
535722.600000 6581700.870000 55.520000 30.000000 34.000000 37.000000
535722.420000 6581701.340000 55.340000 31.000000 35.000000 44.000000
535722.340000 6581701.010000 55.360000 27.000000 32.000000 36.000000
535722.280000 6581700.740000 55.490000 24.000000 25.000000 30.000000
535722.210000 6581700.470000 55.530000 20.000000 21.000000 26.000000
535722.110000 6581701.270000 55.190000 33.000000 40.000000 48.000000
535722.040000 6581700.940000 55.190000 33.000000 36.000000 41.000000
535721.960000 6581700.640000 55.210000 16.000000 17.000000 21.000000
535721.880000 6581700.320000 55.220000 25.000000 26.000000 31.000000
535721.750000 6581701.250000 55.000000 31.000000 38.000000 46.000000
535721.680000 6581700.960000 55.020000 26.000000 26.000000 34.000000
535721.600000 6581700.640000 55.110000 15.000000 16.000000 21.000000
535721.520000 6581700.310000 55.100000 10.000000 14.000000 13.000000
535721.450000 6581700.010000 55.100000 109.000000 114.000000 107.000000
535721.360000 6581701.490000 54.740000 28.000000 33.000000 39.000000
535721.280000 6581701.170000 54.750000 28.000000 31.000000 38.000000
535721.210000 6581700.870000 54.790000 23.000000 26.000000 33.000000
535721.130000 6581700.530000 54.750000 21.000000 22.000000 26.000000
535721.050000 6581700.230000 54.770000 121.000000 126.000000 120.000000
535721.000000 6581701.310000 54.600000 21.000000 24.000000 29.000000
535720.920000 6581700.990000 54.650000 22.000000 23.000000 27.000000
535720.840000 6581700.650000 54.580000 21.000000 22.000000 26.000000
535720.770000 6581700.360000 54.590000 125.000000 130.000000 126.000000
535720.700000 6581700.040000 54.670000 121.000000 126.000000 119.000000
535720.650000 6581701.320000 54.430000 23.000000 24.000000 29.000000
535720.580000 6581701.010000 54.440000 20.000000 21.000000 26.000000
535720.500000 6581700.690000 54.420000 19.000000 23.000000 22.000000
535720.420000 6581700.360000 54.420000 125.000000 130.000000 123.000000
535720.350000 6581700.060000 54.420000 109.000000 115.000000 105.000000
535720.230000 6581701.230000 54.220000 23.000000 24.000000 29.000000
535720.160000 6581700.930000 54.200000 25.000000 26.000000 30.000000
535720.090000 6581700.640000 54.240000 125.000000 130.000000 123.000000
535720.010000 6581700.330000 54.230000 112.000000 118.000000 108.000000
535722.790000 6581701.010000 55.580000 17.000000 20.000000 25.000000
535722.720000 6581701.300000 55.510000 17.000000 22.000000 26.000000
535722.530000 6581700.970000 55.490000 32.000000 36.000000 39.000000
535722.460000 6581701.270000 55.380000 31.000000 36.000000 42.000000
535722.360000 6581700.570000 55.520000 21.000000 22.000000 27.000000
535722.290000 6581700.870000 55.460000 25.000000 29.000000 32.000000
535722.210000 6581701.160000 55.250000 27.000000 32.000000 38.000000
535722.150000 6581701.440000 55.150000 36.000000 45.000000 54.000000
535722.090000 6581700.140000 55.510000 13.000000 14.000000 18.000000
535722.010000 6581700.480000 55.450000 18.000000 19.000000 24.000000
535721.950000 6581700.730000 55.210000 39.000000 40.000000 44.000000
535721.880000 6581701.010000 55.130000 30.000000 33.000000 40.000000
535721.800000 6581701.320000 55.040000 34.000000 41.000000 51.000000
535721.710000 6581700.220000 55.150000 11.000000 12.000000 16.000000
535721.630000 6581700.520000 55.080000 19.000000 20.000000 25.000000
535721.560000 6581700.800000 55.080000 21.000000 21.000000 29.000000
535721.490000 6581701.080000 54.930000 24.000000 27.000000 36.000000
535721.420000 6581701.380000 54.790000 36.000000 40.000000 49.000000
535721.430000 6581700.140000 55.110000 110.000000 115.000000 109.000000
535721.360000 6581700.450000 55.100000 15.000000 17.000000 16.000000
535721.280000 6581700.770000 55.000000 17.000000 17.000000 25.000000
535721.220000 6581701.020000 54.780000 30.000000 33.000000 40.000000
535721.140000 6581701.310000 54.710000 23.000000 26.000000 31.000000
535721.170000 6581700.050000 55.060000 122.000000 127.000000 120.000000
535721.100000 6581700.320000 54.840000 84.000000 89.000000 85.000000
535721.040000 6581700.590000 54.710000 15.000000 16.000000 20.000000
535720.960000 6581700.890000 54.650000 16.000000 17.000000 21.000000
535720.890000 6581701.200000 54.580000 21.000000 25.000000 28.000000
535720.810000 6581701.510000 54.490000 19.000000 22.000000 27.000000
535720.690000 6581700.230000 54.620000 119.000000 124.000000 118.000000
535720.620000 6581700.520000 54.560000 47.000000 51.000000 50.000000
535720.540000 6581700.820000 54.430000 25.000000 26.000000 30.000000
535720.470000 6581701.120000 54.370000 16.000000 17.000000 22.000000
535720.400000 6581701.410000 54.300000 17.000000 17.000000 25.000000
535720.310000 6581700.060000 54.430000 109.000000 115.000000 105.000000
535720.240000 6581700.350000 54.320000 115.000000 121.000000 111.000000
535720.160000 6581700.660000 54.290000 113.000000 118.000000 111.000000
535720.090000 6581700.960000 54.160000 23.000000 24.000000 28.000000
535720.020000 6581701.260000 54.100000 20.000000 21.000000 26.000000
535719.460000 6581687.900000 55.550000 112.000000 117.000000 110.000000
535719.390000 6581687.610000 55.510000 127.000000 129.000000 124.000000
535719.310000 6581687.280000 55.530000 112.000000 117.000000 110.000000
535719.230000 6581686.940000 55.580000 120.000000 125.000000 118.000000
535719.160000 6581686.650000 55.570000 112.000000 114.000000 109.000000
535719.090000 6581686.360000 55.630000 123.000000 128.000000 121.000000
535719.000000 6581686.010000 55.600000 110.000000 115.000000 108.000000
535718.930000 6581685.680000 55.600000 111.000000 116.000000 109.000000
535719.670000 6581689.980000 55.380000 122.000000 125.000000 116.000000
535719.590000 6581689.660000 55.390000 121.000000 123.000000 112.000000
535719.520000 6581689.330000 55.410000 129.000000 132.000000 125.000000
535719.440000 6581689.030000 55.420000 112.000000 114.000000 109.000000
535719.370000 6581688.700000 55.390000 127.000000 133.000000 123.000000
535719.280000 6581688.350000 55.410000 124.000000 127.000000 120.000000
535719.210000 6581688.070000 55.410000 117.000000 120.000000 113.000000
535719.140000 6581687.780000 55.450000 122.000000 125.000000 118.000000
535719.060000 6581687.440000 55.450000 118.000000 121.000000 114.000000
535718.980000 6581687.110000 55.430000 117.000000 120.000000 111.000000
535718.900000 6581686.790000 55.420000 109.000000 112.000000 103.000000
535718.820000 6581686.460000 55.500000 123.000000 126.000000 117.000000
535718.740000 6581686.130000 55.490000 110.000000 115.000000 108.000000
535719.350000 6581689.870000 55.250000 124.000000 127.000000 120.000000
535719.280000 6581689.570000 55.280000 113.000000 118.000000 111.000000
535719.200000 6581689.230000 55.230000 118.000000 124.000000 120.000000
535719.120000 6581688.900000 55.250000 99.000000 105.000000 101.000000
535719.040000 6581688.580000 55.270000 109.000000 114.000000 107.000000
535718.960000 6581688.250000 55.260000 122.000000 130.000000 119.000000
535718.880000 6581687.930000 55.300000 105.000000 112.000000 104.000000
535718.810000 6581687.630000 55.290000 114.000000 119.000000 112.000000
535718.730000 6581687.300000 55.280000 110.000000 115.000000 109.000000
535718.660000 6581687.010000 55.310000 118.000000 123.000000 119.000000
535718.580000 6581686.680000 55.290000 106.000000 113.000000 105.000000
535718.980000 6581689.840000 55.090000 104.000000 118.000000 118.000000
535718.910000 6581689.530000 55.060000 100.000000 108.000000 111.000000
535718.830000 6581689.200000 55.030000 91.000000 99.000000 102.000000
535718.760000 6581688.900000 55.100000 90.000000 100.000000 102.000000
535718.680000 6581688.590000 55.060000 87.000000 97.000000 99.000000
535718.610000 6581688.280000 55.120000 122.000000 131.000000 136.000000
535718.530000 6581687.950000 55.150000 87.000000 96.000000 105.000000
535718.450000 6581687.640000 55.100000 74.000000 82.000000 93.000000
535718.370000 6581687.320000 55.090000 77.000000 92.000000 97.000000
535718.290000 6581686.980000 55.140000 74.000000 87.000000 96.000000
535718.510000 6581689.760000 54.740000 162.000000 172.000000 173.000000
535718.440000 6581689.450000 54.730000 150.000000 162.000000 158.000000
535718.360000 6581689.140000 54.760000 106.000000 117.000000 113.000000
535718.280000 6581688.800000 54.760000 109.000000 120.000000 122.000000
535718.200000 6581688.480000 54.730000 121.000000 132.000000 136.000000
535718.130000 6581688.170000 54.820000 95.000000 104.000000 109.000000
535718.050000 6581687.860000 54.870000 112.000000 125.000000 134.000000
535719.770000 6581689.970000 55.420000 125.000000 130.000000 123.000000
535719.630000 6581689.660000 55.410000 116.000000 117.000000 109.000000
535719.560000 6581689.950000 55.350000 108.000000 110.000000 99.000000
535719.510000 6581688.670000 55.500000 125.000000 128.000000 117.000000
535719.430000 6581688.990000 55.440000 134.000000 137.000000 130.000000
535719.360000 6581689.260000 55.360000 119.000000 124.000000 117.000000
535719.290000 6581689.550000 55.280000 113.000000 118.000000 111.000000
535719.220000 6581689.870000 55.150000 115.000000 120.000000 116.000000
535719.390000 6581687.540000 55.590000 115.000000 117.000000 112.000000
535719.310000 6581687.840000 55.510000 128.000000 130.000000 125.000000
535719.250000 6581688.120000 55.430000 120.000000 123.000000 116.000000
535719.170000 6581688.430000 55.330000 116.000000 122.000000 112.000000
535719.090000 6581688.770000 55.300000 105.000000 111.000000 107.000000
535719.020000 6581689.060000 55.200000 117.000000 123.000000 123.000000
535718.940000 6581689.360000 55.110000 94.000000 102.000000 105.000000
535718.870000 6581689.660000 55.020000 99.000000 111.000000 109.000000
535718.800000 6581689.930000 54.900000 146.000000 161.000000 158.000000
535719.270000 6581686.790000 55.630000 123.000000 128.000000 121.000000
535719.190000 6581687.130000 55.550000 105.000000 107.000000 102.000000
535719.110000 6581687.430000 55.460000 124.000000 127.000000 120.000000
535719.040000 6581687.710000 55.420000 128.000000 131.000000 124.000000
535718.970000 6581688.010000 55.330000 119.000000 127.000000 116.000000
535718.900000 6581688.310000 55.240000 103.000000 111.000000 100.000000
535718.820000 6581688.610000 55.200000 103.000000 112.000000 109.000000
535718.750000 6581688.920000 55.110000 90.000000 100.000000 102.000000
535718.680000 6581689.220000 55.020000 117.000000 129.000000 127.000000
535718.610000 6581689.490000 54.870000 128.000000 141.000000 134.000000
535718.540000 6581689.790000 54.770000 162.000000 172.000000 173.000000
535719.170000 6581685.930000 55.700000 115.000000 120.000000 113.000000
535719.090000 6581686.240000 55.640000 108.000000 113.000000 106.000000
535719.020000 6581686.540000 55.590000 120.000000 122.000000 117.000000
535718.950000 6581686.820000 55.490000 126.000000 129.000000 120.000000
535718.880000 6581687.100000 55.400000 123.000000 126.000000 119.000000
535718.800000 6581687.420000 55.320000 110.000000 115.000000 108.000000
535718.720000 6581687.730000 55.260000 101.000000 107.000000 103.000000
535718.660000 6581688.020000 55.200000 84.000000 91.000000 97.000000
535718.570000 6581688.340000 55.090000 105.000000 114.000000 119.000000
535718.500000 6581688.640000 55.010000 107.000000 118.000000 122.000000
535718.430000 6581688.920000 54.860000 102.000000 113.000000 117.000000
535718.360000 6581689.200000 54.750000 135.000000 144.000000 141.000000
535718.850000 6581685.590000 55.570000 125.000000 130.000000 123.000000
535718.780000 6581685.890000 55.470000 120.000000 125.000000 118.000000
535718.710000 6581686.180000 55.460000 110.000000 115.000000 108.000000
535718.630000 6581686.500000 55.380000 111.000000 116.000000 109.000000
535718.550000 6581686.820000 55.310000 113.000000 119.000000 115.000000
535718.480000 6581687.110000 55.230000 86.000000 94.000000 97.000000
535718.410000 6581687.400000 55.140000 77.000000 86.000000 93.000000
535718.330000 6581687.720000 55.060000 97.000000 107.000000 117.000000
535718.260000 6581688.010000 55.000000 112.000000 121.000000 126.000000
535718.200000 6581688.260000 54.770000 86.000000 97.000000 101.000000
535718.120000 6581688.580000 54.710000 86.000000 97.000000 101.000000
535719.820000 6581690.600000 55.410000 125.000000 128.000000 121.000000
535719.740000 6581690.260000 55.370000 117.000000 120.000000 111.000000
535719.960000 6581692.390000 55.220000 131.000000 134.000000 127.000000
535719.880000 6581692.060000 55.250000 115.000000 118.000000 111.000000
535719.810000 6581691.760000 55.210000 129.000000 135.000000 125.000000
535719.730000 6581691.440000 55.170000 113.000000 118.000000 112.000000
535719.650000 6581691.120000 55.180000 134.000000 137.000000 130.000000
535719.580000 6581690.820000 55.220000 112.000000 119.000000 112.000000
535719.500000 6581690.490000 55.230000 119.000000 124.000000 117.000000
535719.420000 6581690.160000 55.230000 116.000000 119.000000 110.000000
535719.990000 6581693.990000 55.060000 123.000000 131.000000 120.000000
535719.920000 6581693.690000 55.070000 116.000000 119.000000 112.000000
535719.830000 6581693.350000 55.040000 119.000000 124.000000 117.000000
535719.760000 6581693.030000 55.020000 116.000000 124.000000 113.000000
535719.680000 6581692.730000 55.060000 119.000000 126.000000 118.000000
535719.610000 6581692.410000 55.010000 127.000000 132.000000 125.000000
535719.520000 6581692.070000 55.050000 129.000000 134.000000 127.000000
535719.450000 6581691.760000 55.020000 107.000000 116.000000 111.000000
535719.380000 6581691.460000 55.040000 104.000000 112.000000 115.000000
535719.300000 6581691.130000 55.040000 86.000000 93.000000 99.000000
535719.220000 6581690.820000 55.040000 95.000000 103.000000 106.000000
535719.150000 6581690.500000 55.050000 86.000000 96.000000 95.000000
535719.060000 6581690.160000 55.070000 100.000000 110.000000 111.000000
535718.750000 6581690.720000 54.740000 141.000000 152.000000 146.000000
535718.670000 6581690.410000 54.730000 137.000000 148.000000 144.000000
535718.590000 6581690.080000 54.730000 112.000000 122.000000 121.000000
535719.970000 6581694.020000 55.030000 113.000000 121.000000 110.000000
535719.890000 6581694.350000 54.970000 112.000000 115.000000 108.000000
535719.820000 6581694.620000 54.880000 125.000000 127.000000 116.000000
535719.930000 6581693.030000 55.150000 128.000000 131.000000 124.000000
535719.850000 6581693.330000 55.060000 119.000000 124.000000 117.000000
535719.780000 6581693.630000 55.000000 109.000000 115.000000 105.000000
535719.710000 6581693.920000 54.940000 114.000000 120.000000 110.000000
535719.930000 6581691.620000 55.250000 118.000000 124.000000 112.000000
535719.850000 6581691.940000 55.230000 128.000000 134.000000 124.000000
535719.780000 6581692.230000 55.160000 128.000000 131.000000 124.000000
535719.710000 6581692.510000 55.120000 108.000000 113.000000 106.000000
535719.630000 6581692.810000 55.010000 114.000000 117.000000 108.000000
535719.560000 6581693.120000 54.930000 121.000000 129.000000 118.000000
535719.810000 6581690.810000 55.330000 133.000000 134.000000 126.000000
535719.730000 6581691.110000 55.240000 119.000000 122.000000 113.000000
535719.660000 6581691.380000 55.200000 129.000000 131.000000 130.000000
535719.590000 6581691.700000 55.130000 104.000000 114.000000 106.000000
535719.510000 6581692.010000 55.080000 129.000000 134.000000 127.000000
535719.440000 6581692.280000 54.970000 112.000000 115.000000 108.000000
535719.370000 6581692.580000 54.870000 124.000000 127.000000 120.000000
535719.690000 6581690.300000 55.380000 126.000000 129.000000 120.000000
535719.620000 6581690.570000 55.280000 112.000000 118.000000 108.000000
535719.550000 6581690.870000 55.250000 112.000000 119.000000 112.000000
535719.470000 6581691.160000 55.110000 97.000000 102.000000 105.000000
535719.390000 6581691.490000 55.050000 104.000000 112.000000 115.000000
535719.330000 6581691.770000 54.990000 114.000000 125.000000 119.000000
535719.260000 6581692.060000 54.840000 114.000000 120.000000 110.000000
535719.480000 6581690.260000 55.240000 123.000000 126.000000 119.000000
535719.410000 6581690.560000 55.180000 122.000000 127.000000 123.000000
535719.340000 6581690.840000 55.120000 92.000000 100.000000 103.000000
535719.260000 6581691.160000 55.060000 94.000000 101.000000 107.000000
535719.190000 6581691.460000 54.940000 116.000000 126.000000 128.000000
535719.110000 6581691.770000 54.870000 131.000000 142.000000 138.000000
535719.140000 6581690.170000 55.110000 108.000000 116.000000 118.000000
535719.070000 6581690.470000 55.050000 102.000000 112.000000 111.000000
535718.990000 6581690.800000 54.960000 137.000000 148.000000 140.000000
535718.920000 6581691.080000 54.810000 153.000000 160.000000 153.000000
535718.730000 6581690.210000 54.800000 121.000000 134.000000 127.000000
535720.190000 6581693.320000 55.230000 119.000000 125.000000 115.000000
535720.100000 6581692.990000 55.120000 123.000000 128.000000 121.000000
535720.040000 6581692.710000 55.240000 128.000000 131.000000 122.000000
535720.670000 6581696.800000 54.980000 89.000000 85.000000 76.000000
535720.590000 6581696.470000 55.000000 167.000000 157.000000 147.000000
535720.510000 6581696.160000 55.040000 136.000000 118.000000 104.000000
535720.440000 6581695.840000 54.990000 119.000000 115.000000 104.000000
535720.370000 6581695.550000 55.010000 117.000000 117.000000 107.000000
535720.280000 6581695.190000 54.990000 119.000000 125.000000 115.000000
535720.210000 6581694.920000 55.050000 123.000000 129.000000 117.000000
535720.140000 6581694.620000 55.040000 116.000000 119.000000 110.000000
535720.060000 6581694.270000 55.010000 116.000000 118.000000 113.000000
535720.670000 6581697.120000 55.000000 124.000000 109.000000 90.000000
535720.590000 6581697.440000 54.920000 133.000000 117.000000 84.000000
535720.540000 6581696.300000 55.020000 140.000000 124.000000 111.000000
535720.460000 6581696.610000 54.970000 37.000000 37.000000 29.000000
535720.380000 6581695.290000 55.040000 106.000000 109.000000 100.000000
535720.300000 6581695.590000 55.040000 117.000000 117.000000 107.000000
535720.230000 6581695.890000 54.930000 97.000000 95.000000 80.000000
535720.250000 6581694.170000 55.150000 115.000000 121.000000 111.000000
535720.180000 6581694.450000 55.060000 114.000000 116.000000 111.000000
535720.090000 6581694.780000 55.020000 118.000000 121.000000 112.000000
535720.020000 6581695.090000 54.920000 126.000000 131.000000 124.000000
535720.110000 6581693.440000 55.190000 125.000000 130.000000 123.000000
535720.040000 6581693.720000 55.080000 114.000000 120.000000 110.000000
535720.080000 6581692.420000 55.250000 116.000000 119.000000 110.000000
535720.000000 6581692.730000 55.180000 128.000000 131.000000 122.000000
